ApplicationDate,Age,AnnualIncome,CreditScore,EmploymentStatus,EducationLevel,Experience,LoanAmount,LoanDuration,MaritalStatus,NumberOfDependents,HomeOwnershipStatus,MonthlyDebtPayments,CreditCardUtilisationRate,NumberOfOpenCreditLines,NumberOfCreditInquiries,BankruptcyHistory,LoanPurpose,PreviousLoanDefaults,PaymentHistory,LengthOfCreditHistory,SavingsAccountBalance,CheckingAccountBalance,TotalAssets,TotalLiabilities,MonthlyIncome,UtilityBillsPaymentHistory,JobTenure,NetWorth,BaseInterestRate,InterestRate,MonthlyLoanPayment,DebtToIncomeRatio,TotalDebtToIncomeRatio,LoanApproved,RiskScore
2018-01-03,45,68809,546,Employed,Associate,24,22777,48,Married,0,Mortgage,397,0.34017118346074104,1,1,0,Auto,0,94,14,443,1519,158227,32866,5734.083333333333,0.9623923196974938,4,125361,0.20050838760920858,0.207510953864192,702.259885981718,0.069223056915767,0.19167287066128968,1,1.271706172123418
2018-01-04,38,15000,575,Employed,High School,16,10155,12,Married,3,Own,154,0.29669523787474505,3,0,0,Debt Consolidation,0,95,29,2630,557,39094,10310,1250.0,0.7593740339560656,8,28784,0.17380645498570615,0.163412904783834,923.0127479699818,0.12310151878497202,0.8609214612070198,1,3.9779914643955294
2018-01-05,47,137921,522,Employed,Doctorate,26,263359,360,Divorced,2,Own,508,0.3221370902402037,1,0,0,Home,0,96,9,10989,1488,27594,21758,11493.416666666666,0.8669646210625384,7,5836,0.3171203192991177,0.25,5489.92545005429,0.044195370215974424,0.521812078332607,0,2.1104704094548303
2018-01-06,58,39656,553,Employed,Bachelor,36,41676,24,Single,0,Mortgage,251,0.24659792603310424,1,1,0,Auto,0,96,29,1609,199,62912,19700,3304.6666666666665,0.8333974691625244,6,43212,0.18915942617421735,0.20023517023504153,2121.612296037971,0.07593022083291319,0.7177409386017862,0,3.0659797551801686
2018-01-09,37,82748,416,Employed,Bachelor,18,15629,24,Single,3,Own,500,0.12635496755682915,1,0,0,Debt Consolidation,0,98,13,13096,605,401474,20274,6895.666666666667,0.7832302895479025,8,381200,0.2574142368558539,0.25,834.1434906942621,0.07249879168680522,0.19344758202430096,1,2.0825863872876016
2018-01-09,37,66080,469,Employed,High School,14,36020,72,Married,1,Rent,277,0.1754871537599694,3,1,0,Auto,0,93,29,1181,3646,166617,16976,5506.666666666667,0.7728685229960138,3,149641,0.2471229643451747,0.25,970.2771202142045,0.05029353023058766,0.22646198394012063,0,2.683158374361366
2018-01-10,58,35041,616,Employed,Associate,35,25791,60,Widowed,1,Rent,233,0.33712967692703527,1,0,0,Education,0,95,2,805,345,20100,18169,2920.0833333333335,0.8718521873062415,5,1931,0.1695394549113266,0.14605022439957654,608.2318621154177,0.079764927395658,0.2879862592469977,1,1.8839702615184977
2018-01-12,49,80370,590,Employed,Associate,28,116929,300,Married,2,Rent,433,0.029951054999400106,3,0,0,Home,1,100,18,606,991,29149,38984,6697.5,0.869202961984871,5,6130,0.2629173326860336,0.25,2441.045683442352,0.0646413376128984,0.42905810008843054,0,2.910652265689393
2018-01-12,34,30762,534,Employed,High School,10,15042,60,Single,2,Own,278,0.1350776988533784,5,1,0,Auto,0,96,7,3482,432,152992,4396,2563.5,0.523913190580338,6,148596,0.21040466701142443,0.20678168588437967,404.21819776899184,0.10840319750438682,0.266023863431075,1,2.749787236456153
2018-01-15,46,15000,595,Employed,High School,22,9477,24,Married,1,Mortgage,103,0.24991151450395915,0,1,0,Other,0,96,24,397,177,69340,13505,1250.0,0.6219009589656915,5,55835,0.1677891821506319,0.13022490594988892,450.6539740017214,0.08233413269384493,0.44256912390225533,1,1.9566157672083726
2018-01-15,34,112822,593,Employed,Master,15,30442,60,Widowed,0,Own,833,0.06441083632794196,3,1,0,Education,0,91,3,5981,1083,26436,9926,9401.833333333334,0.9222140835340946,8,16510,0.18108090284041323,0.1755139792825709,765.6169342994085,0.08859031852101316,0.17001438583753922,1,0.9249941507390673
2018-01-16,34,27254,619,Employed,High School,13,10358,36,Married,2,Mortgage,128,0.2793707579348625,4,0,0,Other,0,97,7,3876,218,155290,47912,2271.1666666666665,0.8087041181966618,5,107378,0.15981140274651456,0.18923276990383855,379.2813791933008,0.05633389569427126,0.2232588773681365,0,1.0441501167937859
2018-01-16,42,29994,605,Employed,High School,21,12043,12,Married,2,Mortgage,156,0.17863973625558438,2,3,0,Other,0,92,7,6165,2336,46117,16109,2499.5,0.7249301580836465,3,30008,0.1588490804724004,0.160842320167714,1093.1518163252642,0.0623875224955009,0.49956081436723226,1,2.376757960257643
2018-01-18,18,38292,452,Employed,Bachelor,0,6365,24,Married,3,Rent,313,0.15889655124375998,5,4,0,Other,0,89,23,1941,1451,68201,13966,3191.0,0.6563974822780272,1,54235,0.23918968165196053,0.25,339.70972667918477,0.09805764411027569,0.2044829970799451,1,2.8636261064023754
2018-01-19,19,48532,432,Employed,Bachelor,0,15640,36,Widowed,1,Mortgage,385,0.4828098378043665,5,0,0,Debt Consolidation,0,98,2,3719,3245,38962,15763,4044.3333333333335,0.6913078782350075,4,23199,0.25341441273766857,0.25,621.8436770956379,0.09517139090309822,0.24889016408099154,1,2.3668792035421604
2018-01-19,33,38551,533,Employed,High School,11,181290,360,Married,2,Own,221,0.2336628527882609,1,2,0,Home,0,98,8,814,3153,16636,12925,3212.5833333333335,0.9573355042663996,8,3711,0.31152696468850816,0.25,3779.1326092533095,0.0687705832015144,1.2447577032658173,0,3.776751141219422
2018-01-22,27,67839,506,Employed,Bachelor,5,12585,48,Married,0,Rent,418,0.5042842511632722,3,2,0,Other,0,92,11,19061,124,32225,79329,5653.25,0.6586589014707762,5,9419,0.2203600850910217,0.2212165514739971,397.33564455541557,0.07392669231109343,0.1441987256586489,1,1.214062785611849
2018-01-25,43,22492,562,Employed,High School,25,264227,300,Single,3,Own,78,0.4756453839072005,3,1,0,Home,0,92,16,994,608,92596,19463,1874.3333333333333,0.8107493791836188,6,73133,0.2771211419114432,0.23677524150948784,5228.415889121618,0.041592605758976185,2.8295854367872124,0,7.604207405845583
2018-01-25,29,26718,553,Employed,High School,5,82759,360,Married,1,Rent,380,0.07197795460037733,2,0,0,Home,0,94,26,1511,285,36203,51104,2226.5,0.7938759231539341,5,7190,0.3013309250329649,0.25,1725.1764333895671,0.17059483726150393,0.9450848185811749,0,3.7256012132471916
2018-01-25,23,36400,538,Self-Employed,High School,3,267911,240,Married,2,Other,362,0.22245328200203354,6,0,0,Home,0,100,8,1264,2135,31420,16110,3033.3333333333335,0.7923025703229293,6,15310,0.2691246034618407,0.25,5621.352133786865,0.11930132923212128,1.9718835989630445,0,5.750940762316582
2018-01-26,57,172780,633,Employed,Master,34,29964,60,Single,4,Own,1396,0.1463576766526293,0,3,0,Auto,0,97,14,29669,1567,31236,89401,14398.333333333334,0.7944550855806389,3,2385,0.1610769463282231,0.16731009774053876,740.3556163673667,0.09694893282096392,0.14836489765966246,1,0.6020793289966292
2018-01-28,37,34804,537,Employed,High School,14,18328,84,Divorced,3,Mortgage,110,0.21249879806910538,2,0,0,Education,0,98,5,2217,232,64510,68958,2900.3333333333335,0.7287771767083409,3,3512,0.21695405994599296,0.2072038055526804,414.9823565802983,0.03791360294117647,0.180945205622805,1,2.9338910810668226
2018-01-29,40,82272,555,Employed,High School,15,28179,48,Married,2,Mortgage,431,0.2526390624444825,6,3,0,Auto,1,100,23,9190,376,66605,20798,6856.0,0.907795692117101,8,45807,0.19606159194636316,0.184449685594413,834.3245541973696,0.06285547615575325,0.1845303418692387,1,2.500335520731052
2018-02-06,22,43126,553,Employed,Associate,2,126382,300,Single,2,Own,257,0.38223723842126855,0,2,0,Home,1,100,7,3206,611,24180,41826,3593.8333333333335,0.9410224083175988,3,3516,0.2814367680644947,0.21759586413434934,2302.173611537927,0.07149149241967638,0.7119032717894924,0,4.617141229239024
2018-02-08,33,37961,598,Self-Employed,Master,15,26700,36,Divorced,4,Other,102,0.5229236585135684,2,2,0,Auto,0,97,10,1589,1819,63174,27410,3163.4166666666665,0.6601799741401658,4,35764,0.17054811407421763,0.18565799690144363,972.8641950284634,0.03223342901535302,0.3396721444273974,0,2.039081091207941
2018-02-12,41,37120,512,Employed,High School,18,18079,24,Single,3,Other,409,0.3793705596006419,3,0,0,Auto,0,98,20,4907,920,66655,21546,3093.3333333333335,0.9083063269823064,10,45109,0.20945064040848657,0.1873250623199609,908.9895302627795,0.13217709792093071,0.42593650660221244,1,2.5894236467692964
2018-02-12,26,38386,544,Employed,Associate,0,19952,36,Married,2,Other,560,0.28883229049558934,5,1,0,Debt Consolidation,0,97,21,2829,221,75249,16304,3198.8333333333335,0.9312172513531146,2,58945,0.19747528369673814,0.20961341973333059,751.2969843318161,0.17500911505807593,0.409801651439705,1,2.0374270683706124
2018-02-13,44,54931,494,Employed,High School,19,113968,180,Married,2,Mortgage,1087,0.38303426740750585,0,0,0,Home,0,91,28,1096,9078,70720,23188,4577.583333333333,0.7152715134692853,2,47532,0.27091092044014314,0.25,2433.8195990269674,0.23740967912199917,0.7689757601209183,0,2.4789569539942558
2018-02-14,32,110311,604,Employed,Associate,9,224367,300,Divorced,0,Rent,461,0.5220046181075426,0,3,0,Home,0,97,29,2140,4055,29963,22063,9192.583333333334,0.8803983344901882,3,7900,0.2560802607099916,0.23577623727533162,4421.263470014736,0.050143669044532865,0.5310512009297865,1,1.2521320582440993
2018-02-16,36,59318,600,Employed,Bachelor,14,125490,240,Divorced,1,Rent,444,0.2561622943445956,4,0,0,Home,0,95,6,3592,2478,76176,10655,4943.166666666667,0.9851452249146831,3,65521,0.23793499733045875,0.25,2633.0515703681963,0.08980279790999494,0.622360000748666,1,2.1379841697496738
2018-02-20,32,16201,612,Unemployed,Bachelor,8,20125,24,Married,1,Mortgage,312,0.2567113699528882,1,0,0,Auto,0,88,6,2216,1189,56775,32307,1350.0833333333333,0.7391271158261122,5,24468,0.1594774419476233,0.1610756302730946,986.4172287046499,0.23092580028372295,0.9610193514128045,0,4.375615528387335
2018-02-20,62,29887,579,Employed,Associate,41,13734,120,Married,1,Rent,185,0.36212784718211977,6,1,0,Education,0,94,10,8036,111,71006,6784,2490.5833333333335,0.8536790940820248,4,64222,0.20788192564963237,0.2161387310905373,280.2756460724087,0.07424997491554901,0.18673894621455245,1,1.9493896420001935
2018-02-22,39,32423,505,Employed,Associate,16,13326,60,Married,2,Mortgage,172,0.1488393670335511,4,0,0,Auto,0,95,9,286,250,124251,26592,2701.9166666666665,0.9316748302553678,1,97659,0.2248743868328949,0.21583955196982116,364.9043024385894,0.06363496223215663,0.19863886632536068,1,2.154824971250662
2018-02-22,27,23111,477,Employed,High School,3,16821,60,Divorced,0,Mortgage,64,0.3142758974184974,2,0,0,Auto,0,99,3,1237,1010,145924,9642,1925.9166666666667,0.882919258515195,4,136282,0.23893261070813057,0.2258979803661452,470.23600591735965,0.03321368334558664,0.27724914894297087,1,2.792406091301361
2018-02-25,49,59250,605,Employed,Associate,24,31219,60,Single,0,Rent,737,0.0515375134224291,1,1,0,Auto,0,96,5,5045,505,104538,86445,4937.5,0.8275773373660169,7,18093,0.17508720354851734,0.14406445212280772,733.0066236888013,0.14923559785359927,0.2976625744029161,1,1.458421380876313
2018-02-27,25,28141,523,Employed,High School,0,12299,48,Married,1,Rent,196,0.39270977181542194,2,1,0,Auto,1,94,17,1974,410,87008,46188,2345.0833333333335,0.4531640732444105,4,40820,0.21185433863534014,0.25,407.79951994302377,0.08354349447660994,0.25736490744561097,0,4.259056833671028
2018-03-02,42,82544,522,Self-Employed,Bachelor,19,25300,24,Single,1,Other,404,0.22621441887494756,5,2,0,Other,0,93,1,11820,1466,200330,29793,6878.666666666667,0.8450213530897002,5,170537,0.20453464979990657,0.1601324360240975,1238.9267982955205,0.058723775376713985,0.23880906995913373,0,2.7973818545386946
2018-03-02,18,30053,483,Employed,Doctorate,0,162679,300,Single,1,Rent,244,0.06668448732687665,2,0,0,Home,0,96,10,3021,160,26115,40595,2504.4166666666665,0.7165420037688485,6,1260,0.3164998850900053,0.25,3396.1367217432667,0.09738899052053884,1.452906724128362,0,4.249158021999125
2018-03-02,24,52303,601,Employed,Doctorate,2,20909,24,Single,4,Rent,398,0.1905309534712883,1,0,0,Debt Consolidation,0,97,5,1018,700,19927,40170,4358.583333333333,0.5751689716838556,5,1447,0.16498699569810568,0.1623211461949753,1026.0901370164486,0.091293128165918,0.3266573954735235,1,1.8412347353948497
2018-03-02,42,91459,623,Self-Employed,Master,23,15678,24,Single,2,Own,702,0.1289288210783701,3,0,1,Debt Consolidation,0,98,1,1730,4382,208409,42665,7621.583333333333,0.7234495186603515,2,165744,0.15391501937909013,0.15201675837549705,761.6767808076446,0.09209476227438204,0.19201846891027471,0,2.8859521792365586
2018-03-04,48,15000,576,Employed,Bachelor,27,141464,240,Widowed,1,Rent,144,0.27882718767174586,4,2,0,Home,0,99,27,1222,682,179845,4475,1250.0,0.9044892248416505,3,175370,0.24996495190391152,0.20881552102220363,2501.471605008128,0.11510791366906475,2.11468553557804,0,5.817764020174813
2018-03-08,42,194083,650,Employed,Bachelor,20,14605,24,Divorced,0,Rent,2269,0.017834091383346042,0,2,1,Other,0,92,28,24079,10012,140564,12568,16173.583333333334,0.895526079802458,6,127996,0.14039729692054503,0.13376821557727492,696.9361485100262,0.1402818207578763,0.18337017327659297,1,3.657781221765287
2018-03-08,38,35530,546,Employed,High School,17,10482,12,Married,2,Own,234,0.599637476054546,6,0,0,Debt Consolidation,0,97,23,2140,1872,45121,11754,2960.8333333333335,0.8652618637250628,10,33367,0.18831437754411315,0.1759921594298945,958.9914966353668,0.07900512070226774,0.4027881931130606,1,2.386195394980774
2018-03-12,36,17811,573,Self-Employed,Bachelor,13,15344,24,Married,2,Own,362,0.5751217024152233,5,2,0,Debt Consolidation,0,96,10,191,513,299119,10665,1484.25,0.8624345262509812,7,288454,0.17890963624176348,0.17322308150936197,761.0205343999863,0.2437300117825282,0.7561154919373752,0,2.196545263499444
2018-03-12,22,40193,579,Employed,Associate,1,15168,48,Married,1,Mortgage,376,0.5015205789404511,3,2,1,Auto,0,96,24,736,1069,26639,111133,3349.4166666666665,0.6444904148154627,6,8325,0.1839067522876479,0.20104796207079825,462.4150628803958,0.11222484765576421,0.25024202846821914,1,4.530288440350908
2018-03-13,31,35389,539,Employed,Associate,6,24571,120,Divorced,0,Rent,297,0.28181538042654275,5,1,0,Education,1,97,14,3688,875,33159,21309,2949.0833333333335,0.7440889593719773,5,11850,0.22802734071557096,0.25,558.9729284313868,0.10067512217169006,0.2901521183349804,1,4.221511249356898
2018-03-15,34,48899,557,Employed,Bachelor,11,92578,240,Divorced,0,Own,326,0.05450790893108385,2,2,0,Home,0,100,26,1800,501,18604,60037,4074.9166666666665,0.7693936574125233,8,4337,0.2593589544032645,0.25,1942.4866386289493,0.07998200813722885,0.5565586404601705,1,2.220799699989497
2018-03-15,52,88534,567,Employed,High School,30,119469,360,Single,0,Mortgage,1017,0.15812199168074367,5,1,0,Home,0,96,16,5199,606,34931,19157,7377.833333333333,0.6642940263291062,5,15774,0.2944227051432028,0.25,2490.4252506750713,0.13782666636550495,0.4753360175287518,1,1.8663303819625456
2018-03-15,44,72050,499,Self-Employed,Associate,22,13763,24,Married,1,Mortgage,538,0.6057466762174922,0,1,0,Debt Consolidation,0,97,18,10912,694,63176,10879,6004.166666666667,0.8725262608679393,3,52297,0.21588245294172934,0.18383446225246455,689.6580313128671,0.08958952013543893,0.2044336318136383,1,1.3128681683575238
2018-03-17,18,88884,547,Employed,Master,0,9727,48,Married,3,Own,211,0.14637136776149676,3,0,0,Debt Consolidation,0,93,19,749,662,36504,23194,3984.4166666666665,0.9562431457634791,7,13310,0.1997956909010515,0.20974125227217072,301.06795960051767,0.05294302143230528,0.12848542635036514,1,1.9428353802593192
2018-03-19,43,65320,579,Employed,High School,19,157939,240,Widowed,3,Mortgage,284,0.22988721647897786,3,0,0,Home,0,93,14,2252,650,106094,14784,5443.333333333333,0.8412263177296061,4,91310,0.2484924926232629,0.25,3313.9017608764243,0.05216432988428336,0.6608525857239499,0,2.3308074077062266
2018-03-20,35,51265,597,Self-Employed,Associate,14,8875,48,Married,1,Rent,447,0.4084827570625582,3,2,0,Debt Consolidation,0,93,10,1586,1488,84314,78963,4272.083333333333,0.8342335264980719,3,5351,0.17477277657101312,0.18182539529548145,261.5504253748657,0.10460830391793592,0.1658171325252723,1,2.01685992594074
2018-03-21,31,113205,559,Employed,Master,10,21874,12,Divorced,3,Rent,507,0.32832643115784904,3,2,0,Debt Consolidation,0,92,8,8429,2659,110343,4360,9433.75,0.8570504097544183,4,105983,0.18199827492780646,0.19711328782432405,2023.2663463622287,0.05373751291767138,0.26818583919682326,1,1.3206596752406852
2018-03-21,47,21397,642,Employed,Bachelor,25,90421,360,Divorced,5,Mortgage,156,0.3982497774305057,4,2,0,Home,1,94,16,2418,559,180956,50614,1783.0833333333333,0.9498245011706126,6,130342,0.25685306071990105,0.23862636964588788,1799.5715262226508,0.08743986174038956,1.0961211786945588,0,5.593162092036885
2018-03-22,52,72961,584,Employed,Bachelor,32,39625,48,Married,2,Own,874,0.7210232024705092,2,1,0,Auto,0,100,11,866,1990,198797,23807,6080.083333333333,0.845388118818653,5,174990,0.18164681018686354,0.15819698795544118,1119.3279561611428,0.14372439121318845,0.3277915869422076,1,2.184606856090456
2018-03-23,51,46751,565,Employed,High School,30,30846,36,Divorced,2,Mortgage,384,0.3114105802991303,7,1,1,Auto,0,94,17,2426,2967,63304,19022,3895.9166666666665,0.7736774694275292,6,44282,0.1870841986949681,0.16487810731191646,1091.8972167416512,0.0985394435771871,0.37873461071573283,1,3.8378747402353195
2018-03-26,29,66212,565,Employed,Associate,7,17222,60,Married,4,Mortgage,325,0.3938824432900566,2,0,0,Debt Consolidation,0,95,13,8242,1260,73021,19488,5517.666666666667,0.7640271106170179,7,53533,0.1949385002447089,0.18159734793431212,438.82349732601983,0.05889103648224209,0.1384072536831396,1,0.5910568474401395
2018-03-27,36,4645,597,Unemployed,Master,12,5682,24,Married,1,Rent,326,0.329062464765112,2,1,0,Debt Consolidation,0,92,25,139,901,31491,32770,387.0833333333333,0.8989607910296898,4,3444,0.1666613086353243,0.1612318017019541,278.5429332169171,0.8400257676615848,1.5577657716562179,0,5.038653003884557
2018-03-28,43,16310,630,Employed,Bachelor,20,125315,240,Married,0,Own,212,0.1367025382298291,3,1,0,Home,0,96,5,838,551,468949,19416,1359.1666666666667,0.9178059920376879,7,449533,0.2229346484565669,0.229879683557151,2426.1467907209176,0.15586325205244456,1.9395761235541606,1,5.477094438139484
2018-03-29,51,50836,565,Employed,Bachelor,28,32456,84,Single,5,Own,597,0.34983380736892045,8,1,0,Education,0,93,15,786,3020,16471,57565,4236.333333333333,0.6417675901738978,8,7936,0.2030969178538389,0.19010665023716294,701.5155601055727,0.1408904971680302,0.30644640342327867,1,2.5093178432210284
2018-03-31,34,52267,587,Employed,High School,10,20343,36,Married,1,Own,118,0.11304175179495583,1,1,0,Debt Consolidation,0,95,16,1436,5043,23343,3681,4355.583333333333,0.9224096366403428,3,19662,0.1759801353267755,0.20024781962110835,756.275673310356,0.02708544539872607,0.20067920349900098,0,2.2155693920640314
2018-03-31,37,83268,499,Employed,High School,15,23097,36,Married,3,Mortgage,693,0.17255625945189498,1,0,0,Debt Consolidation,0,95,10,354,2845,36897,12947,6939.0,0.7968357338449727,2,23950,0.22001187532816877,0.22065439460666386,882.8670107448908,0.09985590778097983,0.22707017445891797,1,2.0773581632825575
2018-04-01,26,25040,566,Employed,Doctorate,3,181953,300,Married,3,Rent,269,0.3670845635842883,5,1,0,Home,0,96,17,5261,533,5794,9383,2086.6666666666665,0.9180505436609465,5,2016,0.2750278772967151,0.25,3798.5066599336897,0.1288519878652403,1.948350627463048,0,4.851960118228114
2018-04-02,25,89557,525,Employed,Associate,3,13978,120,Divorced,1,Own,1480,0.21701546882458095,3,1,0,Education,0,100,27,3274,1895,47391,5107,7463.083333333333,0.866766709091849,7,42284,0.2348863278706178,0.25,317.9896460711377,0.19828288805278613,0.240885526832427,1,1.9551518522629805
2018-04-03,49,203999,475,Self-Employed,Bachelor,26,13057,48,Widowed,1,Mortgage,485,0.5886593501133297,1,0,0,Debt Consolidation,0,100,15,3989,2055,63207,27907,16999.916666666668,0.8277520532735503,5,35300,0.23586928906293664,0.22625455426818356,415.82122486372225,0.028527873497017315,0.05298662669348548,1,1.5979630611557882
2018-04-04,56,35470,598,Employed,High School,35,25198,24,Married,1,Rent,457,0.14173786055748325,3,1,0,Auto,0,100,26,2570,411,28574,91223,2955.8333333333335,0.5945086313925835,3,7158,0.16653363989754313,0.1553184040236267,1228.1433287395573,0.1545572402908517,0.5699148848676706,0,2.505823303840623
2018-04-04,39,27251,556,Employed,Bachelor,21,16219,60,Married,0,Rent,437,0.32240384232776476,4,0,0,Auto,0,97,8,501,1289,65865,33151,2270.9166666666665,0.9545459170786862,6,32714,0.19942350008191734,0.22719032206475576,454.60687163149606,0.19234860433554635,0.39244699627986473,1,2.05603930570057
2018-04-05,52,50638,630,Employed,Master,30,14859,36,Married,0,Own,130,0.24794139301001508,3,1,0,Debt Consolidation,0,97,9,847,370,14917,15576,4219.833333333333,0.9504707890118097,5,7656,0.15440160707956796,0.1577058322512156,520.7169312451878,0.030799605133267523,0.15416788104525675,1,0.6110284342180634
2018-04-05,44,7360,585,Unemployed,Bachelor,19,240289,120,Married,1,Mortgage,204,0.27251539580880124,4,0,0,Home,0,97,9,4049,1653,22092,49133,613.3333333333334,0.7884311562752983,7,3634,0.2055974004515526,0.24965842787402562,5460.619848596841,0.332067281606077,3.0,0,7.523198350243675
2018-04-05,32,61621,585,Employed,High School,8,10412,24,Single,0,Own,592,0.23888913145838286,5,0,0,Debt Consolidation,0,99,11,19625,1016,104346,37259,5135.083333333333,0.8603633334476255,6,67087,0.1728127025761325,0.15148819564095628,505.57948512915704,0.11526292732789253,0.2136997034307901,1,2.2780099268119427
2018-04-05,44,41098,639,Employed,Bachelor,20,28134,48,Married,1,Rent,246,0.658547606693349,2,2,0,Auto,0,94,27,1186,13807,97859,8718,3424.8333333333335,0.9240348338088641,7,89141,0.15406119240796687,0.13170050932829122,757.1414586292302,0.07180734614449039,0.29281677216129315,1,0.9775730333382637
2018-04-06,58,151322,596,Employed,Bachelor,33,260263,240,Married,0,Own,789,0.33688961467806866,4,0,0,Home,0,93,9,22964,1452,72846,11963,12610.166666666666,0.7503826048413893,4,60883,0.2401173629448647,0.24666467521431595,5390.626129899225,0.06256360104140511,0.4900122481318851,0,2.2178635241621034
2018-04-07,39,22685,587,Self-Employed,Associate,16,313107,240,Single,2,Mortgage,225,0.028089972386788647,7,2,0,Home,1,90,22,1690,559,121941,137773,1890.4166666666667,0.6966603734574838,3,3987,0.24466357586448256,0.25,6569.661949504142,0.1189584526589417,3.0,0,9.500015641166422
2018-04-09,58,21519,630,Employed,Master,35,155728,360,Divorced,3,Rent,118,0.3710555053982822,5,2,0,Home,0,99,11,273,290,56876,81364,1793.25,0.8499892646522857,6,6232,0.2629889681490246,0.24418193643317332,3171.0780751484067,0.06576564023965445,1.833121401782587,0,5.743992778388657
2018-04-09,18,87080,603,Employed,Bachelor,0,152399,240,Married,2,Own,551,0.25198430846294556,2,1,0,Home,0,97,7,1796,756,104572,33181,7256.666666666667,0.8102001532264832,10,71391,0.23648356598055867,0.23943092041077013,3067.5192764332173,0.07591971708078812,0.4985788742616843,1,0.9328351990666061
2018-04-09,49,15026,535,Employed,Master,27,11033,36,Single,1,Rent,242,0.09374225229264455,2,0,0,Debt Consolidation,0,94,28,4218,953,36723,53005,1252.1666666666667,0.6585498732896643,7,6666,0.2018271841734581,0.1906238334527128,404.7739434063576,0.19311078600877776,0.5161116718231341,1,3.192009131653327
2018-04-10,41,49345,593,Employed,Bachelor,17,110661,360,Married,5,Mortgage,837,0.041331781848311704,4,0,0,Home,0,100,23,618,313,18678,72005,4112.083333333333,0.7362629824689194,6,1146,0.28140355894741664,0.25,2306.8155644138146,0.2034969710476731,0.7643452149232283,0,3.3741910891090763
2018-04-10,36,221669,564,Employed,High School,11,24216,24,Single,0,Rent,1319,0.09475531086853696,5,2,0,Other,1,95,4,87519,1673,89192,76722,18472.416666666668,0.7525377143721422,4,12470,0.1835237025362151,0.19292012984311327,1224.1334744186872,0.07139989444291572,0.13766448948274432,1,2.4134670715599755
2018-04-11,41,40142,581,Employed,Associate,19,21386,120,Single,1,Mortgage,303,0.01117929748373576,2,1,0,Education,0,100,19,1183,1385,159038,54228,3345.1666666666665,0.720901567664638,3,104810,0.20699263463494644,0.18735911992890125,395.5334053346237,0.09055137719778852,0.20875630980762774,1,2.3388887144977337
2018-04-11,18,18872,574,Employed,High School,0,18481,60,Divorced,0,Rent,124,0.07764200877970136,3,2,0,Auto,0,94,9,4785,763,51010,10335,1572.6666666666667,0.7556264792819656,5,40675,0.190456138141112,0.1593499246001512,448.78391815234806,0.07879686507095954,0.3639804605924686,1,2.279406185423608
2018-04-13,37,7416,634,Unemployed,Master,14,24310,60,Divorced,1,Mortgage,97,0.22724848477728574,3,0,1,Auto,0,97,3,658,81,30115,26788,618.0,0.7117557446376036,3,3327,0.16052467105044985,0.16616913798130276,599.1699668045216,0.1567043618739903,1.1246687670509234,0,6.101603178662714
2018-04-14,44,49920,616,Self-Employed,Bachelor,20,7891,36,Single,0,Mortgage,614,0.18162238554259244,4,2,0,Debt Consolidation,0,98,19,5797,1714,93429,55971,4160.0,0.7859604030436945,2,37458,0.16124340121678565,0.15678543775970646,276.17344467397373,0.1475606825282384,0.21393257502378607,1,1.0774932373319068
2018-04-14,57,54120,624,Employed,Bachelor,37,29218,60,Divorced,0,Mortgage,354,0.4522835500230841,1,2,0,Auto,0,95,13,11397,1182,13126,26860,4510.0,0.8801160352482409,3,10099,0.16557064361539606,0.18049167971673707,742.7268860757066,0.0784748392817557,0.24312278565189685,1,1.1604667765173309
2018-04-15,33,68485,596,Employed,Associate,15,104197,300,Single,0,Mortgage,859,0.0771404734376427,3,0,0,Home,0,93,16,14349,525,105130,19931,5707.083333333333,0.8658670219213283,2,85199,0.25988851205356484,0.25,2175.2485446522487,0.1504883425551484,0.5315704707626171,1,2.312038327221712
2018-04-16,30,21108,494,Employed,High School,9,10763,24,Single,1,Own,136,0.23722645719674737,2,2,0,Debt Consolidation,0,97,4,614,184,17627,13934,1759.0,0.9587695577992634,7,3693,0.2183209906279617,0.19523721970923297,545.2905439997805,0.07727272727272727,0.3870968999998753,1,2.9326204145152777
2018-04-17,33,280873,643,Employed,Bachelor,13,35193,24,Single,1,Mortgage,728,0.27362092386823894,3,0,0,Auto,0,94,10,3197,362,84034,5182,12033.583333333334,0.5596903278384565,7,78852,0.14411715772312794,0.14111977258563188,1691.5796930777838,0.06049233112903784,0.2010522197620289,1,0.5701784129796486
2018-04-18,50,60107,493,Employed,Associate,29,216673,360,Single,2,Mortgage,523,0.19664043886190305,6,0,0,Home,0,92,26,2892,6428,193092,11730,5008.916666666667,0.9119961268977881,5,181362,0.3315715372996962,0.25,4516.719068038735,0.10439295397461701,1.0059486820550045,0,4.249783360133722
2018-04-18,43,67060,525,Employed,High School,21,18627,36,Married,1,Other,455,0.13327657649038216,4,0,0,Education,1,91,26,953,3554,21636,6489,5588.333333333333,0.9801743507540598,5,15147,0.2069581052760256,0.22411078139983792,715.3409552834032,0.0814050572519084,0.20938829114087606,1,3.9097904715127454
2018-04-20,33,37088,607,Employed,Bachelor,11,51112,60,Divorced,0,Own,143,0.1192335878626788,5,1,0,Education,0,97,3,2458,196,343240,29041,3090.6666666666665,0.8404739004465795,4,314199,0.17421044853674197,0.19956285462055937,1352.912464761415,0.0462533692722372,0.4838530883325332,1,1.300058404406374
2018-04-20,46,82599,586,Employed,High School,21,215469,300,Single,3,Mortgage,1447,0.1906668851345772,4,1,0,Home,0,90,18,1897,3525,154811,12745,6883.25,0.8342379802219704,4,142066,0.2650701442419246,0.25,4498.196960254858,0.21018992628100375,0.8635939950255813,0,2.336385447193888
2018-04-20,41,42567,571,Employed,Associate,18,17885,36,Married,1,Rent,219,0.16728625513225293,4,2,0,Debt Consolidation,1,96,21,6559,460,114243,21715,3547.25,0.7802728366991073,5,92528,0.18394794339072656,0.19897235289976636,663.7345756522482,0.061720566476432044,0.24878026510314893,1,4.250233829384737
2018-04-21,51,50304,543,Employed,Associate,28,16278,36,Married,0,Mortgage,564,0.17667798916823535,5,1,0,Debt Consolidation,0,99,11,1484,2411,39708,28098,4192.0,0.9226879256038135,6,11610,0.19792440780315212,0.21491075280052263,617.3866805091623,0.13450989744812783,0.2817521298614744,1,1.6189742173809214
2018-04-21,31,20337,505,Employed,High School,7,7187,24,Married,0,Other,245,0.1405879493595992,6,2,0,Debt Consolidation,0,92,17,185,237,166730,29953,1694.75,0.8976615710653677,5,136777,0.21272004206197587,0.25,383.58111636186976,0.14447884416924664,0.37068029860643953,1,1.9442661286305616
2018-04-22,36,28494,614,Employed,Doctorate,16,15700,48,Married,3,Mortgage,107,0.13805477993526233,2,1,0,Auto,0,92,17,6036,380,65063,13473,2374.5,0.8228706350071515,7,51590,0.16641536992089387,0.12723896445624316,419.04338743722786,0.04504314881077668,0.2214453325351412,1,2.6425155109145377
2018-04-24,35,65089,608,Employed,High School,10,23014,12,Married,2,Mortgage,278,0.2501335689644603,4,1,0,Other,0,97,27,4080,936,78842,15164,5424.083333333333,0.5494856252177042,3,63678,0.15751097536406283,0.18808663869122721,2118.7904993557972,0.05124345248152871,0.4417979138917923,1,1.1744570048826986
2018-04-24,22,27647,537,Employed,High School,0,225617,240,Single,1,Rent,167,0.1067485826714348,3,1,0,Home,0,89,22,1485,275,314770,23527,2303.9166666666665,0.5982387975754754,2,291243,0.26958164964566433,0.25,4733.932553603962,0.07245381250225967,2.126294900149953,0,5.140622993858179
2018-04-26,43,25856,543,Employed,High School,19,11233,60,Married,1,Rent,118,0.47439967616897166,2,0,0,Education,0,96,12,4031,2011,81560,23525,2154.6666666666665,0.8867699913032906,5,58035,0.20583167504327307,0.15095122816857381,267.7934887032494,0.05473944642028762,0.17896713562853692,1,0.7011884499601815
2018-04-26,43,32407,620,Employed,Bachelor,23,24205,60,Single,1,Rent,542,0.15428558194954936,3,1,0,Auto,1,95,4,4043,1528,71314,49706,2700.5833333333335,0.9472460912658832,3,21608,0.16752358895382463,0.1714212113280363,603.4078377250111,0.20062309139702025,0.42397649689071637,1,3.4732402480510847
2018-04-29,40,71315,593,Employed,Associate,21,13463,36,Single,2,Own,455,0.33462772982631034,1,0,0,Debt Consolidation,0,100,8,1737,1528,61570,24220,5942.916666666667,0.6059686665677344,5,37350,0.17287694368396767,0.16414348719090718,476.0778013271313,0.07654885246820979,0.15664381813234224,1,1.7449831852668276
2018-04-30,37,32744,558,Self-Employed,Bachelor,13,169260,360,Married,3,Rent,360,0.6267739065479534,2,3,0,Home,0,100,1,1089,1751,30272,7603,2728.6666666666665,0.9436122667500539,2,22669,0.29900979929531923,0.25,3528.357799339264,0.13188423494932228,1.4244808154863589,0,4.472838060997211
2018-04-30,23,35137,582,Employed,High School,0,157511,240,Married,2,Own,320,0.18096815856520743,4,1,0,Home,0,97,26,602,132,95313,13415,2928.0833333333335,0.8885754625025607,6,81898,0.24699181423120542,0.25,3304.9213953324165,0.10924919627869925,1.2375617156672736,0,4.406607989455318
2018-05-02,34,37304,602,Employed,High School,13,13226,24,Married,0,Rent,300,0.39308129856744944,5,2,0,Debt Consolidation,0,94,21,450,209,49560,10725,3108.6666666666665,0.948689418659991,3,38835,0.16437250386850652,0.14255192969970149,636.6140410289291,0.09647336263265088,0.3011943534233881,1,1.831282423249629
2018-05-02,35,16330,612,Employed,Associate,14,14199,36,Married,0,Rent,164,0.3684979943826394,5,1,0,Auto,1,97,11,1594,528,232528,15150,1360.8333333333333,0.7526699732797947,4,217378,0.16339024931089735,0.17394363684575453,509.0242796634767,0.12042589646310121,0.49420458670675077,1,3.1900578680920724
2018-05-03,30,17070,591,Employed,Master,5,24616,36,Married,0,Mortgage,299,0.3481637366407932,1,1,0,Auto,0,99,29,1323,686,208808,37971,1422.5,0.5927283848802313,3,170837,0.1740277981350403,0.18010890892040807,890.0618615050192,0.2100456621004566,0.8353086487565995,1,3.562548227716775
2018-05-03,38,9399,538,Unemployed,Master,18,17100,84,Married,2,Mortgage,106,0.2575175473392186,3,0,0,Education,0,99,29,1913,435,42292,43223,783.25,0.7217826211086869,7,1339,0.21643672305507827,0.21007992037921153,390.17242507341376,0.13516098182977368,0.6326712465073813,1,3.6901757876744328
2018-05-03,44,32155,577,Employed,High School,18,11185,36,Married,0,Rent,538,0.15702990945768402,6,0,0,Debt Consolidation,1,89,6,6045,93,53165,26858,2679.5833333333335,0.8599296965723562,3,26307,0.1808306045688454,0.15983484509087717,393.14022108104245,0.2007025833929182,0.34736477299631635,1,4.461070266060444
2018-05-05,62,110797,577,Employed,Bachelor,41,152640,240,Divorced,1,Rent,411,0.2638674759182242,1,1,0,Home,1,92,5,12545,735,18941,5699,9233.083333333334,0.9282605087411644,3,13242,0.24948396100950584,0.25,3202.7172818631084,0.044509020025449195,0.39134553495074675,1,2.6616536845188605
2018-05-05,42,86421,561,Employed,Master,18,185261,360,Widowed,2,Mortgage,902,0.0717689010098628,5,0,0,Home,0,99,27,10695,2516,13211,11249,7201.75,0.8630112337228245,4,1962,0.29753238157959705,0.25,3861.9112268899407,0.12522994689528305,0.6614017183561752,0,1.8654460557926194
2018-05-06,43,76046,553,Employed,Associate,21,6186,48,Married,1,Own,266,0.2751728862788457,7,1,0,Other,1,93,26,496,16526,94518,14770,6337.166666666667,0.796077962119688,6,79748,0.19668255139888274,0.1839747562983667,183.00108992440695,0.04196797181098635,0.07084084618439722,1,2.973271488361489
2018-05-07,39,154088,512,Employed,Master,15,31363,84,Single,2,Other,861,0.5401650002861467,3,3,1,Education,0,97,15,5916,10000,35708,38826,12840.666666666666,0.9070119179343525,10,3897,0.22958835400433772,0.21274261176480502,720.7150447666694,0.06704737183646983,0.12317054209733962,1,2.616078010570078
2018-05-07,18,31661,490,Employed,High School,0,26474,48,Married,2,Rent,234,0.3373784049478787,4,0,1,Auto,0,99,22,4335,2943,115730,5187,2638.4166666666665,0.7322815871648598,4,110543,0.2285459890426174,0.23251549187790393,852.1834700265163,0.08865595301992234,0.4115240627764404,0,4.302258672250891
2018-05-07,39,72593,643,Employed,Master,17,8910,12,Single,1,Own,401,0.21426385933706543,4,4,0,Debt Consolidation,0,98,19,1178,1957,24950,7427,6049.416666666667,0.8512002425219771,5,17523,0.1397737604369032,0.12562978793970575,793.991218063866,0.0662764272433028,0.19750560728278205,1,0.9463772361190398
2018-05-10,40,45847,574,Employed,Bachelor,17,33631,36,Married,3,Rent,295,0.10413301765278797,1,2,0,Education,0,98,25,2622,1227,46195,37162,3820.5833333333335,0.9029657796002479,11,9033,0.1826058083184192,0.17694513239712945,1210.6935702745288,0.07719313548049456,0.3939973144485127,1,2.2321407469588013
2018-05-10,69,40000,554,Unemployed,Master,49,96870,240,Single,2,Own,141,0.20906555714361733,3,1,0,Home,1,95,15,3509,273,54136,32763,3333.3333333333335,0.9553056344295365,8,21373,0.2608702838688702,0.25,2032.5420800188633,0.04228731380585824,0.651867063886493,0,3.6019665005377175
2018-05-10,37,130723,575,Employed,Bachelor,13,173984,300,Married,1,Own,563,0.12299585702586555,1,0,0,Home,0,92,7,10623,6501,52234,94035,10893.583333333334,0.743433965424906,4,7271,0.270516681091896,0.25,3632.1433706611215,0.05167705664129728,0.3850668944653953,1,1.8611010624435487
2018-05-12,43,56415,630,Employed,Associate,22,18381,60,Single,3,Rent,511,0.39497025795255053,3,0,0,Auto,0,100,26,4257,1006,9345,148585,4701.25,0.7955316001417926,6,2727,0.16245478180097953,0.13497725972504104,422.92244599251177,0.1086713807219948,0.19861182327449875,1,1.5315899029312268
2018-05-12,39,73912,538,Employed,Master,17,21538,60,Widowed,2,Mortgage,529,0.39972041475589754,4,0,0,Debt Consolidation,0,91,17,7021,2837,134422,8750,6159.333333333333,0.7360888072056946,2,125672,0.20849440513109432,0.22482036374555978,600.7740529580401,0.08587197662464152,0.18339495475754128,1,2.4335407402555544
2018-05-13,25,154466,530,Employed,High School,4,284740,180,Single,3,Own,394,0.16750040658984747,3,1,0,Home,0,97,21,4929,1560,53227,6572,6569.166666666667,0.7434523981529477,3,46655,0.25313983381853433,0.25,6080.705045512238,0.05996803734050379,0.9854704414670715,0,3.4914711282739126
2018-05-14,53,44764,605,Employed,Associate,35,138336,240,Married,2,Mortgage,613,0.13819542979514288,4,0,0,Home,0,95,26,540,1136,17185,9379,3730.3333333333335,0.9487189872894585,4,7806,0.23545936200405437,0.23925904899208278,2782.540153858846,0.1642844380918349,0.9100071879200052,0,2.0461417410417253
2018-05-14,49,39836,636,Employed,Bachelor,27,7237,24,Divorced,1,Mortgage,152,0.09130621282124192,2,2,0,Debt Consolidation,0,100,29,3451,700,198929,247008,3319.6666666666665,0.8640519002359408,6,1773,0.14722177505103093,0.13322373353408676,345.1570219073012,0.045773940975707694,0.14971602747660145,1,1.7814692528415659
2018-05-15,49,87602,613,Employed,Bachelor,22,157108,300,Single,1,Mortgage,516,0.17473412982477884,1,0,0,Home,0,97,1,6078,2105,207353,12380,7300.166666666667,0.6547376895583735,2,194973,0.25149117377773855,0.25,3279.8348162924603,0.07067363663341475,0.5198942839672829,0,1.4793615605276782
2018-05-15,29,41952,513,Employed,Master,5,21539,180,Divorced,2,Rent,230,0.10908191591897569,5,0,0,Education,0,94,14,513,2189,70783,78617,3496.0,0.9623403583111987,6,5612,0.2609944167376776,0.25,459.97157398078275,0.0657706605661996,0.19730385301137626,1,2.718871356786416
2018-05-17,56,64016,539,Employed,High School,34,141229,360,Married,0,Own,614,0.327585985075657,1,1,0,Home,0,95,19,13277,346,54034,79475,5334.666666666667,0.765691975808157,3,4749,0.30846453626151576,0.25,2944.0295618745413,0.11507465483850815,0.6668388008760932,0,3.3485093288877414
2018-05-17,23,25523,515,Employed,Bachelor,1,22131,60,Widowed,3,Own,184,0.22617788041650894,7,1,0,Education,0,99,22,2271,110,44930,3137,2126.9166666666665,0.9738508286577333,6,41793,0.2200011949510045,0.19984258554154938,586.1423167206726,0.08646955159584883,0.3619231564773085,1,2.4133797476973515
2018-05-19,47,22163,590,Employed,Bachelor,24,14737,60,Widowed,1,Mortgage,152,0.3350216914442484,2,0,0,Auto,0,100,16,290,651,21325,29525,1846.9166666666667,0.8544505321664811,3,6230,0.18239954611783174,0.18468333620371497,377.987644697124,0.08225479143179255,0.2868027840525586,1,1.8166536658670112
2018-05-19,66,67013,621,Employed,High School,42,113940,360,Single,2,Mortgage,188,0.21974541129229008,3,1,0,Home,0,98,2,1544,5433,54674,25665,5584.416666666667,0.9595908591167301,4,29009,0.26741085901238626,0.25,2375.1688978891393,0.03365908243192838,0.458903793728753,0,1.490057959458685
2018-05-19,28,70162,584,Self-Employed,Associate,8,14272,60,Divorced,1,Rent,763,0.07136668510222294,2,1,0,Education,0,97,21,2083,7320,9403,57630,5846.833333333333,0.7675817373931393,3,8233,0.18539153122990742,0.1951334281921672,374.2664868988617,0.1304756747513324,0.19447655602910396,1,1.7660062232409106
2018-05-20,33,39679,595,Self-Employed,High School,8,18130,12,Single,1,Own,251,0.16025348790322966,4,0,0,Debt Consolidation,0,94,7,1177,223,173836,82858,3306.5833333333335,0.4785005889609701,4,90978,0.16395134461485647,0.15834671802303193,1643.5323568186686,0.0758862210576705,0.5727844670535895,1,2.5449506430765187
2018-05-21,41,103446,566,Employed,Associate,17,17479,12,Single,2,Rent,774,0.5392985352337872,5,1,1,Debt Consolidation,0,94,12,7237,1327,28780,56480,8620.5,0.9181819861186578,4,2789,0.17844220316230236,0.1931475539330758,1613.431673704496,0.08977556109725686,0.27691604404158165,1,3.4034326811585296
2018-05-21,33,29545,525,Employed,Doctorate,9,29912,84,Single,2,Mortgage,143,0.3987993892235621,5,1,0,Education,0,98,29,580,129,12805,27810,2462.0833333333335,0.9201127699469828,9,2602,0.22307651211187424,0.23237293226523972,723.7417556261516,0.058057312988462964,0.3518929887171844,1,2.3206740793601437
2018-05-22,21,22161,579,Employed,Bachelor,0,27231,120,Single,0,Rent,102,0.464327591380118,3,1,0,Education,0,100,9,3573,245,17771,45717,1846.75,0.8746116697375058,3,1414,0.20805303700784328,0.19287345906106015,513.4523532531573,0.05520227303477202,0.3330820474918995,1,1.8492961199535942
2018-05-23,40,50918,542,Employed,Bachelor,17,25656,60,Married,0,Other,761,0.09936988846854902,2,2,0,Education,0,92,17,7562,3004,55328,1814,4243.166666666667,0.8973570514170265,5,53514,0.20653814292946265,0.17728282173412882,647.7074047493638,0.17930492833300607,0.33191613699179984,1,2.9160169479428273
2018-05-24,27,7129,580,Unemployed,Doctorate,3,20044,60,Married,3,Other,66,0.10131251487850702,5,0,0,Education,1,91,7,1661,324,88022,5599,594.0833333333334,0.6726162846993231,6,82423,0.18747643375626916,0.21443432729886505,547.2693185457614,0.11090883629743732,1.030560400861103,1,5.246418226610367
2018-05-24,45,74363,621,Employed,Associate,21,32376,36,Married,3,Mortgage,310,0.2290664255605061,1,3,1,Debt Consolidation,1,96,14,4056,982,40499,11320,6196.916666666667,0.5596205253361182,2,29179,0.1590963008932889,0.16835836003958715,1151.649262826133,0.05001680672268907,0.23582912475850212,1,4.741398605028012
2018-05-24,28,35029,642,Employed,Master,6,9734,36,Married,0,Rent,518,0.2501146192883411,4,1,0,Debt Consolidation,0,97,24,4668,1160,32098,29208,2919.0833333333335,0.9395670129720134,3,2890,0.1482958707294516,0.18045574571130021,352.1300011733583,0.17739219771125253,0.29798122239891267,1,1.3689414296916926
2018-05-25,58,125689,654,Employed,Associate,37,35659,84,Widowed,1,Rent,1223,0.17042119957039537,1,0,0,Education,0,97,19,4978,1089,23108,6181,10474.083333333334,0.7096448754306404,6,16927,0.1586204462228543,0.1884816814781108,767.306508324631,0.11675324778641379,0.19000388302317064,1,1.2315933270240547
2018-05-28,30,150553,509,Employed,Master,7,199630,300,Single,0,Rent,857,0.3940546770753766,2,1,0,Home,0,98,2,3807,14217,146267,31556,12546.083333333334,0.8798856561094125,5,114711,0.3035510564853553,0.25,4167.537136087684,0.06830272639723707,0.4004545919241006,1,2.978823307578267
2018-05-28,36,41759,549,Employed,High School,10,109496,180,Single,4,Other,550,0.2046037994282883,3,1,0,Home,0,95,8,7164,807,106949,65429,3479.9166666666665,0.7367025658020563,5,41520,0.24340091310765077,0.25,2338.318745744918,0.15800435708984703,0.8297580845308711,0,3.357487475358556
2018-05-29,49,131453,670,Employed,Master,29,483122,240,Married,0,Rent,1160,0.5388529867861582,6,1,0,Home,0,100,23,9424,1688,77065,2713,10954.416666666666,0.7968289152257307,6,74352,0.20327200663964998,0.20197805679446487,8282.470256812998,0.10588369528011259,0.8618996925550981,0,2.059634863882472
2018-05-29,25,15128,518,Employed,High School,5,12009,12,Divorced,0,Mortgage,181,0.04259961135877459,2,0,0,Other,0,100,28,451,591,18330,168514,1260.6666666666667,0.9026019566936094,3,1133,0.20234837372876852,0.17736160756147792,1099.4776911105184,0.14346103038309113,1.014909662703185,1,4.42626847472333
2018-06-01,42,94498,631,Employed,Associate,19,11740,48,Married,0,Other,747,0.1306698911425435,1,0,0,Debt Consolidation,1,98,1,3247,4641,36869,7968,7874.833333333333,0.8985101914234814,6,28901,0.15784271056715757,0.18385845205656112,347.2340328447022,0.09484710612633585,0.13893565119179374,1,2.6936397655220996
2018-06-02,55,112055,520,Employed,Bachelor,32,24021,60,Married,2,Mortgage,998,0.3129244220986082,6,1,0,Education,0,95,2,2800,10613,36599,41873,9337.916666666666,0.7579697942619955,5,8197,0.2175216813390286,0.2289370515762131,675.6971368947732,0.1068646434722086,0.1792174827802768,1,1.0838039138358937
2018-06-03,20,67196,594,Employed,Associate,0,215749,240,Single,3,Mortgage,611,0.08886700860862227,3,0,0,Home,0,88,20,26495,1045,332777,8502,5599.666666666667,0.7269938998122861,5,324275,0.2410704689022364,0.25,4526.8805741921105,0.1090941554576836,0.9173694633124825,0,2.6758640802467073
2018-06-03,42,55957,557,Employed,Bachelor,19,237288,300,Single,1,Own,1184,0.2388150946463099,1,0,0,Home,1,94,15,2932,3182,66014,26005,4663.083333333333,0.8700861700876029,7,40009,0.27959425852163106,0.24661627120689372,4887.520378403075,0.25385481248548303,1.3017606986159642,0,4.902059242429361
2018-06-03,43,15000,595,Employed,Associate,21,6771,60,Married,0,Own,146,0.16812220815817186,3,1,0,Debt Consolidation,0,97,15,1047,364,34038,3111,1250.0,0.9784309762239332,4,30927,0.17970513793581325,0.17920202499195623,171.6451053904402,0.11670663469224621,0.25391295394919283,0,2.086611981471255
2018-06-03,49,38005,631,Employed,Bachelor,24,11401,36,Married,2,Rent,247,0.0913547167111854,5,0,0,Debt Consolidation,0,98,19,4080,395,346822,67568,3167.0833333333335,0.8397413437381457,4,279254,0.15383538601439792,0.12877070473335356,383.4700352947801,0.07796512086698056,0.19900677127436042,1,0.9202241377625198
2018-06-04,25,23413,538,Self-Employed,High School,6,140858,180,Married,0,Other,89,0.5514944371435399,1,1,0,Home,0,95,2,362,206,130342,5592,1951.0833333333333,0.7021630051713178,4,124750,0.24896387866725667,0.2459839391744096,2964.2562746707154,0.045592315901814305,1.5641014000447635,0,5.602652685900235
2018-06-04,24,22726,559,Self-Employed,High School,3,11610,24,Married,0,Other,157,0.13539466354538848,1,1,0,Debt Consolidation,0,96,5,3550,145,134551,32714,1893.8333333333333,0.6827119549958192,6,101837,0.18583992705090674,0.18012503759097503,579.688968552143,0.08285689154718973,0.3887882673333502,1,2.3354546464050823
2018-06-06,46,60818,590,Self-Employed,High School,24,24038,60,Married,3,Own,1090,0.21368336235582155,3,1,0,Auto,0,100,22,1728,556,221494,58833,5068.166666666667,0.76584574087621,8,162661,0.18252185819761155,0.16545323874534934,591.5452334067273,0.21502548084826564,0.33172024989118404,1,2.2641046313101376
2018-06-06,43,34691,560,Employed,Associate,24,18401,48,Married,3,Rent,400,0.15625108905856624,2,2,0,Auto,0,93,22,11287,2032,159250,12649,2890.9166666666665,0.9028042680673243,8,146601,0.19345505365833557,0.18348512634010425,543.886194623462,0.13831657205428927,0.3263877571242124,1,3.0838586036306515
2018-06-07,43,24756,509,Employed,High School,21,11042,48,Single,5,Mortgage,133,0.14204121631085792,5,0,0,Debt Consolidation,0,91,23,945,963,37360,10796,2063.0,0.8570160360719609,1,26564,0.2188273880055118,0.24880637924359653,365.386291359806,0.06443798449612403,0.24146622643401455,1,2.8111141308054837
2018-06-10,44,23199,516,Employed,Associate,18,22634,84,Married,1,Rent,166,0.21151813243591702,5,1,0,Education,0,89,12,3417,128,50263,3810,1933.25,0.8245089770731356,4,46453,0.22750681316496751,0.24380460782775162,563.9686097569528,0.08582137779501099,0.3773910351593397,1,3.131567994605258
2018-06-13,31,29871,549,Self-Employed,Associate,8,7146,24,Single,0,Own,110,0.6743854856184045,2,4,0,Debt Consolidation,0,99,13,128,100,87976,26225,2489.25,0.9152189695526489,2,61751,0.190718611991805,0.19183248260922206,360.8565176097735,0.04417227186025499,0.18908001911847144,1,1.6799071554327627
2018-06-13,42,11354,543,Unemployed,High School,19,242322,240,Single,3,Rent,99,0.20949890209006178,1,3,0,Home,0,92,22,276,108,66719,25634,946.1666666666666,0.9062066307298436,5,41085,0.266599506706487,0.24017188932075076,4891.98176070321,0.10452225937005104,3.0,0,7.422473496876851
2018-06-13,43,39449,622,Self-Employed,Bachelor,23,25411,48,Married,0,Other,300,0.662676804285336,2,2,0,Auto,0,95,29,1535,348,9738,8721,3287.4166666666665,0.9550090441777171,4,1017,0.16253574419559663,0.16912825585916885,732.089920486555,0.09122931501989306,0.31385618828308104,0,2.3381040793093972
2018-06-16,31,41357,583,Employed,Master,10,27934,36,Married,0,Other,228,0.5456828560258693,5,1,0,Auto,0,99,22,283,586,14734,21866,3446.4166666666665,0.6057948565224491,12,9913,0.17805940891547334,0.1492692077705528,967.341905502543,0.066136479006019,0.3467355475363319,1,2.0812355056100453
2018-06-17,62,42757,652,Self-Employed,High School,40,22436,48,Married,0,Mortgage,179,0.37606929118431703,4,2,0,Auto,0,100,16,4069,2652,58503,5408,3563.0833333333335,0.7365720556649512,3,53095,0.14750461666521497,0.12742854018554398,599.0421834054947,0.050223292571722505,0.21830078329785443,0,2.285312962875689
2018-06-17,45,54074,526,Employed,Bachelor,23,67803,120,Single,4,Mortgage,487,0.25615310420903814,3,2,0,Education,0,97,8,3859,600,10342,6035,4506.166666666667,0.9292213508375706,7,4307,0.2347810941173096,0.25,1542.4704516069073,0.10805014236586177,0.4502763269475074,1,2.5036790102002757
2018-06-18,25,63003,551,Employed,Bachelor,0,71592,180,Divorced,2,Rent,427,0.03321013836173509,6,1,0,Home,0,93,28,1220,6493,16214,45932,5250.25,0.8209491597037558,4,4622,0.24229468814570157,0.25,1528.8678640806074,0.08131397286360391,0.37245757944881835,1,1.6327909693199765
2018-06-20,47,15000,624,Employed,Associate,23,18411,60,Single,0,Mortgage,73,0.6739682720723232,5,3,0,Auto,0,98,5,880,61,36842,18828,1250.0,0.9796530305958883,7,18014,0.16545518947623428,0.12938797891757065,418.3302378508156,0.058353317346123104,0.3927499902884217,1,2.082218224204764
2018-06-21,28,94090,563,Employed,Bachelor,8,19826,48,Divorced,0,Own,235,0.26984293424680234,3,2,0,Auto,0,93,28,11000,1274,64470,6444,7840.833333333333,0.9574267201479345,5,58026,0.19197369998103464,0.19676478101876696,599.9002255223078,0.02996748209389811,0.10646747897247343,0,0.6285592108316583
2018-06-22,49,123605,633,Employed,Associate,26,18528,24,Married,3,Rent,656,0.5996792380847256,5,1,0,Debt Consolidation,0,96,21,787,5205,110521,67323,10300.416666666666,0.858524952766579,6,43198,0.14895677308782063,0.17929728866659933,924.3647943096527,0.06368056173503645,0.15341237476816158,1,0.788394018703984
2018-06-22,53,30833,593,Employed,Bachelor,30,43672,36,Single,3,Own,98,0.16293910487272964,1,1,0,Education,0,92,11,450,1381,147217,18392,2569.4166666666665,0.9931062179970281,6,128825,0.17317112133529153,0.16489218841046996,1545.9468143052125,0.03812611444318366,0.639564330415385,1,2.0718430903671727
2018-06-27,30,23474,575,Employed,High School,5,15317,36,Single,2,Rent,65,0.20423816308286924,2,1,0,Debt Consolidation,0,94,11,876,322,80442,30637,1956.1666666666667,0.6191984789037688,4,49805,0.1819091959716174,0.1869415544116581,559.0945518609848,0.03321127480200971,0.31887654868141946,1,1.7811523323121299
2018-06-29,51,49574,636,Employed,Bachelor,25,156241,300,Single,0,Mortgage,615,0.10652478467492417,5,0,0,Home,0,100,23,2649,2591,160206,35719,4131.166666666667,0.8125694104968606,0,124487,0.23998979034157197,0.22535406379142311,2945.221922382556,0.14883233170653007,0.8615872034160986,0,3.004286458894087
2018-07-01,44,32612,610,Self-Employed,Bachelor,24,32155,60,Married,1,Other,219,0.1684942955159439,1,0,0,Auto,0,100,10,1605,1410,28071,22222,2717.6666666666665,0.5166055485055432,6,5849,0.17259458858436194,0.1824131964184376,820.7527519448802,0.08055419323197646,0.3824495164093478,1,1.4505341505553528
2018-07-01,49,58900,638,Employed,High School,28,226652,360,Divorced,2,Mortgage,364,0.38943838510819706,1,1,0,Home,1,94,13,7480,571,22081,18814,4908.333333333333,0.7915363594973464,5,3267,0.2590827938731372,0.2324770973073312,4395.345879855859,0.07414448669201522,0.9694485089331597,1,4.5994749038051275
2018-07-02,62,17490,479,Employed,Associate,42,162832,300,Married,4,Mortgage,146,0.47936990947341157,3,0,0,Home,0,95,11,1471,460,49742,68551,1457.5,0.9081256766535751,2,8432,0.31850012010367795,0.25,3399.330796691027,0.10010284538909839,2.430806168454595,0,6.564464217612862
2018-07-03,37,30983,620,Self-Employed,Doctorate,15,172730,180,Married,0,Rent,123,0.3379063805677481,7,0,0,Home,0,99,27,3245,1202,115750,5504,2581.9166666666665,0.7461983171211152,5,110246,0.20801487268751323,0.25,3688.69910272996,0.04762058396515567,1.4757344485484603,0,4.210620809033719
2018-07-04,30,95650,573,Self-Employed,Associate,7,256878,360,Divorced,1,Mortgage,829,0.5054044789513779,3,2,0,Home,0,95,23,1243,997,135373,2839,7970.833333333333,0.8803819037042382,2,132534,0.2916140901089719,0.25,5354.823908653382,0.10399113545608497,0.7757091311475883,0,2.3681663228591665
2018-07-04,29,25470,616,Employed,Bachelor,5,18613,60,Married,0,Mortgage,168,0.2350005348673214,3,1,0,Education,0,100,19,1536,2661,206771,10764,2122.5,0.7807491484010527,4,196007,0.16945791731618642,0.16221799372390175,454.8284486093955,0.07911466917824346,0.2933027777769699,1,2.0343382966262675
2018-07-06,30,96792,469,Employed,Master,8,8893,24,Married,1,Rent,468,0.08837384003733832,4,2,0,Other,0,92,1,3715,806,103452,12409,8066.0,0.8128342825372958,2,91043,0.23077328304276767,0.2032170943947119,454.0152297810133,0.05801413164745258,0.11429468572964092,1,1.7744629838378572
2018-07-07,39,60176,537,Employed,Bachelor,17,118658,240,Widowed,0,Own,313,0.2831055191736082,4,2,0,Home,0,96,21,13551,1334,421318,4053,5014.666666666667,0.9886149542297646,12,417265,0.26942100227808435,0.25,2489.701436263841,0.06240446600651292,0.5587894137563316,1,2.1368105094210295
2018-07-10,44,15852,584,Employed,Bachelor,21,8712,12,Single,3,Mortgage,87,0.3696505380903018,1,1,0,Debt Consolidation,0,94,26,1064,94,130023,34004,1321.0,0.8362386298227792,2,96019,0.16926814286055783,0.15354772486653606,787.7896044146777,0.06580937972768533,0.6617167960776684,1,3.5907554769870322
2018-07-10,43,74342,513,Employed,Bachelor,22,302392,360,Married,0,Rent,428,0.23693786556884372,3,1,0,Home,0,97,11,1987,1582,56126,17909,6195.166666666667,0.8256057380530675,6,38217,0.32165487069371784,0.25,6303.599029054701,0.06907496570460231,1.0864134861427281,0,2.7554502793770546
2018-07-12,49,54065,622,Self-Employed,Master,22,12279,48,Married,1,Own,338,0.49781781654026885,4,0,0,Debt Consolidation,0,97,4,6618,357,161294,42152,4505.416666666667,0.9080158781762087,6,119142,0.16235393180042532,0.14062622098794,335.92765487733163,0.0750041607337685,0.1495484560631688,1,0.8132820137204946
2018-07-12,40,37133,539,Employed,Associate,21,46328,60,Single,1,Rent,211,0.1962339313233664,5,1,1,Education,0,97,1,3404,531,283991,20092,3094.4166666666665,0.802321100100694,4,263899,0.20818588084847275,0.17399689630527415,1161.3499409469493,0.06816529815587563,0.4433490184779484,1,3.765082788563166
2018-07-13,57,51991,532,Employed,Associate,34,7791,12,Married,3,Own,377,0.24075641407946577,2,1,0,Other,0,98,21,1193,204,14340,5571,4332.583333333333,0.9132121487251883,7,8769,0.1952402132113306,0.1900395791531672,718.0066177836984,0.08699498105878507,0.252679257223706,1,1.4832354321520054
2018-07-14,36,49520,476,Employed,Associate,9,234210,360,Single,3,Mortgage,336,0.15622690943295062,1,1,0,Home,0,97,6,1824,2115,39144,10553,4126.666666666667,0.8116215590125343,7,28591,0.3400909944243614,0.25,4882.291623438787,0.08140192198982475,1.2642231180098813,0,4.256938039804191
2018-07-14,72,18001,696,Unemployed,Doctorate,49,27321,48,Single,0,Mortgage,181,0.34950861821362084,3,3,0,Auto,0,93,23,674,493,22019,24136,1500.0833333333333,0.7379609505905776,8,7498,0.12555386187936185,0.13880043773792453,744.9436968641936,0.12057958141342365,0.6168502949186878,0,1.402315269474666
2018-07-16,47,101652,555,Employed,Bachelor,25,206959,300,Single,0,Rent,1150,0.3567515993941344,3,1,0,Home,0,96,16,18104,5790,51743,87604,8471.0,0.7906618209326827,6,6704,0.280560070204215,0.25,4320.539588977464,0.13574126534466477,0.6457199703703332,0,2.6137809249892157
2018-07-18,29,57721,487,Self-Employed,High School,7,20970,60,Widowed,2,Other,548,0.41448512871167414,2,1,0,Auto,0,96,10,3691,782,34967,22798,4810.083333333333,0.8406096079858639,4,12169,0.23398772395248277,0.21641381443869584,574.9009388878513,0.1139036599518473,0.23339877135527715,1,2.7245971427148086
2018-07-19,27,22204,521,Employed,Master,5,6183,12,Divorced,1,Mortgage,260,0.14822595910797193,4,1,0,Other,0,96,11,2397,1324,100307,23971,1850.3333333333333,0.8163646118420768,7,76336,0.20068243014756681,0.20336552121299803,573.7555348615334,0.14043932301044293,0.45035408796985965,0,3.425123143581481
2018-07-19,45,38267,637,Employed,Associate,20,19201,24,Single,0,Own,176,0.06551018951966693,2,1,0,Debt Consolidation,0,100,28,1219,764,213676,67796,3188.9166666666665,0.7558013047704134,6,145880,0.14696569242981442,0.14239218454122063,924.0667638046447,0.055173855116382356,0.3448575241165061,1,0.8222387999583338
2018-07-19,37,288297,604,Employed,High School,19,18244,36,Single,3,Mortgage,782,0.11605414755621488,0,1,0,Debt Consolidation,0,97,16,12499,3684,212168,33691,24024.75,0.7765017315947891,6,178477,0.16745291158721765,0.20092975062359558,678.8770020570091,0.03254841160005411,0.06080463677749952,1,0.7198696669367104
2018-07-20,48,79571,612,Employed,Bachelor,22,25885,180,Married,0,Rent,779,0.28562839927135625,4,1,0,Education,0,100,9,15289,12652,143160,19992,6630.916666666667,0.6689774375198778,5,123168,0.2115403643902506,0.18887007002373124,433.48041102300925,0.11746227209328625,0.18282503715964604,1,1.2258015904218087
2018-07-20,45,195020,522,Employed,Associate,25,23872,12,Married,5,Mortgage,1410,0.21822363398663194,4,0,0,Debt Consolidation,0,91,12,6232,2026,82453,10577,16251.666666666666,0.8823767614093424,4,71876,0.20052012584805165,0.16757951741788224,2174.4986467034396,0.08675499405225809,0.22054833955679723,1,2.1545020292518613
2018-07-21,39,138719,587,Employed,Master,17,36460,36,Divorced,0,Mortgage,697,0.17421419386867232,2,4,1,Auto,0,95,20,8123,9089,24029,156190,11559.916666666666,0.9590149775991006,1,1318,0.17612599961879355,0.15198297402968736,1267.4412720577766,0.060289336918208626,0.16992089197579,0,3.1916348535457377
2018-07-21,29,47213,448,Employed,High School,7,118380,360,Widowed,0,Own,452,0.20013397658004584,3,1,0,Home,0,96,17,630,1464,197742,7131,3934.4166666666665,0.8063540057904172,6,190611,0.35392041587889544,0.25,2467.7241893287373,0.114854420328216,0.7419097993000497,0,3.0990727448964375
2018-07-23,21,55508,538,Employed,Master,0,15774,60,Married,1,Mortgage,244,0.1886316931833642,3,1,0,Debt Consolidation,0,100,20,1347,601,225853,11824,4625.666666666667,0.7917734414338652,5,214029,0.20841654542185234,0.1929694861918848,411.7679234058151,0.05273775216138328,0.141736582868692,1,1.8999152932797656
2018-07-23,34,55849,618,Employed,Bachelor,15,259563,180,Married,1,Mortgage,501,0.2458586929453649,3,2,0,Home,0,90,11,2086,287,2373,2853,4654.083333333333,0.8356986850160043,10,4435,0.20911668964482785,0.19635455864523582,4488.945240933408,0.10762428169921771,1.071934675197381,0,3.5082908099602057
2018-07-23,50,15912,570,Employed,High School,27,95449,300,Single,0,Rent,159,0.14103042898903417,3,2,0,Home,0,99,23,309,117,507931,144150,1326.0,0.7650006954180265,6,363781,0.2728665894572885,0.22509080569368414,1797.204100198623,0.11981914091936699,1.4741553128851719,0,4.915048384548011
2018-07-24,42,62263,586,Self-Employed,Doctorate,15,237939,300,Single,2,Own,220,0.3897772688913601,0,0,0,Home,0,98,1,12188,3703,15891,19046,5188.583333333333,0.5895747044245183,3,4141,0.2650949434550076,0.24440918603786446,4857.673495096453,0.042392613408269775,0.9784356795047361,0,3.275449350589617
2018-07-27,25,94810,564,Employed,Bachelor,5,46980,84,Married,1,Own,539,0.44741472215271477,6,1,0,Education,1,98,29,2140,10313,26003,65212,7900.833333333333,0.6481346219152407,7,6251,0.20368937463590994,0.21888694133645226,1097.323987792266,0.0682120183079876,0.20708156180535311,0,3.5856864171272487
2018-07-28,42,27338,520,Employed,High School,19,36424,180,Married,0,Own,574,0.512265528205534,4,1,0,Education,0,96,25,3133,575,112357,25328,2278.1666666666665,0.6948878889354846,5,87029,0.2576257526577659,0.20837522388711896,662.3629906448746,0.25184643510054844,0.542462738125722,1,2.901799388659183
2018-07-28,44,63400,579,Employed,Associate,23,214177,360,Divorced,3,Own,495,0.14113307721956636,2,0,0,Home,0,97,6,3988,1405,20249,41205,5283.333333333333,0.9417125663462392,3,9605,0.2885686406809928,0.25,4464.687985283502,0.09367312180659812,0.9385645591276418,1,2.432094988480757
2018-07-28,29,95066,595,Employed,Master,6,20878,36,Married,4,Rent,2121,0.17677813937001313,3,0,0,Debt Consolidation,0,96,10,5117,3967,58971,14609,7922.166666666667,0.9116493786910476,7,44362,0.17198662478703236,0.17191385214871635,746.3477805226631,0.26769599697090807,0.3618941644362729,1,1.5345791517600376
2018-07-30,41,28525,534,Employed,Associate,18,18198,12,Single,2,Rent,97,0.276912147763246,1,1,0,Debt Consolidation,0,94,8,6580,589,19715,1192,2377.0833333333335,0.9677755727645538,8,18523,0.1944522804816251,0.20700070495302422,1691.8659966543892,0.04078915092686687,0.7522301559327423,0,2.8702000567081356
2018-08-02,40,33066,617,Employed,High School,19,12082,36,Married,3,Own,339,0.1715980183125488,1,0,0,Other,0,99,22,179,1906,119403,60074,2755.5,0.6995638783606425,9,59329,0.16084988869625685,0.1518494582711001,419.9215781988153,0.1229820424451297,0.27532072490434073,1,2.0814225416384855
2018-08-03,26,2997,526,Unemployed,High School,3,17493,84,Widowed,0,Mortgage,45,0.20322924672011639,3,0,0,Education,0,97,14,734,440,47847,19950,249.75,0.8703889953038516,7,27897,0.22244240331099496,0.21518997871867424,404.6094953656679,0.1794616151545364,1.793058805047529,0,6.294596115550226
2018-08-03,44,27031,618,Employed,High School,18,9595,24,Married,0,Other,190,0.40757201036099644,1,0,0,Debt Consolidation,0,94,23,478,594,38899,27711,2252.5833333333335,0.691890624905377,7,11188,0.15629227540598992,0.1738137836492513,476.15869081098276,0.08431017268794141,0.29559975926235227,1,2.300489750092191
2018-08-03,46,26827,618,Employed,Bachelor,24,11308,24,Single,1,Other,259,0.23280009262099727,2,1,0,Debt Consolidation,0,98,19,196,255,123970,28084,2235.5833333333335,0.7075007958571231,7,95886,0.15633333853696785,0.15085015199785437,548.7438787660542,0.11580163195350049,0.3611508083457897,1,1.383268566514348
2018-08-03,52,31604,638,Employed,Associate,28,189893,180,Divorced,4,Rent,339,0.33979684330296545,5,1,0,Home,0,96,24,499,235,40086,12206,2633.6666666666665,0.8933144921910788,2,27880,0.19903855532518117,0.22091823462816795,3632.0742817363976,0.12866902834008098,1.5072397324404343,0,4.4567015748187515
2018-08-06,52,108613,461,Employed,High School,32,26783,48,Married,1,Mortgage,514,0.31821766934551265,5,1,0,Auto,0,95,21,5767,88,166573,48588,9051.083333333334,0.7853882079017834,4,117985,0.2430488899933223,0.25,888.047365040573,0.05678250863060989,0.1548867054590276,1,3.375339221431566
2018-08-08,23,22081,486,Employed,High School,2,17639,72,Married,0,Other,271,0.6458678685242473,3,3,0,Auto,0,91,7,557,1456,29633,5870,1840.0833333333333,0.6469332595835309,6,23763,0.2384444810823902,0.24435673864272492,469.05514223203676,0.1471959444167836,0.40196721616731285,0,2.7692327349687407
2018-08-08,28,47422,580,Employed,Associate,5,228765,300,Married,1,Other,256,0.29637394723188154,5,1,0,Home,0,95,7,6067,786,25306,24142,3951.8333333333335,0.7550048088034348,6,1164,0.2680851137315117,0.23796915942550442,4549.159292048903,0.06476367162794619,1.2156240566805843,0,3.6662922873545534
2018-08-09,46,37990,604,Employed,Master,21,160365,240,Married,0,Mortgage,247,0.22040402245525326,3,0,0,Home,0,95,6,1601,488,70551,11453,3165.8333333333335,0.9339926755729853,11,59098,0.2359963034954677,0.24900875433606523,3351.9326897303818,0.07799589495289722,1.13644524700712,0,3.559861107174221
2018-08-09,46,101349,642,Employed,Associate,23,18143,48,Married,0,Mortgage,576,0.30353822845865935,10,0,0,Auto,0,97,19,3822,276,88826,20861,8445.75,0.9462649640968509,5,67965,0.1524515238016319,0.16973088140021578,523.2644570970331,0.068191908130346,0.1301405223425617,1,0.9449950383079218
2018-08-10,46,108528,592,Employed,Doctorate,24,143502,180,Married,1,Rent,434,0.05256243374117563,2,2,0,Home,0,95,11,4111,1098,55122,21298,9044.0,0.6939039258624634,2,33824,0.22196852780497167,0.20558012204812287,2579.677455412058,0.047982310668877835,0.33318711502620874,1,1.1464765234976295
2018-08-11,80,111112,610,Employed,Associate,58,139376,240,Married,1,Own,1720,0.09225127616679979,1,1,0,Home,0,100,1,5255,986,35718,38207,9259.333333333334,0.8688681837771376,6,9364,0.23296123444271732,0.24818735675057702,2903.956253151304,0.18573845433929662,0.4993293531353771,1,2.2380072448845025
2018-08-11,46,58614,536,Employed,High School,26,22162,60,Single,0,Rent,424,0.24171604174420724,1,0,0,Auto,0,92,6,2013,508,21072,4540,4884.5,0.7665402629375123,6,16532,0.2095015448776899,0.16734246823763566,547.620923642855,0.08678743219731859,0.19887850243431687,1,2.816841620132222
2018-08-13,53,56980,559,Employed,Master,29,8884,48,Single,0,Own,693,0.15305737381333787,4,1,0,Debt Consolidation,0,93,13,1269,1526,71184,2309,4748.333333333333,0.8304115207341927,5,68875,0.1937730299351472,0.21262396019087207,276.35460701438836,0.14591521617069064,0.20410330018551134,1,1.1329238535509814
2018-08-14,51,23834,609,Employed,Associate,27,10554,24,Divorced,2,Other,283,0.21703115111613466,2,2,0,Debt Consolidation,1,95,25,3345,517,69379,17096,1986.1666666666667,0.6189067831459891,4,52283,0.1608160887400706,0.14742416263271182,510.4374104711081,0.14241382202465822,0.39928075675808505,0,3.7337891563251833
2018-08-14,47,180235,622,Employed,Bachelor,25,33326,36,Married,2,Rent,621,0.11507769498371473,8,0,0,Education,0,98,18,4791,843,47151,210164,15019.583333333334,0.9379597689595752,3,6401,0.1586035307895625,0.12957994895171687,1122.2105022399387,0.041343267849118154,0.11605478053381894,1,0.7817271552570288
2018-08-16,36,41974,578,Employed,Doctorate,14,13512,48,Married,1,Other,544,0.21716843310068398,2,1,0,Auto,0,96,2,1492,220,330440,110163,3497.8333333333335,0.7028166778240356,4,220277,0.18437785186600952,0.1744319394137194,392.9944277816337,0.15548039822798074,0.2678019609722194,1,1.45485606585794
2018-08-16,49,77771,575,Employed,High School,26,18009,60,Single,2,Mortgage,706,0.021525361430125484,2,1,0,Auto,0,95,26,6236,407,30187,15173,6480.916666666667,0.8119112755472226,4,15014,0.1899496706095425,0.21375532623091492,491.01600364734105,0.10891840119306274,0.18467006985804213,1,2.1043209131031304
2018-08-20,30,77541,587,Self-Employed,High School,8,314150,180,Single,0,Rent,325,0.125638921158258,2,0,0,Home,0,93,17,5566,9102,460690,66494,6461.75,0.7333690831877586,3,394196,0.2246644072602547,0.2233155915889756,6065.740930950162,0.0502881900119918,0.9888578284708772,0,3.006401037495891
2018-08-21,37,38236,533,Self-Employed,Bachelor,15,134461,360,Married,0,Own,338,0.3821975092376309,4,1,0,Home,0,98,17,816,3266,44943,85374,3186.3333333333335,0.9400032747667868,6,8497,0.3114522592275561,0.25,2802.9452797882354,0.10604476051035348,0.9854461241753509,1,3.4798921002566536
2018-08-21,34,80483,608,Employed,High School,7,12515,12,Single,3,Rent,340,0.11858786069953878,0,3,0,Debt Consolidation,0,100,2,8936,658,181580,7240,6706.916666666667,0.9140075967504031,7,174340,0.15735869077619719,0.17107920793081838,1142.0685354006516,0.05068637803590285,0.22094319429539497,0,0.5619563078074736
2018-08-22,40,57608,575,Employed,High School,18,19531,36,Married,1,Mortgage,908,0.323170361639008,2,1,0,Auto,0,93,1,5147,153,83837,26895,4800.666666666667,0.6362411892508505,3,56942,0.1819699523562954,0.18942033100019298,715.356444042081,0.1891010065949323,0.338081869637365,1,1.9567959206974224
2018-08-23,67,143702,510,Employed,High School,45,20812,48,Divorced,1,Mortgage,1515,0.14051246370811357,1,0,0,Debt Consolidation,0,98,12,8961,3136,208703,2161,11975.166666666666,0.7677547524849713,6,206542,0.2184858332676146,0.20571085408741374,639.6664395824101,0.1265012455293152,0.1799128635692342,1,1.5713683804629064
2018-08-24,18,31062,584,Employed,High School,0,11992,24,Single,4,Other,211,0.37428409286904835,5,1,0,Debt Consolidation,0,100,28,1053,625,502630,12777,2588.5,0.8633091255291767,4,489853,0.17334801960630794,0.17263706793210512,594.4322597325664,0.08148291175902683,0.3110377523585891,1,2.5034448106122515
2018-08-24,48,27418,491,Employed,Bachelor,24,275007,360,Divorced,1,Own,364,0.37587780664155745,3,1,0,Home,0,97,12,952,722,79918,9667,2284.8333333333335,0.8457735771394522,4,70251,0.3326311388667837,0.25,5732.737169578713,0.15924170616113742,2.6671835958784014,0,7.586999651745531
2018-08-26,20,7060,549,Unemployed,High School,0,32958,120,Married,0,Own,73,0.3212180981037921,3,2,0,Education,0,98,27,730,690,26847,35299,347.5,0.8726215191816351,1,1837,0.22310075491093934,0.2237958708394533,689.7697222619805,0.20946915351506457,2.1887223020429856,0,6.784918009248084
2018-08-27,34,43461,574,Employed,Associate,13,36145,60,Single,4,Own,211,0.2164206614891775,4,2,0,Auto,0,96,29,661,1310,12756,14563,3621.75,0.8830014613214486,2,4486,0.1906238303928489,0.19374283112033114,945.0808064033862,0.05824304740873646,0.31911691571413603,1,2.0289887658244066
2018-08-31,53,57475,614,Employed,Bachelor,28,27713,36,Married,0,Rent,357,0.06736856963194389,1,2,0,Auto,0,100,22,2884,361,37632,13909,4789.583333333333,0.7666954354893022,3,23723,0.16255742324491468,0.19745491549471622,1026.324115793504,0.07452119609650878,0.2887590131598805,0,2.055400941992414
2018-09-01,40,34139,612,Employed,Associate,15,31085,120,Single,2,Mortgage,737,0.11409199962236662,2,1,0,Education,0,99,5,4347,879,202999,78419,2844.9166666666665,0.9363753270465229,5,124580,0.19158612820901072,0.1622590100739562,525.0990777453362,0.2589675265731604,0.44347717293619615,1,2.355543437069038
2018-09-02,27,15000,519,Employed,High School,6,5162,24,Married,1,Own,94,0.09942664740137586,3,0,0,Other,0,100,24,2148,772,220810,2801,1250.0,0.8008201114788168,3,218009,0.20563731827121992,0.22013874958151966,267.8304048793271,0.07513988808952837,0.28923293755341895,1,3.323501693977973
2018-09-03,31,59488,586,Employed,Bachelor,12,5941,60,Single,1,Mortgage,178,0.4579918234482909,4,0,0,Debt Consolidation,0,96,16,2121,553,203949,5555,4957.333333333333,0.8964948029671557,7,198394,0.18417245026400564,0.18986751194454188,154.06950763812804,0.035899159663865546,0.0669720015404628,1,0.6796441285010573
2018-09-03,48,130901,580,Employed,High School,23,7274,12,Married,1,Rent,449,0.116936609630211,2,1,0,Other,0,99,16,19800,3392,50904,39110,10908.416666666666,0.7482941123204996,4,11794,0.17122304977300992,0.1672819548833177,662.4854574934814,0.041157104336467736,0.10188312459359863,1,1.2873831451818725
2018-09-06,31,50256,581,Employed,Bachelor,10,98159,300,Married,1,Rent,558,0.06734405909996878,3,1,0,Home,0,96,13,17640,555,173750,11818,4188.0,0.9191886940944418,4,161932,0.2673735885198462,0.25,2049.197403903376,0.13320601575555024,0.6223913592512237,0,2.1969752728627823
2018-09-06,42,94601,641,Self-Employed,Master,18,181235,360,Single,3,Mortgage,496,0.042701517342455454,2,0,0,Home,0,99,26,3598,13369,101780,32317,7883.416666666667,0.6314689488130394,3,69463,0.2575268888320886,0.22904681280053338,3463.1064873700925,0.0629089025820976,0.5021432345284592,1,1.4996374173287519
2018-09-08,40,65421,583,Employed,Associate,21,234307,360,Single,4,Mortgage,426,0.4396096191688348,4,0,0,Home,1,95,7,6817,333,26509,69378,5451.75,0.8987718773605853,5,9071,0.28659109794204307,0.25,4884.313664715733,0.07812571638164229,0.9738780733970441,0,4.927153281447738
2018-09-11,32,63697,548,Self-Employed,Bachelor,8,136102,180,Married,0,Rent,658,0.11323526233593159,1,1,0,Home,0,100,12,345,3885,39745,48854,5308.083333333333,0.774474383281001,8,6157,0.24395529180775308,0.21255157340696773,2517.491861834741,0.1239385330173131,0.5981243206143072,1,2.2030512117608594
2018-09-18,65,101280,446,Employed,Associate,45,20614,36,Married,3,Mortgage,661,0.5464577047667352,3,2,0,Auto,0,98,14,1502,365,382047,77922,8440.0,0.8217464607600561,6,304125,0.24648344356128526,0.2357596117974308,804.163567078487,0.07830825731548395,0.17357701304092962,1,1.6338843497467421
2018-09-19,47,55640,602,Employed,Associate,23,37536,84,Divorced,0,Rent,435,0.342167348092903,4,1,0,Education,0,95,20,3180,6418,14464,24833,4636.666666666667,0.6671392506466483,5,7703,0.18463327059804738,0.17062476239733132,768.434241831177,0.09379716811615035,0.2594913193052204,0,2.3036775412889567
2018-09-19,18,34207,509,Employed,Master,0,17570,36,Single,0,Mortgage,315,0.06081320131858197,6,1,0,Education,1,99,9,652,209,171103,8660,2850.5833333333335,0.8776515488264738,0,162443,0.2149435012736895,0.23417496099430746,683.9589545582133,0.110464946374821,0.3503172931616517,1,3.9393577865749054
2018-09-19,42,31870,619,Employed,Master,21,23003,48,Married,4,Other,181,0.26560085673611833,2,1,0,Other,0,96,11,12781,739,21361,6791,2655.8333333333335,0.7310644216305487,8,14570,0.16401085584820843,0.16903057289145182,662.5993897751466,0.06812621541935888,0.31752062848321183,0,2.1894962567546585
2018-09-19,32,5266,508,Unemployed,Associate,10,5085,24,Married,1,Mortgage,148,0.40298352020884504,2,1,0,Other,0,93,11,1626,64,69033,11572,438.8333333333333,0.8869956030801444,4,57461,0.21113356173649553,0.18974240451846938,256.2641826066762,0.33649109511178477,0.9191303886472365,0,4.328753888462899
2018-09-22,50,68728,608,Employed,Bachelor,26,237184,120,Single,0,Rent,547,0.22533756267664717,1,2,0,Home,0,96,20,9423,342,305909,46939,5727.333333333333,0.8548427939939534,5,258970,0.19409414892658303,0.19598601473820285,4520.769921360701,0.09549025312772767,0.8846848858936343,0,2.760320492631232
2018-09-23,30,38463,448,Employed,Master,7,14008,36,Married,2,Mortgage,419,0.24228005169038158,3,1,0,Debt Consolidation,0,96,25,1950,1812,98536,30358,3205.25,0.8807044192894076,6,68178,0.24538686381479904,0.1550162037960483,489.0399806877225,0.130682261208577,0.2832093507018238,1,2.564606931981882
2018-09-24,38,82213,547,Employed,Doctorate,14,13016,36,Single,0,Mortgage,390,0.12997079425335648,4,1,0,Auto,0,93,20,1573,4413,58544,70609,6851.083333333333,0.7526409554890003,3,3912,0.19586850286861662,0.20414775012364794,486.4763757338414,0.056916996047430835,0.12791385234181937,1,2.210955284581954
2018-09-25,46,75049,617,Employed,Bachelor,20,19115,48,Married,1,Rent,117,0.19981697371206686,4,2,0,Auto,0,98,2,2331,1830,49466,82956,6254.083333333333,0.8257452554551158,5,1783,0.16496457023992456,0.13102126561766136,513.7770151851877,0.018704786773424284,0.10084230402235851,1,1.358307725097195
2018-09-26,50,13986,595,Unemployed,Associate,31,16970,24,Married,2,Mortgage,226,0.2618365758987609,6,0,0,Debt Consolidation,0,98,15,1153,690,234959,7637,1165.5,0.5916755512844251,6,227322,0.16793481532100282,0.17919423045368404,846.5514650809404,0.1937419631375911,0.9194611788092074,0,3.261339704889661
2018-09-28,25,77469,547,Employed,High School,0,109498,300,Single,3,Rent,870,0.27662282831602886,4,0,0,Home,0,96,18,2136,4228,127222,49714,6455.75,0.9040331646301248,5,77508,0.2844009176739442,0.25,2285.9138472540662,0.13474271111627367,0.48877745727402583,0,1.487685681265857
2018-09-29,35,68707,663,Employed,Doctorate,12,11980,24,Married,0,Mortgage,536,0.10229372576285005,3,1,0,Debt Consolidation,0,99,29,7016,665,194038,16162,5725.583333333333,0.5971388037218649,3,177876,0.13384776933516,0.16090155099307676,587.094256632213,0.09359856808160771,0.19611942955494924,0,0.30176486491459253
2018-10-04,34,18315,546,Employed,High School,13,6069,36,Married,0,Rent,184,0.3466660481899341,2,3,0,Debt Consolidation,0,95,22,1947,86,168640,7051,1526.25,0.948898466317867,3,161589,0.1961777784710134,0.16184570436942278,213.92147031871252,0.12047798330332296,0.2605476970494107,1,2.615076307871241
2018-10-05,32,5933,600,Unemployed,Bachelor,12,9812,24,Married,0,Other,121,0.07335873967695997,3,0,0,Debt Consolidation,1,92,22,898,324,148905,106725,494.4166666666667,0.7557856701127454,3,42180,0.16529786582905162,0.17568838027599099,487.8136182653922,0.24423885618166524,1.2288920806029784,1,6.4565297294245685
2018-10-07,61,52711,578,Employed,High School,39,13376,24,Single,0,Mortgage,478,0.22535427792298166,5,0,0,Other,0,95,23,443,568,82004,17954,4392.583333333333,0.7335712897725281,11,64050,0.1763753230233239,0.20702068877834462,685.3786403984317,0.10879502304497089,0.26479038910496716,1,1.0234893087763366
2018-10-09,44,15501,569,Employed,High School,20,23241,120,Single,4,Rent,247,0.14875288794237618,3,1,0,Education,0,94,29,4968,485,30538,54226,1291.75,0.7669983783192958,5,8607,0.21301342906644571,0.2026525601539175,453.2404814294914,0.19106555791916457,0.5416673613842518,0,1.7666996990853747
2018-10-13,24,99713,591,Employed,Associate,2,208525,240,Married,4,Rent,724,0.3518328288663106,3,4,0,Home,0,95,12,4207,3311,98234,182603,8309.416666666666,0.7985970837921785,8,9034,0.24256195475317158,0.2455629301671385,4300.441964737105,0.087119578841815,0.6045956738715995,1,1.288476061512871
2018-10-15,51,65931,601,Employed,Doctorate,25,177010,360,Single,2,Rent,1618,0.1942338579173393,3,1,0,Home,0,97,7,51679,640,52319,4734,5494.25,0.9514666320059592,8,47585,0.27752099178912937,0.25,3689.9126436313545,0.29443610390792047,0.9659092204415367,1,3.851045309732283
2018-10-17,65,62667,636,Employed,High School,45,21156,36,Married,2,Own,202,0.2558394995918113,4,0,1,Auto,1,100,29,6281,2432,11662,21842,5222.25,0.845893315258105,5,7614,0.15148993152474585,0.1573265815517853,740.9928861460256,0.0386732398410951,0.18053757452659275,1,4.887842964108987
2018-10-17,52,136766,644,Employed,Bachelor,30,291475,360,Married,3,Own,1048,0.20247226396795304,1,1,0,Home,0,92,12,5786,5050,307173,9480,11397.166666666666,0.8072034995860305,5,297693,0.2561456782371554,0.25,6076.025579359636,0.09194461097544927,0.6250150386196291,0,1.700612741976459
2018-10-19,21,26928,548,Employed,High School,1,6173,48,Divorced,0,Rent,105,0.23146378108590007,1,1,0,Debt Consolidation,0,99,3,2199,1065,20841,16738,2244.0,0.8716960298120701,4,4103,0.19918202555126555,0.1855241362870225,183.1186280524738,0.0467706013363029,0.12833791895433133,1,1.2061969789099753
2018-10-23,34,54647,578,Employed,High School,11,271971,240,Married,0,Rent,599,0.24396277626553095,0,0,0,Home,0,93,10,378,697,41456,26457,4553.916666666667,0.7771687917186232,4,14999,0.2491283635997007,0.25,5706.539713480028,0.1315062478274392,1.3843370087590392,0,4.034298865666133
2018-10-23,55,41216,529,Employed,Associate,31,11209,24,Married,1,Rent,132,0.17373031015176196,2,3,0,Other,0,98,23,6002,1726,23924,9934,3434.6666666666665,0.7408675126810024,4,13990,0.20083114037901656,0.25,598.2413709893137,0.0384204909284952,0.21254721189171838,1,1.7705732728695747
2018-10-24,31,41651,596,Employed,Bachelor,9,6959,48,Married,3,Own,151,0.2968947228474574,3,2,0,Debt Consolidation,0,95,25,28316,1345,29661,42396,3470.9166666666665,0.9430529582028376,2,2974,0.1752119836883321,0.19607685845655148,210.31302904044537,0.04349182728080071,0.10406731028695353,1,1.083852712585791
2018-10-24,45,30828,584,Employed,High School,27,229838,240,Widowed,1,Mortgage,158,0.22508796014342117,5,1,0,Home,0,97,9,199,1122,21884,67633,2569.0,0.9177836040635816,2,3950,0.24608628358569773,0.22236813074718573,4311.63802180149,0.06147859922178988,1.7391587633468832,0,5.060587446126783
2018-10-26,49,161418,596,Employed,Associate,26,30374,48,Single,1,Own,1151,0.2736820994106213,2,3,0,Auto,0,100,27,6320,16592,38248,37311,13451.5,0.6074197071924643,3,9599,0.1755803437951607,0.1839759365712872,898.5591236717577,0.08556030477606393,0.15235525914675768,1,0.0
2018-10-29,28,28132,537,Self-Employed,High School,5,16552,60,Single,0,Rent,147,0.1550372561427189,2,3,0,Auto,0,92,15,1321,749,74997,38330,2344.3333333333335,0.711264968120013,3,36667,0.20892858065831504,0.15936329918901748,401.95274208727704,0.06267765776009096,0.23406171493203967,1,2.8070880640629605
2018-10-30,39,67495,581,Employed,Associate,16,15717,36,Single,2,Own,355,0.26376252317626,2,1,0,Auto,0,97,7,8452,706,80874,17385,5624.583333333333,0.9419047432191976,7,63489,0.17891564045785655,0.17015065276368166,560.4717677240563,0.06310456693379946,0.16273366040097584,1,0.6822931525538171
2018-11-02,18,15863,500,Employed,Doctorate,0,17309,36,Married,3,Mortgage,147,0.3610925356796622,4,0,1,Education,0,98,4,7346,108,136719,11004,1321.9166666666667,0.9410775486014612,4,125715,0.21943975991204256,0.2142244145128616,655.878042031641,0.11111811023622047,0.6068999372837601,1,5.916743020345976
2018-11-03,27,116443,535,Employed,Master,7,277396,180,Single,1,Own,728,0.6005949558586539,5,0,0,Home,1,100,14,8912,6906,39452,18848,9703.583333333334,0.9499455763429915,2,20604,0.2506333012430241,0.25,5923.871801660858,0.07501610063973208,0.6854361051043776,0,2.724864409792091
2018-11-05,36,83823,572,Employed,Associate,12,10148,36,Single,2,Rent,1245,0.27279990598496207,2,1,0,Debt Consolidation,0,97,24,37250,2300,39550,22870,6985.25,0.7968459886917402,4,16680,0.18330628261436221,0.18326653240295945,368.53955619892037,0.1782071926999463,0.23095932098034286,1,1.197010592616152
2018-11-07,25,42010,509,Employed,Bachelor,0,26827,60,Married,1,Rent,418,0.31646469122308,3,1,0,Auto,0,100,18,2599,4284,174483,17187,3500.8333333333335,0.9028448617407847,4,157296,0.2230493003493049,0.21446304469407476,732.5118150214881,0.11936604635667031,0.32854556613816227,1,2.241417660336058
2018-11-07,59,60902,677,Employed,Master,40,11632,24,Widowed,3,Own,365,0.26849231535178686,2,4,0,Debt Consolidation,0,100,24,4992,153,150037,21746,5075.166666666667,0.9073344433775862,4,128291,0.1268404002914542,0.128176820111219,552.0108869937112,0.07190465246084643,0.18065027159478173,1,1.42747536436242
2018-11-07,22,44297,577,Employed,High School,0,4845,60,Widowed,1,Rent,892,0.18486159409581637,1,0,0,Debt Consolidation,0,98,12,3210,2114,32057,9173,3691.4166666666665,0.7360806467861404,8,22884,0.18862147722534411,0.1950786912453995,127.03977508769563,0.24157620348010564,0.2759817937902536,0,2.3216511354256113
2018-11-08,34,27726,624,Unemployed,Master,13,100696,240,Married,1,Rent,250,0.282705923938811,1,1,0,Home,0,98,28,4902,410,133978,54351,2310.5,0.6129100128539606,3,79627,0.2258799678217008,0.25,2112.8198336903006,0.1081548777849881,1.0222019613628814,0,3.860964506076757
2018-11-09,41,17762,648,Employed,Master,19,110885,300,Married,1,Mortgage,99,0.06019433386453095,2,1,0,Home,0,98,11,607,239,74504,19386,1480.1666666666667,0.6923044905875361,6,55118,0.23390406448137846,0.24210422355410793,2242.7457603364255,0.06683920333070777,1.5810143537772647,0,4.368050827912891
2018-11-11,57,91289,539,Employed,High School,34,18960,48,Divorced,0,Mortgage,733,0.08987025477980355,4,2,0,Debt Consolidation,0,97,3,10799,815,75859,112721,7607.416666666667,0.79751702140943,4,6099,0.20396253487925856,0.1954025615201816,572.3256435221031,0.0963406753485723,0.1715633752342826,1,1.9700984735058165
2018-11-12,22,21823,537,Employed,High School,0,10426,12,Divorced,3,Other,210,0.2642039681772292,2,2,0,Other,0,97,5,332,1030,84980,64510,1818.5833333333333,0.8106285908554205,3,20470,0.1928130384686974,0.17373564736321895,952.750064892987,0.11541103732539501,0.6390199578069999,0,2.6227761653993777
2018-11-12,53,67028,681,Employed,Doctorate,32,37501,72,Divorced,4,Mortgage,335,0.5694764519867431,2,1,0,Auto,0,92,3,2632,2376,22019,56840,5585.666666666667,0.5443785398213893,5,7930,0.14113303738596744,0.13402595491255648,760.7908390748745,0.059964200477326965,0.1961439449418033,1,0.12197147403108954
2018-11-13,40,42842,486,Employed,Bachelor,17,137571,240,Married,1,Mortgage,178,0.2798308774939707,3,1,0,Home,0,98,29,1182,262,32127,13875,3570.1666666666665,0.9382694033618745,5,18252,0.2949579756738507,0.25,2886.5370753615675,0.04984365520138144,0.85813331087737,0,4.4653288713490396
2018-11-13,28,31218,598,Employed,High School,8,199002,240,Single,0,Other,230,0.5399403536567999,2,0,0,Home,0,98,22,1779,706,90096,15800,2601.5,0.711218393466791,4,74296,0.23905026879474245,0.23606930499939732,3951.6867685326483,0.08837656099903939,1.6067960686004414,1,4.879056405591129
2018-11-15,45,46374,636,Employed,High School,25,148322,300,Single,2,Rent,273,0.3636133608992296,2,4,0,Home,0,98,6,1764,1804,56399,19337,3864.5,0.7553885430526457,5,37062,0.2399767869017831,0.2251533399490729,2793.5065553083823,0.07062475746992627,0.7933013983464965,0,1.9776909293022307
2018-11-17,42,24566,630,Employed,Associate,18,14956,48,Divorced,1,Mortgage,363,0.023460584060572318,0,1,0,Auto,0,98,24,3977,563,58222,32371,2047.1666666666667,0.47655398910207314,5,25851,0.15840323367416487,0.16398659720067135,426.9170837133447,0.1772316705997233,0.3856703151013156,0,2.2802990009746766
2018-11-21,32,13731,622,Unemployed,Bachelor,12,12677,72,Single,0,Rent,233,0.07692033586951678,1,2,1,Auto,0,99,1,371,996,169233,34836,1144.25,0.8182104801491562,9,134397,0.17036190587171104,0.15285153200013563,270.0223425082174,0.20344902859637634,0.43922492251317824,1,3.9238485982350313
2018-11-21,40,18724,557,Employed,Bachelor,16,9785,36,Single,0,Mortgage,117,0.29996354017860904,4,1,0,Debt Consolidation,0,98,5,173,268,4335,15967,1560.3333333333333,0.8891542367089008,7,5162,0.19079717701796226,0.23029993630559295,378.9276091019605,0.07493595217762597,0.31763083418144356,1,2.7482150485748664
2018-11-26,35,78902,513,Employed,Doctorate,12,177711,240,Married,3,Own,689,0.18196247041451277,2,1,0,Home,0,97,21,1059,158,194245,177335,6575.166666666667,0.96068214151975,7,16910,0.28152197988535177,0.25,3728.7610775496255,0.10477228375193248,0.671783624332761,0,2.3721096180865504
2018-11-29,41,32860,555,Employed,High School,22,229149,300,Single,3,Mortgage,437,0.21397703000155674,2,1,0,Home,0,97,14,4634,760,65548,13412,2738.3333333333335,0.84569141511608,7,52136,0.2805855330224843,0.25,4783.784837936967,0.1595278656607447,1.9058596390619251,0,5.316405080691579
2018-11-29,47,25531,609,Employed,Bachelor,26,30842,72,Divorced,3,Other,89,0.25861442274809615,1,0,0,Auto,0,100,9,505,587,57081,1701,2127.5833333333335,0.4137767057375828,8,55380,0.1770841662748027,0.160259174986338,669.459925269539,0.04181184668989547,0.3563214619752757,1,2.046628841291734
2018-12-01,59,52886,562,Employed,Bachelor,34,27117,36,Single,1,Own,224,0.28865916452806056,1,0,0,Debt Consolidation,0,100,10,4108,1386,83899,9141,4407.166666666667,0.6101328083729477,2,74758,0.18855198824825556,0.1917912260944311,996.4588275611677,0.05081477560588302,0.2768631315122313,0,2.4604836082392394
2018-12-01,25,19631,485,Employed,Associate,4,15010,24,Single,3,Mortgage,160,0.14723169180399506,3,0,0,Auto,0,94,20,762,1140,40245,25918,1635.9166666666667,0.9222988383445606,6,14327,0.22290413463616504,0.2110730446261301,772.0899600823651,0.09774474367459145,0.5694180889369435,0,4.05741726515348
2018-12-05,65,8665,637,Unemployed,High School,43,5337,12,Widowed,2,Rent,164,0.27097890668595104,1,1,0,Other,1,95,22,2039,46,20220,15669,722.0833333333334,0.8342286125284994,5,4551,0.14264565158249112,0.15691841707377632,483.45265294231217,0.2268064999423764,0.8954053054405607,1,4.591597365372754
2018-12-08,18,2977,544,Unemployed,Doctorate,0,16138,120,Married,1,Own,157,0.0835351336965303,2,1,0,Education,0,99,28,709,259,114716,36760,248.08333333333334,0.9424245920325539,5,77956,0.22542224849550896,0.23043684013437382,345.1094744556652,0.6303111408497825,2.0158292718193316,0,5.28644552455186
2018-12-09,38,68979,570,Employed,Master,14,162144,240,Divorced,3,Mortgage,417,0.34526436250775216,1,2,0,Home,0,98,11,57129,526,311308,23041,5748.25,0.9041308647995187,3,288267,0.2529990615689035,0.21741024140716567,2977.676563677329,0.07253119972170283,0.5904555487545904,1,1.8598089423758153
2018-12-11,47,28192,627,Self-Employed,Associate,25,81144,300,Married,5,Own,169,0.11216062573356161,3,0,0,Home,0,95,27,9819,161,179807,16599,2349.3333333333335,0.6666277765626236,4,163208,0.24432599823918752,0.25,1693.9870428828285,0.07190469436959296,0.792648011437879,0,3.180714381777825
2018-12-11,43,46818,617,Employed,Bachelor,22,8386,36,Married,3,Rent,400,0.15881058617154975,3,0,0,Debt Consolidation,0,97,10,1782,836,175320,8377,3901.5,0.8680720759727216,3,166943,0.16075860954174614,0.17203868163555866,299.8353250719809,0.10249839846252402,0.1793300000184448,1,0.8192842137611136
2018-12-12,32,39770,567,Employed,High School,7,40453,120,Single,3,Own,495,0.30183376586728333,3,1,0,Education,0,99,23,1320,1540,12779,49573,3314.1666666666665,0.7397958428478324,6,4588,0.21415198020127826,0.19586358229043876,770.7149988340167,0.14931375999195617,0.38179528394772005,1,3.1889573852267548
2018-12-12,37,30777,568,Employed,Bachelor,11,26576,60,Married,2,Mortgage,170,0.2955678805448047,3,1,0,Education,0,100,3,36828,798,135608,6699,2564.75,0.9070715465669905,6,128909,0.19354695036477002,0.1925271815358006,693.0968868347097,0.06625742960148105,0.3363916542276955,1,1.3475659121063794
2018-12-13,34,48085,616,Self-Employed,Bachelor,10,10104,12,Single,2,Rent,1149,0.17482711479797847,3,0,0,Debt Consolidation,0,100,28,853,464,37114,9714,4007.0833333333335,0.7883541765152037,6,27400,0.15330519640745946,0.17272451757501123,922.8397353078149,0.2866706863213922,0.5169153340893149,1,1.53934618766773
2018-12-15,32,20736,492,Employed,Bachelor,9,5684,48,Widowed,3,Other,430,0.3114151994319752,6,1,0,Debt Consolidation,0,91,16,1024,344,33062,96526,1728.0,0.8592882463144155,4,6809,0.22716139660154613,0.21742197510194064,178.2859627913514,0.24869866975130134,0.35181374366185736,1,2.0674545233523083
2018-12-16,50,94767,635,Employed,Doctorate,29,207090,120,Single,1,Mortgage,1301,0.31544920731332243,7,2,0,Home,0,99,22,5058,4611,56853,15723,7897.25,0.7734418042835011,5,41130,0.1805602283972931,0.18746416726739162,3831.5394913488894,0.1647200329186845,0.6498324934446098,1,1.9682194545324438
2018-12-16,44,127378,585,Employed,Bachelor,23,17856,36,Single,0,Own,1228,0.516884898960789,3,1,0,Debt Consolidation,0,95,14,6632,4842,240926,2262,10614.833333333334,0.9684375005819023,5,238664,0.1769475377167993,0.14474609261417337,614.3998846251698,0.11567626972289818,0.17355207328284822,1,0.7873622416997197
2018-12-17,31,222539,574,Employed,Associate,7,27780,120,Divorced,3,Rent,2752,0.29775300306610103,2,0,0,Education,0,100,13,1571,1892,24174,47321,18544.916666666668,0.6872412672754057,7,7116,0.2105580269031952,0.25,631.97541621521,0.14838845927450336,0.18246471592840524,1,1.3531788733217878
2018-12-17,50,52773,642,Employed,Bachelor,27,26591,72,Married,4,Other,322,0.21080291777345478,4,0,0,Auto,0,92,13,4525,546,41330,115153,4397.75,0.7216499775948276,3,5842,0.16054709142441378,0.16379801861210647,582.3824459038349,0.07320261437908497,0.20559987403326738,1,1.5545809489772897
2018-12-19,43,115327,568,Self-Employed,High School,18,23655,84,Married,1,Mortgage,339,0.23368891895861346,3,0,0,Education,1,94,3,1439,251,14917,5409,6064.666666666667,0.9537260263421566,2,9508,0.20151784301538306,0.1824277488892279,500.54868871907655,0.055888333241743145,0.13840996132094466,0,3.021678690052566
2018-12-20,49,19615,619,Employed,Associate,25,23904,36,Married,3,Mortgage,124,0.19075988343692105,7,1,0,Education,0,96,28,4303,245,9739,20462,1634.5833333333333,0.6605778933879307,3,3931,0.16002046073026507,0.14881710085450983,827.2559938911818,0.07581392979059459,0.5816004446270027,1,1.9604420519793495
2018-12-21,47,104059,603,Employed,Associate,28,343705,240,Single,0,Mortgage,445,0.4464583453794728,3,1,0,Home,0,99,22,1266,352,41663,191684,8671.583333333334,0.8994851223846929,2,7319,0.23668688547994254,0.1763387594227422,5207.796251727645,0.05131112413640687,0.6518007420004779,0,1.8392442476697826
2018-12-21,30,61477,533,Employed,Associate,5,27151,36,Single,4,Rent,461,0.1709196536097812,4,0,0,Auto,0,95,17,3405,9326,180003,89183,5123.083333333333,0.8024970128324402,3,90820,0.2030523014968685,0.21295513143267006,1027.039935661784,0.08996731122639823,0.2904011974164714,1,2.7704356841695303
2018-12-24,33,34490,609,Employed,Bachelor,12,13579,60,Divorced,2,Mortgage,283,0.43661633799479865,1,2,0,Auto,0,94,9,196,281,197678,124333,2874.1666666666665,0.8848408971261079,7,73345,0.17287908835027815,0.18936754780755702,351.7743637289687,0.098429076575271,0.22077828429504445,1,1.2687950015105256
2018-12-25,48,101703,607,Employed,Associate,26,31883,36,Single,2,Mortgage,794,0.3085198871722843,2,1,0,Auto,0,91,22,615,5919,73655,12597,8475.25,0.7934055077432469,4,61058,0.16609246489888696,0.21363563217130926,1207.1538991933553,0.09367349948385194,0.23608953242216255,1,0.9361193253145655
2018-12-25,47,49818,539,Employed,Bachelor,24,125572,360,Married,3,Own,349,0.2175664480958907,4,1,0,Home,0,95,6,1123,5892,62750,14993,4151.5,0.9193691539791963,3,47757,0.3084351606354386,0.25,2617.647084831797,0.08404575556893437,0.7144243431262606,0,2.8086283809904167
2018-12-27,39,36761,620,Employed,Bachelor,13,175166,180,Married,3,Other,277,0.24119202733207265,3,2,0,Home,0,99,29,954,876,31496,81383,3063.4166666666665,0.7614480827811634,5,3423,0.20801837377089472,0.2122604980896503,3236.241624603749,0.09039240747287412,1.1464634241221818,1,3.6020951458638217
2018-12-27,41,61980,626,Employed,Associate,12,228351,240,Single,3,Rent,1043,0.410003673221782,0,0,0,Home,0,100,20,14009,1076,15085,27990,5165.0,0.9462284592870429,7,4248,0.22508466089426493,0.2299112726697894,4421.541905802536,0.2018970189701897,1.0577897610922447,0,2.5695575050520723
2018-12-30,55,30630,639,Employed,Master,31,20390,36,Married,4,Rent,294,0.1369591036857301,4,2,0,Auto,1,93,14,1535,156,14783,79228,2552.5,0.5365567101733724,3,9911,0.14998071222650372,0.13819701214758973,695.0976626326886,0.1151360877227335,0.3873497797660813,1,3.609057844522693
2018-12-31,32,75434,536,Employed,High School,10,8411,24,Married,0,Own,845,0.48074868451055336,2,1,0,Debt Consolidation,1,94,21,14336,874,217446,16628,6286.166666666667,0.9433083011843916,3,200818,0.19725935363420566,0.1909359246858534,424.3694430375291,0.1344007634599581,0.2018984878780896,1,3.2329885360162782
2019-01-03,46,25340,608,Employed,High School,22,72185,180,Divorced,0,Mortgage,196,0.17744567747374806,1,1,0,Home,1,94,20,904,2419,15116,54524,2111.6666666666665,0.8254879362321196,7,10534,0.2137967503500654,0.20383201047990607,1288.2657084019847,0.09277374566109184,0.7025555577794185,0,4.7650305426303134
2019-01-04,37,24305,558,Employed,Bachelor,13,26455,48,Single,3,Rent,76,0.23013680277176082,3,1,0,Auto,0,96,22,2325,663,10357,13020,2025.4166666666667,0.6585519126290127,7,5870,0.1945458095636654,0.1770120954242745,772.9912654760011,0.037504626393058356,0.41896184503483214,1,2.9245925044335177
2019-01-07,37,3913,579,Unemployed,High School,15,26149,36,Single,4,Rent,65,0.21769991488166637,3,0,0,Auto,0,97,23,432,338,26484,7943,326.0833333333333,0.6702682776016812,4,18541,0.18004290111737328,0.1826152074883064,948.7830581340393,0.19872611464968154,3.0,0,6.974527303429302
2019-01-09,53,73126,562,Employed,High School,27,10426,36,Divorced,1,Other,1463,0.6354742624309568,2,0,0,Debt Consolidation,0,96,17,1726,5214,8247,26438,6093.833333333333,0.8450170456249457,7,9545,0.1883130384686974,0.20525809197084466,390.2664359221889,0.24003937761491975,0.30407171690593493,0,1.8251694780503471
2019-01-10,49,82961,488,Employed,Bachelor,26,74954,240,Married,0,Rent,226,0.035456396727627015,4,2,1,Home,0,92,14,353,1613,168712,10571,3490.8333333333335,0.927059841244282,5,158141,0.29380616080311156,0.24504637434283313,1542.658197303905,0.06472244761586558,0.5065127766609436,1,4.214928199148552
2019-01-13,49,23963,596,Employed,Bachelor,26,86306,120,Married,1,Rent,124,0.15974944045407502,4,1,0,Home,0,90,3,1749,396,55113,4910,1996.9166666666667,0.8842098672797055,4,50203,0.1998414164965452,0.1995642313010301,1665.419567284311,0.06206465067778936,0.8956427448346915,0,2.665609915309108
2019-01-16,55,37772,651,Employed,Associate,31,127332,300,Married,1,Rent,301,0.5177102754696072,1,2,0,Home,0,95,2,2562,900,37494,4340,3147.6666666666665,0.7775221007720066,8,33154,0.23243864024527905,0.24994266161911388,2657.6199342299237,0.09559601947914462,0.9396421556944496,0,3.5232090306530317
2019-01-17,40,8717,513,Unemployed,Doctorate,17,14129,48,Married,3,Own,212,0.38612578570509604,4,1,0,Other,0,98,27,1945,152,87961,39705,726.4166666666666,0.8619268612824141,6,48256,0.21688901386891968,0.22454651078505783,448.64411190948897,0.2914423187077558,0.9082059047902243,1,3.261855707541896
2019-01-17,48,26348,628,Employed,Bachelor,24,10418,60,Married,0,Rent,261,0.2068606612942103,5,0,0,Education,1,97,28,1704,288,126393,20723,2195.6666666666665,0.7004980752720597,7,105670,0.16331284658535306,0.17108177630536864,259.5204997437895,0.11881638846737481,0.23695925633252937,1,2.4222109334517943
2019-01-22,36,27908,481,Employed,Master,15,221403,360,Single,0,Rent,478,0.7698782886495021,9,0,0,Home,0,100,5,11048,435,62899,8977,2325.6666666666665,0.7966945012872296,2,53922,0.3375769360914852,0.25,4615.319637522812,0.20544412607449858,2.1891058613994896,0,6.051513218167217
2019-01-23,43,165697,492,Employed,High School,22,356892,240,Married,3,Rent,2135,0.4713486155873268,3,3,0,Home,0,92,24,10312,5555,59154,25781,13808.083333333334,0.842993628757055,7,33373,0.2921962978239872,0.25,7488.365933953672,0.15460837975004374,0.6968866579814256,0,2.6937133714734314
2019-01-24,38,26849,591,Employed,Bachelor,18,218492,360,Single,0,Mortgage,126,0.5846817104266723,4,1,0,Home,0,97,5,3778,148,16024,41557,2237.4166666666665,0.944580122264887,4,1289,0.2825736273140978,0.23966102541848672,4367.203732193759,0.056289788168720455,2.00731338320707,0,5.237359261103742
2019-01-24,41,55095,572,Self-Employed,Master,18,113538,300,Divorced,3,Own,631,0.32779521602442346,4,1,0,Home,0,100,9,2079,1141,30181,33870,4591.25,0.9850642600386574,2,5553,0.27190997541730433,0.25,2370.2541269204203,0.13740541129076161,0.6535476350199619,0,3.691281346348151
2019-01-26,47,35004,612,Employed,Bachelor,23,18830,24,Single,1,Mortgage,204,0.3306281632848027,5,2,0,Debt Consolidation,0,96,17,736,455,117315,36301,2917.0,0.618159185782294,2,81014,0.1594608149317464,0.14991664910964214,912.9290153651403,0.06991089787525702,0.38277210944658685,1,1.8422228071556275
2019-01-27,30,33732,607,Employed,Bachelor,7,19938,36,Divorced,2,Own,222,0.026720187488707657,6,0,0,Auto,0,93,11,3608,263,57526,35727,2811.0,0.6268254022939463,6,21799,0.16597510822295172,0.16233859212794188,703.2650772055711,0.07894736842105263,0.3290416348526213,1,1.4142097044457724
2019-01-28,65,79853,617,Employed,Associate,39,19351,60,Married,0,Rent,326,0.12702134140968996,6,0,0,Education,0,88,6,3812,1043,204801,12511,6654.416666666667,0.8523547287307702,3,192290,0.16896763776307247,0.17619828634925067,487.39496800043673,0.048982658235772865,0.12221548382902699,1,1.3370727336201558
2019-01-29,27,70128,597,Employed,High School,5,24282,48,Single,0,Rent,212,0.23502519468128183,6,0,0,Auto,0,96,3,8410,132,143567,41609,5844.0,0.6884284716670344,5,101958,0.17502438294900624,0.17395967680305907,705.6424261840727,0.03627031650983747,0.15699613792712963,1,0.3792652984035111
2019-01-29,25,40816,584,Self-Employed,Associate,1,24919,60,Married,1,Own,283,0.3172416993504315,3,1,0,Education,0,95,15,3031,367,8030,6979,3401.3333333333335,0.6373103324868988,6,1051,0.18553085649322534,0.16628631663728688,614.3363315888607,0.08317821103164495,0.2637414514320155,1,1.0963005923286344
2019-01-29,53,20599,517,Employed,Associate,33,84716,180,Single,3,Mortgage,100,0.1090953091099988,4,0,0,Home,0,95,18,486,131,92932,30355,1716.5833333333333,0.7290742521763572,7,62577,0.2593367678922209,0.25,1809.134679481684,0.058221338120421136,1.1115237569152496,1,4.786582249047955
2019-02-02,49,122264,540,Employed,Master,27,33781,24,Single,2,Rent,1373,0.07836237670412255,6,2,0,Auto,1,97,4,18684,1774,58330,9386,10188.666666666666,0.9052343893053294,3,48944,0.19560692084881007,0.17740450681549294,1682.2527128317647,0.1347443488501423,0.2998383374822629,1,3.804289237912394
2019-02-02,47,33212,587,Employed,High School,23,11671,24,Single,0,Other,203,0.12925197994936558,3,0,0,Debt Consolidation,0,100,19,725,65,8867,3753,2767.6666666666665,0.6817753984194305,3,5114,0.17184123702255066,0.1654818789651095,574.5101554123883,0.07332049121117265,0.28082476116508126,1,1.3234541762998522
2019-02-05,47,177164,598,Employed,Doctorate,23,213848,180,Divorced,3,Mortgage,1176,0.24688982496599737,4,1,0,Home,0,92,27,16712,3981,20693,3815,14763.666666666666,0.8476094396186755,7,16878,0.2190682563593673,0.23887589852977464,4383.089909741213,0.07964961394319772,0.3765130656347054,1,2.774412528115951
2019-02-06,39,15881,620,Employed,Doctorate,17,18677,180,Single,0,Rent,319,0.4483034357517093,0,1,0,Education,0,94,25,3221,816,28832,3225,1323.4166666666667,0.6989873559658216,6,25607,0.20745877540991742,0.18881565961122507,312.6983832781529,0.24086075630780845,0.47696348073603695,1,2.179257962200042
2019-02-07,29,50641,484,Employed,High School,7,14976,36,Widowed,4,Own,170,0.35248861598311115,3,1,0,Debt Consolidation,0,96,14,1799,864,39488,37928,4220.083333333333,0.9097498617327326,7,1560,0.2274035677424981,0.25,595.4431526972041,0.040274021282056344,0.18133808130547946,1,1.450536611851674
2019-02-09,40,154675,601,Employed,Associate,21,196023,240,Single,0,Own,702,0.027635158844578536,1,1,0,Home,0,99,28,25648,4890,126504,79380,12889.583333333334,0.8282244906660435,4,47124,0.23754649809492398,0.21858914379210725,3618.2353836677466,0.05445835784519707,0.33514661609581253,1,1.6004059500177388
2019-02-10,31,45976,531,Employed,Master,9,5501,36,Married,1,Own,355,0.0859923632031087,5,1,0,Debt Consolidation,0,95,25,3571,528,19779,76774,3831.3333333333335,0.9463925015382283,6,7825,0.20365321673537115,0.19234069225699418,202.29637356765517,0.09263286074628163,0.14541959821718406,1,1.645138962215497
2019-02-11,51,59690,660,Employed,Doctorate,27,111723,180,Divorced,0,Mortgage,492,0.6952477504176134,2,1,0,Home,0,98,8,7302,242,317752,42571,4974.166666666667,0.8624764629789555,5,275181,0.18790594670580335,0.19184364266298165,1895.2038037981526,0.09889115942514488,0.47982388606039716,1,1.2739778483006732
2019-02-12,38,7801,540,Unemployed,Associate,14,17049,60,Divorced,2,Mortgage,280,0.30136852796613817,5,1,0,Auto,0,92,23,387,329,114580,18491,650.0833333333334,0.328842243811695,3,96089,0.2074359763706779,0.17507241254769398,428.37539642497944,0.43005247664149493,1.0879949772302258,0,3.7915144673911376
2019-02-12,30,26015,458,Employed,Associate,6,18735,84,Single,1,Own,283,0.5476053942241036,3,1,0,Education,0,97,26,1682,986,50668,5213,2167.9166666666665,0.7674812431937298,4,45455,0.25645955052145936,0.21879097473061715,437.4873645466375,0.13047988627194837,0.33218766567639957,1,2.430555046861505
2019-02-15,36,41958,607,Employed,Bachelor,13,21481,120,Married,1,Rent,311,0.354344248901279,1,0,0,Education,0,96,19,535,214,86043,34381,3496.5,0.855988277626015,7,51662,0.1939937426635395,0.23281200558946868,462.8924500533876,0.08892065761258042,0.22127017871433527,1,1.9240198737887992
2019-02-16,44,36631,613,Employed,Bachelor,21,105585,360,Single,0,Rent,301,0.30258639604957116,3,1,0,Home,0,100,14,10584,441,390003,47517,3052.5833333333335,0.7606475747229563,4,342486,0.2713918202664269,0.25,2201.0023528490856,0.0985727151161204,0.819365997166963,0,3.1678787940813926
2019-02-19,33,31529,629,Employed,High School,12,7709,12,Married,3,Mortgage,262,0.18268202077343462,1,0,0,Debt Consolidation,0,100,27,219,472,47044,19415,2627.4166666666665,0.7544770997648114,5,27629,0.14673756836663937,0.16018562060685065,699.5119004392442,0.09967978187121525,0.3658141087876393,1,1.8856554249337136
2019-02-19,30,94993,481,Employed,Bachelor,6,16640,36,Married,3,Own,321,0.21034785628392583,4,3,0,Other,0,97,3,3477,31575,48218,61394,7916.083333333333,0.884506792910868,5,2095,0.22892990620218084,0.2468041078178254,658.7941472374513,0.04054523446134414,0.12375695770590407,1,2.3409297405066587
2019-02-19,42,63799,580,Employed,High School,19,174956,180,Married,2,Other,416,0.21138959363983598,3,1,0,Home,0,94,13,1311,1531,97792,10138,5316.583333333333,0.9037245401826891,12,87654,0.22801807387710682,0.2314858439928944,3486.8792407437663,0.07823102599865227,0.7339573253659275,1,2.430966105893879
2019-02-20,42,47816,524,Employed,High School,19,8774,60,Married,2,Mortgage,382,0.23498655240894126,5,1,0,Debt Consolidation,0,89,23,4899,136,18324,53184,3984.6666666666665,0.5810762484788179,5,1895,0.21526991551208352,0.2132769391576322,238.9864037307221,0.09584343898971315,0.15580490183090792,1,2.296411622789285
2019-02-22,33,74631,592,Employed,Associate,12,24447,180,Single,2,Other,662,0.20322183862336965,1,2,0,Education,0,94,4,26673,166,56681,14715,6219.25,0.8810951914673625,6,41966,0.22152607592299156,0.20157475400292948,432.20872549886946,0.10642659057111853,0.1759107311601414,1,1.8232823762521257
2019-02-26,34,40369,598,Employed,Associate,16,15176,36,Single,0,Rent,179,0.03296353354100192,7,2,0,Other,0,100,24,4055,1609,30403,45690,3364.0833333333335,0.7736099330753813,5,2734,0.17040688410074,0.1936060975627218,559.0625809041038,0.053193333498427475,0.21932965926671566,1,2.2934196856166613
2019-02-26,42,29239,578,Employed,Associate,17,95677,240,Single,4,Mortgage,109,0.17679427971064138,3,0,0,Home,0,91,1,29487,6737,137687,78231,2436.5833333333335,0.6583898079858654,5,59456,0.248867185916489,0.2371158305450851,1907.9660630810101,0.04471641995145465,0.8274449679317671,0,2.9203170558496145
2019-02-27,22,26622,600,Employed,Associate,0,17164,60,Divorced,0,Mortgage,167,0.1433926061593807,3,1,0,Debt Consolidation,0,94,17,350,385,55258,8706,2218.5,0.9477884857436906,4,46552,0.17743765692647293,0.1679704894024694,424.698815443935,0.07524217166028385,0.2665910409749651,1,1.9534415192045627
2019-02-27,23,42390,600,Employed,Associate,2,142322,180,Single,2,Mortgage,800,0.06556200853235729,4,0,0,Home,0,97,7,602,578,134272,14024,3532.5,0.91220621066535,7,120248,0.21796646360034388,0.16043622214202816,2094.614468960791,0.22640441488609028,0.8191918689573485,0,2.9403074507628726
2019-02-28,31,35579,581,Employed,High School,7,9234,48,Married,2,Own,107,0.19601736552934879,2,2,0,Debt Consolidation,0,100,9,399,551,45940,11719,1556.25,0.8299259379682045,3,34221,0.18278268897315833,0.20937763927245048,285.62821358365875,0.06871086851822122,0.2521292108419706,1,3.127313335485164
2019-03-01,37,29911,564,Employed,Associate,15,6491,36,Married,2,Other,379,0.17116124205110395,4,1,0,Debt Consolidation,0,93,18,1762,258,13657,68199,2492.5833333333335,0.8969590651480326,1,9050,0.18719458148215862,0.18452600419964524,236.1415876506272,0.15199010794372222,0.24668980556119127,1,2.149403774392222
2019-03-04,43,49486,539,Employed,Doctorate,18,45962,24,Married,3,Other,772,0.06775491143728112,2,2,0,Auto,0,98,21,924,74,281427,66432,4123.833333333333,0.9718556651368275,5,214995,0.19618389800099598,0.18101550597066335,2296.8674260617363,0.1871590771344297,0.7439979213855274,1,2.1554096550885924
2019-03-04,57,203906,582,Employed,Associate,33,279489,300,Married,0,Own,1031,0.05886320461698756,1,0,0,Home,0,94,2,4217,9282,24166,16237,16992.166666666668,0.9645559527847839,6,7929,0.2671351804481905,0.25,5834.698124670695,0.06067144636569601,0.4040269985780967,0,2.5838644891943847
2019-03-05,50,15000,559,Employed,Associate,26,4678,36,Married,2,Mortgage,114,0.43640023668810624,2,3,0,Debt Consolidation,0,93,12,1663,178,63540,40660,1250.0,0.8517222362491524,6,22880,0.18961270992271656,0.1519589699983696,162.61353418941766,0.09112709832134293,0.2211139362025721,1,1.9564932423926984
2019-03-05,38,92435,641,Employed,Bachelor,18,28464,84,Married,2,Rent,491,0.36364665743519137,2,3,0,Education,0,95,25,814,2955,79442,13564,4488.0,0.8340318757584331,4,65878,0.1650641076353463,0.14435808967862993,540.2917999772942,0.10937848073067498,0.22973753619454093,1,1.0490770783893837
2019-03-06,39,158859,636,Employed,Doctorate,14,44503,48,Married,0,Mortgage,1111,0.29642562828228386,3,0,0,Auto,0,96,25,2669,1425,138396,10061,13238.25,0.8901995858285326,4,128335,0.1556758335879388,0.1347872677386374,1204.5052565877834,0.08391714032139283,0.17489701127992774,1,0.23296853683555796
2019-03-07,27,46007,590,Employed,High School,4,22557,48,Divorced,1,Mortgage,211,0.09858280043805658,1,1,0,Auto,0,93,1,1611,997,260046,37180,3833.9166666666665,0.8735969318102631,2,222866,0.17850596126229995,0.18667916848526675,670.5105458655391,0.05502075229796389,0.22986432887256286,1,1.867531083732654
2019-03-08,39,81534,590,Employed,Bachelor,17,20840,24,Widowed,3,Rent,414,0.4436132876934354,5,1,0,Debt Consolidation,0,100,11,3138,3680,42491,40438,6794.5,0.9542450931416744,6,2053,0.17048616936984026,0.17153135028614155,1031.9108653803473,0.06092266941358252,0.21277475761612058,1,1.6273121165901
2019-03-08,36,46925,469,Employed,Bachelor,13,17686,24,Married,1,Own,415,0.5023339013617252,1,2,0,Auto,0,100,16,6724,2627,23152,8421,3910.4166666666665,0.8759097964328413,4,14731,0.2309451462963587,0.2350967035664634,930.7555704351718,0.10609966550908666,0.3440583515184622,0,1.9930827731505065
2019-03-09,43,42899,604,Employed,Bachelor,24,119389,180,Single,1,Rent,483,0.38020639905805553,2,3,0,Home,0,94,23,909,1039,5848,20716,3574.9166666666665,0.9526164153560169,10,7719,0.21592253768108485,0.2375860835295623,2435.20058858526,0.13507026170445807,0.8160706360379185,0,3.402108803626787
2019-03-10,30,15000,587,Employed,High School,7,7468,24,Married,1,Own,137,0.33402861254263144,5,1,0,Other,0,99,15,435,395,49311,17525,1250.0,0.909281177584109,10,31786,0.17172962910008926,0.17422838705116375,370.7539131690366,0.10951239008792965,0.4058784277929949,1,3.053796536928751
2019-03-10,46,61361,613,Employed,Bachelor,26,22529,36,Married,2,Own,418,0.43140907420201796,3,0,0,Auto,0,92,27,5729,2189,7918,3347,5113.416666666667,0.7564503638238813,6,4571,0.16300565075835657,0.16494412936869626,797.5629422493055,0.08172975086764538,0.23767381922004244,1,1.8089511368734905
2019-03-11,58,33756,622,Employed,High School,38,16724,48,Married,3,Mortgage,333,0.3211321543111996,4,2,0,Auto,0,96,16,3926,1030,20303,13008,2813.0,0.8066650461193678,6,7295,0.16243116497124913,0.12887168587724698,447.72704579203753,0.11833688699360341,0.2774438684406672,0,1.520742805141725
2019-03-11,38,30787,598,Employed,Bachelor,19,133604,300,Married,0,Mortgage,199,0.22262221237465052,2,3,0,Home,1,99,14,6705,162,52690,25541,2565.5833333333335,0.5676310501359294,6,27149,0.25895066074113354,0.25,2789.1581001345435,0.07753498490210721,1.1642552421057346,0,5.1061943344992615
2019-03-12,44,43709,569,Self-Employed,Bachelor,19,7678,12,Married,1,Rent,265,0.1345177502632348,5,1,1,Debt Consolidation,1,99,1,3646,235,249425,10695,3642.4166666666665,0.8846006855352488,3,238730,0.17673656115233266,0.15852612983310232,696.0961253791652,0.07273392648841519,0.2637897921948259,0,5.018601231470413
2019-03-14,48,99974,562,Employed,High School,27,110252,240,Married,1,Mortgage,484,0.21405905267421074,2,0,0,Home,0,97,7,5944,232,47515,9530,8331.166666666666,0.8915172341969494,6,37985,0.2569026332509558,0.25,2313.3253784065214,0.0580881323385274,0.33572604705537035,1,1.2416517183079387
2019-03-14,35,195610,548,Employed,Master,9,29042,84,Single,0,Own,685,0.03374148473670704,3,0,0,Education,0,100,8,15893,7080,124872,21815,16300.833333333334,0.9727411113480587,5,103057,0.21156913319234705,0.22072659957162766,681.6399056112529,0.04201981372238296,0.08383350986767865,1,1.5350686512697762
2019-03-19,42,54960,563,Employed,High School,21,29453,24,Married,4,Rent,1474,0.7266806578210946,0,0,0,Debt Consolidation,1,94,16,2195,710,59954,22085,4580.0,0.9504093612017595,5,37869,0.1840726462508215,0.19774409891888342,1495.7902077944268,0.32176380702903296,0.6482842627798355,0,4.529708704124078
2019-03-19,40,42143,590,Employed,Master,21,231830,240,Single,0,Mortgage,269,0.13357174793594512,5,2,0,Home,0,97,1,1671,1837,56186,26489,3511.9166666666665,0.7285491565547972,6,29697,0.2430884409842313,0.25,4864.294729129483,0.07657454631716286,1.4612628810236936,0,4.19149939583894
2019-03-20,41,24346,574,Employed,Associate,21,12532,36,Married,0,Rent,340,0.7099599018543088,4,0,0,Debt Consolidation,0,97,19,215,699,154283,22080,2028.8333333333333,0.8858212978478476,7,132203,0.1823590301111529,0.21255183240329675,473.7874878943212,0.16750143689958125,0.400913451627057,0,2.7632012221218485
2019-03-20,30,43706,560,Employed,High School,5,13430,36,Single,2,Rent,716,0.18522615323030134,2,0,0,Auto,0,98,26,5573,307,76042,46174,3642.1666666666665,0.9182025084062787,7,29868,0.18937633018672728,0.21417754050276364,508.86133579786866,0.19653232078320143,0.33620787843850186,1,2.0855965117136113
2019-03-21,40,147978,408,Employed,High School,18,17579,60,Single,0,Own,920,0.21811432256493782,1,1,0,Debt Consolidation,0,98,5,9541,2519,36767,46086,12331.5,0.9555251775906458,3,7902,0.2734436292928098,0.25,515.966913635253,0.07459963511048044,0.11643761716077464,1,1.7654587365467516
2019-03-21,45,60819,557,Employed,Doctorate,24,23026,36,Single,2,Mortgage,516,0.08735471970942568,3,0,0,Auto,0,93,26,6904,741,197725,50921,5068.25,0.7530454117988421,6,146804,0.1910111056798644,0.23514235533012137,897.5132526209944,0.10179020565172363,0.2788407067359066,1,1.1825859679248563
2019-03-21,57,15000,631,Employed,High School,34,8263,48,Divorced,3,Mortgage,169,0.535090825301765,4,2,0,Debt Consolidation,0,99,23,53,178,32843,67594,1250.0,0.6557401258409515,5,8995,0.1577549160026999,0.16379167411225493,235.78344826760627,0.13509192645883294,0.3235679042906525,1,1.592872391504289
2019-03-21,51,66153,596,Employed,High School,27,264256,180,Married,0,Rent,208,0.4644157797586909,6,0,0,Home,0,93,21,3293,3172,20186,58851,5512.75,0.8061632955307081,5,5624,0.22012116934836196,0.25,5643.263301632654,0.037723872137837226,1.061213022286584,1,3.2063022572967865
2019-03-24,65,111415,666,Employed,Associate,40,119364,360,Married,0,Own,362,0.16575218733585353,3,2,0,Home,0,99,15,2470,26342,28812,10933,9284.583333333334,0.6837874361845496,5,17879,0.24492248532616015,0.25,2488.236443107243,0.03898516517540632,0.30695286884944323,0,0.8816665852619419
2019-03-25,30,21172,605,Employed,Bachelor,5,4928,48,Married,0,Mortgage,165,0.24375913558005566,3,1,0,Other,0,100,3,4959,1241,38852,6460,1764.3333333333333,0.9345011983116853,3,32392,0.17062572285167632,0.12627352138971218,131.29626541054824,0.09346676737160121,0.16784154007395105,1,1.2095884464580826
2019-03-25,50,67925,624,Employed,Bachelor,28,202106,300,Married,0,Own,387,0.4876392473150682,3,1,0,Home,0,95,24,6552,1269,62225,42617,5660.416666666667,0.891238134129883,5,19608,0.24605413813477767,0.25,4219.226871843598,0.06835744881287074,0.8136173581718824,0,2.7200628999082728
2019-03-28,42,70694,606,Employed,High School,22,8391,24,Married,0,Rent,1285,0.2097333785958825,3,1,0,Debt Consolidation,0,94,22,4663,4782,78952,85075,5891.166666666667,0.8626234711205819,5,7462,0.16225875853751903,0.16812466250347677,414.1143262731925,0.21808615959041663,0.2883683409509562,1,1.838919552307462
2019-03-29,66,45433,584,Employed,High School,44,106806,240,Married,3,Rent,285,0.28513849450306733,1,1,0,Home,0,100,1,1539,4837,46165,11237,3786.0833333333335,0.9582694456405144,5,34928,0.24589469468660788,0.23430217512160878,2105.725026608092,0.07525580371878095,0.6312839766596348,0,2.335277841249081
2019-03-30,30,22196,531,Employed,High School,7,17929,36,Single,3,Other,428,0.2912475489917258,2,0,0,Auto,0,96,7,1723,105,41085,49228,1849.6666666666667,0.9479183397123505,2,2301,0.20394855764164982,0.21452788083182242,679.6515578445146,0.2312680115273775,0.5985148907661282,1,3.5968485462533497
2019-03-30,29,63573,537,Employed,High School,8,5333,36,Single,0,Mortgage,353,0.05525965499680011,3,6,0,Debt Consolidation,0,92,9,1311,4154,77992,125277,5297.75,0.7124026154762141,1,6275,0.2006454641761855,0.199550474935136,198.0712614647594,0.06661948572776598,0.10400023806836695,1,0.716511102632533
2019-03-31,32,36347,566,Employed,Associate,11,155366,180,Single,3,Mortgage,667,0.23088751491404802,4,0,0,Home,1,94,1,1716,1506,163081,19272,3028.9166666666665,0.8230076830706031,7,143809,0.23498838633478816,0.2455581206383607,3264.452480292654,0.22013806760361948,1.297544755452896,1,5.974520614901645
2019-04-03,18,19099,507,Self-Employed,Bachelor,0,8844,48,Married,0,Mortgage,207,0.19099204579967122,3,0,0,Debt Consolidation,0,94,23,559,1203,2365,5849,1591.5833333333333,0.9242549412342038,5,4833,0.2197719019016485,0.2112988658051956,274.47883663808756,0.1299774998691853,0.3023256783871619,1,3.7974189905626625
2019-04-03,33,1741,580,Unemployed,High School,11,15685,36,Single,2,Mortgage,213,0.1474594830061051,1,2,0,Auto,0,100,2,8625,741,9366,89596,145.08333333333334,0.9454753319528737,8,3256,0.17941513096844316,0.1784512223202466,565.8324333704577,1.4580718767826581,3.0,0,8.153874801756118
2019-04-04,30,98449,580,Employed,Associate,7,20909,48,Married,0,Own,538,0.2428959284804186,3,3,0,Auto,0,93,17,22346,1505,148839,41444,8204.083333333334,0.9118132832548461,5,107395,0.18348699569810567,0.17415405554883168,607.8331299497904,0.06556910858106255,0.13964917641906424,1,0.49377139925524927
2019-04-05,41,77951,538,Employed,Associate,20,25501,24,Married,0,Mortgage,734,0.12625330199475368,4,1,0,Debt Consolidation,0,89,29,11778,11428,38598,27094,6495.916666666667,0.9429864167748481,4,11504,0.19653662803986088,0.1862415252939525,1280.818320949479,0.11297666841963495,0.3101191571821729,1,1.9019133195362268
2019-04-05,44,55412,616,Employed,Doctorate,22,28096,36,Single,3,Rent,912,0.38516066598902093,5,1,0,Auto,0,96,17,651,1494,132655,46783,4617.666666666667,0.7681497180785417,5,85872,0.16156085452201419,0.1635509148272101,992.7045585517761,0.197459584295612,0.4123927306333234,1,2.398714109758966
2019-04-07,62,51758,647,Employed,Doctorate,41,24817,36,Widowed,1,Mortgage,340,0.4688883849296243,6,0,0,Auto,1,97,3,6410,643,14803,17198,4313.166666666667,0.9442794587051675,3,6697,0.14602983111883366,0.1555890341386144,867.097320639332,0.07881012169209967,0.2797984903935094,1,2.1701610211841285
2019-04-07,51,47231,565,Employed,Master,27,8125,36,Divorced,2,Own,281,0.38423881311844127,1,0,0,Debt Consolidation,0,98,17,2973,1504,55970,104896,3935.9166666666665,0.6856389915624715,3,10788,0.1867507060191369,0.16426357693870677,287.3640998512731,0.07137565353597358,0.144367825883523,1,0.8704318568676195
2019-04-07,33,19606,557,Employed,High School,8,22035,24,Single,1,Own,142,0.5748018386769753,2,2,0,Auto,0,88,10,3478,995,15712,20690,1633.8333333333333,0.92702024402308,6,5580,0.18700010818964816,0.1811111962911496,1101.2610219353458,0.08685900703435621,0.7604818158438246,1,4.480880103721794
2019-04-09,29,29793,482,Self-Employed,High School,10,157178,180,Divorced,0,Mortgage,473,0.20646793395716886,2,0,0,Home,0,96,2,2146,628,82605,3391,2482.75,0.732211159676333,3,79214,0.27699128514056687,0.25,3356.5816451623323,0.19043784599899347,1.541854713704009,0,5.081020348163194
2019-04-10,45,15296,575,Employed,Associate,24,31685,36,Married,2,Rent,247,0.433531651683434,2,2,0,Debt Consolidation,0,95,7,888,487,41183,14878,1274.6666666666667,0.9641606171894956,2,26305,0.18209090755548377,0.20155784959390247,1180.04469345652,0.1936242487588189,1.1186658166630676,0,3.6076141640494166
2019-04-11,24,21152,559,Employed,High School,4,5835,24,Married,3,Rent,332,0.25072294456622135,7,0,0,Debt Consolidation,0,98,24,1394,443,12781,3266,1762.6666666666667,0.868679951227552,9,9515,0.18566795022741067,0.19075510448855554,294.348393679619,0.18824418824418823,0.35513989435623833,1,1.679218290445923
2019-04-11,61,49099,588,Employed,Bachelor,40,19565,48,Single,0,Rent,405,0.28321761781932775,4,3,0,Auto,0,91,3,421,487,102921,23474,4091.5833333333335,0.6991645725564262,3,79447,0.17947038716125432,0.15794947145694535,552.4250622828408,0.09895949990837083,0.23394149472407585,1,1.9369691925131094
2019-04-11,54,85666,568,Employed,Bachelor,32,22747,120,Single,1,Mortgage,617,0.260345579250866,2,3,0,Education,0,97,23,2075,723,98874,193453,7138.833333333333,0.8896240606808944,3,1135,0.21350805812710666,0.21971393820266258,469.73042669412854,0.0864165830201452,0.15220669390426414,1,1.230178148747304
2019-04-14,34,49530,539,Employed,Master,14,14765,24,Divorced,2,Own,432,0.5264474481978292,3,2,0,Debt Consolidation,1,97,12,3754,233,42836,6844,4127.5,0.8820377505284078,7,35992,0.19590002062990478,0.20483170345239066,754.9662065575139,0.10463848855516532,0.2875054393986954,0,3.3655665158565715
2019-04-15,19,82019,574,Employed,Master,0,15996,120,Divorced,2,Rent,989,0.14979421714587238,2,0,0,Education,0,100,7,13376,7186,33713,13266,6834.916666666667,0.8399216544135025,2,20447,0.21042003912091042,0.22673753273914046,338.00107910641594,0.14467701234899,0.1941218923245723,1,1.98094868072682
2019-04-15,56,115117,602,Employed,Associate,36,33836,60,Married,2,Mortgage,718,0.07910003543825915,3,2,0,Auto,0,98,10,3464,1767,147350,5100,9593.083333333334,0.6459793687722588,8,142250,0.176607327539327,0.16592054501270911,833.507670592056,0.07483779065222489,0.1617150504834114,1,0.5632087879084435
2019-04-17,38,107879,579,Employed,Bachelor,15,5650,12,Divorced,2,Rent,1510,0.26926355694124965,2,1,0,Other,0,99,4,5405,67,81841,19788,8989.916666666666,0.9377579515187454,5,62053,0.17165989694990746,0.1772588438449037,517.2551728973841,0.16794728012531168,0.22547814066760535,1,1.3382342902717406
2019-04-17,54,68527,578,Employed,Associate,31,190772,240,Married,4,Mortgage,581,0.1889043705827187,1,2,0,Home,0,93,27,721,1956,56337,27400,5710.583333333333,0.7300716069421411,6,28937,0.24903970987963722,0.25,4002.809101779277,0.10172310655247378,0.8025461302521387,1,2.152872023211714
2019-04-17,20,39030,547,Employed,High School,0,20993,84,Single,1,Own,82,0.2637408087869639,1,0,1,Education,0,96,1,8765,1091,17161,3098,3252.5,0.4375796781812056,5,14063,0.21198799799039894,0.21574954923206477,486.2851417967086,0.0252036268633779,0.1746688617786103,1,4.022925454049728
2019-04-18,32,28338,533,Employed,Bachelor,9,7770,48,Married,2,Mortgage,311,0.3592788995034868,5,2,0,Debt Consolidation,0,100,14,4504,84,418294,44346,2361.5,0.782844147138625,5,373948,0.20673953853380234,0.20766331907887045,239.62797496642156,0.13164021164021164,0.23307004231382925,1,2.3110471019868433
2019-04-18,40,63140,591,Employed,High School,19,8163,48,Single,2,Mortgage,236,0.6502007559446986,3,1,0,Debt Consolidation,0,95,4,6325,527,54762,17465,5261.666666666667,0.9396885652342349,2,37297,0.17775187238098242,0.21617728412350576,255.49301064950154,0.044844185457309345,0.09339238864634562,1,1.1748710510192084
2019-04-19,40,102623,556,Employed,Associate,18,11565,48,Married,2,Rent,1113,0.37448853437319646,6,1,0,Debt Consolidation,0,99,27,8044,820,312637,18199,8551.916666666666,0.8383425101183901,1,294438,0.19533895625967954,0.24195133237226743,378.2889050613062,0.13013104691382082,0.17436027535183588,1,0.387489631697464
2019-04-19,34,54883,513,Employed,Associate,8,19457,60,Widowed,1,Other,608,0.20456081996366374,1,0,0,Auto,0,94,28,13530,501,33034,7627,4573.583333333333,0.7620461471073695,8,25407,0.22096900339388384,0.24429800203091792,564.6028159964986,0.1329082794425722,0.2563299716177791,1,2.133949921347956
2019-04-20,47,169182,583,Employed,Bachelor,22,236519,360,Married,2,Mortgage,1189,0.5344743690649626,3,0,0,Home,0,96,12,3947,10923,39320,23955,14098.5,0.8456299780551041,3,15365,0.2865934470124837,0.25,4930.424544144649,0.08432923153303308,0.43401713139789705,0,2.6557163274686966
2019-04-23,27,20692,519,Self-Employed,Bachelor,7,11492,36,Married,2,Other,211,0.1398385042691213,4,1,0,Debt Consolidation,0,92,1,433,342,34545,110412,1724.3333333333333,0.9708894897695247,8,5998,0.2098373733583422,0.22402636096933207,441.28203845495017,0.1222952086553323,0.37806145969181815,1,1.7292184933523282
2019-04-23,38,22268,611,Employed,Associate,14,17262,48,Married,2,Rent,279,0.6357094971332026,4,0,0,Auto,1,96,14,3359,278,69728,49528,1855.6666666666667,0.8832605354055556,6,20200,0.16793908019045412,0.164903823977346,493.5561299378423,0.15026929982046677,0.4160984541855524,1,3.733863960728097
2019-04-23,41,88299,611,Employed,Master,17,12416,36,Single,0,Rent,486,0.24465822736043363,2,0,0,Debt Consolidation,0,94,26,12456,5208,57779,51983,7358.25,0.7753596637513881,2,5796,0.16385670544510422,0.16256683507986175,438.08477385984776,0.06603933824778341,0.12556779207933522,1,1.83419194055821
2019-04-25,46,64389,514,Employed,High School,26,289391,300,Married,1,Mortgage,676,0.3315378173636342,1,3,0,Home,0,100,4,1018,2028,115693,5982,5365.75,0.8234330300315835,5,109711,0.30114388436234935,0.25,6041.415315080654,0.12596077700656821,1.2516728588215689,0,3.4242636328657734
2019-04-27,48,92913,578,Employed,Associate,24,20300,36,Married,3,Own,1173,0.36860281112791893,3,2,0,Debt Consolidation,0,100,21,2850,312,47111,243380,7742.75,0.9216564279125717,6,4279,0.1804796063562251,0.15147079950894052,705.1691692007751,0.15147699757869248,0.242540005707929,1,0.9150250639091377
2019-04-27,26,46344,567,Employed,Bachelor,0,14456,180,Married,3,Other,789,0.17819170843039203,3,2,0,Education,0,91,25,13096,480,85038,13495,3862.0,0.9042781294763824,6,71543,0.23389473350132708,0.17612745031691213,228.78604789660204,0.2042454051255501,0.26347037222278075,1,2.692721218604037
2019-04-27,21,24644,561,Employed,Bachelor,1,112606,360,Divorced,3,Mortgage,100,0.6745091815669775,4,0,0,Home,0,93,7,1941,652,100125,40716,2053.6666666666665,0.7628985252224667,4,59409,0.2974079147899295,0.25,2347.3606188845392,0.04866969500324465,1.1911229488406259,0,3.984271783689755
2019-04-27,55,57920,649,Employed,Doctorate,34,21010,48,Single,2,Mortgage,501,0.20496327635821998,2,0,0,Auto,0,99,29,6641,437,13824,25451,4826.666666666667,0.8548270063993872,7,6653,0.14898820034727228,0.1383373309147058,572.3784764015612,0.10377684181454118,0.22233897874782046,1,1.4186740168470935
2019-04-28,43,16542,594,Employed,High School,18,7415,48,Married,0,Other,99,0.210312119870564,6,3,0,Debt Consolidation,1,94,25,280,2503,19519,25715,1378.5,0.6909135228379428,6,4760,0.1762278487768114,0.16316960971039768,211.34882281747915,0.07176513229430953,0.2249719628977739,1,3.5274391949464565
2019-04-29,31,3298,514,Unemployed,Bachelor,8,109033,360,Married,1,Other,97,0.16264887220183832,4,0,0,Home,0,96,9,1724,368,16985,53509,274.8333333333333,0.9419741389934569,4,4398,0.32089985375979446,0.25,2272.8786242192955,0.3516616314199396,3.0,0,8.302216232665382
2019-04-30,58,110636,608,Employed,Bachelor,34,19219,36,Single,0,Own,935,0.10089320638291899,5,0,0,Education,1,100,14,1396,1000,115623,64522,9219.666666666666,0.821183855977903,1,51101,0.16546592667063106,0.15174447737147714,667.8759564841093,0.1014026462294845,0.17383514819797297,0,3.634141567519978
2019-05-01,41,107125,636,Employed,Master,18,32867,84,Married,3,Mortgage,786,0.30734830245490635,3,1,0,Education,0,100,24,772,669,182716,4535,8927.083333333334,0.8505416833232432,6,178181,0.16760006370476277,0.14704550121537963,628.7906586630262,0.08803681267909312,0.15846521653542953,1,0.0
2019-05-03,54,61929,572,Employed,High School,31,327728,240,Single,0,Mortgage,775,0.21497014341565776,1,1,0,Home,0,93,18,6685,3006,36540,5317,5160.75,0.5099976335664046,3,31223,0.25217498558158663,0.25,6876.442147211954,0.15014287789993705,1.4823348955706792,1,4.361655020544325
2019-05-04,40,18812,592,Employed,Bachelor,20,11442,24,Married,3,Rent,135,0.15541022719331704,1,0,0,Debt Consolidation,0,100,5,4121,188,103622,19390,1567.6666666666667,0.632486586299371,4,84232,0.16933628336707943,0.166068012480884,563.5590148707756,0.08606034849128771,0.4453202389741451,0,3.5023139695466754
2019-05-04,64,44034,561,Employed,Bachelor,39,21142,48,Married,3,Other,290,0.15159185105671708,3,0,0,Auto,0,98,20,1783,1236,36916,36425,3669.5,0.9215057712187259,3,8521,0.19298976604010623,0.18009701406817807,621.1534243189303,0.07900830949461926,0.2482368680885248,1,1.9509521434488568
2019-05-04,61,24906,632,Employed,High School,36,127626,360,Single,3,Mortgage,195,0.518402174693396,3,1,0,Home,0,100,17,752,151,114648,23234,2075.5,0.8419023279593287,6,91414,0.2619392168065638,0.25,2660.464330015792,0.09390801830002408,1.3751333156830203,0,4.386399248657338
2019-05-04,37,113126,622,Employed,Associate,15,19170,36,Divorced,3,Mortgage,519,0.25322028165444666,6,0,0,Auto,0,94,6,32672,2330,1111591,8690,9427.166666666666,0.7431254224892065,1,1102901,0.15846528849988004,0.17268933798690048,686.0313308968368,0.05504781770934611,0.12781184014886282,1,1.3169844196834513
2019-05-04,51,34923,563,Employed,Associate,29,25581,60,Married,2,Rent,171,0.2564455486249603,1,0,0,Debt Consolidation,0,94,5,1500,355,283670,49826,2910.25,0.7729276620086541,5,233844,0.1960374110645398,0.1940204298134752,669.2570781030248,0.058737655646200086,0.288624157356127,1,2.230868935695356
2019-05-05,47,27984,524,Employed,Bachelor,28,10447,24,Single,2,Mortgage,345,0.21179054739848355,3,0,0,Other,0,91,29,1367,391,229787,103124,2332.0,0.6883065849716933,5,126663,0.20331354146287905,0.202717224483118,533.0962257002227,0.1478782683240463,0.3763807225461735,1,3.477756259718544
2019-05-06,56,62875,641,Self-Employed,Master,32,196971,240,Married,1,Mortgage,337,0.27460233819324165,6,0,0,Home,0,93,26,17854,544,358870,19333,5239.583333333333,0.9855014685331409,4,339537,0.2175477042164097,0.21645374100574366,3602.2702538629464,0.06430581837263664,0.7516854524202993,0,2.124456217522365
2019-05-07,28,29356,596,Employed,Bachelor,4,16905,36,Divorced,0,Rent,374,0.3399156038166866,5,1,0,Auto,0,99,29,1075,1571,100568,36573,2446.3333333333335,0.8500381105674512,5,63995,0.17143385596687222,0.17539919682735344,607.2616748757503,0.1528193952601471,0.40095137900125993,0,1.677995745222903
2019-05-08,48,97026,545,Employed,Bachelor,26,228333,180,Single,0,Rent,928,0.08963396020122644,2,0,0,Home,0,98,28,2632,1140,183995,4564,8085.5,0.6491226015996694,4,179431,0.24558464118707,0.22998657750115836,4524.557878646393,0.11475916651208805,0.6742790921469601,1,1.570526374433339
2019-05-12,52,37054,501,Employed,Bachelor,27,25754,60,Married,0,Rent,120,0.25656354946135285,4,1,0,Debt Consolidation,0,99,29,4371,616,35846,15378,3087.8333333333335,0.8282291653671937,3,20468,0.2270390960154999,0.1886921235340739,666.2209500481875,0.03884961959747477,0.2545365402411442,1,1.8434978134577504
2019-05-12,18,15000,504,Employed,High School,0,25991,36,Married,4,Mortgage,210,0.45581720884150806,2,0,0,Auto,1,97,10,438,299,123396,42727,1250.0,0.692967219007229,6,80669,0.21754138601933723,0.22166046359818,994.8421076746107,0.16786570743405277,0.9631032035768272,1,5.957358942206301
2019-05-12,25,15000,502,Employed,High School,1,2473,12,Married,0,Mortgage,209,0.18538141773956063,2,1,0,Debt Consolidation,0,96,23,773,1649,23374,24768,1250.0,0.6735176678066277,5,7709,0.2099533978882381,0.19295086293131944,228.2516398854366,0.16706634692246203,0.3495216945527071,1,2.9083691036337225
2019-05-14,18,42169,605,Employed,Associate,0,29125,48,Single,2,Own,367,0.24157828380024035,1,0,0,Auto,0,94,17,588,1972,278191,9875,3514.0833333333335,0.9151982518425834,6,268316,0.17106984663126062,0.17597159139026142,849.4282015086408,0.10440719755340082,0.3460595627913916,1,2.5154184571942424
2019-05-15,36,28988,609,Employed,Associate,14,7445,24,Married,0,Mortgage,190,0.5445079972020515,3,0,0,Debt Consolidation,0,96,21,1821,1227,24264,15968,2415.6666666666665,0.6500783736168756,4,8296,0.16072885806360818,0.14076486127904134,357.724985753566,0.07862068965517242,0.22664482169113076,1,2.303483228978983
2019-05-15,48,19694,562,Self-Employed,High School,26,15389,60,Divorced,5,Own,100,0.21220238232179914,2,0,0,Education,0,99,29,1100,78,54630,52160,1641.1666666666667,0.8154127654128596,6,2470,0.19641036830670822,0.2121438627978287,418.18218015024866,0.06089515883487263,0.31554786165649973,1,1.727764549514342
2019-05-17,58,137695,629,Employed,Bachelor,35,7023,48,Widowed,1,Mortgage,1906,0.17311661926319294,6,1,0,Other,0,99,19,18920,1371,40512,16298,11474.583333333334,0.9454508958041348,3,24214,0.15871427203382876,0.146768711241526,194.3069330599506,0.16609177456483692,0.18302397987552851,1,0.9396356649953232
2019-05-17,40,60432,616,Employed,Associate,18,114723,360,Single,1,Mortgage,405,0.10787553302842852,5,2,0,Home,0,97,4,7433,3808,64788,12745,5036.0,0.8112341259736524,5,52043,0.2699125711306823,0.25,2391.4911486092305,0.08040500297796307,0.5551898250167223,1,2.4462865606617394
2019-05-18,59,41419,589,Employed,High School,37,28514,180,Married,1,Mortgage,188,0.30236261763209576,3,1,0,Education,0,94,14,3752,246,98848,32986,3451.5833333333335,0.8557108680476362,4,65862,0.22306454638589765,0.20207914353073103,505.17580094113094,0.054451980401148896,0.2007701868478572,1,2.294637532306136
2019-05-19,23,97662,556,Self-Employed,Associate,0,16089,24,Single,3,Mortgage,867,0.3249774430682226,4,0,0,Debt Consolidation,0,95,20,7560,2039,11466,20624,8138.5,0.4102286565180506,2,8051,0.1874214883099966,0.20642537294568755,823.9216014607209,0.10651759936114012,0.20774268707669033,1,1.2263272380581016
2019-05-19,19,60254,528,Employed,High School,0,34063,84,Married,0,Rent,293,0.504380505893802,5,0,0,Education,0,92,14,2922,398,59606,61036,5021.166666666667,0.7545603230596312,4,2506,0.2216089990967833,0.23077976684373733,820.780272126429,0.05834135333355457,0.22177286140638416,1,2.063358937951335
2019-05-19,39,4370,603,Unemployed,Master,20,122304,240,Single,3,Own,100,0.37003770435957967,4,1,0,Home,0,95,28,1645,125,223945,12953,364.1666666666667,0.9271880899143776,5,210992,0.23642856830097847,0.21035280720964436,2177.5433291363693,0.2738475581926061,3.0,0,8.447776357736078
2019-05-20,44,31079,587,Employed,Master,18,5577,24,Single,2,Mortgage,181,0.24410944078303726,4,0,0,Other,0,91,22,533,3204,57831,33118,2589.9166666666665,0.8118671324324053,4,24713,0.17165664639204686,0.21047753173995246,286.7086023434969,0.0698594448554244,0.18051858184432676,1,1.665820273257619
2019-05-20,39,85872,633,Employed,Bachelor,14,229778,240,Married,0,Mortgage,434,0.10311769471974766,1,1,0,Home,0,95,29,427,3384,128736,6323,7156.0,0.756705566246602,6,122413,0.22158621831410227,0.2017631419512253,3935.3492158433737,0.06063993293279307,0.6105001000200326,1,1.8007341782705875
2019-05-20,18,36579,555,Employed,High School,0,130525,180,Single,0,Rent,163,0.37530142035902525,4,0,0,Home,0,94,28,6101,1877,8899,25356,3048.25,0.8217324744230423,8,8937,0.24044483192990423,0.21909735975489655,2478.592652671483,0.05345576781175699,0.8663089784935584,0,2.9498666491138743
2019-05-21,38,59398,544,Employed,Bachelor,14,27235,24,Married,3,Rent,627,0.32672313481494386,2,0,0,Auto,1,96,4,6083,2497,23159,90510,4949.833333333333,0.8384104435571691,4,10907,0.1935530737266507,0.2013800326494722,1387.9839800769412,0.12664534590136342,0.4069989523804628,1,3.2740422251403083
2019-05-23,24,31826,577,Employed,Master,3,25670,36,Widowed,0,Own,212,0.20764853882343212,5,0,0,Education,0,94,23,1462,531,315847,2488,2652.1666666666665,0.6218179869188407,3,313359,0.18103827930727157,0.20388112611716652,959.0730991282386,0.0799045166153653,0.441386933524055,1,2.1858464785895553
2019-05-23,48,76005,577,Employed,Bachelor,25,14595,12,Widowed,3,Rent,1004,0.23749523646081844,2,0,0,Debt Consolidation,0,99,3,11617,730,27795,34225,6333.75,0.8962480555582243,1,7739,0.1728971256993891,0.17461786785008573,1334.3339338153246,0.15849086388570977,0.36912805301161444,0,1.0816180049947541
2019-05-25,44,31423,560,Employed,High School,21,34420,36,Single,0,Rent,144,0.18502313103664014,5,1,0,Auto,0,92,24,789,403,36923,15412,2618.5833333333335,0.6403907061620723,7,21511,0.18961160553055492,0.19526298549186066,1270.8779578341039,0.05497057420073167,0.5401156511534674,0,2.502813007228361
2019-05-27,28,48389,624,Employed,Bachelor,6,12209,36,Married,2,Rent,144,0.5926113875114398,6,0,0,Auto,0,92,2,1247,766,46900,21030,4032.4166666666665,0.5191896946377446,2,25870,0.15735250264177622,0.1601568214592758,429.32674819301405,0.03570174169955166,0.14214419078771448,1,1.134606346923633
2019-05-27,33,127276,551,Employed,Master,12,17318,180,Married,2,Mortgage,968,0.2211400333734343,3,0,0,Education,0,96,18,2855,14437,41101,15490,10606.333333333334,0.8856378495119637,9,25611,0.24193988986093226,0.2294249951387788,342.42520042548745,0.09125762051410972,0.1235395512939621,1,1.0482625776794854
2019-05-28,27,29670,463,Employed,Bachelor,6,15617,24,Married,2,Rent,530,0.44338648228402644,3,1,0,Auto,0,97,17,2731,149,2919,22784,2472.5,0.8053759726169686,7,7162,0.23391404484355566,0.23771351620195047,823.9067829999733,0.21427127552051747,0.5473647798665751,0,3.0337064489133514
2019-05-29,39,18064,583,Employed,Bachelor,18,13237,36,Divorced,1,Other,210,0.12663486387947656,2,0,0,Other,1,95,16,193,199,126943,36423,1505.3333333333333,0.7304856391107559,7,90520,0.17787271169016974,0.19778999733861366,490.4450611570878,0.1394113741978314,0.4650000405999698,1,3.7489774108286644
2019-05-30,51,27512,607,Employed,Associate,30,8910,12,Married,3,Rent,969,0.24029023302668345,5,1,0,Debt Consolidation,0,96,14,666,211,91131,5691,2292.6666666666665,0.7235774235012218,3,85440,0.15777376043690317,0.18271106615284055,818.0187743812905,0.4224676645836361,0.7791100600412545,0,3.030460280766945
2019-05-30,28,88661,476,Employed,Bachelor,6,22684,36,Married,3,Rent,739,0.33873920091851384,2,2,0,Auto,0,97,16,6182,4896,142542,38336,7388.416666666667,0.9046220411492534,6,104206,0.23150736479802453,0.2463570909144624,897.5471449127613,0.10000789417297261,0.22147176411030567,1,2.554720557580197
2019-05-31,46,51176,514,Employed,High School,25,86748,180,Single,1,Own,406,0.18000370257500317,1,0,0,Home,0,98,16,801,6272,79295,109467,4264.666666666667,0.616688815905309,4,4300,0.2608426935425913,0.25,1852.5286271268371,0.09517855747440805,0.5294667407502157,0,2.044136861853148
2019-05-31,33,34304,555,Employed,Bachelor,9,14018,36,Married,2,Mortgage,82,0.1320454145648715,4,0,0,Other,0,95,6,925,896,31928,17297,2858.6666666666665,0.8380844642127147,2,14631,0.19188704220784214,0.20419958908384042,523.9635306136439,0.028674670707541674,0.21190005733079983,1,1.4848602260411736
2019-06-02,30,31659,559,Employed,High School,5,80470,240,Married,2,Mortgage,276,0.3673158377692096,4,0,0,Home,1,97,27,180,898,88778,12357,2638.25,0.757445459738053,6,76421,0.2583239130375136,0.24870492656690044,1679.996454508922,0.10457516339869281,0.7411182928896171,1,3.9065170823191706
2019-06-02,38,63727,591,Employed,Associate,17,143307,300,Single,4,Mortgage,489,0.33090726621893984,5,0,0,Home,0,99,6,6095,1340,32050,18034,5310.583333333333,0.8084045695824505,3,14016,0.26246818785979864,0.25,2991.72090548173,0.09206294419429235,0.6553075960680393,0,2.6371980230152414
2019-06-02,27,21830,445,Employed,High School,4,65629,360,Single,3,Mortgage,131,0.07988711932753388,3,1,0,Home,0,92,29,572,649,91523,28473,1819.1666666666667,0.8949183549033736,5,63050,0.35527294704686696,0.25,1368.0881130381458,0.07197143118762017,0.823599366196216,0,4.388311863702222
2019-06-03,33,62521,553,Employed,Bachelor,10,225860,240,Single,0,Mortgage,412,0.13947885956982128,1,4,0,Home,0,100,6,1086,2600,187069,10342,5210.083333333333,0.793472335184786,3,176727,0.26158191876119735,0.25,4739.03121908806,0.07906225512929174,0.9884760786953565,0,2.731343291686984
2019-06-04,25,27527,543,Employed,High School,2,5306,36,Single,0,Mortgage,187,0.18832148189184614,1,1,0,Debt Consolidation,0,100,14,393,808,161041,39345,2293.9166666666665,0.6866093446148893,10,121696,0.19764419549570697,0.23464306753967223,206.6800319483149,0.08148444024837503,0.1715443691993093,1,2.6076454588934586
2019-06-05,63,25627,620,Employed,Bachelor,40,18919,60,Single,5,Own,165,0.11514151056024606,7,2,0,Education,0,94,1,880,810,46427,156562,2135.5833333333335,0.696934867164875,7,1164,0.16746199371065149,0.16245817310448227,462.5479973657751,0.07722610086196809,0.29371566630482077,1,2.489971209990258
2019-06-05,40,35981,597,Employed,Bachelor,16,6743,36,Single,0,Rent,722,0.04591777918045362,1,1,0,Other,0,98,20,386,1500,16083,117441,2998.4166666666665,0.5876295424173831,10,6004,0.17070410212492043,0.17218228179024955,241.13932786551214,0.24071347206401245,0.32110888045970454,1,1.9829416730191485
2019-06-06,31,26843,416,Employed,High School,8,167119,180,Single,4,Rent,157,0.22201617216294628,1,1,0,Home,0,92,1,9772,87,81653,57767,2236.9166666666665,0.9687705388804051,5,23886,0.3100066168490576,0.25,3568.874575054294,0.07015453360640476,1.664885306298698,0,5.009360706937007
2019-06-06,42,45173,630,Employed,High School,22,21355,48,Married,2,Mortgage,347,0.10290320869979684,4,0,0,Auto,0,97,18,217,869,64923,56626,3764.4166666666665,0.8906772970606734,4,8297,0.15849227200240504,0.14169072985378842,585.3696861685062,0.0921544760429346,0.24761394785929125,0,1.2504013455187337
2019-06-07,38,48291,595,Employed,High School,14,28489,36,Married,0,Rent,278,0.4542932779615693,2,1,0,Other,0,100,8,1606,1258,31125,71214,4024.25,0.683018864553653,4,7486,0.172064327106873,0.17670244066192903,1025.2390266712982,0.06906403328985777,0.32376598389449057,1,1.8007027596153224
2019-06-07,37,15000,607,Employed,Master,13,5640,48,Married,1,Mortgage,238,0.46440400411939736,6,1,0,Debt Consolidation,0,93,8,995,498,179377,22537,1250.0,0.792324067839906,8,156840,0.16965945415843497,0.1723980877859672,163.44302815891774,0.19024780175859313,0.3208977043636433,0,2.0127410742602274
2019-06-08,47,32132,523,Employed,Bachelor,26,20003,60,Divorced,1,Rent,247,0.2787056683732069,5,1,0,Debt Consolidation,0,94,17,772,520,73404,5316,2677.6666666666665,0.7772556066750012,6,68088,0.2159759218831347,0.24545467210582503,581.7961797436475,0.09221005475360877,0.3094062393268968,1,2.7846467802196853
2019-06-10,49,32339,568,Employed,Associate,26,235870,240,Married,3,Rent,198,0.09806555549290227,1,0,0,Home,0,98,1,2086,729,124628,59245,2694.9166666666665,0.9370662743037732,4,65383,0.2540927600810981,0.21553668351445857,4296.476879676677,0.07344440666439987,1.6671423620945294,0,4.39941856142716
2019-06-10,33,93258,546,Employed,High School,9,34236,24,Married,1,Rent,251,0.12957690095399513,2,1,0,Debt Consolidation,0,95,14,2187,871,5212,4983,7771.5,0.6075475168802702,5,3222,0.19261026555239866,0.20303211775060273,1747.5440774034228,0.03229334191058218,0.25713014826676395,1,1.50713549531479
2019-06-10,33,26332,570,Employed,Bachelor,11,18689,36,Divorced,1,Own,210,0.07789395429375323,1,2,0,Auto,0,97,11,6347,85,6432,12613,2194.3333333333335,0.4091145641669374,2,3434,0.18445893597511243,0.19246387659429873,687.3947335648204,0.095657455208017,0.40877379299946265,1,2.003215646389424
2019-06-11,36,63647,581,Employed,Master,11,16421,84,Single,4,Own,385,0.23860830005891065,6,1,0,Education,0,100,12,1085,3266,114441,37481,5303.916666666667,0.6501127844222938,10,76960,0.19492659429456718,0.184781564742675,349.7513609558961,0.07257418432586123,0.13850384598361193,1,0.665473627086143
2019-06-12,18,15330,454,Unemployed,Master,0,25507,120,Married,0,Rent,156,0.1495090646967816,3,0,0,Education,1,95,13,85,105,116780,9398,1277.5,0.9232676345168177,8,107382,0.27053668685185883,0.25,580.2662685889618,0.12201798983183418,0.5758828850910925,1,4.573110506391346
2019-06-13,21,21857,543,Employed,Bachelor,0,11896,60,Married,2,Own,89,0.2514575558126867,2,2,0,Education,0,92,13,311,357,24014,152975,1821.4166666666667,0.8383583684521108,4,10805,0.20584601038661912,0.17483667837906372,298.748783338767,0.04883625222918286,0.21276626274933486,1,2.4228506141876753
2019-06-13,56,106249,467,Employed,High School,36,21286,24,Married,1,Mortgage,846,0.30216169230375045,7,2,0,Debt Consolidation,0,95,3,4494,531,188116,14470,4875.5,0.6972341600205596,7,173646,0.2319914629591832,0.20064266451646973,1084.0364530139932,0.1734850815133805,0.3957831340129177,1,1.701218630736209
2019-06-15,59,31625,624,Employed,High School,36,10953,24,Single,0,Rent,342,0.5956116405804808,1,0,0,Debt Consolidation,0,97,23,1466,2968,196704,6326,2635.4166666666665,0.9539783871514257,6,190378,0.15332536499133595,0.12506846956760054,518.1920716221615,0.12972152858994215,0.32627318833852575,1,2.5102664331890483
2019-06-16,37,28770,604,Employed,High School,13,155695,360,Divorced,0,Own,415,0.039702102569402944,2,0,0,Home,0,93,22,3185,510,54516,29619,2397.5,0.7205309457211616,8,24897,0.27598891516676544,0.25,3245.584707362204,0.17302480717114863,1.5261975015060263,0,4.809932194625257
2019-06-23,46,28319,604,Employed,High School,24,32639,60,Single,1,Rent,354,0.22242027655317012,6,3,0,Auto,0,94,3,2441,398,145249,10472,2359.9166666666665,0.6819293408274272,11,134777,0.1755983234522695,0.18053135084377164,829.7598094887735,0.14994175990963962,0.5013983874153853,1,2.1006475598522916
2019-06-23,43,30086,562,Employed,High School,18,12129,48,Widowed,0,Other,285,0.024734878012646976,2,1,0,Debt Consolidation,0,100,24,831,1220,127462,14549,2507.1666666666665,0.7194883385924349,9,112913,0.19235085925048453,0.19735042751712412,367.3798084111972,0.1136288125456841,0.2601022559948956,0,1.8940888783409437
2019-06-24,76,267190,514,Self-Employed,High School,56,155275,300,Married,1,Mortgage,569,0.043261647135917874,2,1,1,Home,0,100,14,5483,28426,191755,37507,22265.833333333332,0.8860821088414121,4,154248,0.30098823986439843,0.25,3241.5685458398793,0.02555370094535221,0.17113203699852006,1,3.8406942520436775
2019-06-24,53,79715,639,Employed,Associate,29,23003,48,Married,2,Other,1415,0.1977104826042862,1,0,0,Auto,0,95,8,2830,2296,71944,48320,6642.916666666667,0.6965969132188705,3,23624,0.15401085584820842,0.179876043020112,675.5641278852839,0.21297678327291883,0.31465839094188175,0,0.4158228953246035
2019-06-25,38,108960,586,Employed,Master,17,157691,180,Single,2,Mortgage,484,0.19444728159103583,2,0,0,Home,0,95,13,37430,1434,96057,38491,9080.0,0.6928759096334748,2,57566,0.2249920997606079,0.22817525508464656,3102.9774561331938,0.05329809492346658,0.39499806806884635,1,0.780191186616934
2019-06-26,28,74054,611,Employed,Bachelor,2,24901,72,Married,1,Other,457,0.38236112153609625,3,2,0,Auto,0,93,22,7712,2853,105427,20014,6171.166666666667,0.8596710562634562,3,85413,0.17603067585012808,0.14251758763563663,516.4664157608041,0.07404207058569384,0.15771875069707625,1,0.8392804117554012
2019-06-26,20,16454,537,Employed,Master,0,6948,36,Single,1,Rent,229,0.20860777881606352,5,3,0,Other,0,97,1,5929,68,28545,5587,1371.1666666666667,0.5054230213483638,4,22958,0.2007115882608286,0.2405738454220322,272.7992475696553,0.16688934774687234,0.3656984678024938,1,2.03308948125852
2019-06-28,42,80464,634,Employed,Bachelor,21,135877,240,Single,0,Rent,829,0.5402719160003981,2,0,0,Home,0,100,12,9735,1618,16242,37113,6705.333333333333,0.8039461956683277,5,8118,0.22095487817582418,0.25,2850.9932921102827,0.12361449376211542,0.5487340263597023,0,1.2496961231565271
2019-06-29,30,90456,620,Employed,High School,9,29189,84,Divorced,0,Mortgage,850,0.3540420474153185,4,1,0,Education,0,95,24,4430,12755,28106,24265,7538.0,0.9745286904885213,6,3841,0.17557039536596206,0.19117400843125368,632.7543066609171,0.11274704868019632,0.19667784940455194,1,0.18709066768443317
2019-06-29,22,25861,547,Employed,Bachelor,0,6343,36,Married,1,Other,149,0.6546178573087532,2,0,0,Debt Consolidation,0,95,5,487,581,134354,24813,2155.0833333333335,0.9271290122548973,4,109541,0.19568881619082867,0.20269315922775621,236.59992045222677,0.06910679086306187,0.17884277221144518,0,0.9855252873592653
2019-06-29,32,69164,564,Employed,High School,10,158455,300,Married,4,Mortgage,360,0.299099083261532,4,1,0,Home,0,98,25,4415,1479,34490,11590,5763.666666666667,0.6072650381184467,6,22900,0.2759933080578093,0.25,3307.955201616861,0.062449404417717125,0.6362822715884459,0,2.486107465847235
2019-07-02,27,64990,609,Employed,Bachelor,5,14370,12,Divorced,0,Mortgage,1630,0.23605062986551112,2,2,0,Other,0,95,9,3191,1273,11853,27797,5415.833333333333,0.9186435633906225,7,10963,0.15689324189151857,0.14005127537062542,1290.27554942021,0.30091381803636813,0.5391112057020172,0,2.3540144483625234
2019-07-02,60,165132,524,Employed,Associate,37,50259,36,Single,1,Own,988,0.2747271404574114,5,2,0,Auto,1,95,2,7848,2134,9982,12250,13761.0,0.8191925973457885,3,2273,0.20770624120277442,0.21027856916129448,1894.230129845306,0.07179189071355907,0.20943395798904998,1,2.428717473734321
2019-07-02,50,44543,469,Employed,Doctorate,31,9413,36,Married,2,Rent,290,0.0012241226835009993,6,1,0,Debt Consolidation,0,100,27,1886,1171,59564,28336,3711.9166666666665,0.7554505800303047,9,31228,0.2347874883054903,0.23597463964514842,367.3123004479748,0.07810571204129728,0.1770339491723869,1,2.5843855338562776
2019-07-03,39,21824,557,Employed,High School,17,279346,180,Married,2,Own,112,0.572366957546427,1,0,0,Home,0,93,14,146,909,167823,3723,1818.6666666666667,0.8148898232562991,2,164100,0.23963505250390338,0.24613216588663223,5881.839246231307,0.061549734383586734,3.0,0,8.1978666736923
2019-07-05,57,45706,593,Employed,High School,36,169864,360,Married,4,Rent,364,0.09887858287453669,3,0,0,Home,0,93,29,8416,629,28638,106478,3808.8333333333335,0.7828892655918299,7,7661,0.2815106898207267,0.25,3540.9486543008666,0.09554223719322805,1.0249657432873354,0,3.1500371569660883
2019-07-05,40,123768,629,Employed,Master,18,25138,36,Divorced,0,Rent,965,0.16502526359830685,4,2,0,Auto,0,98,29,6141,196,51805,27153,10314.0,0.9486541621992934,5,24652,0.15503304392602646,0.12717610468065652,843.5834313105432,0.09355307804168686,0.17533528175574825,1,0.2836699030826536
2019-07-06,29,15000,514,Employed,High School,4,16430,36,Divorced,0,Rent,160,0.37626267359296345,3,0,0,Auto,0,96,22,217,524,29290,14765,1250.0,0.7566008575603049,4,14525,0.21242673126836298,0.23238904667984378,638.0483637403476,0.1278976818545164,0.6379283483136271,0,3.4531858002099822
2019-07-08,58,15149,628,Self-Employed,Bachelor,38,3625,60,Married,1,Mortgage,195,0.24547546888107552,5,2,0,Debt Consolidation,0,93,4,1447,2777,40114,15505,1262.4166666666667,0.8226739443333695,2,24609,0.1630489713478287,0.1607467524419394,88.29685212886754,0.1543433810434668,0.22423073844379726,1,1.8008786779232917
2019-07-09,46,58193,529,Employed,Bachelor,22,158010,240,Married,0,Own,992,0.2691112877804112,6,1,0,Home,1,97,23,1290,766,37412,80198,4849.416666666667,0.562203468374316,7,10785,0.27349260498245975,0.25,3315.3914944129306,0.2045185121553131,0.8880456650280072,0,4.7448117268874945
2019-07-09,27,40965,555,Self-Employed,Master,5,20280,60,Married,1,Rent,214,0.103273703194294,5,0,0,Education,0,95,22,3751,180,22492,8074,3413.75,0.8727195431803831,8,14418,0.1999793599415385,0.2089879387674967,547.4882068873384,0.0626693022915294,0.22299969452737048,1,2.0158568588317114
2019-07-09,37,59113,632,Employed,Doctorate,15,125347,300,Married,3,Rent,426,0.2322407456111004,4,1,0,Home,0,97,23,7450,2234,203263,12395,4926.083333333333,0.6366500482122116,4,190868,0.24193471228703353,0.25,2616.7824344897203,0.08646088794926005,0.6175626082685268,0,2.5477565293964304
2019-07-10,29,92090,620,Employed,Doctorate,5,16431,36,Married,2,Rent,470,0.24480119849227042,4,0,0,Debt Consolidation,0,96,21,13324,10112,98410,6847,7674.166666666667,0.829990997040956,7,91563,0.15942674648304211,0.14739024221074354,567.4883575757818,0.06123645523441402,0.13517470077641505,1,0.9119590299320901
2019-07-11,23,25304,570,Employed,High School,0,4975,48,Single,0,Rent,207,0.2368313040803165,3,0,0,Debt Consolidation,0,92,9,1124,824,18304,25188,2108.6666666666665,0.7422041629224465,2,4923,0.18812809540860476,0.19935849989815374,151.2210653174478,0.09811976615579081,0.16979984135761472,1,1.5182724739590587
2019-07-11,51,20466,666,Employed,Master,27,14006,36,Single,0,Rent,121,0.4790433663237836,2,0,0,Auto,0,100,17,706,2204,31287,38860,1705.5,0.8212989832589614,3,3317,0.13638682812090977,0.1441816349175373,481.54139624982895,0.07090536185174333,0.3530860804276759,1,2.5877930797410458
2019-07-12,62,204476,626,Employed,Bachelor,38,307694,300,Divorced,4,Other,775,0.26987107543642547,2,2,0,Home,0,100,12,4784,7275,43227,27634,17039.666666666668,0.8019029091703307,5,15593,0.24515921607789612,0.25,6423.514359321564,0.045479441336410936,0.4224314987278411,1,1.55073776439626
2019-07-13,23,24957,571,Employed,Bachelor,1,10292,120,Single,1,Rent,84,0.6354310500280412,5,0,0,Education,0,94,7,632,971,63660,35637,2079.75,0.9137174259915578,4,28023,0.21180980483288167,0.2199335219434011,212.68584461341734,0.040370058873002525,0.14258601206940638,1,1.1445049635759506
2019-07-13,46,24562,617,Employed,High School,25,155909,240,Married,4,Own,182,0.10502758280634404,5,2,0,Home,0,100,25,1260,280,74720,63877,2046.8333333333333,0.7669265689826407,8,10843,0.22948925854916769,0.2431046063144887,3184.3715654762823,0.08887442011882478,1.6438698944296977,1,5.393675928832213
2019-07-13,32,105277,579,Employed,Bachelor,12,198035,300,Divorced,2,Rent,921,0.6317738724713738,3,1,0,Home,0,96,8,4456,2689,41067,19255,8773.083333333334,0.8589587975967673,4,21812,0.2685490510278329,0.25,4134.239426664953,0.10496823029946148,0.5761558483790276,0,2.064282382229542
2019-07-14,34,48703,564,Employed,Doctorate,13,19587,84,Married,5,Own,872,0.13028570890443952,1,0,0,Education,0,87,1,1113,907,49058,9137,4058.5833333333335,0.9189492095988188,6,39921,0.20347066810320555,0.21955416116567517,458.3048612752607,0.21480036949604844,0.32769492631228836,1,2.129282203310352
2019-07-14,32,50586,557,Self-Employed,Master,4,1423,24,Married,3,Rent,451,0.49727301365357973,4,0,0,Other,0,98,16,841,911,77812,8785,4215.5,0.9047458625739301,3,69027,0.18631530627299298,0.18680579060565067,71.51081916460915,0.10696074943673663,0.12392050733181767,0,1.0652672001335166
2019-07-15,29,63931,572,Employed,Associate,4,11053,24,Single,1,Rent,360,0.12434419867217833,6,1,0,Debt Consolidation,0,90,8,2992,952,36045,10000,5327.583333333333,0.6606736365365581,4,26045,0.17932763690809833,0.20823090803379055,567.0056225053522,0.06756017077709836,0.17396849491053323,1,1.228407863863394
2019-07-16,40,86997,623,Employed,High School,20,28710,36,Widowed,3,Own,311,0.32261211692379654,4,3,0,Education,0,95,13,2941,2093,213054,70481,7249.75,0.8766497063758791,7,142573,0.15806625890089449,0.1797169662423655,1037.5276863042386,0.04289211460883357,0.18598457901654844,1,1.191507641529327
2019-07-19,30,40668,414,Employed,Associate,10,28764,60,Single,1,Mortgage,155,0.346004798938102,4,2,0,Education,0,99,19,677,213,156082,46237,3389.0,0.9044126653597949,4,109845,0.27056672866232434,0.25,844.2614656012526,0.045722713864306784,0.2947673939826704,1,1.9692143363625743
2019-07-21,43,149579,598,Employed,Master,20,17740,36,Married,0,Mortgage,527,0.2909639155998307,2,1,0,Other,0,98,13,17913,6467,48544,1831,12464.916666666666,0.7435863020780068,3,46713,0.17044590840601517,0.1351469511799313,602.1380957537126,0.04227527057109051,0.09057802373835694,1,1.0976475496267022
2019-07-21,39,15000,435,Employed,Bachelor,15,33771,120,Married,0,Rent,412,0.32257960060147794,5,0,0,Education,0,94,10,5261,136,195196,28399,1250.0,0.7907264910711478,3,166797,0.2801068468339473,0.25,768.2664428007148,0.3293365307753797,0.9434583875305473,1,4.532717172835987
2019-07-22,37,80502,477,Employed,Associate,13,25794,36,Married,1,Mortgage,656,0.25090171486035606,2,0,0,Auto,0,98,12,11001,1203,94709,36136,6708.5,0.7753231831730005,3,58573,0.2310394839884197,0.25,1025.5649492969874,0.09777181608167523,0.2506244801098424,1,1.2682680406495361
2019-07-22,29,23798,518,Employed,High School,7,18960,12,Single,0,Rent,125,0.08628258176885892,1,1,0,Other,1,99,22,604,635,88293,10757,1983.1666666666667,0.759695810316196,3,77536,0.20246253487925855,0.17092651463532912,1730.075868964921,0.06299874002519949,0.9349395391675368,0,5.2901382823501315
2019-07-23,33,100491,599,Employed,Associate,11,99397,300,Married,0,Own,439,0.19140383591319177,2,0,0,Home,0,95,25,4987,763,254146,14634,8374.25,0.6695508254750869,3,239512,0.2583767218179295,0.25,2075.042271781333,0.05241634578072296,0.3001751914010129,1,1.3483179451235765
2019-07-24,49,56353,596,Employed,Associate,26,234758,300,Single,1,Rent,259,0.2216863825209365,4,2,0,Home,0,95,7,13725,151,139836,8265,4696.083333333333,0.9012157148908275,6,131571,0.26009157868374844,0.25,4900.880043048001,0.05514060143706201,1.09852852863614,0,3.1747539280337054
2019-07-25,46,37441,591,Employed,Master,23,20904,36,Married,4,Mortgage,195,0.2670537303988275,2,2,0,Education,0,97,13,604,490,164351,6389,3120.0833333333335,0.8658163080983778,4,157962,0.1739869359109477,0.17305450310617532,748.4662683932871,0.0624783061437001,0.30228807360476984,1,1.9087878736524113
2019-07-25,28,72968,629,Employed,Bachelor,10,179528,360,Married,2,Own,995,0.23681057060557945,5,1,0,Home,0,93,21,8329,334,18058,13124,6080.666666666667,0.9402104962863694,3,4934,0.26352452300843743,0.24749592839413184,3705.0865019627986,0.1636064675253494,0.772828693115286,0,2.128717353348623
2019-07-27,41,76432,554,Employed,Associate,19,28144,48,Single,1,Mortgage,531,0.22844390488725008,9,0,0,Auto,0,94,8,937,2991,55944,110332,6369.333333333333,0.7314616877035349,2,10155,0.19656128124947453,0.19712301783734526,852.1240220282988,0.08335513578567318,0.21711956810658242,1,1.6205308485090155
2019-07-27,49,92434,653,Employed,Bachelor,28,18272,72,Married,0,Mortgage,316,0.3439842004733438,2,1,0,Auto,0,99,24,25989,559,28371,11151,7702.833333333333,0.8806010192417609,2,17220,0.15495329495987614,0.15420826284031325,390.54969728599303,0.04101854055340415,0.09171404244025612,1,0.5016775509397475
2019-07-27,19,19356,531,Employed,High School,0,19887,84,Divorced,0,Mortgage,512,0.13161090038515372,3,3,0,Education,0,100,6,656,1641,14597,17333,1613.0,0.9445830785652128,5,1210,0.2199744679534376,0.2013673170165448,443.25344294246236,0.31722428748451054,0.5918546734463831,0,3.7814141895519193
2019-07-30,46,45313,522,Self-Employed,Doctorate,18,19769,12,Divorced,2,Own,180,0.06297157072793587,0,0,0,Other,0,98,22,21972,864,22836,8940,3776.0833333333335,0.8607967322175905,6,13896,0.20047298022904117,0.17493762639165403,1807.6623370459818,0.04765581908439051,0.5262426485284453,1,1.9942005068079545
2019-07-31,32,39418,573,Employed,Associate,9,249822,300,Married,3,Own,207,0.1400856677334171,2,0,0,Home,0,97,9,11582,802,122266,3137,3284.8333333333335,0.7567429133648597,3,119129,0.2716071269865235,0.2366525137053645,4940.855832788243,0.06299771747400457,1.566681967878745,0,3.263138855583543
2019-08-01,46,7443,639,Unemployed,Associate,24,13944,48,Married,1,Own,310,0.23215849851185189,6,1,0,Auto,0,100,20,803,45,73039,18419,620.25,0.8004473026321277,4,54620,0.15388571907501541,0.1737942267446357,405.0971283415078,0.49899396378269617,1.151061776002427,0,2.8728951939255896
2019-08-04,30,67640,412,Employed,Associate,6,201002,240,Married,2,Other,587,0.23386897490137382,4,2,0,Home,0,94,13,1719,1501,13875,56237,5636.666666666667,0.6319966955900294,3,9755,0.33205276877807577,0.25,4217.456624011062,0.10412109028557913,0.8522065790831422,1,2.7871016674280575
2019-08-05,18,15000,463,Employed,Bachelor,0,17921,120,Widowed,2,Mortgage,127,0.010022720381896813,1,0,0,Education,0,97,19,1086,303,57996,33011,1250.0,0.7805229597202596,7,24985,0.2659484460718611,0.25,407.6901164144268,0.10151878497202238,0.4274101649995418,0,3.055647437138637
2019-08-06,20,7168,538,Unemployed,Bachelor,0,5162,12,Divorced,0,Mortgage,87,0.21875351863954873,1,0,0,Debt Consolidation,0,99,24,746,89,35065,13037,597.3333333333334,0.8397622686506803,2,22028,0.1921373182712199,0.17254287784515174,471.4220886501142,0.14540389972144846,0.9332959698887701,0,3.420662998041187
2019-08-07,40,35676,547,Employed,Bachelor,16,30126,36,Married,1,Mortgage,155,0.13993580357083862,2,1,0,Auto,0,94,9,1246,747,21009,37192,2973.0,0.7610998826578922,9,2842,0.1960782942646577,0.20404080943684133,1125.8023926184737,0.05211835911230666,0.4306665745186529,0,2.9176470708697027
2019-08-08,43,27065,472,Employed,High School,16,96076,300,Divorced,2,Mortgage,121,0.301595874520097,6,0,0,Home,1,92,20,269,349,122042,14715,2255.4166666666665,0.9500125997200386,7,107327,0.3218682263080716,0.25,2005.7120567387685,0.053624847656682795,0.9425174384483223,0,5.58586164732074
2019-08-10,29,32029,603,Employed,Associate,9,63854,84,Divorced,2,Rent,227,0.15923076402202843,0,1,0,Education,0,99,18,999,495,45883,5808,2669.0833333333335,0.8566983914241588,6,40075,0.1842660925417326,0.17753650897295906,1332.8687691433324,0.08501607315626852,0.5842022792584497,0,2.2863538105641856
2019-08-13,47,35528,563,Employed,High School,24,14090,120,Divorced,0,Mortgage,276,0.5480838677408015,3,0,0,Education,0,99,22,610,700,152107,2553,2960.6666666666665,0.8437192347086007,6,149554,0.21588832289367377,0.21233678743680726,283.9201234843887,0.09319077096229601,0.18905575356816726,1,1.978923960674271
2019-08-13,20,15000,503,Self-Employed,Bachelor,0,190072,360,Married,0,Mortgage,149,0.5811782828764424,1,0,0,Home,1,99,25,1552,205,34310,17587,1250.0,0.7867294621274464,4,16723,0.32653879087196974,0.25,3962.2003050691987,0.11910471622701839,3.0,0,9.30349791736809
2019-08-13,39,28197,431,Employed,High School,15,25721,48,Divorced,2,Rent,195,0.2530127793463348,2,2,0,Auto,0,99,18,3964,692,5840,222247,2349.75,0.7276301762955009,4,3202,0.25803877548395654,0.21943082097691038,809.573246559893,0.082952249282144,0.4273415916451741,1,3.519509094548664
2019-08-14,25,26778,570,Employed,Bachelor,4,16452,36,Divorced,0,Rent,111,0.35353171405631545,2,0,0,Auto,1,97,25,2931,471,64861,6713,2231.5,0.8106965113032125,12,58148,0.18442706577759668,0.21257927814198596,622.0110799853643,0.049720044792833144,0.32833643000464247,1,2.89060608350548
2019-08-15,32,68650,610,Employed,Master,10,12989,36,Single,3,Mortgage,561,0.0814537289294917,4,2,0,Other,0,97,21,5045,2114,80377,10366,5720.833333333333,0.7347317664951978,4,70011,0.16436798377741615,0.17864598911271654,468.70167404895955,0.09804549823774432,0.17996009566554302,0,0.7674073956663983
2019-08-15,40,29600,604,Employed,Master,18,9502,48,Widowed,0,Own,396,0.10234270192432365,4,3,0,Debt Consolidation,0,97,20,658,334,50510,54621,2466.6666666666665,0.6264608487480111,5,8214,0.1712898407043028,0.1827667965413207,280.4968952268744,0.16047548291233285,0.27414435846016794,1,1.8406890520148682
2019-08-15,29,40506,597,Employed,Associate,5,8225,12,Married,0,Mortgage,263,0.3424590123960999,3,0,0,Debt Consolidation,0,100,11,2596,268,75780,7762,3375.5,0.7065057989704824,3,68018,0.1627537637871976,0.16402506983514298,747.8288565904612,0.07789130756700725,0.2993717922672771,1,1.8978395145481513
2019-08-16,35,103187,553,Employed,Associate,11,19176,24,Married,0,Rent,665,0.23878477236027126,1,1,0,Debt Consolidation,0,97,8,11899,975,36475,25593,8598.916666666666,0.5844860799355686,5,10882,0.18896536673081837,0.16500582908364814,943.5096450974753,0.07732633068149886,0.1870378176258462,1,1.578511016902923
2019-08-17,52,80262,590,Employed,High School,32,20969,36,Married,4,Rent,590,0.21469173548929463,1,1,0,Debt Consolidation,0,97,2,2330,6521,48286,8486,6688.5,0.69982422307854,4,39800,0.17448771203097402,0.1848864417039817,763.2295672297485,0.08819792211675014,0.2022915864010387,1,1.8393952964589757
2019-08-18,33,90542,610,Employed,Bachelor,10,8178,12,Married,3,Mortgage,1118,0.1979411435114429,1,1,0,Other,0,98,23,5322,4521,63188,4812,7545.166666666667,0.666185436617107,5,58376,0.15625233129318375,0.15288324461949282,739.2455690631247,0.14815469222784194,0.2461177510519413,1,1.2608751867734758
2019-08-18,50,38455,519,Self-Employed,Master,29,241784,240,Divorced,3,Mortgage,173,0.2736705391693573,1,2,0,Home,0,98,26,1735,2484,141014,6324,3204.5833333333335,0.6582599767049538,4,134690,0.27859895104512483,0.25,5073.151174515132,0.05396833649621754,1.6365667739668177,1,5.353381018687888
2019-08-20,26,76779,516,Employed,High School,6,22120,60,Married,1,Rent,659,0.2844890025473321,7,0,0,Auto,0,93,23,12435,3129,49063,22640,3766.4166666666665,0.948923686718106,8,26423,0.21950107066564276,0.21469276064895235,604.2743251126988,0.17492092282510122,0.33531579776930226,1,3.1710937037611897
2019-08-20,46,42970,538,Employed,Associate,24,12097,24,Married,3,Other,374,0.4819245184251685,2,0,0,Debt Consolidation,0,100,17,5255,517,27013,137935,3580.8333333333335,0.6005506037084234,9,2751,0.19635019885716673,0.24120535060625486,640.3096511043653,0.10441580196361266,0.2831816996243168,1,2.6387750526118445
2019-08-21,57,58321,624,Employed,Master,35,26521,120,Single,3,Other,417,0.2253147919199481,0,1,0,Education,0,95,10,5597,1505,35463,18596,4860.083333333333,0.8458367061296788,6,16867,0.1855464324640594,0.1722545646698705,464.7245438939701,0.08578334733341333,0.18138437122602372,1,1.3636839952443545
2019-08-22,18,63291,544,Employed,Master,0,267178,300,Married,1,Mortgage,819,0.18496338331002898,1,0,0,Home,0,97,15,593,1310,52127,54316,5274.25,0.6380910778316629,5,8998,0.28612391853118546,0.25,5577.689911063644,0.1552533055305436,1.2125851686770568,0,3.090274993740895
2019-08-23,30,26339,575,Employed,High School,7,17040,48,Married,5,Mortgage,103,0.2519955544790378,3,0,0,Auto,0,94,24,1634,978,16094,9484,2194.9166666666665,0.8006681251609515,3,6610,0.18593584437102684,0.17100507792944974,492.5764347013642,0.046905240787825896,0.2712199619147801,1,2.824525492404425
2019-08-23,46,25277,654,Unemployed,Bachelor,26,17183,60,Married,3,Mortgage,231,0.4048857488452676,2,1,0,Auto,1,96,1,1129,363,22774,21657,2106.4166666666665,0.9635843409370928,9,1117,0.15043793349932713,0.18622826764603934,442.17800868380783,0.10961287516311441,0.3194328009887973,1,4.078205517966981
2019-08-24,37,37394,592,Employed,High School,16,235468,180,Married,5,Rent,327,0.4990128658754688,4,0,0,Home,0,98,25,1657,787,56171,5794,3116.1666666666665,0.810231432262817,2,50377,0.22209233363723863,0.19941956062109123,4125.422320160802,0.10490295674490724,1.42835555370608,0,4.593200168370669
2019-08-25,44,61182,602,Employed,High School,19,34169,60,Single,3,Other,270,0.3190046077159989,5,2,0,Auto,0,97,2,668,1262,326457,17251,5098.5,0.7115293617670153,7,309206,0.17660977583627732,0.20268788112615696,910.3873304512578,0.05294636729091087,0.23147118942077805,0,2.4583759755233663
2019-08-25,32,109257,579,Employed,Master,5,48226,60,Married,3,Rent,971,0.24424580999326675,0,1,0,Education,0,95,26,1921,3572,127337,13138,9104.75,0.7749505957677089,4,114199,0.18819591857729484,0.13791293374328908,1116.9233828064482,0.10663591686571672,0.22929724435729598,1,1.3756964836596355
2019-08-27,41,108285,590,Employed,Master,22,9214,24,Single,4,Own,881,0.18682220329585253,5,1,0,Debt Consolidation,1,94,7,5279,4005,53154,71693,9023.75,0.8029199971159057,7,6945,0.170282146967526,0.16945876785978475,455.3214379049004,0.09762043269896672,0.14807295912960475,1,2.7627248234179196
2019-08-28,38,23637,599,Employed,Bachelor,19,27920,12,Married,1,Other,152,0.3429281741634304,3,1,0,Debt Consolidation,1,97,5,3759,498,22777,16808,1969.75,0.6877824315858495,7,5969,0.16205928359321345,0.1486354061491478,2518.2146308220476,0.0771279969554738,1.3549230652401612,0,6.183712578302964
2019-08-29,54,68012,648,Employed,High School,28,14634,36,Married,3,Rent,739,0.14175653296905916,1,2,0,Debt Consolidation,0,100,29,1966,1478,14009,20554,5667.666666666667,0.9171634050842409,1,5397,0.14539779279978152,0.14915843183624272,506.68952928653107,0.13036575326355404,0.21975000516638793,1,1.1226589415031294
2019-09-04,43,80326,528,Employed,Master,20,14022,24,Single,0,Mortgage,426,0.4280253276907754,4,0,0,Debt Consolidation,0,100,13,2810,1933,174093,72414,6693.833333333333,0.762368576690175,4,101679,0.20138711352943167,0.23115009620794325,735.1793859107889,0.06363115835594613,0.1734441065365016,1,2.7536057993763015
2019-09-05,44,85933,497,Self-Employed,Associate,23,32987,60,Divorced,2,Rent,694,0.07773951696775606,1,3,0,Auto,0,100,28,26624,8561,131522,43010,7161.083333333333,0.9048913979846156,3,88512,0.2291009747844883,0.21120967252493464,894.6553177878606,0.09689917970795277,0.2218146932742373,1,2.7206609041155634
2019-09-05,35,23751,553,Employed,Associate,11,20717,48,Married,3,Other,157,0.3464116308304857,7,0,0,Auto,1,94,27,921,80,104981,44717,1979.25,0.6293814174103928,6,60264,0.19698468954165452,0.19618609875268353,626.2237423726311,0.07928291882338089,0.39551760756098026,1,4.094379995429535
2019-09-06,34,37886,541,Self-Employed,Bachelor,16,126691,360,Married,2,Mortgage,196,0.1385988402427296,4,2,0,Home,0,94,5,1738,275,47573,5250,3157.1666666666665,0.8141222530157268,3,42323,0.30743737855575926,0.25,2640.9735197689392,0.062061322497229406,0.898297594522858,0,2.819339706424123
2019-09-06,34,73258,557,Employed,High School,11,27777,24,Married,3,Other,665,0.43784732042787344,2,1,0,Other,0,96,21,3407,2758,27216,79304,6104.833333333333,0.6760965798210838,3,5846,0.18705799990486904,0.1941325084804021,1405.7835171346346,0.108912242391156,0.33914838550041787,1,2.1368895204572285
2019-09-06,44,35196,541,Employed,Bachelor,21,141393,300,Married,1,Other,224,0.29581336940211844,2,0,0,Home,0,96,25,478,885,16968,94020,2933.0,0.45779962443878597,7,5917,0.28746482639968235,0.25,2951.7636541744523,0.076346284935242,1.0824007001276252,0,4.087300370037514
2019-09-08,34,36807,546,Employed,Bachelor,10,12570,36,Married,1,Own,124,0.22003978350470746,3,0,0,Debt Consolidation,0,92,11,3402,919,70984,59363,3067.25,0.8552052410960843,7,11621,0.1963597869632287,0.19455270805737312,463.6647060358616,0.04041391672777642,0.19153090720634292,0,2.4108842318979145
2019-09-11,43,132896,478,Employed,High School,23,46843,72,Married,0,Rent,381,0.026475900217708712,2,0,0,Auto,0,99,10,3610,4974,14874,43909,11074.666666666666,0.8761635290442874,7,1339,0.2426886445527905,0.22085555653753797,1179.3632194568327,0.03439973515514491,0.14088210366179607,1,1.7505803717232087
2019-09-12,64,8204,602,Unemployed,High School,41,13925,36,Married,0,Mortgage,239,0.5354775499508494,1,1,0,Other,0,94,12,867,407,86041,34028,683.6666666666666,0.8291183876485956,4,52013,0.16838537821887564,0.18436219099824133,506.4745393110033,0.34907497565725415,1.0888138354104238,1,4.027491805467908
2019-09-14,50,26216,531,Employed,High School,29,22730,36,Married,2,Mortgage,100,0.3392646411772885,6,2,0,Auto,0,95,2,2133,287,58598,100314,2184.6666666666665,0.8916637906886177,4,10825,0.20400787122764988,0.20839216633070506,854.479013362605,0.04575263077626964,0.436699258820774,1,2.3883998781640305
2019-09-15,36,21631,515,Employed,High School,13,8982,36,Single,2,Rent,185,0.22784456461645514,4,2,0,Debt Consolidation,0,98,25,7876,778,57710,22468,1802.5833333333333,0.8158073601271564,7,35242,0.2117757722953073,0.20309438895909546,335.2211594151633,0.10257358037240678,0.28843755084701567,1,2.9503664247674832
2019-09-17,54,63357,562,Employed,Bachelor,33,190703,300,Divorced,0,Other,459,0.30001331514452734,4,1,0,Home,0,93,12,885,1242,55409,59390,5279.75,0.7426072197465116,9,7394,0.27703961944168065,0.25,3981.1743448546295,0.08691947166595654,0.8408226757287562,0,1.5318751915200206
2019-09-19,35,25598,546,Employed,Master,13,163663,240,Widowed,0,Rent,150,0.154359835412591,2,2,0,Home,1,96,29,3172,314,65486,46956,2133.1666666666665,0.6425768113389368,2,18530,0.26500139270617423,0.25,3434.003658946291,0.07028504490433425,1.6793457207089222,0,6.746761200123117
2019-09-21,18,27284,544,Employed,High School,0,27612,60,Married,1,Mortgage,512,0.28060547092607613,3,1,0,Education,0,99,7,3394,1044,207642,33455,2273.6666666666665,0.8424289275025367,4,174187,0.20555651048882637,0.2019569334723674,734.5589451693642,0.2250879249706917,0.5480182935973171,0,3.358000632142918
2019-09-21,27,44171,559,Employed,High School,3,9853,24,Single,2,Mortgage,341,0.34286136876698564,3,1,0,Other,0,97,19,1217,1626,59096,63644,3680.9166666666665,0.667453972008043,4,8635,0.18579890818577596,0.20742428721596934,505.0571528622104,0.09261480659982346,0.22978715420742196,1,1.4578432631416431
2019-09-22,18,99337,601,Employed,Bachelor,0,23370,180,Single,2,Mortgage,1023,0.3751274517310035,3,2,0,Education,0,99,19,9442,2364,51553,24657,8278.083333333334,0.823456621520092,5,26896,0.21701481280412976,0.20812746814687377,424.54676168374255,0.12356440427180947,0.1748438448319048,1,1.480924326181385
2019-09-22,35,79100,624,Employed,Master,13,21185,24,Married,0,Rent,644,0.3230319412763769,2,1,0,Other,0,99,29,21355,8457,63268,55902,6591.666666666667,0.7282064789250738,8,7366,0.15349027396628914,0.13961816794785664,1016.7708330029815,0.09768429568207099,0.2519118464459978,1,1.0547866557232883
2019-09-23,40,31239,475,Employed,Associate,17,9263,60,Single,3,Own,196,0.433467948033786,3,2,0,Debt Consolidation,0,96,2,758,2260,41823,50341,2603.25,0.7177882637797962,1,4144,0.23978347279995318,0.23627525855128767,264.4787956992517,0.07526159162906787,0.17681819936613294,1,1.7807772800580666
2019-09-24,60,101329,580,Employed,Associate,40,16085,24,Married,0,Rent,708,0.19775462602084037,5,1,0,Debt Consolidation,0,86,26,6732,5298,18180,17788,8444.083333333334,0.9328192356074471,4,3217,0.175421426151866,0.147231173589275,777.7933994511576,0.08383576242586908,0.17593590741569445,1,0.3659816040660884
2019-09-27,43,46677,539,Employed,Bachelor,21,10536,48,Divorced,2,Rent,683,0.22272805029666382,4,3,0,Auto,0,100,13,3651,11667,101709,37725,3889.75,0.81385741229775,3,63984,0.2038156620378999,0.22145725515698061,332.78213782637596,0.17554456081732314,0.2610761775560948,1,1.1413276105449548
2019-09-28,37,18677,582,Employed,High School,15,23613,48,Widowed,0,Rent,278,0.1092821297997101,4,2,0,Auto,1,96,5,1663,309,8842,4657,1556.4166666666667,0.8216183484143487,3,4185,0.18251739875886674,0.20790497873950195,728.5347735660389,0.17850072235004547,0.6462848350790554,0,4.4779500612378715
2019-10-04,49,38345,505,Employed,High School,21,107489,300,Single,5,Mortgage,718,0.1925807133774908,1,2,0,Home,0,99,16,4319,462,41638,42066,3195.4166666666665,0.614149166406785,4,5812,0.30539628827474175,0.25,2243.9733467962183,0.22462653492191778,0.9266543306711844,0,4.5312845795042245
2019-10-04,18,105737,577,Employed,Bachelor,0,16906,36,Widowed,0,Rent,834,0.1741141426684781,0,0,0,Other,1,100,19,6517,4799,31018,1717,8811.416666666666,0.7384165960214295,2,29301,0.18093387075408426,0.1419214711174471,579.3860000662763,0.09463919280560573,0.1603857436079331,0,2.2546979521743475
2019-10-06,42,56881,600,Employed,Bachelor,17,5557,24,Married,2,Rent,259,0.15518620300654856,1,1,0,Other,0,91,2,4960,848,13624,82573,4740.083333333333,0.5815664717584671,9,3444,0.16515574840257563,0.1586634147666159,271.7332505852462,0.054628864710948626,0.11194345538155757,1,0.5925113922045206
2019-10-06,49,55015,615,Employed,Bachelor,25,12050,24,Single,1,Other,311,0.05495525675458485,1,1,0,Debt Consolidation,0,96,12,1154,1068,183355,5220,4584.583333333333,0.8297376592885846,7,178135,0.15784922573075685,0.1707013678633941,596.1854528859782,0.0678212513856834,0.19783425290551437,1,1.9658966342926396
2019-10-07,22,107647,579,Employed,Bachelor,0,178689,300,Married,0,Mortgage,419,0.11298448622974412,4,0,1,Home,0,100,20,6619,771,47773,17848,8970.583333333334,0.8157093302454868,5,29925,0.2685233519349682,0.25,3730.3663943814668,0.04670301600423559,0.46250101461631254,0,3.208213089967969
2019-10-07,53,22745,582,Employed,Bachelor,27,99877,180,Married,0,Own,236,0.4636673206680069,3,1,0,Home,0,96,25,737,801,90566,74982,1895.4166666666667,0.7843152853256974,6,15584,0.2268779261800411,0.20799790644684354,1813.4318870020509,0.12444522564485652,1.0806864983971791,0,3.0193275934793635
2019-10-09,44,20322,563,Employed,High School,21,10328,12,Widowed,1,Mortgage,120,0.2099599555062421,6,1,0,Other,0,99,1,310,89,101365,37054,1693.5,0.9340684969237077,7,64311,0.17981067768800166,0.1842572770583401,948.9647760689561,0.07081735025081144,0.6308437746054625,0,2.738800038602781
2019-10-10,35,15000,567,Employed,Associate,12,80647,360,Single,3,Other,35,0.0826900521458951,3,1,0,Home,0,93,9,537,298,58033,12079,1250.0,0.8496410611359474,9,45954,0.2943244623211834,0.25,1681.1501325966774,0.027977617905675458,1.3718226479589748,0,5.373489945069468
2019-10-11,47,54142,596,Employed,High School,25,18233,48,Single,0,Other,1310,0.29673152712104583,3,0,0,Debt Consolidation,0,98,23,3699,1023,292002,15221,4511.833333333333,0.6486660273526945,3,276781,0.1754527608155362,0.17233907636314535,528.3230547871796,0.2902832662407209,0.4073545196559101,1,1.6094225628285805
2019-10-13,67,59194,637,Employed,High School,42,28091,36,Married,2,Mortgage,314,0.44736100831507614,5,1,0,Auto,0,93,2,4776,734,92882,51536,4932.833333333333,0.8733180625238597,3,41346,0.15106081002931976,0.14145787260219767,962.0740517639208,0.06364219842583523,0.25863744588668464,1,0.3684655619048154
2019-10-14,42,112228,558,Employed,Bachelor,17,21269,60,Widowed,2,Mortgage,594,0.471124443594176,3,1,0,Auto,0,99,28,1647,371,85555,9751,9352.333333333334,0.6614252958276238,2,75804,0.19849126322704855,0.17954390492540187,539.5652313019921,0.06350677120456165,0.12119371681774682,1,2.1010506201146715
2019-10-15,42,73755,603,Employed,Master,21,26003,12,Widowed,0,Rent,1201,0.3116643133219472,3,0,0,Debt Consolidation,0,95,2,1507,242,153685,25981,6146.25,0.9256359133608684,3,127704,0.16004150141283108,0.1729869812100512,2375.28472122168,0.19537191427060882,0.5817698517583765,0,2.0390761648074274
2019-10-15,34,51253,515,Employed,Doctorate,14,148500,240,Single,0,Mortgage,197,0.16457925021477582,2,1,0,Home,0,100,21,5521,466,59654,11943,4271.083333333333,0.8038006011404428,5,47711,0.28047708674280225,0.25,3115.8511291710665,0.04611333268311714,0.7754650063406379,1,3.5473795692495385
2019-10-16,29,40867,591,Employed,Bachelor,7,15080,60,Married,4,Mortgage,509,0.32535077719195765,6,0,0,Auto,0,100,19,3545,1345,55326,36036,3405.5833333333335,0.9261447741229959,3,19290,0.18190529773809017,0.21482222004946558,412.0659343258696,0.14941657085545146,0.27037821893662844,1,1.3987948600173312
2019-10-16,49,56657,541,Employed,High School,28,4285,36,Divorced,1,Rent,298,0.18556628260069685,1,2,1,Other,0,95,14,7179,1452,139172,37119,4721.416666666667,0.7371568450552523,7,102053,0.1985907772940084,0.2037426817869678,160.06427863281783,0.06310328398242425,0.09699785321064097,1,3.3826365912269503
2019-10-16,29,15000,572,Employed,High School,7,2978,24,Married,0,Rent,83,0.11293299537069232,4,0,0,Debt Consolidation,0,100,17,3511,323,39271,15165,1250.0,0.860733053290686,6,24106,0.17899983573817835,0.17109938704996955,147.39642420847466,0.06634692246203037,0.18416980352396056,1,1.8137727468905283
2019-10-16,40,287599,585,Employed,Master,15,35293,48,Widowed,2,Rent,2366,0.5820205042401593,4,1,0,Debt Consolidation,0,95,24,15313,1358,35222,9031,23966.583333333332,0.5608863844498054,10,26191,0.1811178670642008,0.15940856323983862,999.1448078985296,0.09871666939025281,0.14040400991193785,1,0.1994675562082019
2019-10-17,34,63362,579,Employed,Bachelor,12,9932,12,Divorced,0,Mortgage,710,0.5856923776037272,3,2,0,Debt Consolidation,0,99,5,2184,1711,20688,12636,5280.166666666667,0.8449429136442845,1,8052,0.17180090445655385,0.16800628372167184,904.9061436307908,0.13443999116356864,0.3057858699714313,0,1.8510839988429253
2019-10-19,45,66411,645,Employed,Bachelor,23,148571,240,Single,1,Rent,743,0.5644291587019563,4,0,0,Home,0,96,21,3887,210,26127,6172,5534.25,0.7593209920341238,5,19955,0.2154772062420522,0.21813190211705027,2736.9482351905403,0.13423061289011337,0.6286885389441381,0,1.8167588013442728
2019-10-19,44,79367,610,Employed,Bachelor,21,151785,240,Married,0,Mortgage,673,0.15736948885672705,0,1,0,Home,0,95,22,21783,138,67769,5476,6613.916666666667,0.957007998942764,4,62293,0.23298255672826912,0.2379758917576252,3037.3681226706963,0.10173975484699983,0.560909276660683,0,1.709555167867034
2019-10-22,52,78425,583,Employed,Bachelor,28,32322,36,Single,5,Mortgage,747,0.1337547819284783,5,1,0,Auto,0,99,27,64959,1180,435448,54541,6535.416666666667,0.6782891594250873,6,380907,0.1780958835825274,0.17084578948666196,1153.728467555511,0.11428280020908499,0.2907905913110666,1,1.5412842201678505
2019-10-22,33,44086,588,Employed,Master,15,24159,48,Divorced,1,Rent,168,0.5232505355278213,1,1,0,Auto,0,95,8,3656,490,28284,32609,3673.8333333333335,0.9129396563018173,8,7143,0.1795231134130122,0.21032907059686448,748.5278936655848,0.04571635901854959,0.2494066561745888,1,2.0564605698172462
2019-10-22,36,24420,577,Employed,High School,15,19453,48,Married,5,Other,182,0.6843121433134508,6,3,0,Auto,0,95,20,2177,1291,69723,11158,2035.0,0.8772308257891043,11,58565,0.18496895199585733,0.20965139876746405,602.0109798570946,0.0893909626719057,0.38507415513609755,0,2.5599326511385136
2019-10-23,28,66796,546,Employed,Bachelor,5,4938,48,Widowed,1,Rent,296,0.2995857347330132,4,0,0,Debt Consolidation,0,97,28,7203,1501,91284,84780,5566.333333333333,0.7851605322975987,3,6504,0.20012622954013518,0.22742146204257066,157.57336997354432,0.053167285355047306,0.08147048915822255,1,1.1555207113055643
2019-10-23,34,68571,637,Employed,Master,9,106733,180,Widowed,1,Own,241,0.6691738473157129,5,0,0,Home,0,99,13,3665,6860,30913,40313,5714.25,0.772057078664324,6,3116,0.19939452375923833,0.19362710564702823,1824.492373783887,0.04216788416954639,0.3614001791319517,1,0.8693054744245451
2019-10-26,44,29027,603,Employed,High School,22,24250,12,Single,4,Own,251,0.46400316426596194,0,1,0,Debt Consolidation,0,97,19,4851,322,107191,35363,2418.9166666666665,0.6244674161177065,5,71828,0.1600240532831572,0.16407391243484512,2204.901071555058,0.1037225799786494,1.0148701008526704,0,3.860631773339724
2019-10-28,49,137727,564,Self-Employed,Bachelor,30,117424,360,Single,1,Rent,1735,0.2650432453536898,1,0,0,Home,0,95,28,19697,4302,23999,64441,11477.25,0.925469060046925,11,10824,0.2959183887777238,0.25,2447.795617568319,0.1511554461699301,0.36441056934361243,1,0.9358681895067095
2019-10-28,28,43808,574,Employed,Associate,4,184534,240,Married,1,Rent,255,0.17000416493172932,2,0,0,Home,0,95,23,3258,653,22705,57868,3650.6666666666665,0.7628813017336686,8,1432,0.2510313986065921,0.2459628141678911,3811.6372900051283,0.06983112733911456,1.1136386919229015,0,3.706687675211768
2019-10-29,50,94689,550,Employed,Doctorate,29,30297,36,Divorced,0,Mortgage,601,0.24480793699979994,2,0,0,Auto,0,96,1,3595,7239,50328,43131,7890.75,0.7455069073772151,5,7197,0.19457970924567958,0.21937359540285728,1156.0745918367638,0.0761554788228213,0.22264701642053586,1,1.5629739772735014
2019-10-29,56,126969,577,Employed,High School,36,9985,36,Divorced,4,Mortgage,507,0.32166803850148246,6,2,0,Debt Consolidation,0,98,18,1448,1987,18597,20511,10580.75,0.883834878588377,4,1817,0.18080223484776517,0.1652830681505582,353.6528807335608,0.0479126798497413,0.08133370007168576,1,0.4535452893283962
2019-10-30,44,51678,608,Employed,Bachelor,23,60000,360,Widowed,0,Mortgage,366,0.4221120828891147,4,2,0,Home,0,93,3,5610,2331,14112,21882,4306.5,0.7920759832942919,9,8941,0.27375052912693304,0.25,1250.7471816161872,0.08496807893209518,0.37533306595848803,1,1.5712393984367585
2019-10-30,62,9355,518,Unemployed,High School,40,13881,60,Married,3,Mortgage,235,0.18551157202828308,1,2,0,Education,0,95,14,1106,111,9830,3855,779.5833333333334,0.7802682793805327,10,5975,0.21838458707897487,0.21470487129914484,379.2107659841522,0.3010569018896124,0.7868612353805728,1,4.075716215107866
2019-10-30,30,68920,552,Employed,Bachelor,9,14482,24,Single,1,Rent,723,0.43895562988346426,1,1,0,Debt Consolidation,0,99,5,1720,873,39878,30343,5743.333333333333,0.9015881214421089,6,9535,0.18939518270670022,0.18181975344167592,724.2748372420042,0.12586316950037718,0.2519482685386185,1,1.1478902596389737
2019-10-31,25,25999,576,Employed,High School,7,145266,180,Single,0,Rent,241,0.04939030913798028,1,3,0,Home,0,94,10,438,458,513611,39629,2166.5833333333335,0.7554471377878313,2,473982,0.22997158217686312,0.24786881134738778,3078.2054742744763,0.11118372996040136,1.5312931333394992,1,4.843428605467748
2019-10-31,18,37585,551,Self-Employed,High School,0,16960,84,Single,0,Mortgage,194,0.2474236825673133,3,1,0,Education,0,95,4,3800,2552,173383,20808,3132.0833333333335,0.7461253362689053,3,152575,0.20993466796746796,0.20793710433439985,384.76430278116237,0.061919834029310845,0.18472675036236794,1,1.395551598490386
2019-11-01,57,62806,596,Employed,Associate,32,5715,12,Married,4,Mortgage,320,0.10403041171150162,3,2,0,Other,0,96,12,660,133,10009,2780,5233.833333333333,0.8125837029417109,8,7229,0.16316275613476244,0.16394424631640114,519.5941551874354,0.061128975771275754,0.1603860336567421,1,1.1839067826996206
2019-11-01,47,35251,632,Employed,Master,23,19348,60,Divorced,2,Rent,370,0.1605205898657742,2,0,0,Education,0,94,19,2482,485,17465,2625,2937.5833333333335,0.9889807771833421,4,14840,0.16146759900438398,0.17809494266754397,489.3091123380289,0.12591101154184273,0.2924229177340653,1,1.4918000345459617
2019-11-01,39,164998,610,Employed,High School,19,213959,360,Married,2,Other,1513,0.2938013400113633,4,1,0,Home,1,95,26,20018,2195,38095,2393,13749.833333333334,0.8222587070499312,6,35702,0.2730683860901613,0.25,4460.143603856963,0.1100296951699897,0.43438411760671203,1,3.3073542282913766
2019-11-02,43,18648,546,Employed,High School,21,13121,120,Divorced,1,Mortgage,148,0.13628627636964286,2,1,0,Education,1,97,4,1686,44,70103,4960,1554.0,0.7800646805830596,5,65143,0.2243705113724762,0.25,298.49350022173394,0.09517684887459807,0.28713408374388033,0,3.655855432587582
2019-11-04,26,19653,604,Employed,Bachelor,4,28177,120,Married,0,Mortgage,130,0.24888601754827988,1,1,0,Education,0,99,11,693,237,66964,25990,1637.75,0.775799602699955,3,40974,0.1955615742026533,0.17005947021492712,489.8158308911726,0.07932875667429443,0.3782247633203189,1,2.3403420276306295
2019-11-04,69,119292,625,Employed,Bachelor,45,257752,300,Married,2,Mortgage,1510,0.16457391357569554,2,0,0,Home,1,94,26,1784,490,47196,22303,9941.0,0.6632803861921105,4,24893,0.24561493926024922,0.25,5380.909842713384,0.15188090927378797,0.693111028235102,0,2.8319632629156386
2019-11-05,41,77472,600,Employed,Master,17,207976,300,Married,2,Rent,457,0.31710248396446306,2,1,0,Home,0,94,7,7272,144,38448,22027,6456.0,0.7647594985437512,5,16421,0.25806129569391156,0.25,4341.770793041988,0.07077590212172835,0.7431889101815067,1,2.4228305235501724
2019-11-05,41,24013,617,Employed,High School,20,88763,300,Married,2,Mortgage,246,0.24923205427719733,2,0,0,Home,0,100,23,4163,354,12480,15633,2001.0833333333333,0.861507446863038,4,4891,0.249348434110344,0.25,1853.0436247585587,0.12287200832466182,1.0484296981104142,1,3.299175252038989
2019-11-06,48,80971,561,Employed,Bachelor,25,146396,360,Divorced,1,Rent,534,0.16049309527776623,4,0,0,Home,1,95,5,2383,1156,25094,9720,6747.583333333333,0.5589833817954606,5,15374,0.297473519347124,0.25,3051.7397399980555,0.07912771816307126,0.5313322163908063,0,2.9828612051542285
2019-11-06,45,108478,572,Employed,High School,22,259903,240,Married,5,Mortgage,453,0.3949569812820137,1,0,0,Home,0,94,21,9399,1630,29792,12852,9039.833333333334,0.9092083083983137,5,16940,0.2521170169027615,0.25,5453.326976598974,0.05010600055304636,0.6532945314700681,0,1.818314942183328
2019-11-08,42,40465,588,Employed,High School,17,21488,60,Single,0,Rent,640,0.29467969454855103,2,2,0,Auto,0,91,23,10268,1000,11268,18275,3372.0833333333335,0.889193641428708,2,1999,0.18349382411382065,0.15732024959915467,519.491803166371,0.18973738172295376,0.3437483419718964,1,2.033920454779046
2019-11-13,30,240167,505,Employed,Bachelor,6,49424,48,Divorced,0,Own,1070,0.38735430774270335,1,4,0,Auto,0,100,4,12549,1365,23412,43779,20013.916666666668,0.8646679806457148,4,10416,0.22120205291200967,0.23217606240112648,1590.0102370730015,0.0534601276547908,0.1329013895672645,1,1.0730889705848345
2019-11-16,45,18860,488,Employed,Bachelor,21,18839,24,Widowed,4,Rent,113,0.5407065090601273,1,1,0,Debt Consolidation,0,100,15,661,2170,222583,46864,1571.6666666666667,0.7324864715875188,8,175719,0.2214609343870326,0.20565454945862421,964.0380326782266,0.0718524798643493,0.6848482615588553,1,2.982943227350498
2019-11-26,62,14746,656,Unemployed,Bachelor,39,21539,60,Married,2,Rent,80,0.4662382484925539,2,0,0,Education,1,96,27,2532,318,43639,23894,1228.8333333333333,0.954982111845432,3,19745,0.14949441673767758,0.1634739920768645,527.7706958402343,0.06504946469711344,0.4941894802874924,0,4.517887323986047
2019-11-27,56,86681,564,Employed,Associate,31,11484,24,Single,1,Own,321,0.09207659896071087,1,1,0,Debt Consolidation,0,97,17,2163,6024,83226,3498,7223.416666666667,0.9366152153979593,3,79728,0.18333719927878078,0.15925515519347386,561.8837386483734,0.0444326531553874,0.1222083082115105,1,1.2063408437334469
2019-11-28,59,56366,605,Employed,Associate,36,35594,180,Single,3,Mortgage,330,0.2249236871008153,2,0,0,Education,0,97,20,803,201,307794,18418,4697.166666666667,0.8462939132498974,6,289376,0.21511999011438449,0.2053513680029051,639.2535042242818,0.07024016460321401,0.20630462326956225,0,1.9920587985072125
2019-12-02,33,40701,581,Employed,Associate,12,200844,240,Single,1,Rent,752,0.1633447105588318,6,0,0,Home,0,93,25,4786,339,263666,27026,3391.75,0.7050825893754216,6,236640,0.2475525721863195,0.2331786451338765,3941.591711359309,0.22164910470856974,1.3834180860244079,0,3.8421590847604814
2019-12-03,28,37724,539,Employed,Doctorate,3,26765,72,Single,0,Rent,198,0.26039425684886375,4,1,0,Auto,0,98,16,1311,1438,18539,9523,3143.6666666666665,0.6447279166534181,4,9016,0.21204872192608906,0.215955435894956,666.0902182502851,0.06296374814500742,0.2747795902852295,1,2.0421448523429846
2019-12-03,38,52893,534,Employed,High School,14,14057,60,Divorced,2,Mortgage,770,0.41557935318705,2,0,0,Debt Consolidation,0,100,16,2011,809,82097,155747,4407.75,0.5271132653170824,4,1574,0.21038773672693395,0.20469561461861843,376.10671772097567,0.1746526793308761,0.25996182993387595,1,1.2897602046858014
2019-12-07,40,10169,544,Unemployed,High School,18,100423,120,Single,0,Mortgage,151,0.041199889706181145,6,1,0,Home,0,96,10,477,112,140232,11585,847.4166666666666,0.8774653888153123,6,128647,0.22587928912537453,0.2352643892099379,2181.063593177879,0.1779785875650722,2.748724400170371,0,8.135896918301784
2019-12-09,53,87042,557,Employed,Associate,31,214800,360,Married,0,Own,340,0.2979635400865162,3,1,1,Home,0,99,27,2831,265,27233,15196,7253.5,0.48858188036923966,4,12037,0.2995693668242749,0.25,4477.6749101859505,0.04686746157557378,0.6640946874610174,0,3.8651079021885266
2019-12-13,19,84590,558,Employed,Bachelor,0,28556,36,Married,0,Mortgage,471,0.22257858718671972,2,1,0,Auto,0,94,28,17957,3381,94471,16358,7049.166666666667,0.9114181958251378,6,78113,0.19056491434222986,0.21983678490217506,1090.3254799146289,0.06680693127822036,0.22145937163395127,1,1.7251536248899004
2019-12-14,58,27044,485,Employed,High School,35,23413,48,Divorced,1,Rent,100,0.24638977203083953,5,0,0,Auto,0,94,29,7441,996,54235,6039,2253.6666666666665,0.6040193492544814,5,48196,0.2310152723532599,0.2463526526616407,771.5525960263417,0.044352454169130695,0.386554965712452,0,2.8388509447679207
2019-12-14,38,51320,634,Employed,Master,15,18422,48,Single,0,Mortgage,236,0.09760666590231633,2,4,0,Auto,0,98,26,16122,1256,98778,3788,4276.666666666667,0.772644027088597,5,94990,0.1564553387907494,0.1411100779984795,504.4347789455654,0.05517026416270552,0.1730931455494971,1,2.1240570122989593
2019-12-15,34,23778,604,Employed,High School,11,71521,360,Married,3,Mortgage,107,0.041997904736105936,2,1,0,Home,0,100,16,3691,278,75215,12516,1981.5,0.8454126271008076,1,62699,0.2757944400934156,0.25,1490.9114862728554,0.053972257250945774,0.8060083159005575,0,3.405928208423471
2019-12-17,27,36090,579,Employed,Master,1,171826,240,Single,2,Own,98,0.044089083476142904,3,1,1,Home,0,95,14,3002,227,155500,1088,3007.5,0.6414750478265177,5,154412,0.24851356085891796,0.2488272784246281,3588.965008211944,0.03257437261093568,1.2255160406222185,0,5.878418684991057
2019-12-18,20,73933,560,Employed,High School,0,7383,36,Single,0,Rent,1112,0.18775209812403926,5,0,0,Debt Consolidation,0,96,15,921,1346,25436,26099,6161.083333333333,0.9033841575196789,6,5569,0.18922676769404567,0.20199091015394102,275.1282571747206,0.18045844884711612,0.22510702665625326,1,1.2656405038715057
2019-12-20,49,52082,523,Employed,Bachelor,26,27176,36,Married,2,Mortgage,408,0.4996992133726507,1,1,1,Auto,0,98,10,2253,268,76561,13906,4340.166666666667,0.7096925637508223,8,62655,0.20805253157658438,0.20637867188847,1018.8116778109628,0.09398395208661266,0.3286700989313847,0,4.768415602904678
2019-12-21,40,283651,591,Self-Employed,Master,16,42304,60,Married,3,Own,715,0.03818587875800121,5,1,0,Education,0,95,2,77293,1551,315447,11554,23637.583333333332,0.6970769011494637,7,303893,0.18216316514033964,0.18797569500611744,1092.6824246628694,0.03024715948149741,0.07647169033661222,0,0.011544488243324436
2019-12-22,24,35851,541,Employed,High School,4,18903,60,Single,2,Mortgage,282,0.4499534958586713,1,1,0,Education,0,98,1,1210,2429,102967,33378,2987.5833333333335,0.9427579056432558,4,69589,0.20696178220471667,0.25,554.8280657857209,0.09435908875442656,0.2800082756442197,1,1.935556500682031
2019-12-23,24,54308,577,Employed,Doctorate,1,44610,84,Married,0,Own,252,0.3188021778089109,5,0,0,Education,0,94,9,12884,163,128335,10431,4525.666666666667,0.6396282362248715,3,117904,0.1971764339360924,0.21316977488072944,1026.2948035036725,0.0556701030927835,0.2823920773572178,1,2.2364143564831918
2019-12-23,35,47302,587,Employed,Associate,9,136176,240,Single,0,Own,87,0.16094735285446388,3,0,0,Home,0,98,22,2608,1788,19971,8690,3941.8333333333335,0.8720288339867232,7,11281,0.2444554276972819,0.25,2857.2669586935967,0.02206535063617534,0.7467388828744803,0,2.453027282586277
2019-12-24,60,51883,659,Employed,Master,38,27671,120,Widowed,3,Own,1607,0.3068073064375456,2,0,0,Education,1,96,2,186,4438,8223,3747,4323.583333333333,0.7349851581407909,3,4476,0.16805704408765426,0.18064772352779396,499.74492124896074,0.3715964929183929,0.4871555844491287,0,3.066718640334617
2019-12-24,36,40830,616,Employed,Bachelor,15,125219,240,Married,0,Mortgage,317,0.23371666485138298,4,0,0,Home,0,92,7,4043,1773,54300,4876,3402.5,0.9144195799448508,3,49424,0.22993445686732486,0.222656428239412,2351.923089523897,0.09313941530777141,0.7841701452986329,0,3.3470942274377404
2019-12-27,21,11079,589,Unemployed,Associate,0,17712,48,Divorced,0,Rent,120,0.02655314066972196,4,0,0,Auto,0,93,20,3172,489,181584,57458,923.25,0.8920014527767814,4,124126,0.17894551352806315,0.17616371318745974,516.7461290129894,0.12983500135244794,0.6889327876797289,0,4.315723394454178
2019-12-28,37,49239,606,Employed,High School,17,31794,84,Single,2,Own,132,0.5224379140292209,3,0,0,Education,1,97,9,2446,594,41401,10726,4103.25,0.5960831548720273,3,30675,0.18259176608092537,0.18757845770675657,682.4380035323248,0.03216178351708595,0.19843771786132056,1,2.8114330352886805
2019-12-29,36,30969,496,Self-Employed,Associate,15,122520,300,Divorced,0,Mortgage,103,0.30486911237118286,2,0,0,Home,0,100,27,5546,311,42758,18690,2580.75,0.8207255034437047,3,24068,0.30992900943071156,0.25,2557.7651150301213,0.03989541977340951,1.0306052541997177,0,3.3525782347754305
2019-12-30,18,21222,552,Employed,High School,0,128068,240,Married,5,Rent,369,0.19964967025324054,7,1,0,Home,0,93,13,208,43,25778,12811,1768.5,0.7124596067732739,6,12967,0.26194008111503997,0.25,2687.143585257105,0.20853348403503816,1.7271226816937582,0,5.259486841466892
2019-12-30,39,4474,546,Unemployed,High School,19,163119,300,Single,3,Rent,341,0.19545626828852827,4,2,0,Home,0,100,12,223,341,33721,40714,372.8333333333333,0.7031948784399014,5,8740,0.2850005603513121,0.25,3405.3222967564343,0.9121711992866697,3.0,0,8.07196154994895
2020-01-02,37,40718,487,Employed,High School,14,79192,240,Married,2,Own,419,0.09044533387097861,2,0,0,Home,0,98,6,2608,522,45331,9062,3393.1666666666665,0.8613117400206788,6,36269,0.2943199107975145,0.25,1661.6194115913474,0.12344709059661184,0.6129985990448361,0,2.9971044640186877
2020-01-03,48,119695,629,Self-Employed,Associate,24,35896,48,Married,3,Other,484,0.12020364140101046,4,0,0,Auto,0,99,7,10066,1143,171044,8075,9974.583333333334,0.8131635838803659,5,162969,0.15912210225138126,0.14485860717809987,989.6822738992308,0.048518465920957,0.14772893219937655,1,0.5595411578457568
2020-01-04,62,27349,667,Employed,Bachelor,41,16727,36,Widowed,1,Mortgage,410,0.13098100050659567,1,1,0,Other,0,96,19,5542,514,238091,4245,2279.0833333333335,0.7660297614551297,3,233846,0.13593120981027712,0.15207222052906655,581.545802540513,0.1798179891085852,0.43487261541925204,1,2.0047923643791936
2020-01-08,53,39496,573,Employed,High School,27,14971,48,Married,3,Mortgage,349,0.5488460231627325,4,1,0,Auto,0,98,15,3905,807,29245,26835,3291.3333333333335,0.6802734866109482,6,2410,0.1869034842672561,0.1796850978005217,439.5268093515615,0.10600384732206135,0.23950394128325245,1,1.6306206474125153
2020-01-10,36,46033,580,Self-Employed,High School,12,12738,36,Single,2,Own,451,0.13072577793388027,0,1,1,Auto,0,100,6,728,468,16242,46203,3836.0833333333335,0.9714144094080664,3,8831,0.17936310585827747,0.13210163208569048,430.4841340950318,0.11753719187751113,0.22972764923749334,0,3.1248164636003004
2020-01-10,26,15000,604,Employed,Bachelor,1,6191,12,Married,0,Mortgage,201,0.1515153104673591,0,1,0,Debt Consolidation,0,97,17,1106,1650,32372,37688,1250.0,0.8599390348452203,4,4972,0.1591827533538174,0.14920730629117657,558.5576644220097,0.1606714628297362,0.6071604032150357,1,2.620869331721141
2020-01-10,70,35878,601,Employed,High School,49,17067,84,Married,4,Mortgage,119,0.3477521126942222,2,2,0,Education,0,94,5,3414,1430,58907,56421,2989.8333333333335,0.8373759934777473,10,2486,0.18493624016107696,0.20043349057664775,379.43880751426656,0.039788241850097515,0.16665549429287263,1,1.8207698928765372
2020-01-11,40,29424,598,Employed,High School,16,5082,36,Single,3,Rent,114,0.22130416830696414,6,2,0,Other,0,100,10,235,1384,91089,23912,2452.0,0.5603490934008977,5,67177,0.17013341422936173,0.15946371914715438,178.53351847571196,0.04647370566653078,0.11925540908100773,1,2.137029197838288
2020-01-12,40,34926,543,Self-Employed,High School,20,15695,48,Married,4,Rent,191,0.04713070063602906,3,1,0,Debt Consolidation,0,98,15,1745,604,22324,37350,2910.5,0.8684229326419518,4,7976,0.2019152902954513,0.2065427831049834,483.0928176249433,0.06560192340717844,0.23152767220502948,1,2.7992179165767594
2020-01-12,39,54729,575,Employed,Master,15,12428,60,Married,2,Mortgage,533,0.32863072654716363,2,1,1,Debt Consolidation,0,97,5,2042,1752,729575,50478,4560.75,0.9472674723371194,5,679097,0.18985694693268637,0.18144332695763526,316.5661332027695,0.1168411245684222,0.18623689005376654,1,3.534609789231041
2020-01-14,42,55217,569,Employed,Master,19,12719,24,Divorced,1,Own,195,0.23989326642771602,6,1,0,Other,0,100,18,1497,432,41900,7577,4601.416666666667,0.8499322286725205,3,34323,0.18086273270922354,0.17578623140402766,632.3980899603212,0.04236904524796755,0.1797747031364655,1,1.1860570272099622
2020-01-16,38,28355,611,Employed,Associate,14,197199,180,Married,0,Mortgage,183,0.1211197760731337,4,0,0,Home,0,100,6,2436,1059,65041,69835,2362.9166666666665,0.7360843576513132,3,2974,0.21254799343028766,0.2308141689360878,3920.070298195771,0.07741389642894914,1.7357085197006823,0,4.813411639220136
2020-01-18,33,64661,468,Employed,Bachelor,13,36713,84,Married,0,Rent,418,0.5497688998962968,3,1,0,Education,0,98,11,1068,1011,91692,33590,5388.416666666667,0.8058484317992604,5,58102,0.25162772835817265,0.25,929.2660885390079,0.07755941428416804,0.24998365720575963,0,2.3818256989600988
2020-01-18,33,150642,549,Employed,Bachelor,12,37733,36,Single,0,Mortgage,1499,0.2540625528984446,5,0,0,Debt Consolidation,0,94,3,11928,1040,20318,57636,12553.5,0.848362369656567,6,4270,0.1951345792059429,0.1865326384249205,1376.535618454132,0.11939941853518658,0.22904421669155536,1,0.7435917979068205
2020-01-20,39,106237,454,Employed,Bachelor,15,51544,60,Single,0,Own,1051,0.13604241708037784,2,1,0,Education,0,95,4,9702,1993,178449,46009,8853.083333333334,0.7863873265686078,2,132440,0.2507125526228826,0.2304027428127417,1454.2425738466561,0.11870229366864629,0.2829477066716851,0,2.0027312574670906
2020-01-22,33,15082,455,Employed,Bachelor,12,2055,36,Divorced,2,Rent,97,0.2072772145180908,2,1,0,Other,0,97,3,2643,245,340947,4477,1256.8333333333333,0.8706242025191652,5,336470,0.24140712940664377,0.25,81.70644222708029,0.07711673512654035,0.14207481825393956,1,2.412797897864202
2020-01-23,31,65929,536,Self-Employed,Bachelor,8,155355,360,Widowed,2,Mortgage,959,0.3208185442546808,3,0,0,Home,0,96,1,1118,12920,25462,46423,5494.083333333333,0.8868347667690253,6,1229,0.3099883686341352,0.25,3238.4971399997125,0.17451964635052547,0.763864146433881,0,3.1671733207033563
2020-01-23,41,36718,577,Employed,High School,21,22898,36,Married,1,Other,144,0.1701299555711269,2,1,0,Auto,0,95,17,425,1089,135707,28126,3059.8333333333335,0.6299799940947265,3,107581,0.18100971213011666,0.19455655854716375,844.6341027552677,0.04704601143479444,0.32299507849341713,1,2.1805128613521614
2020-01-23,36,46361,546,Employed,High School,12,24959,24,Divorced,1,Other,565,0.40155800570112715,4,1,0,Other,0,96,21,3198,4320,41574,13926,3863.4166666666665,0.8716811564940278,4,27648,0.19253125745562083,0.22509303758901583,1301.112838483235,0.14620576628641668,0.4828963850041796,0,2.4729585807732413
2020-01-24,58,48273,583,Employed,Associate,38,18868,48,Married,1,Rent,258,0.13458824238530118,4,0,0,Auto,0,100,14,1892,2872,36749,36528,4022.75,0.8239141215695127,4,5273,0.18196131891069692,0.2035595914030195,577.7445291847554,0.0641192917054986,0.20770289634911596,0,2.4765185048665725
2020-01-25,18,49986,601,Employed,Master,0,16404,24,Widowed,2,Own,383,0.1326628698382395,1,1,0,Debt Consolidation,0,97,26,47539,996,53072,40729,4165.5,0.7580189444827315,7,12343,0.16492633536134882,0.15862374576841784,802.1125775919385,0.09192367694707788,0.28443839615791155,1,1.3836043573991643
2020-01-28,53,62827,636,Employed,Bachelor,29,326921,300,Single,5,Mortgage,496,0.19862275510326338,2,0,0,Home,1,95,22,5186,774,59422,90362,5235.583333333333,0.915087171435836,5,2625,0.24017436922232901,0.25,6824.903111090125,0.0947182482216458,1.3980304800057528,0,4.81167577086022
2020-01-28,54,44870,666,Employed,Master,33,16904,12,Married,2,Rent,349,0.26968796382122423,7,0,0,Debt Consolidation,0,98,5,2482,151,85557,125598,3739.1666666666665,0.7984926931781898,5,6561,0.1284338411787855,0.1293371785037715,1509.2936109998163,0.09331134976159708,0.4968478082972639,1,1.980556788424398
2020-01-29,18,29697,593,Employed,Doctorate,0,5602,24,Married,0,Mortgage,293,0.39727003991456467,4,5,0,Other,0,98,28,1303,238,126545,37072,2474.75,0.7117423318734184,7,89473,0.16865776436189134,0.1703958785280609,277.0821355344795,0.11834797536100172,0.2302664386688799,1,1.4736686182565981
2020-02-02,35,27688,528,Employed,High School,12,11811,48,Married,1,Mortgage,237,0.28515806460471976,1,2,0,Auto,0,96,14,427,1031,45242,35222,2307.3333333333335,0.7390970958121947,3,10020,0.20934421781071597,0.22330502175717795,374.2407385387537,0.10267148014440433,0.2647974318579438,1,2.3797280795615294
2020-02-04,35,63514,501,Employed,Bachelor,14,125886,300,Single,3,Mortgage,663,0.23944600998690643,3,0,0,Home,0,93,4,5825,901,57230,44735,5292.833333333333,0.5296128181687803,8,12495,0.30743578498953705,0.25,2628.0347638808507,0.12524005918836384,0.6216732860021127,0,3.688077310130015
2020-02-04,23,66195,622,Employed,Bachelor,3,159135,240,Married,1,Mortgage,589,0.2987100831014297,4,0,0,Home,0,96,6,3191,1850,240046,12829,5516.25,0.6336836527455478,4,227217,0.22699437861537866,0.25,3338.9964272096813,0.10675608319362001,0.7119482400126297,0,2.853325476869179
2020-02-05,30,169209,621,Employed,Doctorate,11,35596,12,Married,4,Own,367,0.25356912508338597,6,1,0,Debt Consolidation,0,96,9,4724,246,24946,57959,8157.25,0.8604336046743002,6,5864,0.1511200041609066,0.15349609015325436,3218.710102347304,0.04498513774400147,0.43951951734101113,1,1.0313050562599881
2020-02-05,26,35790,621,Employed,Doctorate,3,18918,24,Single,0,Mortgage,289,0.011882109430308973,6,2,0,Debt Consolidation,0,99,20,2052,1081,91942,12331,2982.5,0.8284425603032789,11,79611,0.15496198049677162,0.15687604233238137,923.4628039287642,0.09686609686609686,0.4063894097297684,1,0.9462229103862585
2020-02-06,61,70001,629,Employed,Bachelor,42,149434,300,Married,0,Rent,372,0.16716028377451653,1,0,0,Home,0,94,14,4558,4023,19059,18040,5833.416666666667,0.9450702214088655,7,1019,0.2434786541986647,0.24929638524701403,3110.961503049178,0.0637595875051776,0.596968249276422,1,0.9128630380088554
2020-02-07,51,81356,615,Employed,High School,28,129711,180,Married,0,Mortgage,330,0.44249921569313255,6,0,0,Home,0,96,25,745,264,121814,12651,6779.666666666667,0.9457104447064963,5,109163,0.21044326797180687,0.2376097288005683,2645.9759297881556,0.04866778094582637,0.4388913474272179,1,1.690000073557387
2020-02-07,55,98746,518,Employed,Bachelor,33,10318,36,Divorced,3,Own,603,0.35093461328984865,2,0,0,Debt Consolidation,0,100,10,11902,2749,51280,10348,8228.833333333334,0.7926405165930093,6,40932,0.21031043553377896,0.19236795642689347,379.4532570082267,0.07327001356852103,0.11937705384980174,1,0.9828355487701397
2020-02-08,48,36131,588,Employed,High School,24,32040,36,Married,1,Rent,279,0.169833325441301,2,1,0,Debt Consolidation,0,96,23,808,2658,39799,57936,3010.9166666666665,0.8539587819163239,6,3802,0.1755936929029204,0.1767348199373463,1153.0814426184218,0.09263204493262873,0.4754718012179692,1,2.1997582016747104
2020-02-11,26,37310,555,Employed,Bachelor,4,102657,360,Single,0,Other,298,0.18492349692194796,3,1,0,Home,0,96,13,1696,3844,14025,24368,3109.1666666666665,0.7860073482485985,9,3378,0.300384789588535,0.25,2139.9658903862155,0.09581480092170838,0.7838698538297676,0,2.8723506276695048
2020-02-11,33,61841,596,Employed,Master,11,28638,48,Married,0,Mortgage,740,0.4470875270323935,2,2,0,Auto,0,100,14,11677,717,67783,35078,5153.416666666667,0.801884786478418,6,32705,0.17556563117606597,0.16628332326844486,820.8542475095362,0.14356619727418232,0.3028187956948642,1,1.5146277240712693
2020-02-11,45,22664,602,Employed,Associate,21,15871,24,Single,1,Other,310,0.39956643463562946,3,0,0,Debt Consolidation,0,94,20,7010,949,57124,35820,1888.6666666666667,0.8926337451158387,7,21304,0.16441807795738117,0.1738713620572332,787.653652278994,0.16405009701887457,0.5808715746757773,0,2.252738855204293
2020-02-16,25,35543,528,Employed,Bachelor,2,21936,84,Married,5,Mortgage,297,0.39756539808689306,3,1,0,Education,0,100,26,338,2851,103808,7603,2961.9166666666665,0.8114043406593869,5,96205,0.2214989824969814,0.2090798763872193,499.17870169395417,0.10023906623540993,0.26871451048593586,1,1.836703125572839
2020-02-18,48,75283,605,Self-Employed,Associate,25,6332,12,Single,1,Other,688,0.10644093411586399,3,0,0,Other,0,95,4,4049,2159,21757,6004,6273.583333333333,0.5643023067464485,3,15753,0.1586883823341291,0.15986615533072607,574.4676871059148,0.10964871505412047,0.20120342977981245,1,2.3654022395654244
2020-02-18,37,67083,518,Self-Employed,Associate,14,26386,48,Married,0,Rent,496,0.5834065430014207,2,1,0,Auto,0,97,19,4599,4656,241145,125289,5590.25,0.8419686125893774,2,115856,0.21454515668590285,0.20491722404213739,809.8645441137369,0.08871003800581265,0.23355502689268712,1,1.7342878553705352
2020-02-20,35,38007,557,Employed,Associate,16,26505,24,Single,1,Own,393,0.1636670136956884,5,0,0,Debt Consolidation,0,97,7,439,704,32518,10361,3167.25,0.8834323973459031,2,22157,0.18704628160036016,0.20593347346889948,1356.6884302726514,0.12404324153712618,0.5522570599771645,0,2.6415227452822814
2020-02-21,48,74913,539,Employed,Bachelor,24,17618,36,Single,1,Mortgage,675,0.1754438316897468,4,3,0,Education,0,96,20,8724,2133,23144,30454,6242.75,0.9577829061747882,4,10371,0.19994418328604766,0.17649555136454206,633.8399362877024,0.10810810810810811,0.20962401381985224,1,1.476268253832574
2020-02-24,45,38501,563,Employed,Master,21,10451,12,Widowed,2,Mortgage,264,0.537664043577137,0,1,1,Other,0,94,10,2257,397,126188,18521,3208.4166666666665,0.9098863800721971,5,107667,0.17981363715666013,0.16490571149784647,950.6560718265456,0.08225793887778153,0.3784663064917962,0,4.577344132665592
2020-02-24,35,91288,576,Employed,Master,15,31139,48,Widowed,1,Mortgage,1891,0.40757090900681564,2,1,0,Auto,0,95,20,5785,1486,37323,20600,7607.333333333333,0.8488691902852354,5,16723,0.185586562111347,0.1704377787302751,899.2225890402207,0.24854326396495072,0.366732432294443,0,2.315819951120817
2020-02-26,53,50708,642,Employed,High School,31,280468,300,Married,2,Mortgage,272,0.3384621173776143,3,0,0,Home,0,96,11,1057,1502,290734,42351,4225.666666666667,0.9296743807629315,6,248383,0.23713605462022586,0.25,5855.136029074992,0.06435331230283911,1.449637861768531,0,2.6086086984972487
2020-02-28,27,37810,528,Employed,Master,5,11677,24,Single,4,Other,552,0.20245774355253077,2,0,0,Auto,0,94,7,2982,361,14063,8672,3150.8333333333335,0.8498872100783617,7,5391,0.20134136550221088,0.19337423731475104,590.5374997232185,0.1751361641372746,0.36249933892122627,1,2.004469920121341
2020-02-28,47,38486,533,Employed,Bachelor,25,15781,48,Divorced,0,Own,138,0.6558785024872328,4,1,0,Debt Consolidation,0,96,23,4644,590,50197,15198,3207.1666666666665,0.8379947893356635,6,34999,0.20691665633227027,0.20988122675508852,488.56882271975087,0.04301522156995169,0.19530432418923088,1,2.2072774100225967
2020-02-28,47,38563,579,Employed,High School,24,32808,48,Divorced,3,Mortgage,409,0.3069105877527814,4,0,0,Auto,0,94,12,2285,1584,238164,77010,3213.5833333333335,0.8711976343150907,6,161154,0.1840996145367445,0.20843101124639526,1013.1558840105151,0.12723266364225533,0.4424075335871985,1,2.9327323323426793
2020-02-29,36,34922,502,Employed,High School,11,25385,60,Divorced,4,Own,505,0.1937637340568491,1,0,0,Auto,0,94,18,1090,5221,65577,21324,2910.1666666666665,0.7079316220314994,4,44253,0.226535488279987,0.21942541900150309,700.2770363093628,0.17346997194710026,0.4140185617367709,1,1.8676866493942788
2020-02-29,43,60121,490,Employed,High School,18,21359,120,Married,1,Own,163,0.05608478202210639,2,0,0,Education,0,92,8,2028,148,24613,84929,5010.083333333333,0.9795078987197551,3,1114,0.25249231882326856,0.25,485.9021927624431,0.032527896496100314,0.12949339486054773,1,1.6111472837966558
2020-03-01,24,33885,597,Employed,Master,4,152233,240,Single,0,Rent,256,0.017178543408158633,4,1,0,Home,0,100,23,2204,4696,64127,41854,2823.75,0.9566406324113279,7,22273,0.23948329352243444,0.18851207892585692,2449.6139970950885,0.0906274891583326,0.9578242312045627,0,3.225758660058229
2020-03-04,51,137731,582,Employed,Bachelor,27,309168,360,Single,3,Mortgage,1391,0.09188385781378204,5,3,0,Home,0,96,16,7547,2039,55271,46229,11477.583333333334,0.875404769454141,6,9042,0.28716041083298427,0.25,6444.850077431889,0.12118220163638078,0.6826495787748391,0,1.9081247707163593
2020-03-05,37,114763,614,Employed,Bachelor,12,294146,360,Divorced,2,Mortgage,919,0.5203667950111287,4,0,0,Home,0,94,15,14803,5783,177348,30964,9563.583333333334,0.7747210557276702,9,146384,0.27114795873034064,0.25,6131.704674727916,0.09608364190808102,0.7371679903875843,0,2.9007506139812276
2020-03-06,33,24025,498,Employed,High School,10,31612,84,Divorced,0,Other,205,0.07939099821162106,2,1,0,Education,0,94,1,775,1473,342085,386783,2002.0833333333333,0.9417898455381037,7,1137,0.23659033092684534,0.20249337788762745,706.7360938746773,0.10234222240712236,0.45516633217523517,1,3.2886365109662608
2020-03-08,52,59156,592,Employed,Bachelor,27,5572,60,Married,1,Own,447,0.3183706026808259,3,2,0,Debt Consolidation,0,95,15,912,5429,48348,10919,4929.666666666667,0.7269951556441087,5,37429,0.18115642219689237,0.19497205771948103,146.0694185386581,0.09065711195240671,0.12028179121254556,1,2.1095420147449557
2020-03-08,31,23444,527,Employed,High School,4,12537,12,Married,2,Rent,95,0.1414946546200033,2,1,0,Debt Consolidation,0,91,10,1752,217,46644,4265,1953.6666666666667,0.7967997310952608,5,42379,0.19785912982795847,0.20763392083684742,1165.9441877949369,0.04860163710777626,0.6450942297723073,0,3.4118561582831943
2020-03-09,23,35088,545,Employed,Associate,0,9418,36,Married,0,Own,809,0.197751725860959,2,0,0,Other,0,95,9,1135,537,39537,9386,2924.0,0.6871322297446538,5,30151,0.1967876210512057,0.20747934106438795,353.60607236664634,0.27658119658119656,0.39747216149287057,1,3.8920478991290968
2020-03-12,21,135635,575,Employed,Bachelor,0,41534,24,Divorced,2,Own,744,0.060644947006147996,3,0,0,Auto,0,99,24,15499,2468,76694,17452,11302.916666666666,0.9437314668957834,5,59242,0.17815857293106832,0.15406097308081598,2021.867362464124,0.06581789497740459,0.24468221449475103,1,1.5863290185129524
2020-03-12,47,36263,570,Employed,High School,22,15024,12,Married,2,Rent,318,0.6315388327578397,4,2,0,Debt Consolidation,0,95,15,1906,487,102256,284924,3021.9166666666665,0.8651616381048561,7,7529,0.17640436768985088,0.17301699487000946,1372.412205351372,0.10519641626464508,0.5591990755125146,0,2.5891348193782937
2020-03-15,24,66413,525,Self-Employed,Master,1,178551,300,Married,3,Rent,339,0.6019711888256986,1,1,0,Home,0,98,17,6671,4767,82455,47451,5534.416666666667,0.8230480639710226,5,35004,0.295523158788576,0.25,3727.485464036428,0.06124200225818592,0.7346304187946877,0,3.555400811156386
2020-03-15,61,64896,588,Employed,High School,38,131841,360,Single,2,Rent,146,0.09113162578438071,2,4,0,Home,0,99,16,1228,1153,15744,67367,5408.0,0.9044220678739523,4,8291,0.28394733987873283,0.25,2748.329319524329,0.02699205028655944,0.5350950858798907,0,1.9677084157009512
2020-03-17,18,22546,539,Employed,Bachelor,0,106033,240,Single,2,Own,101,0.17238787173387013,1,0,0,Home,1,98,21,1358,85,20537,2523,1878.8333333333333,0.7862805385953943,4,18014,0.2683928787690951,0.25,2224.801634878085,0.05372816739072613,1.23723821342925,0,5.435885789148642
2020-03-17,60,33941,661,Employed,Associate,34,19458,24,Married,2,Rent,116,0.2566231454268721,2,1,0,Auto,0,97,22,880,346,219227,14103,2828.4166666666665,0.7031614782135912,7,205124,0.13496901624173954,0.12783429926245302,923.0906678956733,0.0409978499690749,0.3672455457470056,1,1.3447333642473882
2020-03-18,42,24549,602,Self-Employed,Bachelor,21,173926,360,Divorced,0,Other,299,0.12103339439678483,2,1,0,Home,0,100,24,378,97,16418,42203,2045.75,0.45898439258443624,1,1838,0.2770165977374838,0.25,3625.6242384962825,0.1460852571149383,1.9174907724423025,0,5.0007541073308035
2020-03-19,38,22982,557,Employed,High School,12,167917,240,Single,3,Mortgage,119,0.07876945112446844,5,2,0,Home,0,100,10,507,351,37274,26592,1915.1666666666667,0.9340791820333167,1,10682,0.2595078077609975,0.25,3523.261778161737,0.06210315734539445,1.9008063554814665,0,4.932101749347753
2020-03-20,33,15000,610,Self-Employed,High School,10,26663,36,Single,2,Mortgage,124,0.31728845817877394,5,1,0,Education,0,94,23,518,644,396855,4582,1250.0,0.6847321573476899,6,392273,0.1645477674049969,0.142521349159716,914.5466891521062,0.0991207034372502,0.8301732127514838,0,3.112035709216286
2020-03-20,44,97835,596,Employed,Master,24,26682,36,Married,3,Mortgage,405,0.2897023259482359,4,0,0,Auto,0,94,16,17728,976,66964,32530,8152.916666666667,0.90605106158043,3,34434,0.1715479454843716,0.14776977624090504,922.0288794304787,0.04966938178993735,0.1627474174289017,1,1.2780089822453404
2020-03-21,39,153233,539,Employed,High School,16,57612,60,Married,3,Rent,1057,0.4515410859289411,5,0,0,Education,0,95,5,4518,1966,67065,10536,12769.416666666666,0.5105163255541781,2,56529,0.2082403758789158,0.25,1690.98844236613,0.08276942151456818,0.21518392970989955,0,1.813077317145068
2020-03-21,53,10940,642,Unemployed,Master,35,25477,60,Married,2,Mortgage,112,0.5463467623542847,4,0,0,Auto,0,96,1,250,249,38887,30982,911.6666666666666,0.6239746783464265,8,7905,0.15653639265341743,0.18768619562721212,657.6480675493717,0.1227173119065011,0.8432959103901079,1,2.9179108599236763
2020-03-21,41,26780,657,Employed,Doctorate,17,97461,300,Married,0,Mortgage,310,0.10322151743337951,4,0,0,Home,0,100,4,1594,591,90728,5911,2231.6666666666665,0.7360348711260091,9,84817,0.22937180445935662,0.25,2034.6257417233974,0.13884741713944462,1.0501458980546718,1,2.2322870743021057
2020-03-22,41,25791,477,Employed,High School,17,116093,300,Married,4,Rent,211,0.4947940473040245,0,3,0,Home,0,99,25,1385,829,157132,21177,2149.25,0.8551443817734556,3,135955,0.319415538871691,0.25,2423.593090917335,0.09812812463667016,1.2252496644191768,0,4.696913975341846
2020-03-24,35,31799,587,Employed,High School,14,304616,240,Divorced,1,Mortgage,168,0.16947428419033123,1,2,0,Home,1,97,8,1014,1368,89610,80683,2649.9166666666665,0.8589297720391416,4,8927,0.24465670263219633,0.2208497030094454,5677.534286048353,0.06337430448586967,2.205099224563209,0,7.3656757362856915
2020-03-24,39,27370,592,Employed,Bachelor,16,135732,120,Single,4,Rent,295,0.4608386477696727,2,3,1,Home,0,97,26,1215,5013,48127,15011,2280.8333333333335,0.934155630097207,9,33116,0.2019546112499379,0.18583750306188324,2496.928547988673,0.12928201007961435,1.2235462192631683,0,5.255679136270345
2020-03-27,43,102871,560,Employed,Doctorate,17,31122,84,Married,1,Own,729,0.21600765341255052,3,1,0,Education,0,93,26,14251,2234,42322,89524,8572.583333333334,0.9737744066686397,7,3685,0.20558642559366858,0.20689339131311876,704.076945433359,0.08502862474850072,0.1671502905747335,1,1.0721262634372848
2020-03-28,19,77660,624,Employed,Master,0,10280,24,Single,0,Mortgage,554,0.08858687027727284,2,1,0,Debt Consolidation,0,100,2,7926,3112,57957,6756,6471.666666666667,0.7134879098595913,3,51201,0.1533095132026357,0.16026949980489935,503.47316118074787,0.08559068905139561,0.16337519227223418,1,1.171780814062311
2020-03-29,23,23292,583,Employed,Bachelor,3,25751,36,Divorced,3,Mortgage,79,0.3031901453362507,9,1,0,Auto,0,97,2,2180,91,90033,14509,1941.0,0.7817882632594603,6,75524,0.17803906689324467,0.15492627619614377,898.8916014440284,0.040679711637487126,0.5035487134109312,0,2.91224095149801
2020-03-29,48,80237,585,Employed,Bachelor,23,50508,36,Divorced,3,Mortgage,546,0.08660700451346161,2,0,0,Auto,0,93,8,1282,1054,7080,34908,6686.416666666667,0.8787822805839504,7,1966,0.1772074767043016,0.1709440571944397,1803.12193512908,0.08164587720719262,0.35127494699683437,1,0.6810839322625697
2020-03-29,42,111206,581,Self-Employed,High School,16,11677,24,Single,3,Rent,922,0.46756468536245693,3,2,0,Debt Consolidation,0,91,12,104074,1629,105703,11451,9267.166666666666,0.8910922615248834,3,94252,0.17484136550221088,0.16871913594233431,576.6189125447319,0.09948029995144672,0.1616952916842308,1,1.8953629825049219
2020-03-31,37,159218,620,Employed,Doctorate,14,349212,360,Single,0,Rent,1964,0.030228407216427132,6,5,0,Home,0,93,13,23776,1105,142170,15840,13268.166666666666,0.7249641756607196,5,126330,0.26819085933255105,0.25,7279.5987464425325,0.14801230923820888,0.6966224012893952,1,2.5170752652234722
2020-04-01,40,300000,529,Employed,Doctorate,15,178027,360,Single,3,Rent,692,0.28670915756313925,7,1,0,Home,0,97,19,14997,1924,47272,6758,25000.0,0.7892650052121714,7,40514,0.3135224240300685,0.25,3711.112808359749,0.027678892844286228,0.17611746763568453,1,1.648148137485103
2020-04-02,44,28652,572,Employed,High School,19,34473,84,Married,2,Other,632,0.14762232011825457,3,2,0,Education,0,89,5,466,494,30385,4090,2387.6666666666665,0.913127819476557,6,26295,0.19961199017392858,0.20278130438159678,771.2979627838569,0.2645827518838962,0.5874817036493958,0,2.494016299786604
2020-04-03,33,228489,607,Employed,High School,12,28349,120,Single,1,Mortgage,1332,0.2594866769654627,4,3,0,Education,0,93,25,23071,1986,25057,30381,19040.75,0.8102365448279966,7,3552,0.19406309557728899,0.23597615610351078,617.105286739209,0.06995155382252156,0.10235956709541975,1,1.6023894325445656
2020-04-05,30,31645,503,Employed,High School,8,11279,60,Married,4,Mortgage,104,0.29294304933094595,5,0,0,Education,0,98,18,1000,8195,9195,15763,2637.0833333333335,0.7291705217120366,1,8693,0.22583269663126299,0.2077189151936817,303.6893440714695,0.03942256057112171,0.15453997943133063,1,1.692659380049989
2020-04-06,42,5313,603,Unemployed,High School,17,26710,36,Married,2,Own,105,0.16800206405536972,1,0,1,Debt Consolidation,0,95,24,736,549,60284,70801,442.75,0.9066673143254363,5,2393,0.16804820768614115,0.17310092402534305,956.4115547318518,0.23661971830985915,2.391913362776004,0,8.59501553294202
2020-04-07,28,50621,532,Employed,Master,2,136059,300,Married,0,Rent,727,0.3779595782896574,1,1,0,Home,0,91,18,492,7189,79044,7048,4218.416666666667,0.9886042062054152,2,71996,0.2919552128109748,0.25,2840.4094334466477,0.17229869847727766,0.8454745561463822,0,2.7676856496589304
2020-04-08,44,30055,571,Employed,Associate,20,12784,48,Divorced,1,Rent,395,0.13306185437433157,3,0,0,Auto,0,95,3,453,2567,135957,14236,2504.5833333333335,0.7366258162201906,6,121721,0.1878640069719313,0.22771771383837047,408.1491159196148,0.15764791964612365,0.32054376529202705,1,1.7141589532321877
2020-04-08,19,54041,486,Employed,High School,0,173054,300,Married,2,Rent,385,0.3290859087909573,1,0,0,Home,0,96,7,4373,547,731975,10772,4503.416666666667,0.6940809840849571,6,721203,0.3150153411855074,0.25,3612.7284052923815,0.0854716666975006,0.887513012478652,0,2.53125143345851
2020-04-09,52,22901,576,Employed,Associate,26,15180,24,Divorced,3,Own,174,0.18834842503317162,3,1,0,Debt Consolidation,0,99,23,3269,456,65514,8431,1908.4166666666667,0.7175328080120312,5,57083,0.1774069499812332,0.16194356334641608,744.6704833162544,0.09112730764194998,0.48112625146401833,1,2.683553087569674
2020-04-10,45,55969,597,Self-Employed,Doctorate,24,22532,60,Single,0,Mortgage,220,0.04479239857279531,3,0,0,Debt Consolidation,1,98,5,5794,695,172905,83075,4664.083333333333,0.662558712363423,4,89830,0.17900568404508851,0.16354679434391364,552.1897277504426,0.047158857469498584,0.16552538777451833,1,2.5422378523032076
2020-04-10,43,100362,579,Employed,Bachelor,21,182195,240,Single,3,Rent,1372,0.4100860518858925,3,1,0,Home,0,98,1,10041,1639,11931,8154,8363.5,0.714819058623375,7,3777,0.24852820957741753,0.24269462428242453,3715.221083904482,0.16402654073764122,0.6081918923909955,0,1.7653623290118257
2020-04-10,51,51623,567,Employed,Associate,28,146488,240,Married,3,Mortgage,222,0.16421369949891634,1,0,0,Home,0,99,18,2525,373,37406,22076,4301.916666666667,0.6978725370559861,4,15330,0.254473676404824,0.25,3073.6350182492333,0.0515929117846422,0.7659072377068035,0,2.9787742852913563
2020-04-11,59,55445,597,Employed,High School,33,139644,180,Married,0,Own,597,0.15099212882467494,4,0,0,Home,0,91,7,1926,684,164603,26139,4620.416666666667,0.91016400456224,2,138464,0.21946171469173428,0.20821095583847474,2537.6863623681948,0.12918116739095153,0.6782955505782559,1,3.271680313583616
2020-04-13,52,77077,574,Employed,Doctorate,28,184146,240,Single,0,Rent,1070,0.38178145875519004,3,1,0,Home,0,100,24,5370,2120,69233,8007,6423.083333333333,0.4829796265771144,6,61226,0.25103087240766836,0.25,3863.7812931470385,0.16656072850860695,0.76801327709225,1,2.420772436506094
2020-04-14,18,93960,581,Employed,Master,0,32126,60,Married,2,Mortgage,679,0.08575558252467512,2,1,0,Auto,0,100,22,11150,2517,184098,49552,7830.0,0.9328386800962657,5,134546,0.18709436301926724,0.19653530956083382,844.9610962365598,0.08670667858511046,0.1946061928536023,1,1.0923108295839548
2020-04-14,24,15000,563,Employed,High School,1,25450,60,Married,3,Mortgage,261,0.5050143139838732,0,3,1,Education,0,95,3,898,423,179338,7052,1250.0,0.9272645363664151,2,172286,0.19603612757848438,0.2048713248002932,681.1860313528912,0.20863309352517986,0.7531463080358842,1,5.23479447871821
2020-04-14,32,57651,487,Employed,High School,9,8545,24,Divorced,2,Mortgage,1025,0.3273008388030791,2,2,0,Other,0,88,19,10092,1042,329456,68149,4804.25,0.9407201615492039,6,261307,0.221763304654051,0.19363232973961428,432.25113727138074,0.2133083606472088,0.3032622937976964,1,2.4819378052147023
2020-04-16,40,31851,588,Employed,High School,16,19964,60,Married,3,Mortgage,257,0.18063912175943053,2,1,0,Auto,0,100,9,1340,1446,126131,11241,2654.25,0.808679644338262,1,114890,0.18347543400487432,0.1913336868850525,519.3433157736667,0.0967893795311176,0.2923804974197031,1,2.078421183855836
2020-04-16,46,57803,568,Employed,High School,28,108300,240,Married,2,Mortgage,374,0.2597456648274888,3,1,0,Home,0,88,3,1131,858,51839,33416,4816.916666666667,0.789176978319294,3,18423,0.2538981674166392,0.25,2272.3681972338486,0.07762691343077055,0.549276457092557,0,2.986176952926319
2020-04-16,31,14690,568,Unemployed,Bachelor,9,125967,180,Divorced,2,Own,156,0.30467347805174294,1,2,0,Home,0,98,22,885,1322,145187,188904,1224.1666666666667,0.8908824500683062,5,3317,0.23393594579635604,0.25,2690.0617140831637,0.12732961501836484,2.3229996305943383,0,5.914484176264979
2020-04-17,42,27766,634,Self-Employed,Master,19,128576,240,Married,0,Rent,135,0.25760645535747057,2,1,1,Home,0,95,3,1611,84,22338,60090,2313.8333333333335,0.7262775205397513,2,10578,0.22094107080641143,0.22571065974670457,2446.354797170854,0.058319533443732446,1.1151363512869985,1,4.747146166537879
2020-04-19,30,23415,593,Employed,Associate,10,60000,360,Married,0,Mortgage,112,0.3974920621708425,4,0,0,Home,0,95,13,1125,867,499767,6093,1951.25,0.7421465656612944,4,493674,0.281250529126933,0.25,1250.7471816161872,0.057369701626328595,0.6980392785842936,0,2.5765203319892622
2020-04-20,32,15891,597,Employed,Master,9,18636,48,Married,2,Other,201,0.3969217081703249,2,1,0,Debt Consolidation,0,95,26,3218,536,36843,1680,1324.25,0.6093761087866172,3,35163,0.17495822603277014,0.1911124606228843,558.3131858482286,0.15166949632144877,0.5729584499892312,1,2.539553577344092
2020-04-21,23,26762,444,Employed,Associate,1,152189,300,Married,3,Mortgage,174,0.18375686034311864,2,1,0,Home,0,97,13,3125,261,58838,88439,2230.1666666666665,0.887186807265695,4,2874,0.33598322125480723,0.25,3177.14426290662,0.07798610592365729,1.5019694911062764,0,4.588663679446803
2020-04-23,28,94374,576,Employed,Bachelor,2,11832,24,Single,1,Rent,785,0.486207223369232,5,0,0,Other,0,90,19,1177,1270,80989,27228,7864.5,0.9694766657443751,6,53761,0.17734466187934617,0.22266344987176345,615.3796858455347,0.09980293687623164,0.17804077119643186,1,1.9202694253789137
2020-04-23,23,39441,556,Employed,Bachelor,0,24813,60,Single,2,Own,132,0.09732114034989553,3,1,0,Education,0,96,28,9548,1205,118100,102860,3286.75,0.6389357730168803,3,15240,0.1995297908222507,0.18359770520198362,634.9534377395884,0.040149038095962285,0.23327608173966644,1,2.2717024084872772
2020-04-23,28,20004,570,Employed,High School,6,21257,120,Married,2,Rent,154,0.20367053076272892,4,0,0,Education,0,92,25,67,959,206276,50805,1667.0,0.9627246068624673,5,155471,0.2124911221435234,0.20674595862887477,420.355722108302,0.09232613908872901,0.34433796289466545,1,2.088062677224423
2020-04-24,52,42476,647,Employed,Associate,30,15245,72,Married,0,Rent,502,0.2284532962036921,1,2,0,Auto,0,95,24,19051,141,27347,21485,3539.6666666666665,0.811736609880896,3,5862,0.15790801811313707,0.14081439973142632,314.79969621748813,0.14178120881189984,0.2306909328424463,1,1.2082383294763819
2020-04-24,28,3102,602,Unemployed,Bachelor,6,14230,48,Single,2,Mortgage,92,0.34009660315470336,7,0,0,Debt Consolidation,0,97,7,670,616,18395,75795,258.5,0.6958412324594042,10,5500,0.1723907944906709,0.14242994633778788,390.59252944254797,0.35452793834296725,1.8597014622063506,0,4.629661003390383
2020-04-26,71,28566,613,Employed,High School,49,10022,36,Single,1,Rent,203,0.3877914520463031,4,3,0,Auto,1,99,3,1233,347,25623,15334,2380.5,0.8806980135967009,1,10289,0.16280315943275622,0.1568199383346513,350.7723504499977,0.08524039470921688,0.23253090508083044,1,2.304201239943147
2020-04-26,45,54664,591,Employed,Associate,22,19108,60,Single,2,Rent,152,0.37277350931648773,1,1,0,Auto,0,94,11,2686,3233,72517,124187,4555.333333333333,0.8394690394414485,5,4362,0.18196447867681034,0.17732954621445246,482.4460280146134,0.03336015802180116,0.13924486678204992,1,1.0805189048362411
2020-04-27,42,25963,604,Employed,Bachelor,21,109330,180,Married,2,Own,95,0.2126880394225176,6,3,0,Home,0,100,21,1991,79,117101,13832,2163.5833333333335,0.9272079396576439,5,103269,0.21590053381425175,0.20102273408341867,1928.4249555634653,0.04388835418671799,0.9347872749475103,0,2.8520381151200063
2020-04-27,29,118522,643,Employed,Doctorate,9,11038,36,Married,3,Own,1253,0.017244711581351633,4,0,0,Other,0,94,1,6184,26247,110760,14614,9876.833333333334,0.9327246331294471,3,96146,0.1478272974340046,0.12462923878406415,369.0648577914916,0.12684968026051596,0.164212616578348,0,0.27311962411018487
2020-04-27,48,41492,599,Employed,Associate,24,75033,360,Married,1,Rent,251,0.15814387625555887,3,0,0,Home,0,94,2,1895,328,84346,39552,3457.6666666666665,0.8480765548231974,3,44794,0.2783064241557818,0.25,1564.121887970123,0.07257131842713956,0.5248039383105598,0,2.9053701631194673
2020-04-27,33,57619,478,Employed,Master,9,27360,36,Married,1,Rent,1012,0.13809288250293508,4,1,0,Auto,1,100,9,11133,4622,82060,16144,4801.583333333333,0.6004337225977009,7,65916,0.23055421848019406,0.21432041365255702,1036.8689716399658,0.2107199250403429,0.42661809893424707,1,3.8464577632545875
2020-04-28,41,52483,635,Self-Employed,Associate,20,20798,36,Divorced,1,Mortgage,460,0.1257621984361943,4,2,0,Auto,0,96,3,4822,940,179493,47552,4373.583333333333,0.6703094802598372,4,131941,0.15198566504690267,0.14258637592707993,713.4417406545697,0.10515287170206687,0.2682408017497826,0,1.0888771853276085
2020-04-28,70,111902,667,Employed,Bachelor,46,202781,180,Married,3,Mortgage,1030,0.7823962446178189,5,1,0,Home,0,97,5,2238,947,140229,17410,9325.166666666666,0.5562217072101826,1,122819,0.1845549716973409,0.1923813213173502,3447.8344345347728,0.11044194649462981,0.4801366514861168,1,1.0491623728681039
2020-04-30,38,93104,533,Employed,Bachelor,17,236803,300,Married,1,Own,383,0.6912048825073518,3,1,0,Home,0,95,4,10191,2330,14533,34761,7758.666666666667,0.8601438335968327,8,4634,0.29159374701843527,0.25,4943.572090552381,0.04935779028308776,0.686443415595908,0,2.5187974339742505
2020-04-30,53,76677,598,Employed,Master,30,216119,360,Divorced,0,Rent,446,0.10136884511617615,2,2,0,Home,0,95,8,6759,4120,94787,78603,6389.75,0.8915978868853252,2,16184,0.2790708972719895,0.25,4505.170502395145,0.0697883659977311,0.7747401325971358,0,1.6997666129769091
2020-04-30,31,65790,525,Employed,Associate,7,17354,36,Widowed,5,Mortgage,322,0.4613671048625234,3,0,0,Debt Consolidation,0,98,27,1990,267,109629,25020,5482.5,0.9799227859539061,3,84609,0.206940408982074,0.21254007791957277,656.0785634699238,0.05872161940366554,0.17836756879181614,1,1.9188478911464628
2020-05-01,39,41671,601,Employed,Bachelor,17,20725,48,Married,1,Rent,172,0.47968124934858947,4,1,0,Auto,0,100,17,4802,1613,29149,17752,3472.5833333333335,0.877249415531803,7,11397,0.17298478605743603,0.17772852966813826,606.3396890287415,0.04951658949691721,0.2240739934348511,1,1.3643454734845237
2020-05-04,61,94380,629,Self-Employed,Bachelor,38,25622,48,Divorced,0,Mortgage,929,0.10281697381147065,2,2,0,Debt Consolidation,0,97,22,4207,1790,133610,17530,7865.0,0.9698553730688233,3,116080,0.15903781141615358,0.14249048416280807,703.3641509979303,0.11810322908721078,0.20752150406787823,1,1.1884777475266102
2020-05-04,32,38573,579,Employed,Associate,11,8767,24,Married,2,Rent,419,0.6245303745509134,7,1,0,Debt Consolidation,0,98,6,1612,1318,56804,48618,3214.4166666666665,0.8942327078294672,3,8186,0.17576971600229696,0.18768833062788037,440.94832621741915,0.13030970584424,0.26744537811608216,1,1.6038525570307014
2020-05-04,61,52011,588,Employed,High School,39,151998,300,Married,2,Rent,448,0.18342084310736215,2,3,0,Home,0,99,24,2116,1009,124902,69101,4334.25,0.929273290523913,1,55801,0.26398290730521484,0.25,3173.1568882986317,0.10333890779078485,0.8352821378925395,0,3.11126920397435
2020-05-06,48,43912,570,Employed,High School,26,21670,60,Married,1,Own,205,0.23385891251735022,4,3,0,Education,0,95,17,202,475,16455,3628,3659.3333333333335,0.6398168761088042,9,12827,0.1924959325600531,0.21993196411537247,598.4180007956464,0.05600582824879337,0.2194931247051215,1,2.3360033531464324
2020-05-08,33,29249,579,Employed,High School,12,10052,12,Married,2,Own,243,0.4516167721351004,3,1,0,Debt Consolidation,0,94,20,901,184,20470,42240,2437.4166666666665,0.8735125747810905,4,10142,0.17180390659410136,0.19286855207854506,927.7346345186907,0.09965483066197328,0.4801208302595362,1,2.6435876709443065
2020-05-08,47,40213,529,Self-Employed,Master,25,17624,36,Married,0,Own,109,0.06585023910942604,0,0,0,Education,0,93,17,4282,1512,163447,7757,3351.0833333333335,0.8584297930624328,6,155690,0.20494426840692012,0.21928218736046656,672.4142624280087,0.03251709136109385,0.23311301800214054,1,1.62224051654754
2020-05-11,51,64070,520,Employed,High School,32,39306,84,Married,1,Mortgage,876,0.20316928367141981,4,1,0,Education,0,94,14,3269,2397,134608,13759,5339.166666666667,0.6580039212610612,7,120849,0.2256447894747612,0.23483355294866354,957.1061770293471,0.16403982397553135,0.3432675965848782,1,0.8405030119126857
2020-05-13,47,89397,568,Employed,High School,25,20023,24,Divorced,0,Rent,329,0.18313647691333632,2,1,0,Debt Consolidation,0,93,25,1290,3328,7404,22738,7449.75,0.6853861757298587,3,3873,0.1814761717082779,0.16980481999651667,989.7946815579463,0.04415662852732946,0.1770016013901884,1,0.08280078311024353
2020-05-13,21,89987,441,Employed,Bachelor,0,176130,240,Married,1,Other,362,0.10088866770966948,2,0,0,Home,0,100,6,12322,2649,50244,21662,7498.916666666667,0.8381169974437138,3,28582,0.3175197458288337,0.25,3695.588278659259,0.048267202968921875,0.5410177817965878,1,2.8012508170533463
2020-05-15,31,16965,570,Employed,Associate,9,13399,48,Single,2,Mortgage,170,0.30561043552485045,1,0,0,Debt Consolidation,0,91,23,663,846,5397,19302,1413.75,0.843518839858266,6,4910,0.18837575249648475,0.1592433111332768,379.2123582136658,0.12016257289273723,0.38820452957318663,1,1.6332570954215178
2020-05-16,37,119991,645,Employed,Bachelor,15,288302,240,Single,1,Mortgage,938,0.46866439795950343,2,0,0,Home,0,98,29,1845,9399,441785,29985,9999.25,0.9095056130367806,5,411800,0.21564294182234992,0.18898250316959136,4649.664228358964,0.09379765505862353,0.5587524540245458,1,1.5834992356430797
2020-05-18,39,35269,483,Employed,High School,17,45806,120,Widowed,2,Mortgage,240,0.2989076385806031,3,2,0,Education,0,93,17,16713,103,35252,12524,2939.0833333333335,0.6575754265381678,3,22728,0.25618304804921294,0.25,1042.054208608852,0.08163033927609761,0.43606050007953917,0,2.8370654478000965
2020-05-19,47,85693,631,Employed,Doctorate,24,117860,300,Divorced,1,Own,347,0.23608026620738848,1,1,0,Home,0,100,26,1560,158,44546,37989,7141.083333333333,0.8992979122224449,4,6557,0.2424193153107497,0.25,2460.4815251179402,0.04858526340353538,0.39308999826632385,0,1.2350938600862893
2020-05-21,42,29644,639,Employed,Master,18,11260,36,Married,1,Mortgage,369,0.0778748441404212,1,0,0,Debt Consolidation,0,98,4,3728,3172,28985,18251,2470.3333333333335,0.964767771727996,2,10734,0.14983227517692427,0.14982206079414206,390.2334891819434,0.14931211222012408,0.3072161407534165,0,1.3544158768192378
2020-05-23,23,51206,573,Employed,Master,2,31109,72,Divorced,0,Other,155,0.144516919291868,4,0,0,Auto,0,94,27,1238,257,42853,31166,4267.166666666667,0.9430526162736491,4,11687,0.19508632114747293,0.19571613090905696,737.4438107371105,0.03631535788199461,0.2090930088805757,0,1.2141636699333418
2020-05-23,44,63909,578,Employed,Associate,24,66758,120,Divorced,0,Own,215,0.4983098588374409,3,3,0,Education,0,95,23,3820,414,33353,13921,5325.75,0.5224716124143659,6,19432,0.20877721109965858,0.21143783606413336,1341.1614867599224,0.040362322241516875,0.2921408901787999,1,2.0887525118908794
2020-05-25,47,23954,634,Employed,Bachelor,27,13328,24,Divorced,0,Rent,160,0.2370029113302117,4,1,0,Debt Consolidation,0,96,20,507,344,197886,9288,1996.1666666666667,0.705606555594251,3,188598,0.14837442434790102,0.14629124819938588,643.8840150892077,0.08011349411666527,0.4025122332083156,1,1.9587562264978886
2020-05-25,46,60289,476,Employed,High School,24,19785,12,Married,2,Own,226,0.13524305738526962,2,1,0,Debt Consolidation,0,98,14,911,221,50632,7829,5024.083333333333,0.8453091176040057,8,42803,0.2234731824739708,0.2423414205157968,1873.1041996169058,0.04497437853435267,0.4177252515779651,1,2.955171623853501
2020-05-25,52,96908,604,Employed,High School,30,5049,36,Married,3,Mortgage,1261,0.3732794921160747,2,0,0,Debt Consolidation,1,98,27,8526,1270,33987,15216,8075.666666666667,0.9221544431201221,8,18771,0.16713178588056735,0.17989546374089888,182.50696893165824,0.1561287659925712,0.17872558426722968,1,2.6434660501861083
2020-05-26,50,44957,507,Employed,High School,29,177045,180,Single,2,Own,176,0.17482892951373252,4,0,0,Home,0,96,21,3518,334,92251,7959,3746.4166666666665,0.6647409930954964,5,84292,0.26452104121619924,0.25,3780.847175608324,0.04696568747359292,1.0558866353999397,1,3.7272515676705242
2020-05-27,45,114300,586,Employed,Bachelor,25,15309,36,Widowed,2,Rent,1758,0.1361636294464546,1,1,0,Debt Consolidation,0,94,17,18739,1737,20476,56561,9525.0,0.7054670885735697,3,3033,0.17640906537216294,0.16495067191317023,541.9682601005974,0.18454755406256562,0.2414411358493174,0,1.1125154315727381
2020-05-27,39,41959,561,Employed,Associate,17,33697,60,Widowed,1,Mortgage,497,0.04438988304277746,4,7,0,Education,0,96,14,2115,1065,32158,35022,3496.5833333333335,0.9136529446563794,3,3827,0.19710629844184957,0.18578831152876155,866.3282757325751,0.1420981153653713,0.38979150624933645,1,1.9319381463334948
2020-05-27,20,73450,542,Employed,Bachelor,0,55886,60,Married,2,Own,962,0.3114648854127385,3,0,0,Education,0,100,3,35308,1000,47597,6909,6120.833333333333,0.8203872444559166,3,40688,0.20673277176848945,0.20917696439751693,1509.3178146195573,0.1571424682148594,0.4036891695765796,1,1.8250912889904265
2020-05-27,45,15000,504,Employed,High School,21,9020,24,Married,2,Mortgage,414,0.30100571961222455,3,0,0,Other,0,100,8,1169,221,19150,3880,1250.0,0.7836635707668499,3,15270,0.21327682761791417,0.19270572682654133,455.8723611699021,0.33093525179856115,0.6953416156434069,0,3.3184315034591627
2020-05-29,42,224030,608,Employed,Associate,21,241695,300,Married,0,Own,1050,0.019722630350674345,1,1,0,Home,0,100,27,15762,4258,102854,50384,18669.166666666668,0.8307899920933725,6,52470,0.2540988590042783,0.23588498138373148,4764.879873823813,0.05623945510216834,0.3114530243699206,0,1.4861080921872143
2020-05-31,43,113006,522,Employed,Bachelor,21,167805,300,Married,4,Own,481,0.17755839776460025,3,0,0,Home,1,94,13,1516,6165,56109,40500,9417.166666666666,0.6996176561951193,6,15609,0.29700764095730736,0.25,3503.148670646666,0.05107151073280363,0.42302804905200936,1,3.482276970315308
2020-06-01,24,4208,515,Unemployed,Associate,3,8756,120,Single,0,Rent,153,0.061524115024271686,2,2,0,Education,0,100,28,483,1634,106161,5956,350.6666666666667,0.8074673569712041,8,100205,0.23976940216488057,0.22445392939537587,183.64646103957344,0.43507109004739336,0.9572885148044741,1,4.770815327294665
2020-06-03,27,15000,449,Employed,Bachelor,5,8845,12,Married,1,Mortgage,121,0.18188455696076997,2,2,0,Debt Consolidation,0,96,14,1503,264,103483,12328,1250.0,0.9737547085356983,5,91155,0.23677193016460707,0.20502628206617876,821.4814275813551,0.09672262190247802,0.7533824361161912,1,4.493532916098815
2020-06-04,52,66735,618,Employed,High School,31,15437,24,Single,1,Mortgage,330,0.08530660229245995,4,0,0,Auto,0,97,28,3201,7946,252019,42870,5561.25,0.7039001647200073,6,209149,0.1564111468203775,0.14884176338523147,747.6391744806089,0.05932850914647849,0.193741592787201,1,1.1163005448883725
2020-06-04,39,27444,612,Employed,Master,15,14309,36,Widowed,3,Rent,209,0.11768228661333853,4,0,0,Education,0,93,12,1728,1266,22709,1875,2287.0,0.9490617561065917,4,20834,0.16339217846813764,0.16001693943818873,503.0739524699906,0.09134615384615384,0.3112211330725484,1,1.8805570485372676
2020-06-07,48,86857,533,Employed,Bachelor,29,28188,60,Married,4,Own,524,0.5142797184857536,4,0,0,Auto,1,97,25,2003,486,155707,7837,7238.083333333333,0.8037089053576362,2,147870,0.21106167177747667,0.21012462185309258,762.7777257748517,0.07238485535691674,0.17775423579525745,1,2.914919633622903
2020-06-08,40,53796,528,Employed,High School,18,17024,36,Divorced,4,Mortgage,260,0.2176294418840338,3,0,0,Education,0,94,29,3171,292,35264,12074,4483.0,0.711466651901874,8,23190,0.20543560953275444,0.18847850004615874,622.7232633615713,0.05798394290811775,0.19686067425547976,1,1.1095262700164887
2020-06-08,40,19848,546,Employed,High School,17,11716,12,Married,2,Mortgage,142,0.06607932227542301,4,0,0,Debt Consolidation,0,100,8,1166,213,66804,47903,1654.0,0.8123045694315445,5,18901,0.18834219901441704,0.21232359882645457,1092.2279433008048,0.08580060422960725,0.7457570654385527,1,3.2863917566253034
2020-06-08,51,12552,566,Unemployed,Bachelor,28,267813,300,Single,2,Own,212,0.13507541849306753,6,3,0,Home,0,100,11,274,1394,94614,16352,1046.0,0.7965552536577964,4,78262,0.275124511997173,0.25,5590.946365912193,0.20248328557784145,3.0,0,7.098637562619939
2020-06-09,33,79214,628,Self-Employed,Master,5,12530,12,Single,0,Mortgage,902,0.5651631133942254,2,0,0,Debt Consolidation,0,96,28,7860,921,175689,48166,6601.166666666667,0.8963791216969124,8,127523,0.14735899021329135,0.14096591758075366,1125.6021289940177,0.1366218160704819,0.3071116243143439,1,0.5463974513824733
2020-06-09,41,82976,597,Employed,Associate,18,8566,36,Widowed,1,Mortgage,262,0.1798856937674911,2,1,0,Debt Consolidation,0,98,20,791,240,65057,10555,6914.666666666667,0.6158764202539512,2,54502,0.17076391822299103,0.1808295330012851,310.03799758042925,0.03788499542102473,0.08271624778239203,1,0.9733414251822992
2020-06-10,34,47033,588,Employed,High School,14,35272,60,Married,3,Own,285,0.4202156553476568,4,2,0,Auto,1,96,12,2951,718,154353,33152,3919.4166666666665,0.5436380679965914,3,121201,0.18361771826943396,0.19103070524240284,916.9766780921018,0.07269635455415029,0.30659411493474803,0,3.704767231389656
2020-06-10,34,24577,600,Employed,Master,12,14431,60,Single,1,Own,161,0.05111426712852274,4,0,0,Auto,0,97,26,7497,65,256411,26007,2048.0833333333335,0.9213092395332922,4,230404,0.17739430081057558,0.1841669996734618,369.7316750771388,0.0785717190613689,0.2590093172119917,1,1.8354010807144576
2020-06-10,36,93763,603,Employed,Bachelor,17,162714,240,Single,0,Rent,366,0.21416078596079596,1,1,0,Home,1,95,1,9664,626,41551,9576,7813.583333333333,0.6166296863065193,5,31975,0.23649993887079498,0.25,3414.0915867470767,0.0468355105305252,0.4837227303755257,0,4.515968229112556
2020-06-12,42,37131,512,Employed,Associate,20,19463,36,Married,0,Mortgage,247,0.3609201296290836,1,1,0,Debt Consolidation,0,97,20,3803,396,45150,13873,3094.25,0.961660297963454,7,31277,0.21346908047111587,0.21141865212124217,734.6882651033268,0.07979969307810354,0.3171596042656738,1,2.558184013136953
2020-06-12,34,17723,475,Employed,Associate,13,13356,60,Married,1,Own,173,0.4957410302120926,3,0,0,Auto,0,98,22,377,395,26463,31280,1476.9166666666667,0.7745337192670206,4,2397,0.23987494896774428,0.23597477464319241,381.1108161600606,0.11705666760642797,0.37492696892702154,0,3.0298090864053435
2020-06-13,55,109792,626,Employed,High School,31,23275,36,Single,0,Mortgage,1005,0.2576919291654581,2,0,0,Auto,0,97,2,33609,5870,39479,21947,9149.333333333334,0.8375247371573659,5,17532,0.15651379451644418,0.12880022493237758,782.8823782335883,0.10983206440566827,0.19538986319991128,1,0.9215909558055133
2020-06-13,29,177426,635,Employed,Bachelor,8,23847,48,Married,1,Mortgage,1048,0.17693514559686507,8,1,0,Auto,1,99,23,35430,6586,75726,33847,14785.5,0.8167749713003953,5,41879,0.1560198639088395,0.16798860849334427,685.6271262263297,0.07087546072430934,0.1172439134498583,1,2.0483112626233946
2020-06-16,37,46572,623,Employed,Associate,15,28562,24,Married,1,Mortgage,211,0.526862000142254,3,1,0,Auto,0,95,29,1045,274,51803,50205,3881.0,0.8365585421281183,4,1598,0.15406496686323848,0.16236884367118143,1401.7193234086262,0.05435342606903658,0.4154351683175235,1,1.8738519808160077
2020-06-16,34,197548,626,Self-Employed,Doctorate,13,12084,12,Married,1,Own,2758,0.26088661885641307,3,1,0,Debt Consolidation,0,100,19,5562,2268,49739,17473,16462.333333333332,0.964199828727228,6,32266,0.14834993007328443,0.1651624091231862,1099.3459259634099,0.16752379024093947,0.23429920586941144,1,1.6238203722360232
2020-06-18,57,58874,490,Employed,Associate,31,17225,48,Divorced,0,Other,629,0.20761614064790937,3,1,0,Debt Consolidation,0,95,24,10774,1220,81892,1420,4906.166666666667,0.9502735009525054,3,80472,0.22843854378733724,0.19910038384013165,523.3377334947205,0.12817987297490066,0.23482751081643588,1,1.8962064716318006
2020-06-19,42,39777,600,Employed,Associate,20,19868,72,Married,3,Rent,370,0.11636855400296496,2,1,0,Auto,0,95,4,12510,587,48305,6829,3314.75,0.9303484891367267,3,41476,0.18147422900178828,0.20555769619577538,482.31693472812196,0.1115886300233733,0.2570510245730595,1,1.4364101570924062
2020-06-19,52,33587,438,Employed,Bachelor,26,9311,24,Divorced,2,Rent,392,0.28028610814109556,5,2,0,Debt Consolidation,0,89,25,494,492,14662,4769,2798.9166666666665,0.9345175187229371,5,9893,0.2462847647924928,0.25,496.94222546895355,0.1400041667906783,0.31748881531079626,0,1.9505882772857097
2020-06-20,22,116184,568,Employed,Master,0,16053,36,Single,2,Other,927,0.2553886973961521,2,2,0,Debt Consolidation,0,99,12,2222,398,25014,5030,9682.0,0.9144252310592803,7,19984,0.18542092832967288,0.19726630056818953,594.3533453641797,0.09573479293607354,0.15711590884686355,0,1.627548299370425
2020-06-20,43,37918,641,Employed,Master,20,129052,180,Single,2,Mortgage,509,0.17405842853971693,3,2,0,Home,0,88,1,1713,229,88898,18778,3159.8333333333335,0.617717957521997,3,70120,0.19744199461292003,0.20452312686952517,2309.7774447507213,0.1610334827313472,0.8917830038757883,0,3.6672306706922266
2020-06-22,50,77015,595,Employed,Associate,27,135999,300,Single,1,Rent,559,0.2106514257359637,7,1,0,Home,0,95,10,458,988,80531,33552,6417.916666666667,0.9622836730120443,3,46979,0.26045510254117954,0.25,2839.156855035761,0.08708634634608643,0.5293972536958357,1,2.7478080011103927
2020-06-23,40,42247,629,Employed,Bachelor,17,5636,36,Married,3,Rent,298,0.5276109094655828,4,0,0,Debt Consolidation,0,94,1,2247,36,25842,6190,3520.5833333333335,0.836903880883846,8,19652,0.1546592768220204,0.14252296412096666,193.31646670011213,0.08462102747343761,0.13951578599591438,1,1.3457345228816098
2020-06-24,52,46175,573,Employed,Bachelor,33,7911,36,Widowed,4,Own,448,0.0889378712892621,2,3,0,Debt Consolidation,0,92,5,7888,1682,31757,45820,3847.9166666666665,0.8177972627872412,6,7181,0.18274403396832567,0.1857208813958316,288.2770770932021,0.11639638859419317,0.19129462673735953,1,1.5809765598642818
2020-06-25,33,78271,447,Employed,Associate,11,32000,36,Widowed,0,Other,1215,0.23104883204917384,1,2,0,Education,0,97,25,969,380,29963,48919,6522.583333333333,0.8135959073914084,6,1386,0.24609338060782343,0.25,1272.3144288401797,0.1862473333929461,0.38128039479940934,1,2.8518682096727503
2020-06-28,56,38123,468,Employed,High School,32,135170,240,Married,0,Mortgage,573,0.1595321759408066,1,1,1,Home,0,100,22,2259,1454,43456,157077,3176.9166666666665,0.7973603464343173,1,7829,0.30395357398063544,0.25,2836.15890323268,0.1803068047725187,1.072765355678305,0,6.022415515810404
2020-06-29,67,45721,622,Employed,Associate,45,16090,36,Married,2,Rent,434,0.3589387019365429,4,1,0,Debt Consolidation,0,99,11,1333,1597,145517,55704,3810.0833333333335,0.6048582049795289,6,89813,0.15842150384711481,0.18252908463794854,583.7354387923094,0.11387838103776265,0.2670462306323161,0,1.0707236336562351
2020-07-02,35,76406,535,Employed,High School,15,30375,60,Married,0,Mortgage,698,0.391283999314423,1,1,0,Education,0,94,2,20556,851,294212,61787,6367.166666666667,0.6900618911297244,5,232425,0.2100803520254779,0.2120382298317028,825.2322999485483,0.10960768405349525,0.2391947917948988,1,2.0586787146582406
2020-07-02,34,125296,600,Employed,Master,12,5737,36,Married,4,Mortgage,1253,0.20176380271938696,1,2,0,Debt Consolidation,0,100,9,3698,6543,76496,26244,10441.333333333334,0.8660342214421575,3,50252,0.16916371649913534,0.17411999230060388,205.7179771600673,0.11999233887700705,0.1396927229380471,1,0.13650676241521642
2020-07-03,57,82449,619,Employed,Associate,31,15256,12,Single,2,Rent,953,0.3242548206233051,5,0,0,Other,0,94,12,19655,3328,272096,8608,6870.75,0.9340796314461131,6,263488,0.15190819842327832,0.15379515294540694,1379.714372822913,0.13868374140502784,0.3394643828461328,1,2.22369026983686
2020-07-04,58,49510,634,Employed,Doctorate,33,5481,36,Married,1,Mortgage,669,0.09043164670225012,5,0,0,Other,0,100,7,1421,697,41854,16634,4125.833333333333,0.9091918527420921,4,25220,0.1521523063192157,0.17980752055943275,198.09836097815733,0.16210976939542024,0.21011228003186236,1,0.5965280088966957
2020-07-04,33,39645,518,Self-Employed,Bachelor,11,12353,36,Married,1,Rent,248,0.3645679330225824,3,1,0,Debt Consolidation,0,91,16,4474,499,85577,62954,3303.75,0.8600034787801452,9,22623,0.210355433794064,0.2038571518781684,461.51310812219776,0.07504349799530978,0.21469494156054098,0,2.690840255903489
2020-07-05,34,57911,610,Employed,Bachelor,10,95225,120,Single,2,Mortgage,790,0.038185613920702556,3,0,0,Home,0,96,21,3888,3331,47683,18348,4825.916666666667,0.854245234933138,6,29335,0.1928660020731839,0.15903096311153347,1589.3978766171585,0.1636655559967543,0.49294364103043525,1,1.0056410565300338
2020-07-06,36,56965,521,Employed,Bachelor,14,20708,36,Single,0,Own,477,0.300345915991507,2,1,0,Debt Consolidation,1,93,7,2589,1379,119030,26725,4747.083333333333,0.8373512646842939,4,92305,0.2089845809168429,0.2022345442814681,771.943240647102,0.10046158976429086,0.2630415586599018,1,3.6031192128554643
2020-07-06,23,24374,593,Employed,High School,4,181910,120,Single,3,Mortgage,238,0.439132470260246,6,0,0,Home,0,100,27,577,1330,140403,52368,2031.1666666666667,0.6932876164241584,9,88035,0.20152781820886628,0.21892602383546805,3746.730075024317,0.11711637824981547,1.9608283810502667,0,4.602867913538156
2020-07-07,28,60016,496,Employed,Associate,7,12166,12,Married,0,Rent,845,0.18816940392539838,5,1,0,Debt Consolidation,0,94,9,4327,105,34237,24886,5001.333333333333,0.8723550068142284,3,9351,0.21335162066194685,0.17722023578874008,1113.7699526254366,0.1689211701206104,0.3915712572716939,1,2.217681058246486
2020-07-09,27,34699,556,Employed,High School,1,188690,360,Single,5,Own,356,0.21804315626962503,1,0,0,Home,0,93,24,1165,735,179548,17320,2891.5833333333335,0.7827571460477346,5,162228,0.3000369665088664,0.25,3933.3914283193058,0.12307337731554838,1.4828929486281488,0,4.691049919702402
2020-07-11,30,2077,581,Unemployed,Bachelor,8,13731,36,Married,0,Own,255,0.17728266467286832,3,1,0,Education,0,98,8,448,67,35529,11593,173.08333333333334,0.7949520160083466,5,23936,0.17888187103864442,0.15494965079775794,479.32456801864174,1.4648157012924843,3.0,0,7.450274102680142
2020-07-12,39,25574,526,Employed,Associate,17,112406,300,Married,2,Mortgage,148,0.541202494761666,4,0,1,Home,0,96,9,5820,478,19641,168235,2131.1666666666665,0.8920553810353378,8,9632,0.2949074703730207,0.25,2346.6221475683624,0.06941296021261628,1.1699939721261765,0,6.271478069213002
2020-07-14,42,36698,581,Employed,Bachelor,20,18601,48,Married,0,Rent,548,0.3207661575758598,3,2,0,Debt Consolidation,0,100,27,3311,1438,176688,31410,3058.1666666666665,0.7611706803515392,8,145278,0.1829577560952006,0.21767979984181932,583.7040358478458,0.17913375102152004,0.3699386660357981,1,2.5970727345498803
2020-07-15,58,48299,627,Employed,High School,32,60000,120,Divorced,1,Mortgage,483,0.33148215350465116,3,3,0,Home,0,97,19,4798,5278,83706,7162,4024.9166666666665,0.9499966590196032,9,76544,0.18425052912693302,0.1580272774993612,997.7148863938124,0.11997267703007597,0.36779571188188503,1,1.5011462458514253
2020-07-15,28,117885,563,Employed,High School,2,26268,48,Married,2,Rent,886,0.39184207727020676,3,0,0,Auto,0,97,17,4159,885,70538,10775,9823.75,0.5528147506767858,5,59763,0.19204403620392996,0.19798843728385052,796.5321912182783,0.09018041171531083,0.1712544534179779,1,1.274087008263247
2020-07-15,51,52842,554,Self-Employed,Associate,24,15252,24,Married,0,Mortgage,647,0.2347460175732533,0,1,0,Debt Consolidation,0,99,12,2289,599,82246,21401,4403.5,0.9647673537893197,5,60845,0.18840813287099997,0.20814169890625683,782.3425135278926,0.14689522079691225,0.3245186771547037,1,2.817936045412571
2020-07-17,37,31495,604,Employed,Master,15,9570,36,Divorced,1,Rent,811,0.17468940484123646,3,2,0,Debt Consolidation,0,96,12,1282,549,43297,41328,2624.5833333333335,0.9315670271206122,4,1969,0.16729162324304897,0.19564730453127488,353.5366008385325,0.30888374012124287,0.44353442758950035,1,2.2038737289984622
2020-07-19,39,55562,535,Employed,Bachelor,16,249215,240,Married,1,Rent,218,0.2674335220353989,1,1,0,Home,0,97,4,4062,402,110064,19022,4630.166666666667,0.9383766610039121,11,91042,0.27060651881732295,0.25,5229.069623948601,0.04707237197250513,1.1761765481589088,0,3.9928626423553086
2020-07-19,48,57086,575,Employed,Associate,29,31566,36,Divorced,1,Own,162,0.2863140769830241,0,0,1,Auto,0,94,9,3402,1752,17009,4819,2859.0833333333335,0.6618881725062759,5,12190,0.18208996688752813,0.18796767137301057,1153.8429668310575,0.05664170624399056,0.4600715480892949,0,3.8379961279579824
2020-07-19,26,48236,527,Employed,Bachelor,1,180611,360,Married,1,Rent,1304,0.37182807948448315,4,1,0,Home,0,95,10,2442,863,413856,3275,4019.6666666666665,0.9605040018186441,2,410581,0.3145260265907351,0.25,3764.9783203146862,0.32432432432432434,1.2607308042566787,0,4.89611978127783
2020-07-20,44,58878,490,Employed,High School,24,7890,24,Single,3,Mortgage,514,0.36145216047593226,4,0,0,Debt Consolidation,0,94,17,1390,1277,24921,3684,4906.5,0.9233260271507556,6,21237,0.22024336953713025,0.24464756358982223,418.9853935877623,0.10473764645950076,0.19011419125578446,0,1.9918933167312072
2020-07-20,41,141704,657,Employed,Doctorate,18,22486,12,Married,0,Mortgage,1101,0.05753611969525818,3,2,0,Other,0,98,10,15823,5058,20881,36543,11808.666666666666,0.8376989076039477,4,4014,0.13300517316085922,0.13650934274299412,2015.2618360337015,0.09322871094301279,0.26387381828731,1,0.7622880936382337
2020-07-21,45,54713,613,Employed,Bachelor,25,32225,36,Single,0,Own,364,0.37944497715946823,2,1,0,Debt Consolidation,0,95,12,2952,977,114174,26046,4559.416666666667,0.8247364792908269,4,88128,0.1630951322147834,0.14574131133434245,1110.3814066723792,0.07981726815897669,0.32329971457411694,1,1.4543485139826577
2020-07-22,43,126290,549,Employed,High School,22,215871,240,Single,1,Mortgage,1632,0.08299505832079684,3,1,0,Home,0,99,17,1560,1070,23234,10872,10524.166666666666,0.6320331896113677,1,12362,0.2635706102296053,0.25,4529.440398015403,0.15505692704786941,0.5854007440593565,0,1.5808324040589548
2020-07-22,69,94543,638,Employed,Bachelor,48,24502,24,Single,3,Own,2464,0.21985584046324466,1,1,0,Auto,0,94,6,583,1704,147456,163196,7878.583333333333,0.687268247921293,5,7957,0.14652663770950405,0.16942967193237402,1210.7630067006758,0.3127068901697425,0.46636514283124225,1,0.17902123022282734
2020-07-22,32,29516,604,Employed,High School,11,5760,24,Single,3,Rent,149,0.5727899381037456,1,3,0,Other,0,94,4,2075,240,123276,20871,2459.6666666666665,0.895585113954445,5,102405,0.1631647165874331,0.14141142147873767,276.9384251270435,0.06055269574641019,0.17309879102968445,0,0.9633758283066434
2020-07-22,33,242323,485,Employed,Doctorate,12,269477,240,Married,2,Mortgage,960,0.33072689976464326,3,0,0,Home,0,97,16,3901,3665,19414,4272,20193.583333333332,0.725941365255631,3,15142,0.2956260605083365,0.25,5654.2102002399415,0.04753749974209256,0.3275239746750544,0,1.8986143555657469
2020-07-22,32,39246,515,Employed,High School,11,23647,60,Divorced,3,Rent,232,0.06650386276039906,3,1,0,Education,0,97,17,3152,2042,54102,18899,3270.5,0.8196568124874295,5,35203,0.220017758455937,0.21270522113539775,643.3345480808863,0.0709154821947119,0.2675636705122685,0,1.7738941725762343
2020-07-23,33,26749,617,Employed,Bachelor,9,9696,48,Divorced,3,Mortgage,272,0.2988338103061886,3,1,0,Auto,0,99,16,642,158,279446,33624,2229.0833333333335,0.6793965923554168,6,245822,0.16479489295957617,0.17042206671964175,279.9902594253764,0.12196853630282874,0.24752001468945542,1,2.0841607980725008
2020-07-25,32,120843,596,Self-Employed,High School,12,23094,48,Single,0,Other,1572,0.193630426753562,0,0,0,Debt Consolidation,0,93,4,7205,501,36904,13226,10070.25,0.889706293249079,1,23678,0.17551184285571617,0.16763430178905517,663.5551636171783,0.15608787389847337,0.2219739519540453,1,1.4316096767864999
2020-07-26,54,211390,556,Employed,Bachelor,31,11200,24,Married,0,Own,2268,0.4914684761094909,3,2,0,Debt Consolidation,0,92,27,6125,3455,28594,18233,17615.833333333332,0.9449984561811612,2,10361,0.18733093958475294,0.19566000386122392,567.6612127967406,0.12874050387413555,0.160963162853525,1,0.5168892788418149
2020-07-28,57,55197,644,Self-Employed,Bachelor,32,42235,48,Single,1,Mortgage,572,0.35117567061736926,3,1,0,Auto,0,100,6,16609,491,53257,40326,4599.75,0.614626324883966,10,12931,0.15166275705423163,0.16485115283541316,1207.4711319882126,0.12432755528989839,0.3867784887221024,1,1.9554889358391983
2020-07-29,33,36725,584,Self-Employed,Bachelor,12,12821,24,Married,0,Other,914,0.2136037730206013,1,0,0,Debt Consolidation,0,92,8,4957,727,100940,26887,3060.4166666666665,0.923010482669258,3,74053,0.17336472943113682,0.16409414492193108,630.2670000990117,0.29855459073958135,0.5044288864411395,1,2.6655268446540235
2020-07-31,30,40274,535,Employed,Bachelor,9,22712,60,Divorced,2,Own,213,0.5001559921987097,2,1,0,Education,0,99,9,8086,1065,37331,41322,3356.1666666666665,0.854403398550821,5,8983,0.21000767318169283,0.20341248772255963,606.0496667361602,0.06344635853646428,0.24397051086814087,1,1.9856829752554948
2020-08-01,45,90147,507,Employed,Master,23,190900,300,Single,2,Rent,419,0.14303699557561556,3,1,0,Home,0,89,26,4819,202,28049,44646,7512.25,0.6934120951474062,3,2553,0.3045398775620112,0.25,3985.2869773037064,0.055768142947459486,0.5862026389782992,1,3.427746016639646
2020-08-02,33,144434,586,Employed,High School,8,189847,300,Widowed,2,Own,1392,0.3849463805656081,0,0,0,Home,0,98,28,11229,3618,120142,4652,7878.083333333333,0.9184966720752185,6,115490,0.265038494757743,0.25,3963.3042261926494,0.17667029794075031,0.679686202014953,1,2.3554022139460753
2020-08-03,47,64374,570,Employed,Associate,24,23562,120,Divorced,0,Mortgage,483,0.5065517666409433,2,0,0,Education,0,96,6,3682,383,415715,38826,5364.5,0.7176320151408907,4,376889,0.21251685824103111,0.24507011045902427,527.8512063345112,0.09001956947162426,0.18839832379731827,1,1.7391276072648352
2020-08-04,42,51381,522,Employed,High School,21,89781,240,Married,3,Mortgage,182,0.6022975227044893,5,0,0,Home,0,98,14,11658,964,59673,40579,4281.75,0.8562732763719146,4,19094,0.2768512849471911,0.23245296830401474,1756.7322692993957,0.042496059774677485,0.4526839692485893,1,2.1640992329095856
2020-08-06,21,115138,541,Employed,Doctorate,0,29569,36,Married,1,Mortgage,694,0.4015115824777774,2,3,0,Debt Consolidation,0,99,13,5588,1143,32902,27976,9594.833333333334,0.8081725284456551,11,4926,0.19907362890321165,0.20414463154340762,1105.1443303083902,0.07232305688232739,0.1874922445827241,1,1.5616051371790256
2020-08-07,58,41819,556,Employed,Associate,38,154850,300,Married,1,Mortgage,335,0.32955392636684755,5,0,0,Home,0,99,18,539,462,46396,30353,3484.9166666666665,0.9008435410375584,7,16043,0.27998755466081077,0.25,3232.696115429434,0.09610097774377854,1.0234599551804453,0,3.0732063744096316
2020-08-08,61,119894,611,Employed,Bachelor,37,298035,240,Widowed,5,Mortgage,613,0.1277655148357779,1,1,0,Home,0,98,29,848,12525,13373,8891,9991.166666666666,0.7806047014559307,3,4482,0.23265124239089005,0.22016454931749935,5538.5969847742235,0.06134805597718213,0.6156419513393049,0,2.1420547977485667
2020-08-08,32,43645,459,Employed,Bachelor,9,13166,60,Married,0,Own,185,0.2731267490503563,5,1,0,Auto,0,99,28,12080,1153,57344,101247,3637.0833333333335,0.8314143870440123,5,10003,0.24787136724458908,0.25,386.43952357481885,0.050850951737407515,0.157071587211623,1,2.392198380668597
2020-08-08,35,57672,600,Employed,High School,13,123686,240,Married,1,Other,367,0.3033256273688853,2,2,0,Home,0,100,22,4857,2736,102853,39133,4806.0,0.6894034365407438,2,63720,0.23793137736497275,0.23814813302286583,2476.79504998781,0.07634699396713127,0.5915945600141066,0,2.537840999400697
2020-08-08,43,35940,603,Employed,High School,22,17247,60,Married,2,Rent,149,0.21189916594894492,2,2,0,Auto,0,100,17,3232,802,31933,43205,2995.0,0.8015907267925332,5,9686,0.17593886286842716,0.2029856464057595,459.8099045066655,0.04973297730307076,0.20320757827325284,1,1.5148594486473819
2020-08-09,44,41183,573,Employed,High School,23,14456,60,Married,3,Own,399,0.09469606484924244,4,1,0,Auto,0,98,17,9533,1469,11947,87886,3431.9166666666665,0.9300634534930051,3,6688,0.1908947335013271,0.19811602618400473,381.48177814583147,0.11622769753610876,0.22735238105959407,0,1.8373727203394354
2020-08-09,47,42403,623,Employed,Associate,23,16879,12,Widowed,0,Other,113,0.19079519334027178,1,1,0,Debt Consolidation,0,94,17,424,1235,148749,51495,3533.5833333333335,0.6231843086406395,3,97254,0.1499334711920375,0.13769152248199612,1513.684000504966,0.031969821996935044,0.4602194508089023,1,1.9307363017331975
2020-08-10,64,113591,475,Employed,High School,39,11750,12,Divorced,2,Mortgage,839,0.17037591301968014,2,0,0,Other,0,96,29,4141,2812,13189,52965,9465.916666666666,0.8150125914762817,1,3365,0.22384292340558348,0.22130231380152518,1100.470548606992,0.0886244201297501,0.20486823924794156,1,1.50528314867968
2020-08-10,37,25434,504,Self-Employed,High School,16,12903,36,Married,4,Mortgage,232,0.08047098806271437,3,1,0,Debt Consolidation,0,96,22,1048,1477,48234,1916,2119.5,0.7458696971852234,5,46318,0.21736632315495125,0.20337537665446714,481.7437119437277,0.109408158453195,0.3365921772901333,1,3.085977201147766
2020-08-11,30,33883,595,Employed,Master,7,116445,300,Married,1,Own,228,0.21401407759767072,6,1,0,Home,0,94,15,3714,760,282906,1272,2823.5833333333335,0.9772971681498112,6,281634,0.2604162957313041,0.25,2430.941550927869,0.08071987018734327,0.9413570913448717,0,2.9632790414397476
2020-08-14,23,176962,566,Employed,Doctorate,5,29765,12,Divorced,0,Mortgage,1742,0.0651683478382982,4,1,0,Other,0,93,15,4473,32330,86908,18941,14746.833333333334,0.9098917985967592,2,67967,0.17857528052038227,0.18486249274524477,2735.74771345542,0.11811904573553177,0.3036207158196404,1,2.0567893234556114
2020-08-15,31,93188,616,Employed,Associate,10,32365,48,Single,2,Mortgage,331,0.29597618934750014,2,1,0,Auto,0,99,28,1462,4675,8602,28288,7765.666666666667,0.8773938152600848,5,2709,0.16559621594201923,0.1816335106153004,953.4867046840513,0.04261802575107296,0.1653845542511654,1,1.0058152674165657
2020-08-16,39,15000,584,Employed,Associate,17,21725,36,Married,0,Mortgage,113,0.19298147459587017,1,1,0,Auto,0,97,11,266,105,18128,30782,1250.0,0.8237144641004268,7,4857,0.17749656624474844,0.15457380347821642,757.9793483778736,0.0903277378097522,0.6962264975042954,0,3.4299497025841097
2020-08-17,61,38406,524,Employed,High School,40,20927,24,Married,1,Other,230,0.21154462114147832,3,1,0,Auto,1,94,7,6326,618,26476,29195,3200.5,0.9440300790361229,1,5985,0.20348721081356425,0.200496043493272,1065.6036465763293,0.07184132437919726,0.4046864427850474,1,3.285586036669214
2020-08-17,33,2804,472,Unemployed,Bachelor,12,193054,240,Married,3,Own,230,0.28900628746659407,2,2,0,Home,0,97,17,425,489,19007,29305,233.66666666666666,0.7812499031748237,4,10556,0.3020426826003457,0.25,4050.69039657233,0.9801136363636364,3.0,0,8.504921935346259
2020-08-18,42,32501,644,Employed,Master,21,17142,36,Married,2,Mortgage,256,0.15002145808180214,4,3,0,Debt Consolidation,0,97,12,976,652,14810,25151,2708.4166666666665,0.968533509824979,4,1910,0.14743733630150188,0.13197857500805596,579.2167203270103,0.09448528280995294,0.308264406358199,1,2.5115680193191388
2020-08-18,39,1034,603,Unemployed,High School,16,16181,24,Married,0,Mortgage,471,0.37632262898664837,3,1,1,Auto,0,93,19,1686,653,21072,10356,86.16666666666667,0.8023049896405193,5,10716,0.16392291369809195,0.16295009915850225,794.5548340909377,2.0,3.0,0,9.273491237196886
2020-08-18,54,50678,523,Employed,High School,32,20915,120,Married,1,Rent,239,0.10077585073319122,4,2,0,Education,0,94,19,1314,2159,111583,5376,4223.166666666667,0.8695492125699862,10,106207,0.23598706742382702,0.23269265456059057,450.52314143873497,0.05657920694417044,0.16323293938182715,1,1.6423685202999898
2020-08-19,70,34204,641,Employed,Bachelor,52,132951,300,Single,2,Own,120,0.44397769785921626,6,3,1,Home,0,96,7,324,168,143612,19203,2850.3333333333335,0.8903971902248772,4,124409,0.23744943585995185,0.21726449474033405,2418.2367768823524,0.04208557400046761,0.8901929308682555,1,4.744041039769238
2020-08-20,33,50623,590,Employed,Bachelor,15,15958,12,Single,1,Own,874,0.34292163151421157,0,2,0,Debt Consolidation,0,96,20,543,3499,11386,11591,4218.583333333333,0.717721896750384,5,2782,0.16641944455309982,0.1690415443631548,1454.719679147802,0.20712945590994372,0.5518837987513305,0,2.4155503653558847
2020-08-20,34,15000,477,Employed,High School,13,5499,24,Single,2,Mortgage,78,0.011909480086867815,4,2,0,Debt Consolidation,0,92,9,844,200,499832,14365,1250.0,0.7521192441067022,4,485467,0.22665312584280514,0.24292233562722745,291.5408451078268,0.06235011990407674,0.2953963589990622,1,2.639109554826298
2020-08-21,52,58592,574,Employed,Bachelor,29,122406,300,Single,3,Rent,582,0.11649962429273814,4,1,0,Home,1,99,25,5028,619,147881,4111,4882.666666666667,0.8967275448382892,4,143770,0.2709287767092419,0.25,2555.385216049437,0.11917275271312537,0.642424110855799,1,4.1206518093498765
2020-08-23,48,43820,604,Employed,Associate,30,22040,60,Married,1,Own,189,0.21304236492601272,6,3,0,Debt Consolidation,0,97,26,1868,462,353097,18325,3651.6666666666665,0.8099214584126262,8,334772,0.1755001649085721,0.1659349692348163,542.944930491252,0.051743018799050924,0.20038645660465013,1,2.067000534813812
2020-08-26,62,150739,658,Employed,Associate,40,29200,60,Married,5,Rent,358,0.334764445043036,3,0,0,Debt Consolidation,0,96,4,12099,6496,19610,28152,12561.583333333334,0.5810749072290683,10,2413,0.1485704895585613,0.15056155423988923,695.5269741652713,0.028497323400839793,0.08386228741423445,1,1.1722046497349405
2020-08-28,47,134517,646,Employed,Bachelor,26,32353,60,Single,4,Rent,787,0.5592751611102431,5,2,0,Education,0,94,19,1399,1977,17253,5176,11209.75,0.900506628523366,8,12077,0.1545961232349724,0.13857251879140975,750.4055494236495,0.07020047722052494,0.13713672585898798,1,0.602028550023965
2020-08-29,35,78686,630,Employed,Master,10,97705,120,Married,0,Own,871,0.32623104608845915,4,0,0,Education,1,93,13,875,778,141510,33664,6557.166666666667,0.8943272788212977,7,107846,0.18287242956215813,0.15745601407036558,1621.2306519699112,0.13281150728099825,0.38001941375433856,1,2.869335096838853
2020-08-30,47,34579,552,Self-Employed,Associate,25,32683,60,Married,0,Own,132,0.18639063581434917,2,2,0,Education,0,97,29,17190,434,96011,5652,2881.5833333333335,0.5646815237105415,6,90359,0.20159866023512613,0.19663322977436934,859.7884145128864,0.04579225810181839,0.34406235651338896,1,2.9637246189334823
2020-08-31,53,191983,588,Employed,Master,30,249825,240,Single,1,Mortgage,1345,0.4564906418022055,5,0,0,Home,1,97,22,30680,546,86458,35634,15998.583333333334,0.8459470305500714,4,50824,0.244107129988631,0.22821365827759496,4803.352992782231,0.08406468918461418,0.3842820693944466,0,2.0516739188000637
2020-09-01,49,19219,597,Employed,Associate,26,17436,12,Married,0,Own,236,0.28511314486765216,3,2,0,Debt Consolidation,0,100,15,2164,158,43426,9838,1601.5833333333333,0.6881755529938148,1,33588,0.16294158741607936,0.13288073608968373,1559.6935444946096,0.14726223285320578,1.1204993257727272,0,3.5382249174896523
2020-09-02,46,23277,638,Employed,Bachelor,28,15682,48,Married,1,Mortgage,87,0.02930965703348811,2,0,0,Auto,0,100,9,628,129,47657,62149,1939.75,0.831606406326625,6,3619,0.15441508315053362,0.16502532749403262,448.4787563689668,0.04482803040061832,0.27591330999302677,0,1.910252743874437
2020-09-02,52,51633,645,Employed,Associate,28,17175,48,Single,1,Mortgage,325,0.29301826309924023,2,0,0,Auto,0,95,10,2124,757,141556,10147,4302.75,0.7498860040723788,3,131409,0.15093781708488968,0.1482892153654251,476.5049922270491,0.07551553877432472,0.18623409636411248,1,0.5980217257059692
2020-09-03,54,286628,539,Employed,Master,31,18927,36,Single,0,Mortgage,2219,0.016012005341495217,4,1,0,Debt Consolidation,0,94,8,8927,6392,31400,7646,23885.666666666668,0.7560503322402436,5,23754,0.19996209939655454,0.20702201165090867,710.185313569822,0.09289701367569075,0.12262846693705645,1,1.1611255597451318
2020-09-04,56,55874,613,Employed,Master,32,162831,360,Widowed,0,Rent,546,0.15194005570220243,2,0,0,Home,0,93,7,10854,1866,13154,20935,4656.166666666667,0.890747470598978,8,6818,0.2715001185683579,0.25,3394.3402388290897,0.117238664424006,0.8460810017884457,1,2.917686249524655
2020-09-04,47,37240,477,Employed,High School,17,114444,360,Married,0,Mortgage,230,0.20224659245186172,4,1,0,Home,0,97,7,2907,2512,82550,30832,3103.3333333333335,0.752639895883443,4,51718,0.3394119624093067,0.25,2385.6751742147153,0.07408998174594653,0.842588373525625,0,3.501958366067285
2020-09-05,37,23038,621,Employed,Master,19,226227,240,Married,0,Rent,200,0.4043254923943024,4,0,0,Home,0,93,21,2034,1243,234991,56059,1919.8333333333333,0.8759091075196667,6,178932,0.22758232465481634,0.23520248656241818,4476.534804592826,0.10412147505422994,2.43463850998325,0,6.836656999636711
2020-09-05,41,101807,570,Self-Employed,Master,15,545047,360,Married,1,Own,510,0.4464298095761525,0,0,0,Home,0,92,9,4493,1152,13438,39173,8483.916666666666,0.695012078169045,8,3922,0.29330215728579045,0.25,11361.933318305964,0.060106659857197584,1.3991808976681326,0,3.6525126203239537
2020-09-06,54,14020,585,Unemployed,Bachelor,32,116450,120,Divorced,1,Rent,281,0.4696808570563715,3,2,0,Home,0,94,18,1975,335,58059,8176,1168.3333333333333,0.7645798510782753,6,49883,0.20541630646566306,0.1985791254815139,2239.5027662872862,0.24030786773090082,2.155504076072366,0,5.757877113097712
2020-09-10,30,63136,580,Employed,High School,7,4353,24,Divorced,4,Own,778,0.18990988280090368,7,2,0,Other,0,95,13,4458,1173,6888,28014,5261.333333333333,0.905620180718581,9,3641,0.17509471256044865,0.18208276150693578,217.75793014685388,0.14784316209539494,0.18922365176667902,1,1.4018477264203786
2020-09-10,44,41265,499,Employed,Master,22,157787,300,Married,0,Rent,309,0.27534914716085396,2,4,0,Home,0,94,27,2250,92,189567,6483,3438.75,0.6996060769252131,3,183084,0.30849225190971874,0.25,3294.0098286423254,0.08983210989170724,1.0474627018365652,0,4.0021981799426705
2020-09-10,35,37425,567,Self-Employed,Master,13,11130,36,Married,4,Rent,296,0.06681930154858574,5,0,0,Debt Consolidation,0,92,16,929,212,24466,58439,3118.75,0.6850643896183136,7,6174,0.1858293723218733,0.1596845939178178,391.12448712334486,0.09487939738761118,0.2202498556369404,1,1.0849607985130292
2020-09-11,40,20802,484,Employed,High School,19,185309,120,Married,0,Rent,97,0.26002330592230843,5,4,0,Home,0,96,21,969,337,60689,82441,1733.5,0.9358572166148225,4,8513,0.2560324463443395,0.25,4215.649114594109,0.05592389737676564,2.4863932629542282,0,7.307022947215327
2020-09-11,55,73635,587,Employed,Doctorate,32,22814,60,Single,2,Mortgage,264,0.1632835826212643,2,1,0,Education,0,96,5,1305,1189,63389,24492,6136.25,0.7721855355118519,1,38897,0.18400879337334036,0.1814291202531397,581.1007623561542,0.04301600879872907,0.13770023420198854,1,0.4801159261362543
2020-09-12,42,20181,585,Self-Employed,High School,23,13312,12,Divorced,0,Other,133,0.07896713565714152,4,2,0,Other,0,100,5,1011,646,65599,16083,1681.75,0.6415567103146176,4,49516,0.168874124070108,0.16964399030870855,1213.8927637724619,0.079037290150052,0.8004116854984173,1,3.066078057052116
2020-09-12,40,22108,604,Employed,High School,16,151209,300,Married,3,Rent,154,0.15941661360200407,5,1,0,Home,0,93,8,1261,674,101465,105309,1842.3333333333333,0.7871932411349423,8,5029,0.2559816062195267,0.2298468824195281,2906.046361834882,0.08354430379746836,1.6600613174511116,0,3.896221744110338
2020-09-13,23,31843,601,Employed,Bachelor,1,19159,12,Married,0,Rent,382,0.1462529365701513,4,0,0,Debt Consolidation,0,98,15,150,104,283706,83355,2653.5833333333335,0.7618275333968472,2,200351,0.16096514501288123,0.1847450639417328,1760.8264446200412,0.14390205619212054,0.8072176215803011,0,3.3762434030909323
2020-09-15,48,37035,598,Employed,Bachelor,28,10586,24,Divorced,4,Mortgage,414,0.6329687943811352,5,0,1,Other,0,100,13,1535,1194,43265,2965,3086.25,0.8363719993047827,5,40300,0.16631684552808584,0.13481211900751766,505.67379110398906,0.13409992711960483,0.2978941747846754,1,3.0199488759173234
2020-09-16,47,35089,597,Employed,Bachelor,25,17697,84,Single,0,Mortgage,271,0.3264655262991824,4,0,0,Education,0,92,1,565,805,47896,34642,2924.0833333333335,0.6702454731190247,4,13254,0.1869453017294568,0.19260077734765038,385.1367811508384,0.09264693313580809,0.22431387635138772,1,2.336515570670418
2020-09-18,65,70177,561,Employed,High School,40,25610,36,Single,0,Rent,898,0.4578505810489798,1,2,0,Auto,0,93,12,6030,2513,19433,17068,5848.083333333333,0.8474166552756303,7,2365,0.1890376943064196,0.1738117721964991,917.9321068942196,0.15352833065010188,0.31046439303495754,1,1.9514472688625706
2020-09-18,36,59943,483,Employed,Doctorate,15,8416,24,Married,1,Mortgage,264,0.10474636555305797,1,2,0,Debt Consolidation,0,93,27,5916,3344,10010,4666,4995.25,0.9576241646624466,5,5344,0.2237595021873029,0.20254429403290183,429.3858532703225,0.05283962972229172,0.1387812565965119,1,2.079035455088167
2020-09-21,42,30239,532,Employed,High School,19,4667,36,Married,3,Mortgage,366,0.34955842277334104,4,0,0,Debt Consolidation,0,98,15,1030,503,33394,103168,2519.9166666666665,0.8328433380227294,9,6099,0.20311212149835162,0.25,185.55910748115994,0.14518528313113616,0.21879307427106276,0,2.800060437248243
2020-09-23,42,51386,568,Employed,High School,21,123234,360,Married,4,Mortgage,244,0.191749630679297,6,0,0,Home,0,98,4,4643,3428,92329,8546,4282.166666666667,0.9064157353931854,5,83783,0.2939304620951611,0.25,2568.9096363214867,0.05696719716720495,0.6567359748600692,0,1.9165026724397576
2020-09-23,58,22978,560,Employed,High School,34,26331,72,Single,1,Own,301,0.37592786827227115,4,0,0,Auto,0,99,17,2165,181,47316,51982,1914.8333333333333,0.9220173359429126,0,10333,0.20154463505214693,0.20241157574829535,634.3880262619099,0.1571117877337973,0.48824081405580333,1,2.387751269380979
2020-09-23,38,53658,604,Employed,Bachelor,14,37838,36,Married,3,Rent,376,0.105555522868474,1,2,0,Auto,0,97,21,2225,400,221005,11214,4471.5,0.9639042095107413,6,209791,0.16763527389893884,0.18139619566793916,1370.5859760136277,0.08406931246506429,0.39051670788454507,1,2.2601023311535453
2020-09-24,43,61901,598,Employed,Master,17,97166,240,Single,2,Mortgage,160,0.20014299265569027,1,0,0,Home,1,100,23,14984,1824,58386,6042,5158.416666666667,0.8048109002833645,6,52344,0.2388710466066576,0.25,2038.7528001147193,0.031011257732624812,0.4261630610918003,1,4.3798779352507555
2020-09-24,47,24064,555,Employed,Bachelor,25,17402,24,Married,2,Rent,244,0.29741556809238956,2,2,0,Debt Consolidation,0,98,2,608,319,249995,23120,2005.3333333333333,0.7572866978942799,8,226875,0.18794109947103355,0.21444261792939956,898.0149690912361,0.12161488619371989,0.5692050020391608,1,3.045618422468733
2020-09-24,42,125247,620,Self-Employed,Master,18,46757,60,Single,2,Rent,1326,0.03916980267122326,2,2,0,Auto,0,100,18,28469,3123,68390,4067,10437.25,0.852814959676043,6,64323,0.16768818516076792,0.15782907655956557,1131.6531080163816,0.1270327880631332,0.2354468524912108,1,0.6847665085737361
2020-09-25,34,20512,562,Employed,High School,11,13377,60,Married,0,Rent,128,0.20244692406191375,0,0,0,Auto,0,97,12,854,2889,34480,164195,1709.3333333333333,0.8713129753076597,5,6865,0.19637534171141957,0.2263101543638189,374.27347490576426,0.07483921262911714,0.293669932706547,1,2.21293688491819
2020-09-26,42,53543,607,Employed,Bachelor,17,46636,36,Divorced,1,Rent,314,0.06175396939776334,3,4,0,Education,0,95,23,1202,1523,16220,40247,4461.916666666667,0.7500820194855524,7,2497,0.1661875373741214,0.15427947724773747,1626.4427616700427,0.07035757632340583,0.4347925149853517,1,2.6063579611815113
2020-09-27,52,102330,603,Employed,Associate,31,124937,120,Divorced,3,Rent,667,0.09523545546549127,3,2,0,Home,0,96,2,3757,2429,6186,11551,8527.5,0.8375624229047417,3,10259,0.19643389322330895,0.19778863845021963,2396.1886978749567,0.0782083602040218,0.359170862153363,0,1.9751190599794697
2020-10-02,27,74812,594,Employed,Associate,3,168035,240,Married,1,Other,201,0.1748712103219495,2,0,0,Home,0,100,12,1300,602,30437,18372,6234.333333333333,0.9334950201310886,3,12065,0.24100798338028592,0.2406518854724473,3398.7838123334477,0.032235646316689834,0.5773201880145592,0,0.8226611160875628
2020-10-03,41,45066,513,Employed,High School,19,29726,84,Married,3,Mortgage,97,0.3173980618457042,3,1,0,Education,0,99,27,5154,158,119272,8201,3755.5,0.8020563575012409,5,111071,0.22907495275068177,0.23511701301933682,724.3616127406714,0.025821908691601225,0.21865076873171074,1,2.116644535527961
2020-10-04,31,36868,550,Employed,Bachelor,9,14840,36,Married,3,Mortgage,499,0.6270388089996816,2,1,0,Auto,0,99,18,387,658,38750,28216,3072.3333333333335,0.9724333022104882,4,10534,0.19440128722497396,0.17662778227745043,533.9944514283524,0.16236442516268978,0.3361153312673598,1,2.543375612424744
2020-10-04,54,96352,518,Employed,Bachelor,31,305041,360,Married,3,Rent,450,0.49036046997836286,4,1,0,Home,0,99,16,20181,5376,25557,5210,8029.333333333333,0.5035221591830522,4,20347,0.3191570511877568,0.25,6358.819517123055,0.05603752438670043,0.8478875327453891,1,2.8223800597606665
2020-10-07,21,58032,573,Employed,Bachelor,0,162108,360,Divorced,0,Rent,1036,0.49821570128935394,1,1,0,Home,0,97,22,1188,806,53550,4423,4836.0,0.8580365938478449,5,49127,0.2914990060568664,0.25,3379.2687352906146,0.2141823444283647,0.9128113986542514,1,2.513901650167393
2020-10-07,33,35300,599,Self-Employed,Associate,11,33922,60,Divorced,0,Mortgage,494,0.10622550498280445,4,1,0,Education,0,100,5,4253,1012,55222,26622,2941.6666666666665,0.8092774973394599,8,28600,0.17810796213234778,0.16833149963249283,840.0087735240498,0.1678749433620299,0.4533332941291516,0,3.1062094361506256
2020-10-08,44,28526,591,Employed,High School,21,7610,24,Divorced,0,Mortgage,441,0.17955979764455024,1,1,0,Debt Consolidation,0,96,17,1525,2280,36922,102146,2377.1666666666665,0.9441797667157119,6,7531,0.16973433746206687,0.15986573178725683,372.5604512508362,0.18543696124465625,0.34209564142581944,1,1.9602580340699451
2020-10-09,58,18112,542,Employed,Bachelor,32,26388,12,Divorced,5,Mortgage,116,0.6670910108507857,0,3,0,Debt Consolidation,0,97,11,1239,1412,103260,8543,1509.3333333333333,0.8255478140830194,2,94717,0.19054517563390952,0.1890788329457408,2430.667832176846,0.07680423747517105,1.6861627668352546,0,5.845879130793927
2020-10-10,39,44384,578,Employed,High School,15,183602,180,Single,0,Own,140,0.6242638843303133,2,0,0,Home,0,95,7,1284,1308,48647,10129,3698.6666666666665,0.8715361945800641,8,38518,0.2290301327742261,0.22328743430698572,3544.6732026855834,0.03784124695918551,0.9959473473337013,0,3.017923836658551
2020-10-12,33,45751,601,Employed,Master,9,30770,84,Married,1,Mortgage,187,0.3090003297818527,1,4,0,Education,0,98,18,3398,1041,278261,13689,3812.5833333333335,0.705900472756511,5,264572,0.18508358199174388,0.2087974334792073,699.6771097757348,0.04903524681511264,0.23250497819873736,1,1.5669079878082854
2020-10-13,62,113006,626,Self-Employed,Bachelor,40,19607,24,Divorced,0,Other,638,0.3289680239722537,3,3,0,Debt Consolidation,0,91,2,6750,475,36072,11797,9417.166666666666,0.9052545643725174,9,24275,0.152470923231302,0.15780726014093838,957.9667294207148,0.06774142172043392,0.16945619948192836,0,1.0079025307349394
2020-10-13,22,47129,534,Employed,High School,1,24320,48,Divorced,0,Own,101,0.32972533091727174,2,1,0,Auto,0,88,28,572,481,29642,15279,3927.4166666666665,0.7371371842615682,5,14363,0.20652477386341397,0.2234018609481112,770.7264049762575,0.025710103731359114,0.2219027356168747,1,2.5249127484419813
2020-10-13,18,101439,542,Employed,Doctorate,0,19439,24,Divorced,0,Rent,564,0.14248273268820594,3,3,0,Other,0,95,3,2022,1470,44158,31501,8453.25,0.9410546445457779,10,12657,0.1944687720195036,0.19765897333207208,987.1418163286584,0.06671200875299406,0.18347479863129887,0,1.2719910795330411
2020-10-16,45,41116,561,Employed,Bachelor,21,8362,12,Married,0,Mortgage,262,0.276471013621945,2,0,0,Other,0,98,9,1249,336,134547,15758,3426.3333333333335,0.721371695341731,4,118789,0.18075789312334536,0.19001406294940915,770.6189194032643,0.07644427154250145,0.3012893170793418,1,2.046511747761911
2020-10-17,33,67488,472,Employed,High School,8,107090,240,Married,1,Mortgage,249,0.4523763014614857,0,2,0,Home,0,100,1,1655,1661,100627,3793,5624.0,0.905299972111244,7,96834,0.30189535855482286,0.25,2246.979780625788,0.04426666666666667,0.4437297387779179,1,1.401063854560039
2020-10-17,27,34552,613,Employed,Bachelor,6,93656,360,Single,4,Own,145,0.19116399307257023,1,2,0,Home,0,93,28,6311,4487,34918,14340,2879.3333333333335,0.8778913787426911,4,20578,0.2713618486128687,0.25,1952.332967357427,0.05034139567179724,0.7281563363120335,1,2.543962413355275
2020-10-21,48,84392,645,Employed,High School,26,186088,180,Married,2,Mortgage,533,0.19948213135457804,4,0,0,Home,0,92,28,4435,7392,21744,30067,7032.666666666667,0.9592721694303439,4,6013,0.19553349508321924,0.18299134979872597,3036.936388530957,0.07577839912800341,0.5075498396091593,0,0.2537184232335514
2020-10-21,42,26932,530,Self-Employed,Master,23,253950,300,Married,2,Own,227,0.33229162652832533,1,0,0,Home,1,94,28,645,659,15811,9268,2244.3333333333335,0.6054227150849332,6,6543,0.2931112241535012,0.25,5301.538124076879,0.10109857482185272,2.462234912742078,0,8.103743193622739
2020-10-22,33,61403,573,Employed,Master,11,10377,24,Widowed,1,Mortgage,277,0.11805453467919452,0,1,0,Other,0,94,24,1961,2570,18565,34298,5116.916666666667,0.7460203411360062,4,5223,0.17881186086498194,0.1578072496898477,507.00365429300876,0.05412358544329561,0.15318804610463413,1,1.2903773028440089
2020-10-23,24,15000,598,Employed,Doctorate,0,17198,48,Divorced,3,Own,186,0.38092992957331806,0,0,0,Other,0,97,18,539,158,284440,54716,1250.0,0.8878008955863759,5,229724,0.1744381516303941,0.1562820251040846,484.1275782983284,0.1486810551558753,0.5356735238196071,0,2.898128477003808
2020-10-24,50,40953,616,Employed,Bachelor,28,146759,300,Married,4,Own,309,0.2141853894886486,2,3,0,Home,0,97,15,1602,3399,27376,28054,3412.75,0.8955103383048204,7,2791,0.24997413846961733,0.2468897030008376,3026.162890459624,0.09051629439765653,0.9769792429028559,0,3.102064655271186
2020-10-24,47,68921,482,Employed,Associate,23,52162,84,Single,4,Mortgage,498,0.3688590722143244,2,0,0,Education,0,100,11,1227,277,26902,9082,5743.416666666667,0.6977894048880612,1,17820,0.244715532177571,0.25,1320.3055514496698,0.08669287569088825,0.31653441192746634,0,3.0265064011654985
2020-10-26,38,42550,600,Employed,Bachelor,16,30191,60,Married,0,Mortgage,216,0.3450571574828757,5,3,0,Education,0,95,25,984,2035,122599,89271,3545.8333333333335,0.5302576857324576,5,33328,0.17757883306690206,0.1693422866889305,749.2568262180263,0.060899393825478126,0.2721460907526976,1,2.421394378026192
2020-10-29,62,25697,623,Employed,High School,39,20767,48,Married,3,Other,93,0.10158168869708925,1,0,0,Auto,0,93,5,2886,809,60066,61526,2141.4166666666665,0.8597197096930649,5,4869,0.16198529215487598,0.1794582454141559,609.4428801244712,0.043408922945272085,0.3278740737287975,0,2.7207320357076683
2020-10-29,27,68646,489,Employed,Bachelor,7,43537,84,Single,0,Own,1132,0.42637491101999836,3,1,0,Education,0,97,9,4312,618,168078,26729,5720.5,0.8998412529713864,6,141349,0.24117034734974022,0.20436511150930334,978.2668522987838,0.19785021410469283,0.3688310499517231,1,2.8999564846487513
2020-10-29,21,30888,570,Employed,Bachelor,0,12336,12,Single,1,Mortgage,299,0.07496888434524257,2,1,0,Other,0,94,14,1384,481,217884,14464,2574.0,0.5395430191082801,4,203420,0.17635508953901788,0.17418868630247317,1127.5554483604783,0.11611650485436893,0.554002115868147,1,2.6885212476990628
2020-10-30,31,27591,563,Employed,High School,13,179563,300,Divorced,1,Own,322,0.27089225546594026,4,1,0,Home,0,94,27,1443,170,184526,59557,2299.25,0.7560690916908811,3,124969,0.27652457174233097,0.25,3748.6122865667126,0.13998478426258015,1.7696390768684762,0,4.831248882754543
2020-10-30,39,47383,586,Employed,Associate,17,158101,360,Single,2,Own,320,0.42880182659566035,5,1,0,Home,0,100,12,2362,305,36390,29224,3948.5833333333335,0.8618479419320406,7,7166,0.28499274891833476,0.25,3295.739669345013,0.08102120476843548,0.9154737004354923,0,3.256797089925254
2020-11-01,42,300000,588,Self-Employed,Master,23,277428,360,Single,2,Own,929,0.06312562733655987,5,0,0,Home,0,99,10,7255,670,7925,57432,25000.0,0.8329197204551458,3,7721,0.28413333008089403,0.25,5783.204818356926,0.03715851365945362,0.26847745363613157,1,0.5797255654958122
2020-11-02,37,112751,638,Employed,Master,12,19088,36,Married,0,Own,1017,0.03658799863416765,0,1,0,Auto,0,95,9,9869,4663,14532,16133,9395.916666666666,0.7025820600547391,6,5644,0.15046421688297523,0.1603219391986112,671.3808747276953,0.10822698934934331,0.17967392226822934,1,1.888664937641764
2020-11-03,44,90212,607,Employed,High School,20,37544,48,Divorced,3,Mortgage,254,0.25086639672780914,1,0,0,Auto,0,100,21,7333,5781,64434,14056,7517.666666666667,0.7502723892023877,5,50378,0.17013332387313349,0.1774664331387766,1097.8907592217934,0.033782585564816454,0.17980458758935006,1,0.0
2020-11-04,24,45726,551,Employed,High School,1,31527,60,Divorced,1,Own,184,0.18436800685432722,2,0,0,Auto,0,99,2,495,101,179860,3991,3810.5,0.7384580655426345,3,175869,0.2020896578297187,0.18773264516095026,813.8995247914203,0.048274957365866455,0.26181280986263156,0,2.043011537872665
2020-11-04,57,49505,427,Employed,High School,31,22989,60,Widowed,0,Mortgage,234,0.39278845201373147,5,0,0,Education,0,98,9,2265,5974,23429,105099,4125.416666666667,0.8334951623552658,4,4345,0.2640107036544393,0.25,674.757573102044,0.05670779732213179,0.22022923192488494,1,2.5186326400265737
2020-11-04,39,15843,550,Self-Employed,Master,18,10697,24,Married,1,Mortgage,128,0.3286848065949616,3,3,0,Debt Consolidation,0,94,15,198,325,90739,79413,1320.25,0.7857689758175642,4,11326,0.1903194530217728,0.1766373811736003,532.3017513189146,0.09687795648060549,0.49975534631516716,0,3.191684915125232
2020-11-05,53,31304,573,Employed,High School,27,34539,48,Married,1,Own,142,0.3065405651182082,1,0,0,Auto,0,90,24,3084,803,39660,11621,2608.6666666666665,0.8554635081090285,6,28039,0.18711246833792516,0.17670038478301509,1008.6376312882979,0.05441307957593563,0.44091364080532564,1,2.8006358928164468
2020-11-08,44,30953,598,Employed,Bachelor,20,17930,36,Divorced,0,Other,258,0.24601758849348815,4,1,0,Auto,0,94,19,3480,136,304087,25258,2579.4166666666665,0.9450355836541998,4,278829,0.1704485715843731,0.1797448864620447,647.9830114118146,0.09998385273696109,0.35109950385731553,1,2.3429668306128537
2020-11-10,45,15000,515,Employed,High School,23,15543,24,Married,0,Rent,168,0.3738883776990145,3,1,0,Debt Consolidation,0,95,16,485,1232,34157,42842,1250.0,0.8987472513276401,6,8432,0.20791285749776434,0.19656505084802317,788.4677333860883,0.1342925659472422,0.764562536679527,0,3.896688806728168
2020-11-11,46,24070,582,Employed,Bachelor,21,12667,12,Married,5,Other,341,0.2818805685963292,4,3,0,Debt Consolidation,0,93,1,1117,564,134817,41273,2005.8333333333333,0.7409120767684467,6,93544,0.17036170860191463,0.1524241387127612,1144.7514972778142,0.16991944190681837,0.7403462323450615,0,3.3686702973335194
2020-11-16,45,15000,596,Employed,Associate,25,79534,360,Married,3,Other,555,0.08974248456703676,2,1,0,Home,0,97,21,108,1027,52183,29403,1250.0,0.7911963325317348,7,22780,0.27982098811383316,0.25,1657.9487723776972,0.44364508393285373,1.7689438628119085,0,4.267500082923597
2020-11-17,47,56681,640,Employed,Bachelor,26,25500,36,Divorced,0,Other,212,0.19298489639070088,1,2,0,Auto,0,90,18,7825,3689,80812,13671,4723.416666666667,0.8039859657740827,4,67141,0.14953661823651598,0.14206685256294616,874.0915687841284,0.044873264776956585,0.2298890308399545,0,1.6944683438165653
2020-11-20,55,78678,550,Employed,High School,34,7843,60,Divorced,2,Mortgage,598,0.2999060412200414,3,4,0,Debt Consolidation,0,100,25,8349,5739,36174,16006,6556.5,0.8236772635448648,4,20168,0.20224187604682906,0.1976768643096924,206.77902282010888,0.09119329012581014,0.12272649985819425,0,0.8731375850610007
2020-11-20,42,101649,623,Employed,Bachelor,21,306337,360,Married,1,Rent,772,0.3793444551421811,6,1,0,Home,0,95,5,16756,1020,83972,22082,8470.75,0.5736702994350366,5,61890,0.2666581110866259,0.25,6385.835656245965,0.0911263906512822,0.8449063837159931,0,2.079027599311535
2020-11-22,48,67449,602,Employed,High School,28,21792,60,Married,1,Own,473,0.1333374647275865,2,1,0,Auto,0,99,7,15565,1051,16616,15052,5620.75,0.9512079987396782,6,1564,0.17649733602407394,0.19658249123135113,573.2186743243223,0.08413750166763019,0.18610195656589537,1,1.791275492326227
2020-11-24,38,25701,571,Employed,Bachelor,13,13424,60,Divorced,1,Mortgage,105,0.1114276663419089,5,3,0,Auto,1,99,1,394,267,16270,145273,2141.75,0.9651056874591719,4,3555,0.19187621847984426,0.1979454345673602,354.1210162425918,0.049002450122506126,0.21426718760592314,0,2.9533215302395286
2020-11-26,57,24908,691,Self-Employed,Master,35,190390,360,Single,0,Rent,111,0.10421382107879877,1,4,0,Home,0,93,17,3159,1170,22576,19171,2075.6666666666665,0.8977491375861886,5,3405,0.23253920878282863,0.2252188435060642,3577.715240972596,0.05345104333868379,1.7762673712548618,0,5.012892350415776
2020-11-27,31,15000,543,Employed,High School,8,80616,180,Married,1,Mortgage,181,0.3958760692717571,4,2,0,Home,0,91,15,3925,458,111312,18771,1250.0,0.7360220331311313,1,92541,0.2463243662060922,0.25,1721.577993780342,0.14468425259792167,1.520845718449514,0,4.06514309882444
2020-11-29,61,4671,554,Unemployed,Master,40,11250,24,Married,0,Mortgage,100,0.3001915923670577,3,2,0,Auto,0,95,8,200,958,42346,15781,389.25,0.9191611953045611,7,26565,0.18833205307314277,0.19952904483514006,572.3189840659467,0.25624599615631005,1.7227904780677685,1,5.051644614452088
2020-11-30,39,4472,616,Unemployed,Bachelor,20,24881,36,Married,1,Rent,174,0.3701033185850772,2,1,1,Debt Consolidation,0,98,14,753,1001,6359,6992,372.6666666666667,0.8550648231626929,4,1108,0.16153047498236864,0.18670853756526626,907.9031659988285,0.46565566458519175,2.8953697573563657,0,9.239284436142812
2020-12-01,22,33403,546,Employed,High School,0,19746,36,Married,4,Own,208,0.22614582889149476,5,2,0,Debt Consolidation,0,97,8,1212,114,60961,50510,2783.5833333333335,0.6055202267167002,8,10451,0.19647268921501435,0.19620542327434837,730.0199266920432,0.07469699236869669,0.3368618620471201,1,2.579303437510346
2020-12-01,41,27699,579,Employed,Associate,22,10081,12,Married,5,Rent,210,0.2939465654502572,2,1,0,Other,0,100,16,3400,2053,13152,3926,2308.25,0.8188098303637895,1,9226,0.17180462673366065,0.15530136571926123,912.4177803024062,0.09093861643390712,0.4860529523881807,1,2.5494865477132893
2020-12-02,31,50616,473,Employed,High School,9,190177,300,Married,4,Mortgage,221,0.3840633475779348,2,1,0,Home,0,98,12,241,2515,141883,30990,4218.0,0.5842098322965126,7,110893,0.3215389289386713,0.25,3970.1934074525248,0.052382081061863,0.9934091982584795,0,4.071992510055981
2020-12-03,50,45570,614,Employed,Bachelor,30,112928,180,Divorced,5,Own,348,0.5187628052927378,4,0,0,Home,0,98,24,14619,604,99821,5903,3797.5,0.8311049802889013,7,93918,0.21090862864540888,0.2192848135687133,2146.0337110663745,0.09161511122811636,0.656583838637982,0,3.764275777742911
2020-12-05,32,41266,609,Employed,Bachelor,6,13688,48,Married,0,Mortgage,187,0.32146972577183136,5,0,0,Debt Consolidation,0,94,7,1924,1124,13888,34521,3438.8333333333335,0.9336319349619646,9,1329,0.16888108696739887,0.1678856702118558,393.47210615928753,0.05436309898735404,0.16875006720072314,1,1.5490469883196065
2020-12-05,34,98998,591,Employed,High School,10,20776,60,Divorced,2,Mortgage,757,0.25190992491363834,1,1,0,Education,0,96,5,12914,1679,89500,63231,8249.833333333334,0.7700997786861866,3,26269,0.18198540047116119,0.18121261604808436,528.9453170942783,0.09174830825169174,0.15585641657540994,1,1.3336551275251014
2020-12-05,18,20426,511,Employed,Bachelor,0,13312,72,Married,0,Own,315,0.15106710062129214,0,0,0,Auto,0,96,1,1003,726,302149,40763,1702.1666666666667,0.6754821241018749,4,261386,0.22587412407010798,0.1789214154004981,302.8061960345515,0.18494960367942068,0.36273971780089137,1,3.274180973290922
2020-12-08,34,74320,596,Self-Employed,Master,9,242954,360,Married,3,Mortgage,598,0.2796454286744864,3,0,0,Home,0,98,24,6345,984,15500,10344,6193.333333333333,0.7885365298222965,7,5156,0.2801001578799972,0.25,5064.567179372985,0.09653984824839908,0.9141528029983833,0,2.8164258559255355
2020-12-09,18,39289,519,Employed,Master,0,129319,240,Married,3,Mortgage,325,0.14643930943031291,6,0,0,Home,0,99,26,201,1217,65753,8133,3274.0833333333335,0.8788957352691524,7,57620,0.2784425113079599,0.25,2713.3922705270916,0.09923411618024987,0.9277297586912572,1,2.843648940982198
2020-12-10,20,34678,503,Employed,Bachelor,0,16684,36,Married,1,Rent,368,0.07425014192511102,0,0,0,Auto,0,96,11,1231,712,76144,19881,2889.8333333333335,0.9177944754559021,6,56263,0.21793056634779637,0.22648053338304075,642.7765473153987,0.12729893341020465,0.3496488488839661,1,1.953731774485966
2020-12-11,49,107574,654,Employed,Doctorate,26,230452,240,Single,1,Other,376,0.37588482547499336,7,0,0,Home,0,96,23,13106,1340,32217,7005,8964.5,0.8974318877924451,4,25212,0.21108695055401805,0.24576003260088577,4756.317474823836,0.04193854218950421,0.5724518961378435,0,1.97212658088576
2020-12-14,49,14616,634,Unemployed,Bachelor,26,6336,36,Married,0,Own,381,0.10854451893363394,2,0,0,Other,0,98,12,1193,397,81401,10239,1218.0,0.9627821294129724,4,71162,0.1521885401873309,0.13554137397287103,215.17992664557147,0.3125512715340443,0.48907295048857374,0,2.601814520661608
2020-12-16,45,19770,481,Employed,Associate,20,126515,360,Widowed,0,Rent,95,0.12569585660977106,3,0,0,Home,0,100,14,200,5684,34199,14046,1647.5,0.883810667094978,8,20153,0.3374370310153413,0.25,2637.304661369532,0.05762814680012132,1.6574489908216754,0,5.5502859269905525
2020-12-17,28,44746,613,Employed,Master,4,27424,24,Married,5,Mortgage,490,0.2145669004218645,3,0,0,Other,0,91,12,2483,432,15155,38787,3728.8333333333335,0.9048432032276935,7,8637,0.15905480257128585,0.152369443259668,1332.787189350057,0.13137316233969346,0.48870472925958897,1,2.6422661271256054
2020-12-17,39,48548,603,Employed,Associate,16,6920,36,Married,3,Rent,498,0.1402640386094102,5,0,0,Debt Consolidation,1,94,12,1117,725,106266,193131,4045.6666666666665,0.8697331729004353,2,1176,0.16771057888671048,0.17001801669036196,246.72307943022255,0.12306425041186161,0.18403370990862172,1,2.825167252750201
2020-12-18,39,42013,629,Employed,Associate,20,32915,48,Single,0,Rent,189,0.37782504781269044,2,2,0,Auto,1,94,3,886,413,34666,26100,3501.0833333333335,0.805787828293865,1,8566,0.15910042853518142,0.1681280483500037,946.578955635725,0.053967876264128495,0.32425811939628074,1,2.4296572726563728
2020-12-19,26,53407,581,Employed,Associate,5,53913,36,Single,0,Mortgage,624,0.12838379533084038,4,1,0,Debt Consolidation,0,93,7,609,583,17071,11813,4450.583333333333,0.6981510636904603,4,5258,0.17922378636585756,0.1644909779525157,1907.3964229602523,0.14017484415657352,0.5686507998188478,0,2.77241767204199
2020-12-20,58,69503,588,Employed,Master,36,7802,24,Married,0,Mortgage,629,0.19347123602522803,1,2,0,Debt Consolidation,0,94,21,6734,3017,93021,69272,5791.916666666667,0.7182555905972078,5,23749,0.1712405658885292,0.17701805265433362,388.3846521228289,0.10858088182406674,0.17562563224446445,1,1.049885389042361
2020-12-23,50,175110,628,Employed,Master,27,161181,300,Single,5,Own,2594,0.15250406314786377,4,0,0,Home,0,98,26,27217,6731,75402,61196,14592.5,0.9462912373506938,4,14206,0.24399757236007225,0.24646775086880082,3317.9403512479475,0.17775036831466062,0.4051077775206734,1,2.1730765468922373
2020-12-25,37,16696,576,Employed,Associate,17,21805,48,Single,4,Rent,177,0.30444352926214024,1,1,0,Auto,0,99,27,7451,327,277645,48834,1391.3333333333333,0.8922436725179141,5,228811,0.18549748511006658,0.18105769820569187,641.7276443436918,0.1271247306679435,0.588025600438371,1,3.5423043029126515
2020-12-26,40,39948,613,Employed,Associate,13,10592,120,Married,2,Rent,267,0.34514112755565396,3,1,0,Education,0,97,10,477,2140,97910,62831,3329.0,0.7305323705284135,9,35079,0.19081698717114912,0.1886442337424143,196.7857354815635,0.08018018018018018,0.13927499564010917,0,1.466198394817905
2020-12-27,42,3549,568,Unemployed,Associate,16,21665,84,Married,2,Mortgage,124,0.3604482997020082,4,1,0,Education,1,97,10,1926,727,39376,137346,295.75,0.8236676777339068,4,9655,0.20149587487262635,0.19496995857421107,474.5571291932786,0.41786015164279694,2.0170417158998437,0,7.985844407004047
2020-12-28,18,51137,508,Employed,Bachelor,0,19421,60,Single,2,Mortgage,151,0.16452833678649623,4,2,0,Education,0,94,4,6140,834,116275,1845,4261.416666666667,0.6588718680006541,6,114430,0.22346854043078856,0.19525192884323583,509.4203542417567,0.035425912530059236,0.15494035564529277,0,1.9208425448135626
2020-12-29,37,2592,495,Unemployed,High School,14,25035,36,Single,0,Mortgage,137,0.231794318607316,5,0,0,Auto,0,89,17,500,70,21810,19622,216.0,0.9888507830628279,4,2188,0.22203201751701115,0.23948809733434992,981.5217066852844,0.631336405529954,3.0,0,7.983581215478391
2020-12-31,31,50892,593,Employed,Bachelor,9,19282,60,Single,4,Mortgage,313,0.09689524286201412,3,3,0,Auto,0,98,10,1061,2240,258419,7050,4241.0,0.7706837042623587,9,251369,0.1809667447894299,0.16561604107821348,474.6738996376227,0.07378595002357378,0.18568455908477668,1,1.6006679762656257
2021-01-02,27,28496,559,Employed,Associate,6,21009,60,Single,1,Rent,229,0.498346537658713,2,1,0,Auto,1,100,2,502,648,33298,37375,2374.6666666666665,0.9484552373165295,3,8958,0.19798818844845975,0.2093544640596525,567.6014014169216,0.09639399466816333,0.3353169923180532,1,3.7446889379407255
2021-01-05,36,31245,601,Employed,Associate,13,24527,48,Single,0,Rent,108,0.310223576490911,5,2,0,Auto,0,99,18,962,613,11222,31793,2603.75,0.9944026530129314,4,4069,0.17302689265027787,0.14148567204692533,672.0658184763777,0.041462712352433054,0.29947819118010466,1,2.1371985019234683
2021-01-05,61,19746,580,Employed,High School,38,27693,60,Married,1,Rent,143,0.3463087872548378,3,2,0,Education,1,96,26,1262,237,32841,32305,1645.5,0.9047290248703974,9,9251,0.18755724276555366,0.19729291058038081,729.530058825573,0.08685089583965988,0.5299301906016234,1,4.0493206366982335
2021-01-06,47,32011,458,Employed,High School,27,12042,24,Married,2,Rent,301,0.208333940333374,1,0,0,Debt Consolidation,0,97,28,6510,1294,35374,13606,2667.5833333333335,0.6512523068480313,3,21768,0.23634905971431514,0.1949574924641993,609.9249604760448,0.11279392936327014,0.34135151377798884,1,2.5265233001280833
2021-01-06,33,101798,595,Employed,Master,10,44473,60,Married,1,Mortgage,1007,0.1234174406834874,3,1,0,Education,0,100,2,16046,2769,150470,30245,8483.166666666666,0.8816061311403894,4,120225,0.18017566500693483,0.19958600266070878,1177.2382691023836,0.1186916805814753,0.2574487695631923,1,0.6007878061666473
2021-01-07,46,54245,639,Employed,Associate,24,6711,60,Divorced,2,Mortgage,151,0.22201047978127736,2,1,0,Debt Consolidation,0,94,9,562,821,21246,35779,4520.416666666667,0.856983501194139,5,10097,0.15770291306203676,0.14538417114922297,158.03282488398187,0.03339661241867409,0.06834867203508824,1,1.522759014176271
2021-01-07,56,64027,574,Employed,High School,37,43136,60,Married,3,Rent,643,0.6529077009050143,0,0,0,Education,0,95,22,1518,360,36995,14462,5335.583333333333,0.6259729491401284,4,22533,0.19066803409412397,0.20619982916395294,1157.7715279090633,0.12048907696872219,0.3374390345712575,0,0.9442640335923613
2021-01-09,51,138875,615,Employed,Associate,30,32645,60,Single,3,Mortgage,867,0.22432606960435986,2,2,0,Education,0,91,13,26586,7757,62240,7444,11572.916666666666,0.6236965484129189,6,54796,0.17009836940392847,0.1816346033284863,831.874034324637,0.07490981877353532,0.14678471283774325,1,0.7237670213542191
2021-01-10,40,45653,548,Employed,Associate,18,33465,60,Single,2,Rent,293,0.3295862073747488,5,2,0,Education,0,98,5,1146,1605,59625,97923,3804.4166666666665,0.9106868261841646,4,3651,0.20360457131926363,0.19532822736270505,877.9412457819985,0.07699551078506515,0.3077038201989266,1,1.3470486552223615
2021-01-10,32,26446,582,Employed,High School,6,140185,300,Widowed,1,Own,57,0.4199810182654423,7,1,0,Home,0,95,26,1303,655,292110,50016,2203.8333333333335,0.928158475331271,1,242094,0.2669626813478125,0.25,2926.5450755019383,0.025852294202131677,1.3531839483718822,0,4.679411468744394
2021-01-13,48,65787,606,Employed,Associate,24,8260,24,Widowed,0,Rent,980,0.05554461282035589,0,1,0,Other,0,96,20,623,88,112696,522,5482.25,0.937259470113909,4,112174,0.16225482523114063,0.14534182518862895,398.67405508103025,0.1787261204577577,0.25143374004122193,0,1.7090408711129585
2021-01-14,44,35650,619,Employed,Bachelor,24,142779,180,Single,1,Mortgage,275,0.3000417525228976,4,1,1,Home,0,99,9,5894,659,26455,6975,2970.8333333333335,0.7156301218270141,4,19480,0.20846726506576413,0.19371621719780507,2441.5947871621665,0.09253547193090685,0.9141141115457909,1,5.407391194363056
2021-01-14,50,39023,600,Employed,Bachelor,27,22322,48,Single,0,Rent,128,0.5690083506109538,5,2,0,Auto,0,94,15,300,588,114999,14268,3251.9166666666665,0.900708065924916,6,100731,0.17350334320401634,0.1374607093272657,607.1420701323395,0.03934930190854362,0.22599474424460292,1,2.294816955255539
2021-01-16,47,17649,555,Employed,Associate,28,159519,300,Married,4,Mortgage,194,0.20629403978885497,4,1,0,Home,0,98,25,178,182,42047,44153,1470.75,0.7608566434792318,6,4096,0.2804949811462989,0.25,3330.1675921032474,0.13181586546628163,2.394542274233564,0,5.7949556185455995
2021-01-17,52,89121,594,Employed,Associate,27,208840,360,Married,4,Rent,747,0.7105935518604913,3,1,0,Home,0,98,26,13302,3637,346791,3016,7426.75,0.8545204881482763,4,343775,0.281062332118967,0.25,4353.434023478742,0.10056881289758002,0.6866728179433533,1,1.7991275330177283
2021-01-18,33,49493,628,Employed,Doctorate,11,9652,48,Married,0,Other,644,0.45973407896233365,5,2,0,Debt Consolidation,0,95,28,17620,1942,46606,6112,4124.416666666667,0.7170419871549306,5,40494,0.1592937560067122,0.1587425871926019,272.9192131439917,0.1561054438945561,0.2222609950051086,1,1.4422614222795753
2021-01-19,55,52761,584,Employed,Associate,33,16069,48,Married,3,Own,319,0.5497004985825258,3,2,0,Auto,0,99,23,2059,1567,127950,17354,4396.75,0.826628631772985,4,110596,0.18142117736468288,0.18426290943223164,475.613858609031,0.0725370928315616,0.18068645525758195,1,0.9879439643559553
2021-01-20,42,21399,515,Employed,High School,17,7513,60,Single,2,Mortgage,162,0.4290720093701502,4,0,0,Debt Consolidation,0,96,21,1065,1159,178553,25872,1783.25,0.9167267857460334,8,152681,0.21973113080653348,0.22153163411521004,208.1556751145383,0.09079445145018916,0.2074572930444379,0,2.2558964767328304
2021-01-20,64,71342,624,Employed,High School,44,160098,360,Single,5,Mortgage,365,0.25479848980930414,5,0,0,Home,0,99,22,9234,492,43845,11121,5945.166666666667,0.7768841313328115,6,32724,0.2659958869132173,0.25,3337.3687047064723,0.06138408498472405,0.6226479868889995,1,2.3386002752431496
2021-01-21,31,31473,536,Employed,Associate,11,181905,360,Married,1,Rent,299,0.6067217362818697,4,1,0,Home,1,95,19,2194,383,52397,29861,2622.75,0.958188563697716,6,22536,0.31002781133727975,0.25,3791.9527678648756,0.11395902810862316,1.5592006737931874,0,6.2854559602553595
2021-01-22,60,7099,561,Unemployed,Bachelor,39,164228,240,Divorced,2,Own,109,0.35879736268236295,6,0,0,Home,0,98,18,615,354,38929,12739,591.5833333333334,0.867473456892696,6,26190,0.25750225426857287,0.25,3445.858580750881,0.18394037406834482,3.0,0,8.12339056017246
2021-01-22,42,70733,602,Employed,High School,17,23064,60,Single,1,Rent,319,0.31465870136707286,4,1,0,Education,0,95,10,2271,729,112718,4785,5894.416666666667,0.9227355486631165,10,107933,0.17651151789899797,0.15209579382088179,551.2315005717956,0.05410983108346879,0.14761153448104525,0,1.3873352373203003
2021-01-22,32,81382,633,Employed,Bachelor,13,15002,48,Married,0,Other,555,0.39259806036610284,2,3,1,Debt Consolidation,0,98,10,886,3233,713807,29894,6781.833333333333,0.6944391661179108,7,683913,0.15690400136502178,0.14352994300233413,412.61319078510024,0.08182421308695972,0.14265619442982533,1,3.243863146281679
2021-01-26,34,41148,510,Employed,High School,16,13367,48,Married,0,Mortgage,157,0.33968934353880437,1,1,0,Auto,1,98,4,2710,468,107304,42388,3429.0,0.9011472555517331,7,64916,0.21837515476756883,0.20194039999660401,408.14586024238855,0.04577259475218659,0.1647655569219792,1,3.874247677665583
2021-01-27,36,15000,578,Employed,Associate,14,16158,48,Single,0,Mortgage,359,0.09810225270360082,5,0,0,Auto,0,95,3,815,1205,84694,57861,1250.0,0.5342873536552244,4,26833,0.18442255811224306,0.1866618338569473,480.28448303001664,0.2869704236610711,0.6708908737250333,0,3.343170311704572
2021-01-28,45,300000,568,Employed,Bachelor,21,12216,24,Divorced,0,Mortgage,2643,0.09357009399695555,3,2,0,Other,0,95,20,5771,1296,27214,6290,25000.0,0.8417272438262285,3,20924,0.181352645925851,0.19385531881112483,618.0822854564358,0.10571577136914523,0.13043807389530163,1,1.695206025924671
2021-01-31,46,158718,596,Employed,Associate,21,179927,360,Married,0,Own,803,0.24318421335349827,1,0,0,Home,0,96,26,3041,25694,175225,38295,13226.5,0.7118476560527381,0,136930,0.2800250780124628,0.25,3750.719802444262,0.06070686070686071,0.34426156132634755,1,2.11770019160597
2021-02-01,33,11324,466,Unemployed,Bachelor,11,18361,72,Married,2,Rent,80,0.34962955004638024,5,1,0,Auto,0,97,11,363,2503,71495,31541,943.6666666666666,0.8339926398896365,5,39954,0.2484545096476759,0.23108132841706303,473.4947270674873,0.08468595624558928,0.58591537798252,0,3.4706792265447444
2021-02-03,39,24252,598,Employed,High School,17,32503,72,Married,2,Own,202,0.3497527321036779,3,1,0,Auto,0,98,17,2349,423,604225,136673,2021.0,0.9338126649478057,7,467552,0.18259727960941688,0.1737530246358846,729.8894738283902,0.09990108803165183,0.46087511069653325,1,2.195540793915303
2021-02-03,65,56769,668,Self-Employed,Bachelor,40,167545,300,Single,5,Rent,315,0.19842406499761936,8,0,0,Home,1,97,1,7155,3429,337679,7837,4730.75,0.7578271385529756,3,329842,0.22400725330485247,0.2285876240024851,3202.702412159797,0.06657156443176415,0.74342524692974,0,4.330839101210727
2021-02-03,60,43499,668,Employed,High School,41,232122,240,Married,1,Mortgage,552,0.260407923168293,2,0,0,Home,0,88,22,1636,559,67559,24176,3624.9166666666665,0.6033154037793921,2,43383,0.20408875567064264,0.20580157942948774,4049.3087539297067,0.15223736526395626,1.2690056548265147,0,3.276321321939712
2021-02-04,45,135236,650,Employed,Master,23,303164,300,Married,4,Mortgage,644,0.42064095665954687,3,0,0,Home,0,99,11,4580,7152,83086,21108,11269.666666666666,0.8022589285922367,3,61978,0.23315550812268276,0.25,6328.9446892996375,0.0571394771087188,0.6186807662338494,1,2.007539691890664
2021-02-07,40,52920,531,Employed,High School,17,10528,48,Single,2,Other,490,0.280588344147065,4,0,0,Debt Consolidation,0,98,26,1176,852,59209,4261,4410.0,0.8349720009811926,9,54948,0.20781547215846422,0.2279597802513103,336.2621546500938,0.11108592155973702,0.18731855693722374,0,1.20566878732025
2021-02-08,41,72027,586,Employed,Master,18,33893,84,Married,1,Own,269,0.17922167847894685,0,0,0,Education,0,100,4,4800,191,22405,86405,3003.3333333333335,0.8700613861093902,5,9218,0.19260774832163832,0.16226011254470932,677.5550740749363,0.08953733496061245,0.31506326663983236,1,1.1733627214300524
2021-02-08,47,35439,547,Employed,Associate,26,28269,24,Single,2,Rent,178,0.1640436636497766,6,1,0,Debt Consolidation,0,99,16,1907,19,131955,8907,2953.25,0.7508775019028865,10,123048,0.1920623891126719,0.17803691672462402,1408.624531283684,0.06025217906406025,0.5370650863277259,0,3.253584384614088
2021-02-09,27,13054,587,Unemployed,Bachelor,4,13561,120,Single,2,Mortgage,181,0.21705352484029322,6,1,0,Education,0,95,2,1291,251,48576,9603,1087.8333333333333,0.5590552936215466,6,38973,0.20387875676081096,0.19495616093356807,257.5550550322108,0.16623297106995255,0.40277519213122076,0,2.8456558265936076
2021-02-09,36,122156,588,Employed,Associate,18,50244,84,Married,0,Rent,1338,0.5556001291748369,2,1,0,Education,0,93,3,9124,3100,503377,18237,10179.666666666666,0.850174068746988,8,485140,0.19170616657962078,0.21499622834881604,1161.5358784598316,0.13142557789273787,0.24551789782527322,1,2.015417989230186
2021-02-09,19,124599,579,Employed,Master,0,16987,36,Single,3,Own,919,0.2857260736903336,2,0,0,Debt Consolidation,0,100,24,4780,9048,64119,9676,10383.25,0.8371384545088296,6,54443,0.1799350656228583,0.1790974210806547,613.3518828841668,0.0884994101644317,0.14756500304636028,1,0.7028372784030995
2021-02-12,44,79648,590,Employed,High School,21,8448,36,Married,2,Rent,590,0.13178192878998315,3,1,0,Other,0,100,6,1296,1586,17378,39536,6637.333333333333,0.943740731339743,6,7373,0.17426045084253822,0.192450172557915,310.717593559496,0.08887773035400452,0.13568429729743853,1,1.1854898035114718
2021-02-14,47,43719,552,Employed,High School,26,177465,300,Divorced,5,Rent,199,0.13893728186472357,1,1,0,Home,1,99,18,842,2288,93694,22173,3643.25,0.6475031084107868,1,71521,0.2820216335800635,0.25,3704.8137947993832,0.054606571996981546,1.0712255731081521,0,5.397739123305494
2021-02-15,34,15000,535,Employed,Associate,11,20550,36,Single,4,Other,285,0.18451695619409525,1,1,0,Auto,0,94,23,2762,208,140008,2997,1250.0,0.9354239966755504,5,137011,0.20198266622013525,0.2023820623697033,766.2081268352892,0.2278177458033573,0.840294266055387,0,2.993611902429431
2021-02-15,58,59907,549,Employed,High School,35,41188,12,Married,2,Rent,713,0.5376514884868525,2,1,0,Debt Consolidation,0,93,18,1513,820,103327,3674,4992.25,0.8837206845882065,5,99653,0.18715648162734952,0.17203957068130993,3760.5291292576558,0.14279277023982376,0.8959153115220859,1,2.6726663315416865
2021-02-16,25,40116,544,Employed,High School,3,7262,36,Married,2,Mortgage,230,0.29008685457317285,2,1,0,Other,0,95,1,1388,2209,81929,35350,3343.0,0.787775665463858,5,46579,0.19722263706140156,0.22201684069143818,278.09734166740583,0.0687799043062201,0.1519429849483869,1,1.7118593503208535
2021-02-16,22,54524,556,Employed,Master,0,11335,36,Married,4,Mortgage,361,0.3712214682197954,4,1,0,Other,1,99,5,915,89,52754,10479,4543.666666666667,0.9366775065999413,3,42275,0.19133393469534263,0.1579964577066718,397.3846722572201,0.07943376851987677,0.16687355264571366,0,2.788874285905105
2021-02-17,42,59542,563,Employed,Doctorate,21,27929,180,Married,4,Own,852,0.31970842124732773,4,2,0,Education,1,89,12,921,1158,78763,20591,4961.833333333333,0.7101648222808702,2,58172,0.2360593641647348,0.22709522037738564,547.2796355227028,0.17167612586895928,0.28195176858435095,1,3.9486548999519036
2021-02-17,52,30262,656,Employed,Associate,30,116020,240,Married,3,Mortgage,121,0.33255246624080814,3,0,1,Home,0,94,26,731,389,71313,30597,2521.8333333333335,0.7246499227616369,4,40716,0.20991538162204665,0.19215864121036963,1899.8167027327809,0.047961947545748826,0.8010107826119234,0,4.216793687196163
2021-02-18,60,11737,656,Unemployed,Master,36,95797,300,Single,3,Rent,218,0.33329062534544357,1,3,0,Home,1,100,25,4838,1282,19269,7128,978.0833333333334,0.7808609174860583,7,12141,0.2298674992717286,0.2075887520449268,1666.9105373179348,0.2226572474253128,1.9251788618448562,0,6.67731078793205
2021-02-18,34,63029,611,Employed,Bachelor,11,9128,24,Single,0,Own,336,0.12430862534451835,4,1,0,Other,0,95,5,6352,713,439462,5991,5252.416666666667,0.8848296906986294,4,433471,0.15977980285964127,0.16596428271296687,449.5409269352593,0.06395837629479227,0.14952953035680128,1,2.115408061758451
2021-02-20,52,73315,596,Employed,High School,31,23049,60,Married,3,Mortgage,1259,0.18078893595085982,4,1,0,Auto,0,97,1,2259,2359,81873,41114,6109.583333333333,0.5775520702966586,1,40759,0.17951135526210618,0.18497557095152248,591.5496489543696,0.2060359758342766,0.3028433699381188,1,1.1166226634496055
2021-02-22,39,108087,571,Employed,Bachelor,16,143177,300,Single,0,Rent,788,0.18949635304953524,1,0,0,Home,0,96,18,16659,5215,61508,14699,9007.25,0.797927034243124,7,46809,0.27246796097260534,0.25,2989.006985591476,0.08747536979990564,0.419283100001829,1,2.349102954906393
2021-02-25,37,64837,580,Employed,Bachelor,13,19587,36,Divorced,2,Rent,860,0.20238698985419548,4,2,0,Other,1,100,20,2905,279,323446,72861,5403.083333333333,0.6921900909093404,3,250585,0.17947066810320558,0.19085696877880648,718.8304144808494,0.15913892272818395,0.29215508294299364,1,2.7650529513308295
2021-02-26,50,51079,573,Employed,Doctorate,32,192140,300,Married,1,Rent,246,0.24403198854960523,5,2,0,Home,0,96,5,10328,853,14971,41005,4256.583333333333,0.42345147502689545,3,9801,0.27154149618912216,0.25,4011.1735977953595,0.05777925662053982,0.9999037633544914,0,3.251834385983295
2021-03-02,47,47035,628,Employed,High School,22,7601,48,Single,1,Rent,177,0.42776130754850095,1,1,0,Debt Consolidation,0,91,18,22416,586,563295,31121,3919.5833333333335,0.8597973675979623,3,532174,0.15923404166238733,0.18370804418202077,224.7548484270778,0.04514634301868344,0.10247323274863293,1,0.1692428518071507
2021-03-05,21,45945,553,Employed,Bachelor,0,21874,60,Single,1,Rent,288,0.12336900193925007,3,2,0,Education,0,100,3,6704,2272,27352,151026,3828.75,0.7272243390147721,4,10232,0.20099827492780645,0.16348005143792155,535.9862816643879,0.0752007311182192,0.21515406532133635,1,2.181312825185718
2021-03-05,57,50174,626,Employed,High School,34,166905,360,Single,3,Rent,404,0.16160104118039825,3,0,0,Home,0,93,22,2878,1892,254858,12460,4181.166666666667,0.8875437676706709,3,242398,0.26500629651466856,0.25,3479.265972460829,0.09660064559837404,0.9285297028958264,1,3.5216412191994713
2021-03-05,56,91489,628,Employed,High School,31,31794,48,Married,3,Rent,500,0.2216528996486001,4,1,0,Auto,0,92,22,9608,1391,22714,13734,7624.083333333333,0.8764648645271151,6,8980,0.1595917660809254,0.1755306366365699,926.5398518556148,0.06557305384640605,0.1870851490395447,1,1.4527198227042177
2021-03-07,32,61476,564,Employed,High School,12,161884,300,Divorced,1,Other,634,0.18891678035143436,3,1,0,Home,0,100,26,3257,414,24410,41748,5123.0,0.9139934779070471,5,7769,0.2759986603713974,0.25,3379.5400577990213,0.12373145979703357,0.7832826030052735,0,2.7842558939758852
2021-03-07,44,239897,623,Employed,Doctorate,23,53278,84,Single,2,Rent,908,0.49335376753884685,1,0,0,Education,0,99,1,1425,9290,109229,21019,19991.416666666668,0.5285209915830442,3,88210,0.17422082438406736,0.14665539110723036,1018.1205254271271,0.045417220696180635,0.09634255615723264,1,0.6452652986803455
2021-03-08,45,246402,661,Employed,Master,23,36816,48,Single,5,Own,356,0.16864831992132795,3,1,0,Auto,0,95,10,4647,3074,74398,10826,20533.5,0.9529934909828153,5,63572,0.14312842874350243,0.15784769151874783,1039.3219745157273,0.01733667729917943,0.06795013146245232,1,0.6818868514043506
2021-03-09,43,57480,557,Employed,Bachelor,22,217154,360,Married,1,Own,535,0.5858730522513553,3,0,0,Home,0,100,24,1158,218,23618,11450,4790.0,0.6324055827406385,5,12168,0.29957209166581406,0.25,4526.745891278025,0.11166771029012733,1.0565113528027603,0,3.8670555408474256
2021-03-09,33,15000,553,Employed,Bachelor,7,5972,12,Single,2,Mortgage,103,0.5030337865518968,2,1,0,Other,0,99,27,454,71,25805,5882,1250.0,0.8987373532311669,9,19923,0.18467375114818307,0.2028162231496576,554.0185160888893,0.08233413269384493,0.5251946571453951,1,1.3145474856936452
2021-03-09,31,98982,524,Self-Employed,Associate,10,31044,24,Married,1,Mortgage,583,0.21368050769432156,3,1,0,Auto,0,94,22,31055,2943,40254,24299,8248.5,0.9017891808077458,3,15955,0.20358579826094975,0.22094499929180053,1611.9545236741421,0.07067094975453057,0.2660712193071268,1,1.3151377027088915
2021-03-10,39,32501,614,Employed,High School,18,143337,300,Married,4,Other,499,0.40134344770500446,2,2,0,Home,0,97,19,5210,174,179732,44050,2708.4166666666665,0.9731621143425118,11,135682,0.2509682401891528,0.23735948132036308,2843.1770823795473,0.18417248485221296,1.2335411985530271,0,4.031860194302024
2021-03-10,54,29573,596,Employed,High School,31,62927,360,Married,1,Mortgage,506,0.3856003885628362,5,1,0,Home,0,96,18,2398,3646,80086,20532,2464.4166666666665,0.973057192591922,8,59554,0.2797624366236679,0.25,1311.7627982926967,0.20523914145681935,0.7373044982089695,1,2.736569831569416
2021-03-12,46,39628,637,Employed,Associate,26,225283,300,Married,5,Own,209,0.31874842612506726,1,0,0,Home,0,95,15,4660,298,104840,48086,3302.3333333333335,0.9250080421965485,5,56754,0.239581279276869,0.25,4703.077035662183,0.06326942482341069,1.4870061661944045,0,4.07439669444165
2021-03-13,35,42174,643,Employed,Bachelor,13,6766,12,Married,1,Own,397,0.16408382715794737,2,2,0,Other,0,97,27,331,809,35136,20799,3514.5,0.8518984401387999,5,14337,0.13970495328405808,0.14035428016131726,607.6124296281498,0.11292845967856635,0.2857665850172521,1,2.1078752943238186
2021-03-14,49,13695,580,Unemployed,Bachelor,26,150583,180,Married,0,Mortgage,122,0.2714268569402384,4,0,0,Home,0,99,25,1852,385,96232,16429,1141.25,0.6405223328213133,6,79803,0.22798056908675102,0.21951209503814628,2864.196282996265,0.10680674108119939,2.61431060012805,0,7.030901695559124
2021-03-15,18,15000,475,Employed,High School,0,18478,48,Single,0,Mortgage,139,0.34306272887221356,3,1,0,Auto,0,94,11,2288,158,15017,30255,1250.0,0.9650220234190483,9,5425,0.23595609755779434,0.22897721360408518,591.2121199349759,0.1111111111111111,0.5837027337609719,1,3.3640563759550686
2021-03-15,53,24944,626,Employed,High School,31,10782,36,Married,1,Own,130,0.35415364094108975,2,1,0,Debt Consolidation,0,99,24,138,50,25436,17369,2078.6666666666665,0.603841683242032,5,8067,0.15632143152472056,0.1842551367186973,392.1004985101409,0.06251001763103062,0.25105008743875984,1,2.152114589983545
2021-03-16,19,41545,546,Employed,High School,0,21808,120,Married,2,Mortgage,123,0.09763176306758292,4,0,1,Education,0,91,3,4660,965,156901,20746,3462.0833333333335,0.696188865977392,7,136155,0.2244975195019043,0.2443122512528471,487.3984334078764,0.035517482012657316,0.1762586616188492,0,4.2542249466392486
2021-03-16,35,65245,413,Employed,Associate,16,20985,72,Single,1,Mortgage,483,0.17793948434325765,3,1,0,Auto,0,97,7,819,589,81800,20092,5437.083333333333,0.8573955663749241,8,61708,0.27498790270692947,0.25,565.2766620681589,0.08881805783287618,0.19276583270481185,1,2.1178936861148756
2021-03-17,26,11149,570,Unemployed,Master,3,23181,24,Single,1,Mortgage,186,0.39549807964437067,2,1,0,Debt Consolidation,0,94,7,124,369,368328,5931,929.0833333333334,0.7507954447583826,5,362397,0.1805127828486122,0.17889769039566994,1156.056338235437,0.19998208045874025,1.4429420355546314,0,4.937869878862691
2021-03-17,24,28995,552,Employed,Bachelor,0,10867,48,Single,2,Mortgage,146,0.021435010240190108,4,1,0,Debt Consolidation,0,100,12,5700,492,114398,29093,2416.25,0.7014428547865124,7,85305,0.19732339449263656,0.19265478276148598,326.44889938806546,0.06039921398283173,0.19544891897324043,0,1.9912156259479608
2021-03-17,53,33741,640,Employed,Master,30,258582,360,Single,3,Mortgage,410,0.22387503070854567,5,0,0,Home,0,92,1,643,842,16999,7067,2811.75,0.6849886004384855,6,9932,0.25811574300114165,0.24732293268973107,5332.884806708843,0.14576482090480847,2.041733110553317,1,4.935707006777536
2021-03-19,34,26458,479,Employed,Associate,11,22025,84,Married,3,Own,150,0.14547594052913107,2,1,0,Education,0,96,22,674,2422,134667,15058,2204.8333333333335,0.8946337213584158,4,119609,0.2459999947131812,0.2288412852915776,528.0455742166793,0.0680015111446921,0.30738749114469777,1,1.7194989593473262
2021-03-19,44,50014,626,Employed,Associate,20,11807,36,Single,2,Rent,256,0.4302171042549589,1,0,0,Other,0,94,3,7022,556,15972,177732,4167.833333333333,0.7604144750531088,6,7863,0.15634413313671008,0.13986389764227458,403.45723036628226,0.06140806780474154,0.15818747779945203,1,1.1586876537598212
2021-03-20,39,114817,603,Employed,High School,19,27822,24,Married,4,Own,1055,0.06658419700182551,5,0,0,Auto,0,95,14,4416,1379,119227,65357,9568.083333333334,0.8692649932134606,6,53870,0.16405840457393817,0.15298875982591015,1352.9496078369523,0.11025089480880265,0.25163848238723163,0,1.6286760182201585
2021-03-21,45,15000,568,Employed,Master,19,23431,24,Married,2,Own,74,0.5450901034903117,4,4,0,Debt Consolidation,0,93,26,746,62,46802,10746,1250.0,0.6635920257139287,1,36056,0.18151546447212688,0.1825831680546586,1172.6982175366884,0.05915267785771383,0.9965613249693752,0,4.55031478079868
2021-03-21,40,7494,653,Unemployed,Bachelor,17,13839,36,Married,0,Other,253,0.3760870262121653,1,1,1,Other,1,97,19,730,270,29842,8412,624.5,0.6821203115531086,2,21430,0.14288382955729292,0.15251859730273784,481.44209648397333,0.4044764188649081,1.1741680199583906,0,7.088585925546664
2021-03-21,24,17174,559,Employed,High School,0,9051,12,Married,0,Rent,131,0.3348594419495562,2,0,0,Debt Consolidation,0,97,21,1268,496,61149,15132,1431.1666666666667,0.9544534424291207,8,46017,0.18177768525168836,0.17060356298464702,825.7534825044739,0.09146980100081462,0.6680461881795465,1,1.8873855861095756
2021-03-21,51,23789,572,Employed,Bachelor,30,85750,360,Married,1,Mortgage,275,0.16336776435872574,5,4,0,Home,1,91,29,990,281,18275,27343,1982.4166666666667,0.6116753817358661,6,1197,0.29183980075669197,0.25,1787.5261803931342,0.13864963656989202,1.0398854739178023,0,5.63019179303849
2021-03-22,34,79314,608,Self-Employed,Associate,8,154426,360,Single,1,Mortgage,1066,0.4128066760389548,3,3,0,Home,0,98,22,4639,2309,43621,3669,6609.5,0.6798720248709353,7,39952,0.2739868691929378,0.25,3219.1314044710216,0.16125860373647985,0.648231057328647,0,2.0227803132890245
2021-03-24,21,47965,591,Employed,Bachelor,0,44479,60,Single,4,Mortgage,466,0.491749694410567,4,0,0,Education,0,92,9,1512,771,7524,14734,3997.0833333333335,0.8943097536535183,3,2296,0.1821756987322311,0.15976553723834688,1081.0888316369144,0.1165558496779707,0.3869576251045912,1,3.1272798349356314
2021-03-26,34,70931,520,Employed,Master,10,117668,240,Single,3,Mortgage,333,0.18691736945897156,2,1,0,Home,0,97,13,5262,370,177680,71030,5910.916666666667,0.8829315826135216,8,106650,0.2779189077192698,0.25,2468.9290954027006,0.0563269103364673,0.47394597275041095,1,2.36831955912804
2021-03-27,58,115267,648,Employed,Bachelor,35,6571,36,Married,0,Rent,435,0.4895599997265725,2,0,0,Other,1,100,5,8233,3023,80804,16220,9605.583333333334,0.8393179731465821,4,64584,0.1451976433697893,0.16632136494356706,233.07282282119505,0.04528144761838669,0.06954322880884063,1,2.2023690124788855
2021-03-28,50,45697,634,Employed,Bachelor,28,17333,60,Single,1,Rent,157,0.3223033769194986,3,0,0,Auto,0,94,3,15912,714,51633,8342,3808.0833333333335,0.8134423516560955,5,43291,0.16044010629242358,0.12474166895304217,389.7290556642015,0.04121726574635192,0.14353297311186894,1,1.5697373720466241
2021-03-29,35,28772,556,Employed,High School,10,14516,24,Married,2,Other,352,0.3914792266159019,2,2,0,Auto,0,96,17,1025,624,98577,6523,2397.6666666666665,0.7049471134256541,7,92054,0.18739576891386536,0.19439242888920333,734.8330386277701,0.14674819344080045,0.45309882099545723,1,1.4215687529945251
2021-03-30,35,159882,436,Self-Employed,High School,12,13457,24,Divorced,5,Own,942,0.3152928279598662,3,2,0,Debt Consolidation,0,94,28,6940,1741,19294,6431,13323.5,0.8942482302224206,7,12863,0.24737683225093707,0.2288931556476937,704.0483106068068,0.07069683665428346,0.12353546554143172,1,2.4480183151442714
2021-03-31,36,34693,546,Employed,High School,17,11905,120,Single,0,Own,181,0.5706835205908504,4,3,0,Education,0,94,19,2299,345,46719,78888,2891.0833333333335,0.8688778140245322,3,6133,0.22434619943842835,0.22716613828285118,251.90722906063914,0.06258464198242328,0.14968698310697792,1,2.071433854508847
2021-04-01,64,74626,596,Employed,High School,44,25289,48,Divorced,1,Rent,493,0.14044223978397574,3,0,0,Auto,0,97,4,10217,1677,109640,27547,6218.833333333333,0.9388569444903884,6,82093,0.17553454108491598,0.15972546876933924,716.3418431181425,0.07926257402395563,0.1944331589460826,1,1.0699853868890852
2021-04-03,44,58468,639,Employed,Bachelor,22,188968,240,Divorced,5,Rent,708,0.1577701848267001,1,2,0,Home,0,100,10,1024,891,25721,20592,4872.333333333333,0.7142134973457219,5,5129,0.21853733456485622,0.2458560375736913,3901.592439475979,0.14528043775649796,0.9458808015340586,1,3.5951394873018376
2021-04-03,45,15439,508,Employed,Bachelor,22,20537,60,Divorced,5,Rent,238,0.16620201239604027,4,0,0,Education,0,96,23,991,1845,195139,51376,1286.5833333333333,0.5095764219157944,4,143763,0.22348250802693956,0.22959444083938244,578.4692734037666,0.18484240502232865,0.6341098492554009,1,3.3942084628980322
2021-04-04,52,15000,523,Employed,High School,30,5888,24,Divorced,1,Other,200,0.5179906024846761,10,1,0,Debt Consolidation,0,100,5,72,731,47886,49326,1250.0,0.8630410385344072,7,7915,0.20367021037073615,0.18453886980182838,295.24602157316775,0.15987210231814547,0.3958801131679998,1,2.7521831194311557
2021-04-06,42,34717,508,Employed,Master,17,9107,24,Single,0,Mortgage,337,0.1987987442815781,1,2,0,Debt Consolidation,0,94,19,1381,1149,9898,20341,2893.0833333333335,0.7611463061965286,11,9159,0.21127922710679592,0.23793992715278378,480.5612097937557,0.1164444700394483,0.28249401127372137,1,2.561624022449619
2021-04-07,36,10220,580,Unemployed,High School,17,19601,60,Single,2,Mortgage,176,0.09093843282690998,0,2,0,Auto,0,100,9,2614,275,76222,37365,851.6666666666666,0.7931846130325224,4,38857,0.18747084672020728,0.1744036298582539,491.78850212595955,0.20641125879593433,0.7831765075754021,0,3.077835810219909
2021-04-07,37,74150,607,Employed,Associate,14,209380,300,Single,3,Rent,609,0.17486641595819044,5,2,0,Home,0,100,29,1872,187,44247,6278,6179.166666666667,0.8434231328011369,1,37969,0.25456297770946684,0.25,4371.081127856732,0.09854103179525903,0.8058166383630535,1,2.9500447350597745
2021-04-07,39,84175,596,Employed,High School,20,6808,12,Single,1,Rent,664,0.23296455758301274,2,2,0,Debt Consolidation,0,100,26,5243,720,438540,19975,7014.583333333333,0.8011425136612053,6,418565,0.16320650013637075,0.1595061865251538,617.536600442498,0.09464644184969176,0.18266999899402492,1,1.2837078816329495
2021-04-07,39,24938,488,Employed,Associate,15,9702,24,Married,4,Mortgage,176,0.19212189632641707,3,0,0,Other,0,99,22,766,250,45399,19477,2078.1666666666665,0.8208176693584855,10,25922,0.22129504759875632,0.24254750237647957,514.1898038274029,0.08464929859719439,0.3319550158688912,1,2.4942606504959026
2021-04-08,48,102481,510,Employed,High School,26,21414,24,Divorced,1,Mortgage,1054,0.5416519694607691,3,1,0,Auto,0,98,21,2264,1494,139062,5436,8540.083333333334,0.9402333329545866,5,133626,0.2104929617225124,0.21077932536144384,1101.192202172417,0.12340354951069828,0.25233241710232895,1,2.518138451499258
2021-04-08,40,28396,588,Employed,Associate,17,11643,24,Single,2,Mortgage,240,0.355240126029575,5,1,0,Debt Consolidation,0,94,16,3915,527,40295,14834,2366.3333333333335,0.9269330719450617,8,25461,0.1713406365762164,0.20416096930501984,594.9491960471,0.10137989298789073,0.3526960839399183,0,1.9867399189080364
2021-04-11,48,67359,643,Employed,Associate,27,15587,36,Single,2,Mortgage,306,0.2300535905529092,3,0,0,Auto,0,92,23,1236,2492,12039,160997,5613.25,0.6899185851831041,3,7360,0.14791356416661466,0.16100183908996046,548.7639348631704,0.05450416351249054,0.15224899761556226,1,0.0
2021-04-11,39,53878,650,Employed,Doctorate,14,13883,60,Married,1,Other,495,0.20696167247777714,3,2,0,Education,0,98,29,3769,1359,80705,34156,4489.833333333333,0.8049241175536636,6,46549,0.1523846230942454,0.13739178555210793,321.1589458313167,0.11022453145295974,0.18173886342504733,1,1.9315957712499032
2021-04-11,40,35824,520,Employed,High School,15,11086,24,Single,1,Rent,286,0.4024534667177775,4,1,0,Debt Consolidation,0,94,12,2545,2192,82556,19934,2985.3333333333335,0.545238950314295,5,62622,0.2053283821324431,0.25,591.6766739929996,0.09576961714477061,0.29389775889931896,1,1.8873686082838759
2021-04-11,18,85257,552,Employed,High School,0,175983,180,Married,1,Rent,817,0.31968963854840027,4,1,0,Home,1,94,26,1898,1198,151812,7400,7104.75,0.8406922428708737,7,144412,0.24201953709019922,0.23628311169791882,3571.9624399166332,0.11497730711043873,0.6176635034889537,0,2.9977294417266753
2021-04-14,50,35386,622,Employed,High School,28,17303,60,Single,3,Mortgage,237,0.05742203790470403,5,0,0,Education,0,92,17,2157,878,10791,125372,2948.8333333333335,0.863215570398203,3,8930,0.16643967324190823,0.1596384908791361,420.4430559213761,0.08034352223289451,0.22287464464253665,1,2.3801428044712654
2021-04-21,44,22059,537,Employed,Bachelor,20,234873,180,Divorced,0,Other,242,0.13363313082930248,7,0,0,Home,0,95,8,452,597,98101,60405,1838.25,0.8555374525404453,4,37696,0.2495917011197807,0.25,5015.780839202767,0.13157537039554165,2.8586547990772146,0,7.049099129153997
2021-04-22,51,41413,505,Employed,High School,30,16508,72,Married,2,Rent,283,0.04437926243268664,1,1,0,Auto,0,100,23,3642,1016,91958,42464,3451.0833333333335,0.4663011557555924,4,49494,0.22892791524143194,0.21336056772522127,408.30132455719246,0.08197948098974049,0.2002562678258614,1,2.5305802923690766
2021-04-23,18,39485,620,Employed,Master,0,18461,120,Married,2,Mortgage,400,0.4497319486075511,3,0,0,Education,0,99,13,553,2731,84847,14434,3290.4166666666665,0.8070505811136877,0,70413,0.18745586746113754,0.22070448547457944,382.4689970752621,0.121528217332962,0.23773015583216817,1,1.8789668744727457
2021-04-25,65,300000,555,Employed,Bachelor,39,246246,240,Single,2,Mortgage,802,0.21654032654204752,3,0,0,Home,0,93,21,6367,7349,13716,2322,25000.0,0.9606524997859439,10,11394,0.2606035225940548,0.25,5166.773583527666,0.03207871685132595,0.23874139368535924,1,1.8522865381721383
2021-04-25,38,73943,479,Employed,Bachelor,13,27727,36,Divorced,4,Rent,430,0.45241247233266213,5,0,0,Education,0,94,22,2997,379,166081,84244,6161.916666666667,0.9035296174840493,3,81837,0.23005754950298885,0.25,1102.4206927641144,0.06977215874518287,0.24865186009288584,1,2.1668075315647943
2021-04-26,53,42485,653,Employed,Bachelor,32,118407,240,Married,2,Mortgage,405,0.24304595598715079,3,0,0,Home,1,91,15,6748,727,20342,87833,3540.4166666666665,0.8243795413844626,2,9589,0.21142047289167928,0.2158605398016477,2159.8831326866753,0.11436101371861544,0.7242534200588301,1,3.9598047812681756
2021-04-26,27,22034,549,Employed,High School,4,13548,36,Married,2,Rent,136,0.3119051564074327,3,1,0,Debt Consolidation,0,98,9,1322,417,148066,21757,1836.1666666666667,0.9051411007098069,5,126309,0.1948785170057116,0.20020294508213315,503.6323326714786,0.07402703438265444,0.348162387374478,1,1.6178147728783228
2021-04-27,47,15713,478,Employed,High School,27,152961,360,Widowed,2,Mortgage,486,0.31946035590821803,4,0,0,Home,0,97,1,2323,2828,334862,5914,1309.4166666666667,0.8511670912647206,6,328948,0.33898448620087834,0.25,3188.592327453227,0.3708744038155803,2.8041404088673274,0,7.3580516295242075
2021-04-27,27,20532,506,Employed,Associate,3,11449,48,Married,2,Mortgage,214,0.10186512620302256,5,1,0,Debt Consolidation,0,97,15,1866,283,133747,31610,1711.0,0.8105074008476943,2,102137,0.22033643625224555,0.1971610056913176,346.66779107216513,0.125,0.32749286861691884,0,3.223374858363355
2021-04-29,32,51142,578,Employed,Bachelor,9,28443,36,Married,0,Mortgage,365,0.4326909062967663,2,0,0,Education,0,95,27,4618,367,77394,17847,4261.833333333333,0.9121798610118712,6,59547,0.18056392313025088,0.18531989123262455,1035.889135300172,0.08562380263518005,0.32862864338276704,0,2.8837004459915203
2021-05-01,62,105751,611,Employed,High School,43,12979,12,Single,3,Own,1125,0.13214214296529303,3,3,1,Other,0,98,3,3960,3147,50073,107558,8812.583333333334,0.8676641492974818,11,5763,0.15586779124756453,0.16071117472898416,1178.0326466163337,0.12764388302147253,0.26130491532384675,0,2.0854968597885484
2021-05-04,37,88996,608,Employed,High School,17,11817,36,Married,0,Own,494,0.2533450688767064,2,1,0,Other,0,96,15,12892,2808,69737,21568,7416.333333333333,0.9354260561590048,7,48169,0.1653443447679764,0.16650155840361075,419.2536762767892,0.06660075498831566,0.12312425978924894,1,1.2120674647139622
2021-05-04,42,10224,542,Unemployed,Doctorate,20,82509,240,Divorced,2,Mortgage,256,0.43123745093928295,5,1,0,Home,0,99,29,626,305,21514,19479,852.0,0.9230126221449642,7,2035,0.2668301686942746,0.25,1731.2172445574108,0.30011723329425555,2.329680239809391,0,7.176191708185745
2021-05-04,50,36622,575,Employed,High School,28,153352,300,Single,2,Rent,404,0.19323616036472677,3,2,0,Home,0,93,11,338,564,92199,13722,3051.8333333333335,0.7465477669208367,4,78477,0.2704851244331105,0.25,3201.423407770969,0.13233608123601026,1.181008923220277,0,3.7858542548061087
2021-05-06,45,69113,556,Employed,Master,25,21012,48,Divorced,0,Own,913,0.3733343852575539,5,0,0,Debt Consolidation,0,99,29,2909,3427,50660,15575,5759.416666666667,0.9057627576529249,5,35085,0.1954882241431984,0.1842868698992317,621.9442977392574,0.15849547920433996,0.26646410955328875,1,0.5409382182201246
2021-05-06,41,37823,489,Employed,Bachelor,18,26761,60,Married,0,Own,214,0.5445011515326442,4,2,0,Education,0,98,9,3106,309,18821,7296,3151.9166666666665,0.8454901752922893,5,11525,0.23304868456246622,0.25,785.4707648781504,0.06787366195321792,0.3169987889133819,1,3.3664851869160857
2021-05-08,44,140947,565,Self-Employed,High School,21,200171,240,Married,0,Mortgage,540,0.39768472998030485,4,1,0,Home,0,98,19,1475,1924,22826,61756,11745.583333333334,0.8838295269530155,10,7727,0.25555173306898554,0.25,4200.020446985195,0.045970814208386834,0.4035233320598354,0,1.5735235939253904
2021-05-08,68,50128,613,Employed,High School,46,211936,300,Married,0,Own,260,0.4548637900229765,4,0,0,Home,0,96,22,1079,570,57802,6149,4177.333333333333,0.7515212687644758,2,51653,0.25156601108491977,0.25,4424.440968160494,0.06222576785001995,1.1211266776610675,0,2.6383089194202993
2021-05-08,39,40052,544,Employed,High School,18,27060,84,Single,3,Mortgage,245,0.49585428038576723,1,1,0,Education,0,100,26,610,2296,16029,19454,3337.6666666666665,0.8582874005871641,0,4229,0.21355146221398924,0.22110444836547546,635.7527994527723,0.07338258785942492,0.26380375382970417,1,1.568146025991778
2021-05-08,42,15248,547,Self-Employed,Bachelor,17,5975,36,Single,3,Mortgage,371,0.17488665095724068,4,1,0,Other,0,94,18,1964,437,62825,30651,1270.6666666666667,0.8135595338446027,5,32174,0.19567387668170316,0.2344783879531425,232.68755326250377,0.291743119266055,0.4747215359862415,0,3.4426195688272347
2021-05-11,52,50790,567,Employed,Bachelor,26,16883,24,Single,0,Mortgage,1075,0.21024383082864198,8,1,0,Other,0,100,25,14121,336,208311,4399,4232.5,0.8575685328929246,5,203912,0.18193353042672558,0.19755612284947527,857.2595542269069,0.2539270107476084,0.4564212954356695,1,2.0904467551460564
2021-05-12,53,90277,641,Employed,Bachelor,31,157207,240,Married,0,Other,757,0.07916505311810053,4,0,0,Home,0,98,21,3820,660,72411,12494,7523.083333333333,0.8670917969230323,4,59917,0.21749133126206693,0.20320678693349176,2710.2959128091784,0.1006102626012028,0.46082635707240244,1,0.13056418369636935
2021-05-12,54,32674,590,Employed,Master,33,14344,36,Divorced,3,Own,231,0.5162213363336525,4,0,0,Auto,0,100,24,2901,4084,49560,26115,2722.8333333333335,0.8160544805410231,4,23445,0.17439278918210388,0.17246823131291103,513.1664752139028,0.08480695098819066,0.2732055835087448,1,2.8804982693764023
2021-05-13,47,33930,545,Employed,Bachelor,24,108977,300,Married,0,Rent,201,0.17271421168846482,4,3,0,Home,0,100,18,2935,1924,27529,20658,2827.5,0.6545148608151301,2,6871,0.2853997253264943,0.25,2275.037291386202,0.07106240056567086,0.8753888249553481,0,3.5657296285543008
2021-05-13,26,63840,580,Employed,High School,4,19095,48,Married,5,Own,681,0.2576975902384558,5,1,0,Auto,0,99,27,15757,2843,90711,21528,5320.0,0.7382804517421168,1,69183,0.18346430854200466,0.14705135592078344,528.5783985087711,0.12798346175530914,0.2273216309920637,1,1.1379275803048252
2021-05-13,59,19760,573,Employed,High School,37,6141,48,Single,0,Mortgage,482,0.17549126894571623,3,2,0,Debt Consolidation,1,100,24,537,384,13603,5482,1646.6666666666667,0.6991271396497584,5,8121,0.1866807264252502,0.23996972210777787,200.19759300525092,0.29253489783532266,0.414038595795216,0,4.574545204635237
2021-05-15,26,87292,436,Employed,Master,2,26705,12,Married,2,Other,1505,0.38747404903038546,2,3,0,Debt Consolidation,1,99,28,3656,7575,54048,6353,7274.333333333333,0.972319137450874,7,47695,0.24354816088456097,0.23582741459817005,2519.8246188105136,0.2068633739576652,0.5532151496578183,1,3.8642390510873543
2021-05-15,43,39165,570,Employed,High School,24,12356,48,Married,1,Rent,488,0.47876292901551515,4,0,0,Auto,0,99,21,1453,249,68396,41074,3263.75,0.9056903154214881,5,27322,0.18835549449577604,0.17647174809512595,360.68343387381526,0.1494754575388621,0.2599535749670925,1,1.821733493747188
2021-05-15,30,33039,570,Employed,High School,5,174914,240,Married,0,Rent,409,0.3573478027986875,2,2,0,Home,0,98,3,1859,1346,31706,58469,2753.25,0.818935983551315,2,3363,0.25301801385515565,0.25,3670.073969076282,0.14849777616411,1.481010790260972,0,4.536392456197647
2021-05-16,39,23796,620,Employed,Bachelor,16,20323,60,Divorced,0,Rent,254,0.29198923154847867,4,1,0,Auto,0,98,13,15195,293,78861,69818,1983.0,0.8652328597741279,4,9043,0.1674798894331784,0.13310363489728283,465.64599251315775,0.1280241935483871,0.3627247946134868,0,2.2476904377161193
2021-05-16,43,64105,645,Employed,Associate,21,12521,12,Divorced,2,Mortgage,442,0.26355621830375564,2,1,0,Other,0,100,6,3450,959,419234,20901,5342.083333333333,0.8900911109565477,1,398333,0.13885881059407632,0.1456539509550543,1127.558154648678,0.08272377060685934,0.29375513289430477,1,1.5598988874511148
2021-05-17,43,37932,660,Unemployed,Master,21,170958,240,Married,1,Mortgage,185,0.036597250398931615,4,1,0,Home,0,94,6,842,1504,99329,40187,3161.0,0.8660074271109264,7,59142,0.2080122947601636,0.24620191582734502,3534.5234505905973,0.058507273877292855,1.1763198768471212,0,2.70565989417209
2021-05-17,45,89022,578,Employed,Bachelor,23,23570,72,Divorced,2,Mortgage,622,0.14402285634381334,4,1,0,Auto,0,96,11,1464,1480,196281,4659,7418.5,0.7458187137270739,5,191622,0.192516943105461,0.21341759622983827,583.0487778427151,0.0838331423950401,0.1624164401701887,1,0.06547032226604288
2021-05-18,59,30685,591,Employed,High School,40,14987,60,Married,0,Own,267,0.24450347909834808,4,0,0,Debt Consolidation,0,98,24,5604,381,140317,6067,2557.0833333333335,0.6488993820978622,6,134250,0.18190375128997838,0.18782155311649334,386.9768087202348,0.10437502036029579,0.2556510963495722,1,2.4184043735944316
2021-05-21,45,125299,641,Employed,Master,20,16391,36,Divorced,1,Rent,427,0.26107856446961486,0,1,0,Debt Consolidation,0,94,23,2769,1466,263940,15229,10441.583333333334,0.8262955002961094,4,248711,0.1489261371724797,0.1308323288114143,552.9349139563003,0.040890265020628674,0.09384027713030463,1,0.22449751454530475
2021-05-23,37,35418,613,Employed,High School,14,7953,36,Married,1,Mortgage,231,0.18697508498821283,6,1,0,Other,0,99,9,3589,93,37369,19766,2951.5,0.8390896375569575,5,17603,0.1627453575564419,0.14399167552743103,273.3590997815582,0.07823878069432684,0.17082441990907984,1,1.6352013977042852
2021-05-25,51,115917,644,Employed,Associate,28,19127,48,Single,1,Mortgage,541,0.3495140502652746,3,0,0,Auto,0,96,17,3065,4774,8079,13926,9659.75,0.8840893340623703,5,2451,0.15146472712728457,0.14282243528671434,525.3855865353868,0.05599979297673576,0.11038331253115821,0,1.1926275164097278
2021-05-27,54,93043,597,Employed,Associate,30,35091,180,Widowed,0,Rent,1091,0.14359912238345024,1,1,0,Education,0,93,24,1368,652,44064,16022,7753.583333333333,0.5158246386468658,3,28042,0.21911643211581205,0.22402468134011574,679.4382597910704,0.14069098919993553,0.22830862519470038,1,1.8059725871790575
2021-05-28,25,24296,574,Employed,High School,5,19765,36,Single,1,Rent,122,0.25020825246557,2,1,0,Auto,0,95,17,1637,2109,22877,6367,1250.0,0.5438377211865018,7,16510,0.18247292964223405,0.18906850256559532,723.5757167547457,0.09752198241406874,0.6759198375337696,1,2.4773303113208303
2021-05-29,47,27447,633,Employed,Associate,24,9299,12,Single,2,Other,228,0.16843750569864072,0,2,0,Other,0,99,9,762,395,35307,12134,2287.25,0.7067144714783636,6,23173,0.14478444241978536,0.1340844396394329,832.3443419669491,0.09963946247132088,0.46338658012321604,1,1.6890152960124318
2021-05-29,48,83171,604,Employed,High School,26,20756,24,Single,4,Own,413,0.3471853599433205,3,0,0,Debt Consolidation,0,93,27,6642,5915,27960,5634,6930.916666666667,0.9390280837924285,3,22326,0.16348515970454172,0.14460631924692977,1001.0780471888419,0.05957948138441749,0.20399524621937298,1,0.7495985377723962
2021-05-29,36,48544,574,Employed,Associate,12,21144,36,Married,3,Rent,762,0.38762027901361484,3,0,1,Debt Consolidation,0,94,26,4174,152,97789,69081,4045.3333333333335,0.8911696288641581,3,28708,0.18248978968747667,0.1466089167375216,729.4573465741375,0.18831864239228932,0.368594780436808,1,3.6957976320000996
2021-05-31,56,29853,608,Employed,Associate,38,119042,300,Single,0,Rent,90,0.08742987833648648,3,0,0,Home,0,98,19,2690,1191,247991,7584,2487.75,0.9251334963686473,5,240407,0.2539218100128406,0.22234060985842063,2214.637673494267,0.03616273229532898,0.9260221691589219,1,3.2926200971576876
2021-06-01,38,32536,530,Employed,Bachelor,16,15386,12,Married,0,Own,291,0.10129066303102507,1,0,0,Debt Consolidation,0,93,3,1298,1678,193037,43279,2711.3333333333335,0.8455593282155369,9,149758,0.19641031956901436,0.22538564210596027,1444.0341105648795,0.10728769816885829,0.6396832163813,1,2.248313495203798
2021-06-02,41,16694,540,Employed,Master,20,12462,24,Widowed,0,Rent,85,0.24195856177442182,4,2,0,Auto,0,98,28,1776,1211,54277,20705,1391.1666666666667,0.6315214794398825,9,33572,0.1953576298834566,0.21017249048696063,640.4735694833769,0.06105590805698551,0.5211111477194135,1,2.2433167754006837
2021-06-03,37,35341,580,Employed,High School,14,148648,300,Single,0,Mortgage,193,0.16894488251557047,3,1,0,Home,0,90,28,733,147,9494,37044,2945.0833333333335,0.8139937945174084,2,9101,0.26797733577529803,0.25,3103.2212603574717,0.06551070630498118,1.1188486160803794,0,3.694192655826162
2021-06-05,40,151575,589,Employed,Associate,17,214344,180,Married,0,Rent,1118,0.1187173896710243,5,0,0,Home,0,98,14,679,1441,27652,23162,12631.25,0.9038040429615385,8,4490,0.22356883553635465,0.20761997458896883,3885.7295867432463,0.08850363157790575,0.39610754907029594,0,1.8999223637528284
2021-06-05,26,62005,573,Employed,Associate,5,19289,12,Single,0,Rent,497,0.25868208841721846,1,0,1,Debt Consolidation,0,96,15,6561,2118,14103,13545,5167.083333333333,0.7802021344216422,5,9185,0.17496683552647496,0.18576834534323056,1773.7149764021797,0.09616717996678331,0.4393727480662747,0,3.5687660011186733
2021-06-05,22,134137,483,Employed,High School,1,25666,36,Single,0,Mortgage,1062,0.5490672283344403,1,1,0,Auto,0,100,19,8261,2987,56213,14374,11178.083333333334,0.8957131504818143,9,41839,0.2280382403497741,0.23496584390462738,1000.1788343381859,0.0949988445683531,0.18446761445898388,1,1.5502541604745836
2021-06-07,59,107540,550,Self-Employed,Bachelor,37,27534,24,Married,0,Other,819,0.10618492325895532,4,0,0,Debt Consolidation,0,91,1,3049,2768,128031,57579,8961.666666666666,0.9112779306312297,4,70452,0.19055580330042415,0.17836722155657062,1372.438988064759,0.09137905385301993,0.24450747412207222,1,0.6338109157722935
2021-06-07,29,84818,617,Employed,Bachelor,8,13343,60,Divorced,1,Mortgage,434,0.12179277610994071,3,1,0,Debt Consolidation,0,95,23,1016,1135,492944,10307,7068.166666666667,0.8991673805784457,2,482637,0.16887470553114964,0.17475332625796577,335.027708339582,0.06139337498526464,0.10878619002799697,1,1.3052867853906749
2021-06-08,28,94376,396,Employed,High School,4,122889,180,Single,0,Mortgage,614,0.21554635157735733,3,1,0,Home,0,98,28,642,8544,65492,16479,7864.666666666667,0.7959655377657017,5,49013,0.31992976123131966,0.25,2624.3301339395707,0.07806077043691995,0.41170447098439256,0,2.9097679732088886
2021-06-09,18,60881,563,Self-Employed,Associate,0,6689,36,Married,0,Other,436,0.3943027400454024,3,0,0,Debt Consolidation,0,96,4,3346,15872,19218,118357,5073.416666666667,0.8577659634134367,4,10683,0.18770209228828055,0.20065652399458264,248.811023713264,0.08592120604995647,0.1349536446645619,0,1.8322423608172478
2021-06-11,32,41020,527,Employed,High School,14,191185,240,Single,2,Mortgage,319,0.2995133508136359,5,2,0,Home,1,95,15,11134,873,12566,16323,3418.3333333333335,0.9248602681251182,1,3877,0.27454025051379033,0.25,4011.474734885995,0.09329303957886527,1.2664675574827435,0,5.555587980144101
2021-06-11,24,86277,563,Employed,Bachelor,2,16659,48,Divorced,0,Other,589,0.20925248015127262,5,0,0,Auto,0,91,15,3920,2606,49887,22345,7189.75,0.9481545285267807,6,27542,0.1919301914789302,0.21467049176613406,520.0515690598629,0.08191078816535131,0.15423308682124437,0,1.1683742872591683
2021-06-12,59,143801,666,Employed,High School,39,44157,60,Single,0,Mortgage,1452,0.27084068061162625,4,1,0,Education,0,98,3,5229,2920,396974,3920,11983.416666666666,0.8658992953323418,5,393054,0.14467388234751755,0.1300892142128969,1004.909121337188,0.12115733626306385,0.20500865329313941,1,0.6878424337306107
2021-06-13,52,45744,661,Employed,Doctorate,33,16999,36,Married,0,Mortgage,338,0.5804833651687161,4,1,0,Debt Consolidation,0,100,5,2329,3171,169414,17122,3812.0,0.9327256724332212,3,152292,0.1389352421557596,0.14437620595954193,584.6051779797596,0.08864411224757408,0.2419630679202097,1,0.9772816127382604
2021-06-14,31,37296,630,Employed,Bachelor,11,16083,48,Divorced,1,Mortgage,291,0.3058064110622832,3,0,0,Auto,0,94,28,17206,1640,18846,19648,3108.0,0.8982517496668068,4,1948,0.1584213950670043,0.15370541436763438,450.6286013692416,0.09359922804760373,0.23854248998689018,1,1.8647895521352653
2021-06-14,67,56486,618,Employed,Associate,44,14804,24,Married,3,Other,329,0.4552306136387369,1,1,0,Debt Consolidation,0,97,1,6253,373,13134,16544,4707.166666666667,0.93295934974884,3,1226,0.15640068006013394,0.13268565152477102,705.6780656774514,0.06987857977273532,0.21976241261866641,1,1.432660846599576
2021-06-14,51,92589,627,Employed,Bachelor,26,30544,24,Divorced,0,Mortgage,386,0.1374184176924238,4,1,0,Debt Consolidation,0,98,16,1899,963,5207,34524,7715.75,0.8203815890525192,3,9382,0.15208173907127098,0.12820290363308157,1449.5405228706632,0.05002105808792562,0.23786445367164455,1,1.350365795749501
2021-06-15,36,75145,616,Employed,Master,13,22515,36,Divorced,1,Mortgage,573,0.08012665214694269,3,1,0,Auto,0,95,16,4033,525,117212,19257,6262.083333333333,0.8275638407192907,2,97955,0.16150549536164602,0.14781991784900597,778.0883240279411,0.09148848410660351,0.21572255263428947,1,1.1363218439412466
2021-06-17,18,18569,591,Employed,Bachelor,0,12330,84,Married,2,Rent,295,0.5726734155424706,1,0,0,Education,0,96,16,1351,5277,31506,10519,1547.4166666666667,0.7827031652675777,6,20987,0.18985496792396764,0.18597266375601504,263.48424253875953,0.19051719498412356,0.3606808519705675,1,1.4831057380525663
2021-06-17,67,171013,610,Employed,High School,44,15232,36,Married,2,Other,1259,0.2674182953304329,5,2,0,Debt Consolidation,0,93,15,3103,6197,30725,13660,14251.083333333334,0.8024988280985348,8,17065,0.16440780485153417,0.14600460688196285,525.0469228428856,0.08833796228621546,0.12517797441376774,1,0.2546070683967502
2021-06-17,23,27037,588,Employed,Associate,1,253170,360,Single,3,Rent,126,0.16683404242650637,2,0,0,Home,0,92,27,3014,286,158808,34152,2253.0833333333335,0.9631973490980245,3,124656,0.28411045510718186,0.25,5277.5277328295015,0.05589855447521165,2.397217375649895,0,5.7531281229560705
2021-06-18,20,43143,607,Employed,Master,0,17427,24,Widowed,3,Own,457,0.13053490765757592,5,0,0,Debt Consolidation,1,100,5,993,421,21688,5963,3595.25,0.9213436066841724,6,15725,0.16194145834680934,0.17038778741347607,861.9550897949182,0.12707681612791102,0.3667584538880551,1,2.7932003760541737
2021-06-18,52,33799,529,Employed,Bachelor,32,7203,24,Single,0,Mortgage,201,0.11837447179320697,3,0,0,Debt Consolidation,0,96,2,389,1451,22815,16946,2816.5833333333335,0.8138700037745338,5,5869,0.20072059792657398,0.18648413064822947,361.86404921162625,0.07133773032445062,0.19976837687555868,1,2.226719673830877
2021-06-22,69,300000,584,Employed,Bachelor,50,355850,360,Married,1,Rent,1441,0.5363222426125082,5,0,0,Home,1,98,8,9650,8131,71979,24246,25000.0,0.6617794765189291,4,47733,0.2861955668457241,0.25,7417.973076302003,0.05763769449222031,0.3543447492621096,1,2.1136993877910304
2021-06-23,56,69004,641,Employed,Master,34,21531,12,Married,2,Own,405,0.40418723747237584,3,3,0,Other,0,98,15,3317,2943,50341,83920,5750.333333333333,0.7573053601227128,6,4337,0.14099432386992022,0.15484849072465445,1948.2811312122458,0.07041845369189753,0.4091714033636686,0,1.4769984658240756
2021-06-25,46,37675,658,Employed,Master,23,127330,180,Married,4,Rent,317,0.4110337843838132,2,2,0,Home,0,94,9,1964,472,147595,103097,3139.5833333333335,0.9237072968829921,7,44498,0.18893863631853633,0.16764053986433652,1938.3615024016963,0.10093666250961869,0.7181345829814089,1,1.7346076056668167
2021-06-25,47,92619,578,Employed,Master,25,6302,48,Single,3,Own,504,0.34350224175318744,1,1,0,Other,0,93,9,2250,2414,20647,35905,7718.25,0.9284314799468482,4,2373,0.18418719524737828,0.16619340871436664,180.60573679277877,0.06529131716164135,0.0886881156579692,1,1.109479249148257
2021-06-25,50,80493,564,Employed,High School,28,32559,48,Married,0,Own,444,0.4780024101493999,4,0,0,Auto,1,95,3,2248,1726,78862,20129,6707.75,0.8354412831086516,9,58733,0.19159770995502912,0.2182500632866622,1022.7156789220213,0.06618222470653996,0.2186272672140147,0,2.586811183594941
2021-06-26,49,55932,634,Employed,Bachelor,28,30158,48,Single,0,Mortgage,180,0.5525260358228231,3,0,0,Debt Consolidation,0,97,15,9022,421,37477,73698,4661.0,0.9730770170539105,4,9133,0.1565785596662684,0.15466148728402512,846.4630888765398,0.03861003861003861,0.22017655274057052,1,1.4241882242064465
2021-06-28,43,71544,446,Employed,Bachelor,19,18855,48,Single,3,Mortgage,652,0.29736161786245624,1,1,0,Auto,1,94,24,5804,543,49496,58376,5962.0,0.9336096377879916,7,9353,0.250461146611154,0.25,625.1776525348171,0.10934093577058528,0.2141837418304238,1,3.742327010809553
2021-06-28,41,35778,607,Employed,Bachelor,21,16364,24,Single,1,Rent,304,0.21219025151536405,5,0,0,Debt Consolidation,0,95,18,717,1037,49179,32473,2981.5,0.6609259427777513,4,16706,0.16192572504673383,0.18297195362990193,819.3097796493031,0.1019279128248114,0.3766336226820798,1,2.1920591198551227
2021-06-29,39,44966,555,Employed,Bachelor,15,120623,180,Single,1,Mortgage,393,0.5935775524676434,4,0,0,Home,0,90,17,333,1050,35368,49794,3747.1666666666665,0.8676674981000414,3,2291,0.24042510838711287,0.2268832626178045,2361.7101927372846,0.1048512606163013,0.7349486929798439,0,3.4037099073497883
2021-06-29,30,15000,563,Employed,High School,10,102517,360,Married,2,Mortgage,185,0.12590128623017074,3,2,0,Home,0,96,1,358,572,137959,15023,1250.0,0.8602373519449954,1,122936,0.29638444841797473,0.25,2137.0474802957774,0.14788169464428458,1.8561530617871922,0,4.9521958388815674
2021-06-30,36,24002,492,Employed,Bachelor,15,151219,300,Married,0,Rent,115,0.4420773125705079,3,1,1,Home,0,97,23,1466,1016,69177,5421,2000.1666666666667,0.8963189303395452,5,63756,0.3119816227522781,0.25,3156.894245263956,0.05746647788789872,1.6349933764956888,0,7.7410155589689165
2021-06-30,19,149396,501,Self-Employed,Bachelor,0,12847,36,Single,3,Mortgage,1634,0.4495070682176759,2,1,0,Debt Consolidation,0,96,11,4144,12847,16991,50700,12449.666666666666,0.859961941566433,2,8370,0.21886523585904663,0.24143144134833994,504.9905258595991,0.13123795245234526,0.1717972686222638,1,1.3859442408329155
2021-07-01,38,110627,588,Employed,High School,17,195957,240,Married,3,Rent,1283,0.34610289720566445,3,1,0,Home,0,93,1,2839,977,73388,17039,9218.916666666666,0.79357345835919,0,56349,0.24404641390738396,0.25,4111.60161426919,0.1391552707453972,0.5851030773165907,0,2.5950975193722816
2021-07-01,28,46205,526,Self-Employed,Associate,4,21590,24,Married,1,Mortgage,220,0.21557663204489075,5,2,1,Debt Consolidation,0,94,6,1337,1666,39687,23112,3850.4166666666665,0.7870956025354103,6,16575,0.202495007960044,0.21879709575277745,1118.7672642966056,0.05712183828461389,0.3476038507812984,1,4.725984279494879
2021-07-02,26,13089,488,Unemployed,High School,2,5680,48,Married,2,Rent,210,0.5829951332824245,1,1,0,Debt Consolidation,0,93,24,831,695,36987,25341,1090.75,0.8540661784182516,5,11646,0.22916122063813926,0.21948422268164441,178.7955126434813,0.19235172887565835,0.3561213763622453,0,2.70174405193627
2021-07-02,42,43414,583,Employed,Associate,18,15986,24,Widowed,2,Other,474,0.2878623155356289,4,4,0,Other,0,95,29,4965,610,115091,56484,3617.8333333333335,0.8942012443943685,5,58607,0.17391988279274123,0.17669923418424807,795.5394886365516,0.130981439690508,0.3508145779864279,1,2.877248439953129
2021-07-04,56,43486,612,Employed,High School,32,161783,360,Single,0,Own,242,0.08335542455661686,4,2,0,Home,1,94,26,2268,943,45118,11346,3623.8333333333335,0.6595713572185771,2,33772,0.2719985043478004,0.25,3372.4938547235265,0.06676169019265253,0.9971475988937955,0,4.107948614199754
2021-07-04,51,56929,602,Employed,Associate,31,16015,12,Divorced,0,Mortgage,346,0.30590270337787173,2,1,1,Debt Consolidation,0,100,12,3161,820,67883,5138,4744.083333333333,0.9023359669303441,7,62745,0.16042033587538876,0.1622858770122575,1454.7876325819177,0.07291758135614057,0.37950600781480853,0,3.1494667363865236
2021-07-08,21,46976,524,Self-Employed,Bachelor,0,159100,360,Married,0,Rent,433,0.5014004222966032,3,1,0,Home,0,100,20,1958,7429,112562,28203,3914.6666666666665,0.9382010857810169,3,84359,0.3159943236249153,0.25,3316.5646099189225,0.11058142504469226,0.9575801336304391,0,3.6490999938838753
2021-07-08,28,37805,486,Employed,Bachelor,7,22235,36,Married,4,Mortgage,125,0.32732625745109334,3,1,0,Debt Consolidation,0,99,18,1197,806,58064,72531,3150.4166666666665,0.8605319235163562,3,4254,0.22650236696901835,0.22358610232666096,853.2953105437281,0.03966470106036968,0.31043032833182793,1,2.371623814163574
2021-07-09,51,15484,618,Unemployed,Bachelor,26,12773,12,Married,1,Rent,93,0.26145452305273104,4,2,0,Debt Consolidation,0,97,14,2186,516,5677,5490,1290.3333333333333,0.8359852722185326,8,3848,0.1523637917835304,0.16258714040852584,1160.4696058487439,0.07201858544140424,0.9706785796453876,0,4.643702554818686
2021-07-10,28,66368,583,Employed,Master,8,148834,360,Married,0,Rent,285,0.3042128830268777,1,0,0,Home,0,96,13,7277,978,163573,26262,5530.666666666667,0.9628141082751828,1,137311,0.28647764839719403,0.25,3102.561767144393,0.051521542633323286,0.6123944140664765,1,2.559101002093959
2021-07-12,37,61979,574,Employed,High School,13,175941,120,Married,1,Rent,178,0.1628939915322632,1,0,0,Home,0,94,27,25009,736,25745,29248,5164.916666666667,0.9188660190758386,3,4469,0.21101947741856344,0.2006222685492129,3407.4217332682783,0.03445661466987143,0.6940533432146495,0,3.1986113199723905
2021-07-12,46,83908,526,Employed,High School,22,21697,48,Married,0,Own,1019,0.15363918115898448,0,1,0,Auto,0,97,11,8064,438,19320,133349,6992.333333333333,0.7624733606140204,5,2409,0.2104962438423456,0.19915376471283128,659.2697153343428,0.14571020019065778,0.23998137016220347,1,1.5794789868572041
2021-07-13,28,60376,597,Employed,Master,2,18235,72,Single,0,Mortgage,157,0.048091717321144214,3,2,0,Auto,0,96,20,1914,3482,40203,37419,5031.333333333333,0.6895539423966405,3,2784,0.1829527882353333,0.19808263416600846,434.7554994157857,0.031198251308206932,0.11759068015151071,1,0.34917753385925854
2021-07-13,41,22160,573,Employed,High School,19,16632,24,Married,1,Rent,191,0.1620296528678946,1,1,0,Other,1,93,25,468,917,56894,7354,1846.6666666666667,0.9679974391052516,6,49540,0.17892978598819764,0.19928839272069576,845.9209184254368,0.10337362439112394,0.5612056206524103,1,3.4983212618975106
2021-07-13,23,26244,592,Employed,Doctorate,0,16820,36,Married,1,Mortgage,278,0.5958644272836959,5,1,0,Auto,0,94,18,3552,372,11507,33582,2187.0,0.8313316904981077,6,5354,0.17343259584619797,0.15241819161431952,585.0646169769618,0.12705667276051189,0.3944536640662531,0,2.5292580501964412
2021-07-14,32,53906,594,Self-Employed,Master,5,4408,24,Married,2,Rent,328,0.2615212993022953,7,0,0,Other,1,91,21,1245,420,73660,25113,4492.166666666667,0.8640750223339422,8,48547,0.1680978507963395,0.16320431234480817,216.50488670446896,0.07299974034645201,0.12118510776463569,1,2.5372587599228935
2021-07-14,43,42566,498,Employed,Bachelor,22,23362,36,Single,2,Own,215,0.268754195945957,5,4,0,Auto,0,93,27,4992,978,150258,31062,3547.1666666666665,0.8979230246427741,3,119196,0.22051472721333848,0.25,928.8690527051338,0.06059467330546292,0.32238312350184617,0,2.2008955099032512
2021-07-15,20,51675,606,Employed,Doctorate,1,8748,24,Single,2,Own,410,0.36055965684974134,5,3,1,Other,0,98,18,1261,603,47255,4124,4306.25,0.7809658163906126,8,43131,0.16226917367177657,0.16569893995002463,430.71519721371754,0.09518834523187648,0.19518606935137678,1,3.3752439188677212
2021-07-16,45,36247,589,Employed,High School,26,24318,12,Single,1,Mortgage,256,0.11298080799131428,2,0,0,Debt Consolidation,0,100,17,2682,557,41616,6798,3020.5833333333335,0.8276230425367659,1,34818,0.1670247533042034,0.16113999044742391,2207.7050892171005,0.08472379271353318,0.8153689034613532,0,2.822346553574637
2021-07-17,39,202373,569,Employed,Associate,15,26015,60,Single,2,Mortgage,1665,0.3190945834602299,5,0,0,Debt Consolidation,1,98,28,3099,929,192851,7766,16864.416666666668,0.5992288820249371,5,185085,0.1930416167530869,0.20926577532639112,702.7191096437508,0.09872273142772438,0.14038900766225268,1,2.4418121335424754
2021-07-17,46,22502,577,Employed,Bachelor,27,232147,240,Single,1,Own,43,0.24081912848996226,1,0,0,Home,0,95,25,2561,536,36358,138283,1875.1666666666667,0.501202844254451,3,1051,0.24958878259457284,0.24583117308030836,4792.635793816153,0.02291907257706316,2.5774020398771356,0,6.054685042774288
2021-07-17,42,15422,639,Employed,Associate,20,30019,60,Single,1,Mortgage,101,0.05208460005960308,2,1,0,Education,0,92,5,260,416,5097,23114,1285.1666666666667,0.8101779556709159,3,7635,0.15807740477629686,0.15420026536958925,720.7854669560526,0.0785279253595957,0.6389416614923306,0,2.6687092801983603
2021-07-19,56,71485,578,Employed,Master,33,253689,300,Single,1,Mortgage,668,0.5884966134873126,3,0,0,Home,0,93,6,4901,4101,77125,8711,5957.083333333333,0.8710159571278899,4,68414,0.2691109670820442,0.22473307807863382,4769.26518508358,0.11211659230457223,0.9125862934249404,0,2.464532288556963
2021-07-19,41,37224,504,Employed,High School,18,168518,240,Married,1,Rent,269,0.5480631729835186,1,0,0,Home,0,98,22,1594,614,34723,28398,3102.0,0.7857525894655577,6,6325,0.2860087009455154,0.25,3535.872057815823,0.0866902997099581,1.226191446282895,0,4.337299249691419
2021-07-20,34,66650,614,Employed,Bachelor,11,39353,60,Widowed,0,Mortgage,685,0.3337477832126704,1,1,0,Education,0,98,8,3851,916,29877,27338,5554.166666666667,0.7675234147706573,3,2539,0.17064508822513044,0.1846116883134367,1009.2064385531747,0.1233086316042123,0.3049785074350919,1,0.9796096687154745
2021-07-21,41,78698,616,Employed,Bachelor,18,10186,12,Widowed,0,Rent,633,0.4323911332757947,3,1,0,Debt Consolidation,0,95,4,2764,318,300875,34103,6558.166666666667,0.8949440456448405,7,266772,0.15330721691914753,0.16476818003245788,926.4844476669384,0.09650616185999238,0.23775649056032602,1,1.61431157517734
2021-07-22,46,111483,608,Employed,Bachelor,21,264049,240,Single,1,Own,736,0.3694363823090463,5,1,0,Home,0,95,1,3825,6436,22119,7350,9290.25,0.863507432498086,12,14769,0.23412097343953375,0.21321095631828973,4761.019351277761,0.07921431454325306,0.5916339944870455,0,1.5474237255175127
2021-07-23,40,17740,548,Employed,High School,19,13335,36,Single,1,Rent,138,0.05626825311458997,2,0,0,Education,0,100,15,1080,831,31140,28133,1478.3333333333333,0.8187151209854505,4,3007,0.19537455560610767,0.19324711230956446,491.0000415463095,0.09328526363226679,0.42519155579966844,1,3.49851396326028
2021-07-24,40,28847,552,Employed,Associate,19,22947,60,Married,1,Mortgage,651,0.5654861370935735,5,0,0,Education,0,91,7,552,570,22690,14579,2403.9166666666665,0.7991428601512354,8,8111,0.20151024651643043,0.1996661964005103,607.5290255856041,0.27069545029280295,0.5233150250191362,1,1.9059537081026066
2021-07-25,31,66268,609,Employed,Master,10,138777,300,Single,5,Rent,1008,0.35189260473329764,3,3,0,Home,0,97,16,1262,336,114714,10620,5522.333333333333,0.9642284035808556,5,104094,0.2534601577032628,0.25,2897.1512354598035,0.18249849124924564,0.7070279846939899,0,2.4500704986495268
2021-07-27,32,56912,592,Employed,High School,8,29627,36,Married,2,Rent,515,0.3033776768355254,2,0,0,Education,0,93,6,2075,324,154726,78179,4742.666666666667,0.9533686399409883,1,76547,0.17357411878478332,0.16376330673116016,1047.1103411841125,0.1085658070409669,0.3293044075295016,0,1.4760578977891672
2021-07-28,23,188256,540,Employed,Master,0,16447,12,Married,3,Rent,1048,0.08133992856532249,3,2,0,Debt Consolidation,0,93,7,6009,1903,114578,85166,15688.0,0.8658463402841787,2,29412,0.1914269897920637,0.190855013927625,1516.3704611157386,0.06679839377908088,0.16345021742085147,1,1.141506722508757
2021-07-30,60,19977,630,Unemployed,Bachelor,37,88021,180,Married,2,Rent,211,0.04117361065131434,7,1,0,Home,1,98,24,381,1007,71353,28834,1664.75,0.8274106500879963,7,42519,0.2028463355155539,0.21649849707219587,1654.2264384716832,0.12666966831757467,1.119751726532603,0,5.173170845161895
2021-07-30,25,46435,483,Self-Employed,Bachelor,0,7008,36,Divorced,0,Rent,495,0.175882244283722,4,1,0,Debt Consolidation,1,100,21,6107,1191,85119,12963,3869.5833333333335,0.914123661864393,2,72156,0.22771373757912508,0.2294151049111018,271.06413671340766,0.12788769995909316,0.19791955649581008,1,3.736964479493099
2021-08-04,31,22705,609,Employed,Bachelor,11,14270,36,Divorced,5,Mortgage,198,0.5355986596978337,5,0,0,Education,0,98,6,848,97,100147,24609,1892.0833333333333,0.9236494766080936,1,75538,0.1648914961962751,0.12763440205737772,479.18835530043765,0.1045912752564159,0.3577171397457962,1,2.0168883726045745
2021-08-06,31,26197,531,Employed,High School,5,13043,48,Widowed,3,Own,127,0.4997210900797167,2,1,0,Debt Consolidation,0,100,13,1089,753,180587,672,2183.0833333333335,0.803628204517617,4,179915,0.20786902088422732,0.23814770126251397,423.8912200610525,0.05814796443969628,0.25222994546654315,1,2.1596962583945487
2021-08-06,50,40246,563,Self-Employed,Bachelor,24,167868,240,Single,1,Mortgage,693,0.21089013841560256,3,2,0,Home,0,91,29,556,333,522219,98779,3353.8333333333335,0.8864526600626985,4,423440,0.25650773479807704,0.25,3522.233652199923,0.20656763873019027,1.2564658906651864,0,3.464525367607415
2021-08-06,36,79025,570,Employed,Master,12,11998,12,Divorced,0,Own,631,0.1610729776092831,2,2,0,Debt Consolidation,0,98,2,32739,900,92593,107420,6585.416666666667,0.5860772934104522,7,4729,0.17634814464799112,0.18627313060158893,1103.5616912444646,0.09580323139795285,0.26335438206072564,1,1.7892087255717743
2021-08-07,54,55297,528,Employed,Associate,28,189011,120,Married,0,Mortgage,1069,0.25827342613758975,5,1,0,Home,0,99,5,32686,2805,35491,103111,4608.083333333333,0.8992464260984361,6,3594,0.23403739144602245,0.1613547898916244,3182.1587211346427,0.2319333200744906,0.922343644860976,0,3.30281327986369
2021-08-08,31,26366,642,Employed,Doctorate,12,18145,72,Married,3,Rent,204,0.38887948322128973,3,1,0,Auto,0,96,3,630,1088,7158,9430,2197.1666666666665,0.906822636951182,8,5596,0.1604515513574324,0.1584239497579214,392.02562981040734,0.09280460990219122,0.27114669640324846,1,1.768984187644573
2021-08-08,43,32857,566,Employed,Associate,22,165912,240,Divorced,0,Mortgage,205,0.065388233032043,3,3,0,Home,0,99,21,5844,1882,158069,21609,2738.0833333333335,0.8403858740604917,4,136460,0.25500480470839165,0.25,3481.1925423773064,0.07484255681645319,1.3457759745817541,0,4.126002922517309
2021-08-09,29,14836,505,Unemployed,High School,8,10512,48,Divorced,2,Mortgage,322,0.5197937741106776,3,1,0,Debt Consolidation,0,100,9,815,321,204870,78798,751.5833333333334,0.8221084978075102,6,126072,0.22081509196639393,0.2167473299934745,329.3384090162587,0.4278595947292658,0.8654701481779542,0,4.547361961348011
2021-08-09,65,74048,653,Employed,Associate,41,20696,60,Married,2,Rent,608,0.2148857265177094,1,2,0,Debt Consolidation,1,97,3,19214,3438,34111,5243,6170.666666666667,0.8213184276836356,1,28868,0.15098443601030354,0.14657990843017227,488.64875988886865,0.09851471779638131,0.17769086036546616,1,1.3391791881017037
2021-08-10,25,67463,543,Employed,Doctorate,5,127740,360,Married,0,Mortgage,509,0.2569248112107955,4,2,0,Home,0,95,12,4928,720,67287,27497,5621.916666666667,0.9117761600525164,1,39790,0.3064394400138716,0.25,2662.8407496608625,0.09052241570952205,0.5640917228000052,1,2.10032588583155
2021-08-10,43,63034,616,Employed,Associate,19,89869,240,Married,2,Own,244,0.26465055096709994,7,2,0,Home,0,100,3,3634,935,127937,13837,5252.833333333333,0.8227531651656645,4,114100,0.22985152986516313,0.25,1885.645960454374,0.04644228023982489,0.4053508791271848,1,1.3490730754388025
2021-08-11,47,131899,534,Employed,Master,22,204654,300,Married,2,Own,1296,0.5140082051586123,2,2,0,Home,0,100,17,565,1827,12616,2582,10991.583333333334,0.8555959199560303,6,10034,0.2910572702283948,0.25,4272.419701692576,0.11789767343132869,0.5065615181471668,0,2.5187422946067572
2021-08-12,44,80630,619,Self-Employed,Master,20,185384,180,Divorced,1,Other,445,0.4090194093211458,3,0,0,Home,0,96,15,1747,1585,7713,37599,6719.166666666667,0.8343308805847601,6,2987,0.20853254750567302,0.23537038673281477,3749.8038489541177,0.06621859576895414,0.6242112818066196,1,2.29235855426829
2021-08-13,37,33327,555,Employed,Associate,14,16009,120,Married,1,Own,188,0.4204387037450101,1,2,0,Education,0,95,28,1775,176,37781,26896,2777.25,0.8612173394305793,5,10885,0.2199202422014977,0.2125129342072044,322.7790155593331,0.06766849635561954,0.18384919123884932,0,1.285205924553218
2021-08-14,38,23978,558,Employed,High School,17,7701,24,Married,3,Rent,132,0.15079741015201212,5,1,0,Debt Consolidation,0,100,17,1526,367,27427,24096,1998.1666666666667,0.6825983018796881,2,3331,0.1862373088285937,0.1758491459416879,382.9227733819457,0.06602751146310963,0.2575687069855502,1,2.7705103571169456
2021-08-15,40,62228,584,Employed,Bachelor,19,15148,24,Married,1,Own,547,0.029969020598987976,3,2,1,Other,0,95,7,963,5102,268278,7166,5185.666666666667,0.5906403673857885,6,261112,0.17340642245053958,0.1725444823266726,750.8047508075252,0.10546272493573264,0.25021942496289046,1,3.671730885603084
2021-08-16,38,15000,599,Employed,Associate,13,12267,12,Single,2,Rent,74,0.28646226871786634,3,1,0,Other,0,96,9,431,110,64156,70131,1250.0,0.6721406505283873,7,10735,0.16185368738130854,0.14578272469936343,1104.7590489710417,0.05915267785771383,0.9422534364276912,0,4.402024780736499
2021-08-16,51,83557,601,Employed,Bachelor,27,11860,12,Divorced,1,Other,319,0.14465554967622896,5,0,0,Debt Consolidation,0,97,18,4562,255,145835,32689,4188.416666666667,0.8209266078810351,5,113146,0.16084525274650732,0.14806689682020763,1069.3820450505916,0.0761442523819943,0.331402234611165,1,0.9135982213936737
2021-08-18,66,53765,599,Employed,Associate,44,93803,300,Single,0,Rent,619,0.22806765866992787,2,2,0,Home,0,96,2,703,296,7310,34384,4480.416666666667,0.9732931867947763,1,6830,0.2583622406945021,0.25,1958.2602112730203,0.13812596463171986,0.5750994390776026,0,2.593860419442879
2021-08-19,33,21433,538,Employed,Associate,11,21668,60,Married,5,Mortgage,86,0.19849882616089704,3,2,0,Auto,0,97,17,1278,5894,48386,57083,1786.0833333333333,0.6000865402795788,6,4594,0.20849590948667973,0.20197177139402808,576.4493064929469,0.048123105619025414,0.3706874179489561,1,2.0206224702572215
2021-08-22,23,28291,628,Employed,Bachelor,5,24285,120,Divorced,1,Rent,217,0.11125046022420353,2,0,0,Education,0,94,21,5091,864,37543,39589,2357.5833333333335,0.6110535448120827,1,2777,0.18352441383290347,0.17697582477661378,432.86271035238025,0.09200438116100766,0.2755309516386447,1,1.830008519901171
2021-08-22,38,75304,607,Employed,Associate,18,20167,60,Married,1,Rent,387,0.3206028290154746,5,0,0,Auto,0,98,26,5778,1103,72400,11615,6275.333333333333,0.8575812487429679,7,60785,0.17397796311721692,0.17166026101272774,503.00399170276074,0.06166020500292103,0.14180317463000064,1,0.06325885972938594
2021-08-23,70,65095,564,Employed,Associate,44,40321,180,Divorced,2,Mortgage,375,0.3994413598566533,1,0,0,Education,0,95,23,4751,1338,131361,36580,5424.583333333333,0.8116864499407058,4,94781,0.2356511631261724,0.20304377865854434,717.2400094975316,0.06911699202850692,0.20131291741241922,1,0.9032013476861441
2021-08-25,30,57681,600,Employed,Associate,10,3231,24,Divorced,2,Mortgage,932,0.3274659172076003,4,0,0,Other,0,100,14,399,1390,41524,24013,4806.75,0.65053310551806,5,17511,0.16502021410491025,0.1519936031635171,156.9665701732716,0.19385367375591492,0.22650232856809766,1,0.781706118939089
2021-08-25,59,71492,582,Employed,Associate,36,13795,24,Single,0,Rent,221,0.5503674275886774,2,0,0,Debt Consolidation,0,97,17,1640,723,167027,23591,5957.666666666667,0.8133082041712243,2,143436,0.1743830334935142,0.18295203670695506,690.672257001826,0.037088834191094204,0.1529993718396441,1,1.1085467986793052
2021-08-26,60,56460,653,Employed,Bachelor,35,195011,300,Married,3,Mortgage,584,0.41929063960165786,1,3,0,Home,0,100,11,22986,646,56463,40215,4705.0,0.8526219258652952,7,16248,0.23154520409352852,0.2129382100424994,3478.2108750693915,0.12409689757756057,0.8631982309964708,0,2.8525665984892945
2021-08-28,33,113578,593,Employed,Master,13,129947,300,Married,0,Own,631,0.20340935762298243,0,0,0,Home,0,98,24,3255,1862,30253,8003,9464.833333333334,0.9487809520689575,10,22250,0.2614437224123541,0.25,2712.8134459910148,0.06666079760542301,0.35325082623375453,0,1.2906988379882904
2021-08-29,46,51138,611,Employed,Associate,23,7057,12,Married,2,Own,277,0.12473463841738167,0,1,0,Debt Consolidation,0,100,1,9451,475,45450,1745,4261.5,0.6802590347958508,7,43705,0.1557154792510588,0.13832220201231216,633.0707189085637,0.06498533724340176,0.21350632701667183,1,1.6138159065304194
2021-08-29,59,24194,600,Employed,Bachelor,35,24031,24,Married,1,Other,98,0.4191965145288027,5,3,0,Debt Consolidation,0,95,1,685,312,6318,15694,2016.1666666666667,0.8737025189251182,3,2348,0.16552178538864099,0.19797695652847766,1220.7033752451377,0.048582995951417005,0.6537404157209639,1,2.050453585111619
2021-08-30,35,113838,465,Employed,Bachelor,12,247741,240,Married,1,Mortgage,1172,0.24574346653207277,2,0,0,Home,0,93,20,4500,3111,183095,4272,9486.5,0.9030868814758249,6,178823,0.3056050357902638,0.25,5198.141916444237,0.12353096179183136,0.6714247079256113,0,3.4043693694236747
2021-08-30,37,47397,553,Employed,High School,9,23341,24,Single,3,Mortgage,304,0.32114155258822324,7,1,0,Debt Consolidation,0,94,15,4142,335,54363,14987,3949.75,0.9046442876286982,9,39376,0.18901450239799308,0.19306352817335812,1180.06457891576,0.07694741504777573,0.37564122734057076,1,2.4898385605306927
2021-08-31,33,34336,613,Employed,High School,14,17607,36,Married,2,Mortgage,206,0.3752186868020849,1,1,0,Debt Consolidation,0,94,2,1981,8964,101308,4081,2861.3333333333335,0.8004393281423056,7,97227,0.16294402715580159,0.1538716134538547,613.695913573835,0.0719692558518691,0.2863733248773151,1,2.22269822792665
2021-08-31,27,24014,606,Employed,Master,2,20534,60,Single,3,Rent,179,0.4134076390734185,1,1,0,Auto,0,94,12,1835,979,198869,23689,2001.1666666666667,0.8669034513533699,3,175180,0.17448247150659765,0.14931848055582844,487.7681528724582,0.08940314659119288,0.33302330119326967,1,1.4823202918808818
2021-09-01,32,47928,590,Self-Employed,Bachelor,10,294146,360,Single,1,Mortgage,310,0.1456223367341316,2,1,0,Home,0,93,13,1103,258,9961,19722,3994.0,0.6962314832764882,5,10581,0.28314795873034065,0.25,6131.704674727916,0.07759699624530664,1.6124417208330204,0,3.831916730426399
2021-09-01,25,46018,516,Employed,Bachelor,1,13774,48,Married,4,Own,119,0.3665067459719737,3,1,0,Debt Consolidation,0,96,25,770,74,4595,20346,3834.8333333333335,0.8293816907608916,9,7626,0.2153826526585053,0.21536267463665598,430.50443116874806,0.031023245709320007,0.14325555450847222,1,1.7539561405857855
2021-09-02,40,152669,592,Self-Employed,Bachelor,17,17770,60,Married,1,Mortgage,789,0.4218107361552872,5,0,0,Debt Consolidation,0,99,10,3285,1473,265173,38856,12722.416666666666,0.7075144303126363,9,226317,0.18144633079854636,0.22258151191121311,493.3998356406011,0.062011645194883454,0.10079052421511003,1,1.2118710835845068
2021-09-02,30,31009,609,Employed,High School,9,193975,300,Single,1,Mortgage,342,0.1550652578077455,0,3,0,Home,1,93,2,950,1180,23471,67696,2584.0833333333335,0.8428764741378838,7,10357,0.2535438724297631,0.22089552579337043,3585.7517529673137,0.13229747590342025,1.5193907686924264,0,6.988135011527908
2021-09-04,42,33628,593,Employed,Bachelor,19,18334,24,Married,4,Other,111,0.25405722886426124,4,1,0,Debt Consolidation,0,94,23,1395,1054,60236,12192,2802.3333333333335,0.9042272676111147,4,48044,0.16895414177012635,0.17541337217631645,911.2505495919194,0.03959571938168847,0.36465536846322927,1,1.8754862877488145
2021-09-05,21,69545,566,Employed,Bachelor,2,17082,36,Married,0,Mortgage,284,0.2206258411591888,2,0,0,Debt Consolidation,0,100,2,10241,1195,36544,27370,5795.416666666667,0.9769220436444329,5,9174,0.18643645977398676,0.16496314490721908,604.7464562606705,0.04899578762741349,0.15332687544212725,1,1.6856573863414273
2021-09-05,43,86101,632,Employed,Bachelor,19,11752,24,Divorced,0,Own,491,0.5069505241884299,2,3,0,Debt Consolidation,0,92,17,4903,905,64508,27664,7175.083333333333,0.5927011829155187,2,36844,0.14934296595153324,0.1658328334399745,578.6951122582453,0.06842172494280771,0.14906392004806412,1,0.30962634602437933
2021-09-08,50,64547,640,Employed,Associate,27,225752,300,Married,5,Rent,317,0.6251302744544632,8,0,1,Home,1,96,9,5469,501,169255,5066,5378.916666666667,0.7709334586358082,9,164189,0.2380817991900569,0.25,4712.868023573946,0.05892284576898651,0.9349341886164182,0,5.267150895363567
2021-09-12,18,53011,516,Employed,High School,0,7860,12,Single,5,Own,369,0.03486469599371779,0,2,0,Other,0,98,14,3187,680,19433,53871,4417.583333333333,0.6204513012625017,3,7220,0.20324241727594844,0.2271221737423492,738.3486723613997,0.08351092921939536,0.2506116980996322,0,3.0777497080716727
2021-09-12,44,34349,508,Employed,High School,19,147752,180,Married,3,Mortgage,140,0.09228465350740284,4,1,0,Home,0,100,11,587,239,332100,8809,2862.4166666666665,0.9522389247652773,2,323291,0.2639758243099077,0.25,3155.286689206027,0.048892639911527605,1.1508233250042876,0,3.7066553627742374
2021-09-12,54,76150,638,Employed,Doctorate,31,20502,120,Married,1,Mortgage,443,0.27973898382467804,0,3,0,Education,0,89,20,4043,981,43592,10355,6345.833333333333,0.6672382443152869,3,33237,0.17848208162397078,0.17751593337975025,366.1432867862466,0.06979858722197421,0.1274877162027646,0,0.8581904564133725
2021-09-12,25,85391,552,Self-Employed,Associate,2,10368,36,Married,1,Rent,588,0.24958275744851324,5,1,0,Debt Consolidation,0,93,12,5079,6205,311902,15997,7115.916666666667,0.9277485226461015,5,295905,0.19331164396613956,0.20220503922457758,386.47789238252784,0.08262004847604884,0.13692416786986797,1,0.0
2021-09-15,60,90489,581,Employed,Associate,39,13722,60,Married,0,Other,884,0.435550663673074,3,1,0,Auto,0,97,7,10097,803,10900,7688,7540.75,0.8469353701882761,2,3212,0.1868817071340674,0.19127076069990215,356.9164027082866,0.11721417442901183,0.16453958334713914,1,0.8501777628083523
2021-09-16,45,40740,491,Employed,High School,24,19428,60,Single,1,Other,536,0.7106716461583182,2,1,0,Auto,0,95,1,730,1440,26536,9433,3395.0,0.9562893926841907,4,17103,0.23196863051856076,0.24211944697515875,561.2966451436965,0.15783274440518258,0.3231144420328906,1,2.6144438639709957
2021-09-17,31,83001,557,Employed,High School,6,17170,48,Married,1,Other,514,0.6855735078399571,2,1,0,Debt Consolidation,0,88,24,563,3419,17564,35504,6916.75,0.8717771104695152,2,6333,0.19493774429832844,0.18850749568468358,512.0337426841379,0.07430161540963463,0.14831899717164365,1,0.7159270691722018
2021-09-17,39,15000,620,Employed,Bachelor,14,44391,84,Single,0,Rent,414,0.15319979684422502,1,0,0,Education,0,95,16,1066,111,16449,6696,1250.0,0.7295174066748694,2,9753,0.17567520363800146,0.1613530474782017,885.1211873506367,0.33093525179856115,1.0384661769389583,0,3.6210989493710137
2021-09-18,46,187340,613,Employed,Bachelor,24,27215,60,Married,1,Mortgage,919,0.32463717328171643,0,0,0,Auto,0,94,15,12739,1415,211474,55270,15611.666666666666,0.7010511019705593,4,156204,0.1710528900786589,0.16504191903029816,669.1287227357908,0.058862462103420304,0.10172052965983544,1,0.8335873670925861
2021-09-18,40,16945,507,Employed,Bachelor,17,136887,240,Divorced,1,Other,244,0.38232734007448743,0,2,0,Home,0,92,13,747,958,22450,8510,1412.0833333333333,0.8938731397257282,8,13940,0.28445672958805296,0.25,2872.1852762211433,0.1726720528395353,2.20523815030098,0,7.03476608478832
2021-09-23,46,34758,615,Employed,High School,25,140766,360,Married,2,Mortgage,644,0.4469994989642849,2,0,0,Home,0,95,6,1865,264,162936,48279,2896.5,0.8664443406116208,3,114657,0.270463715330059,0.25,2934.3779627897366,0.22226056945642794,1.234988080341583,0,4.181656588808942
2021-09-23,28,44645,488,Employed,Bachelor,3,174399,360,Single,1,Rent,338,0.1498289732567584,1,1,0,Home,0,93,2,5610,809,125567,33612,3720.4166666666665,0.7430669586215037,6,91955,0.3340172766976142,0.25,3635.4842954446904,0.09082562644154332,1.0677343203828356,1,4.619321228928628
2021-09-24,42,41221,616,Self-Employed,High School,18,8565,12,Divorced,3,Mortgage,146,0.3249448563600595,2,2,0,Other,0,94,9,1359,6086,184177,7662,3435.0833333333335,0.8470954826895568,9,176515,0.15326388903954385,0.17016119686543785,781.2342243180827,0.04249023840128053,0.2698520770212449,1,2.152389721868217
2021-09-24,23,67607,544,Employed,High School,0,18193,36,Married,1,Mortgage,499,0.09320764741148159,2,0,1,Debt Consolidation,0,100,1,2670,3458,10829,8391,5633.916666666667,0.9517908350473946,4,2438,0.19745221178709552,0.18625243342090017,663.4408739183499,0.08855499194013516,0.20629246938020673,1,3.1033840688370486
2021-09-27,38,22122,466,Employed,Associate,17,5533,36,Single,1,Mortgage,118,0.43238680381190603,1,0,0,Other,0,100,9,1249,462,115026,38824,1843.5,0.882180045220555,2,76202,0.23615466654008674,0.25,219.99111671164732,0.06397397668744917,0.18324267644979525,1,2.689525469528211
2021-09-28,29,43041,472,Employed,High School,7,151251,300,Married,2,Rent,265,0.2863452545263312,5,3,0,Home,0,94,10,663,1915,216758,62504,3586.75,0.8793862398886558,6,154254,0.32198167564973657,0.25,3157.5622870830953,0.07386244860985297,0.9539578529950792,1,3.6763997941555595
2021-09-29,31,27733,588,Employed,High School,8,13342,36,Married,0,Own,528,0.3554940813671601,1,0,0,Debt Consolidation,0,97,2,1243,503,164606,22763,2311.0833333333335,0.5045731218636946,6,141843,0.1753746867954356,0.17571028682052317,479.4790149686236,0.22836547125608217,0.4357451137006121,1,2.854055883040414
2021-09-30,54,66311,608,Employed,Bachelor,30,240890,240,Single,1,Mortgage,254,0.24786205176997558,2,1,0,Home,0,98,22,3247,3524,56265,68250,5525.916666666667,0.9068197204073823,3,1309,0.23409802495700116,0.23975043697371493,4854.8884007923525,0.045956907860018395,0.9243650137887042,0,2.6197677396108903
2021-10-01,53,61899,595,Employed,Bachelor,31,17912,12,Single,2,Rent,508,0.15993940650803282,3,1,0,Debt Consolidation,0,94,25,16605,153,16758,72287,5158.25,0.8593813940612336,8,8172,0.16394832049630378,0.1371337429138397,1605.8521847181955,0.09846392401996414,0.40972082855418823,0,1.962817520115401
2021-10-01,47,64263,504,Employed,Master,26,22380,48,Married,1,Mortgage,292,0.27565650876254744,4,0,0,Auto,1,94,19,2489,1073,63259,9165,5355.25,0.8014954408282089,7,54094,0.221503991915905,0.21170821737188303,695.0701514503955,0.05451575262543757,0.1842838089055581,1,3.461847603372696
2021-10-02,26,4769,517,Unemployed,Associate,2,94119,240,Single,4,Own,138,0.29182490532913646,2,1,0,Home,0,98,28,1092,40,106330,81378,397.4166666666667,0.9430868061830363,4,24952,0.27936308146071037,0.25,1974.8201510198762,0.34637105208115454,3.0,0,8.567975340836869
2021-10-03,36,29978,500,Employed,High School,12,50905,60,Married,2,Own,307,0.3767901429138253,5,1,0,Education,0,96,14,3920,676,36497,42854,2498.1666666666665,0.9331356010125333,3,6741,0.22770943401844598,0.16994877498862304,1264.9801637806106,0.12284094698232745,0.6290017327564964,1,2.3658373090605456
2021-10-05,54,63446,450,Employed,High School,33,130817,360,Married,0,Rent,525,0.3105620915658664,2,2,0,Home,0,96,3,1433,961,54918,9526,5287.166666666667,0.590446380692752,8,45392,0.352945390580804,0.25,2726.9832342914124,0.09927826278798575,0.6149547545068699,0,3.0628599769202096
2021-10-06,41,108023,614,Employed,Doctorate,16,9527,36,Married,1,Rent,681,0.11751073430670717,3,0,0,Debt Consolidation,0,93,16,22314,8086,157688,12215,9001.916666666666,0.7084637288462686,4,145473,0.1622904975277588,0.1609467361536246,335.3865215034986,0.0756421530059703,0.11289524929922697,1,1.2029818934471777
2021-10-08,67,43275,584,Employed,Bachelor,42,9535,12,Single,3,Mortgage,220,0.06170925143728067,1,2,0,Debt Consolidation,1,93,19,13178,1693,74244,68247,3606.25,0.9688107631943051,8,5997,0.1692907073473263,0.1646997833703818,867.240764572807,0.06098828747660961,0.3014043286638872,1,3.347887454723112
2021-10-08,44,31268,619,Employed,Bachelor,21,6386,60,Divorced,2,Rent,258,0.49215509589653594,1,2,0,Debt Consolidation,0,97,9,1585,354,263658,99092,2605.6666666666665,0.7096936799100603,7,164566,0.16769050498839042,0.1491848365997897,151.64938027432174,0.09897698209718671,0.15715449371137663,1,1.0978634359258517
2021-10-08,42,56484,570,Employed,High School,19,12807,24,Married,3,Mortgage,937,0.38675178190560033,1,2,0,Other,0,95,2,1718,722,74999,18445,4707.0,0.7944103264200324,3,56554,0.18036445631366915,0.19479308692974504,648.5694898646982,0.1990229396771453,0.3367819647121279,1,2.111966654612474
2021-10-11,36,50291,485,Employed,Bachelor,12,21013,60,Married,2,Mortgage,226,0.14904700796975975,2,1,0,Auto,0,97,4,13358,1412,47841,232488,4190.916666666667,0.8910002881930472,6,1984,0.23498823604031216,0.25,616.7593581101071,0.05391328548993101,0.20104391979248323,1,2.8121687920194205
2021-10-11,41,71438,623,Employed,High School,20,21649,24,Married,0,Own,1312,0.24421431585626793,2,1,0,Auto,1,99,24,8261,773,152401,103783,5953.166666666667,0.971840003496688,6,48618,0.15399569018335768,0.15028675322921806,1049.982415020616,0.22034989503149055,0.3966940375122098,0,3.1982395502455327
2021-10-13,38,27642,599,Employed,Bachelor,15,10878,36,Single,0,Other,355,0.272009986844919,5,0,0,Debt Consolidation,0,97,11,1565,513,127624,44420,2303.5,0.80200870428579,4,83204,0.16982364740110528,0.16202931410904786,383.52894045189174,0.1540464308960729,0.32047252785935854,1,2.1072186205552934
2021-10-13,48,23435,508,Employed,Master,30,18373,120,Married,2,Mortgage,328,0.38578874974427435,4,1,0,Education,0,95,8,5094,1678,51082,39811,1952.9166666666667,0.6221848806636925,8,11271,0.24345467297520787,0.2005499921534684,355.7388900868738,0.16786795752121805,0.3499324724289882,1,2.0159416637908336
2021-10-14,51,41032,637,Employed,Doctorate,27,79171,240,Married,0,Mortgage,338,0.29450493725585225,2,1,0,Home,0,99,16,8024,343,212208,40535,3419.3333333333335,0.8922941368368592,7,171673,0.21931984449498518,0.19963738212805962,1342.723341601029,0.09882077770197836,0.4913916796416613,1,2.9755189711153704
2021-10-15,30,29251,627,Employed,Bachelor,11,17197,36,Married,2,Other,371,0.48807512277416354,5,0,1,Debt Consolidation,0,96,5,1090,358,17176,4763,2437.5833333333335,0.7172210119784309,3,12413,0.15593813709424273,0.12414626868909984,574.5980592616573,0.1521375115333356,0.3877653251935853,1,4.367528814410639
2021-10-16,24,42018,560,Employed,Associate,0,128893,360,Single,3,Rent,179,0.15774114578426848,3,0,0,Home,0,100,2,2812,593,44687,12323,3501.5,0.9030969858125923,5,32364,0.2979416864100331,0.24523110358736275,2635.8592926294386,0.05110635260528194,0.8036714611361709,0,3.3642008628616993
2021-10-16,18,33233,513,Employed,Master,0,91248,180,Single,2,Rent,168,0.05619776060529666,6,2,0,Home,1,94,15,3087,15011,637669,21419,2769.4166666666665,0.7906292038265565,4,616250,0.2613553368281202,0.25,1948.6274285063591,0.06064069784930065,0.7640105020928354,1,4.954353879064132
2021-10-18,46,83888,644,Employed,Bachelor,24,101974,360,Married,1,Own,868,0.36087129678341123,0,0,1,Home,0,96,6,4505,2959,236408,15488,6990.666666666667,0.7373934784704607,7,220920,0.25588312074104647,0.25,2125.7282183021507,0.12414779499404052,0.4281852040479834,0,3.6548260774911077
2021-10-18,26,32882,489,Employed,High School,5,222851,240,Widowed,2,Rent,269,0.15952078203457973,3,2,0,Home,0,95,8,427,1958,156348,42667,2740.1666666666665,0.793555658484862,6,113681,0.29357856578824526,0.25,4675.895892167685,0.09813339818811942,1.8039384296835965,0,6.393976883632469
2021-10-19,18,44505,561,Employed,Associate,0,134951,300,Married,0,Mortgage,291,0.10232473773428961,1,1,0,Home,0,97,2,908,1842,23685,26629,3708.75,0.8335138559920963,3,2806,0.27745316860966,0.25,2817.2784854589445,0.07844194352719186,0.8378673725881648,1,2.7968608788661005
2021-10-19,44,40297,517,Employed,High School,19,131272,240,Single,2,Mortgage,81,0.2855176087804668,3,3,0,Home,0,97,4,540,1783,8602,40146,3358.0833333333335,0.8872585159279803,1,9718,0.2794462586007992,0.25,2754.3704338622506,0.02411372150140167,0.844090530808182,1,4.246295821975989
2021-10-21,69,65436,577,Employed,Associate,51,25775,36,Divorced,2,Own,371,0.16172256255550208,3,0,0,Auto,1,96,4,5591,2017,45736,18452,5453.0,0.5400673992681411,5,27284,0.18103929977635422,0.16106646515345374,907.5302067538983,0.06802346901356802,0.23442064663621162,1,3.643202332994278
2021-10-21,39,52140,606,Employed,Associate,14,131360,240,Married,1,Own,204,0.2304896516452073,4,0,0,Home,0,99,12,832,1442,96240,84485,4345.0,0.9631153331548337,5,11755,0.23494642613433117,0.21850300277699447,2423.770718703077,0.04693971468016567,0.6046412146118446,0,2.613038990843284
2021-10-22,50,70227,642,Employed,Bachelor,27,265912,360,Married,0,Rent,634,0.6639097333363778,2,1,0,Home,0,98,25,4442,316,197676,27989,5852.25,0.9320308374206729,5,169687,0.2571227311166491,0.25,5543.144742632059,0.10831589288002391,1.0553358805163044,0,2.4666761335398038
2021-10-24,40,28793,624,Employed,Associate,20,6252,36,Married,3,Own,184,0.47473313473419265,3,1,0,Debt Consolidation,0,100,26,9385,790,19807,18036,2399.4166666666665,0.7560528631922251,6,1771,0.15718520415689186,0.1657127625750812,221.569154201314,0.07665335879187642,0.16895781462995205,1,2.1270550147269303
2021-10-24,38,93852,567,Employed,High School,18,150921,360,Married,1,Mortgage,484,0.2695649890625723,4,0,0,Home,0,100,1,20422,1616,74318,44354,7821.0,0.8177150263695983,2,29964,0.2944811296065111,0.25,3146.0669232782766,0.06187675786243928,0.4640842397440906,0,1.318993405171586
2021-10-24,51,46854,603,Employed,Bachelor,25,165502,120,Married,0,Mortgage,1240,0.7614519108907062,2,0,0,Home,0,94,9,389,1552,44672,47915,3904.5,0.7206103249798782,5,1340,0.1965041861501308,0.19527783246436714,3146.7748723369896,0.3175009601843554,1.1232300274835463,0,3.8212313441234613
2021-10-25,36,23274,611,Employed,Master,15,15446,48,Single,4,Rent,276,0.13886512704525317,2,1,0,Auto,0,95,15,338,416,69533,24627,1939.5,0.6704776230193863,1,44906,0.16791129252217854,0.17109669027569038,446.57185536967893,0.14223138366400412,0.37236374922426124,1,1.4932416923250953
2021-10-27,43,62925,589,Employed,Bachelor,23,17453,48,Divorced,3,Own,753,0.15525075279509573,4,0,0,Auto,0,93,8,1510,2591,95650,5008,5243.75,0.7207602238442119,3,90642,0.17894183103193081,0.17496666314477682,508.1029104232368,0.14357214357214357,0.24045052870455919,1,1.0221343559387508
2021-10-29,43,28843,583,Employed,Associate,18,13958,72,Single,2,Own,612,0.3110685619057477,3,1,0,Auto,0,100,17,467,1417,44745,59812,2403.5833333333335,0.8856917465791585,5,3960,0.18988596993512818,0.201583761555771,335.6161744580134,0.2545139490556229,0.394087475082175,1,2.229569449607674
2021-10-30,31,132824,540,Employed,Master,8,26830,60,Single,1,Mortgage,863,0.10990322275608522,3,1,0,Auto,0,95,15,817,85,32400,4577,6823.5,0.9369391602948909,3,27823,0.20754932830360895,0.1994441285792859,710.0013151869931,0.12645615063374607,0.23049326913136392,0,1.7662979612357614
2021-11-01,51,206789,628,Employed,Master,30,21455,12,Single,4,Other,685,0.4394274921524506,4,0,0,Debt Consolidation,1,97,10,8846,2131,50383,5945,17232.416666666668,0.8626175135925722,7,44438,0.1474934399013804,0.1597570407206772,1946.3838888187445,0.039748357116261526,0.15269078324488244,1,1.4632751672416835
2021-11-02,37,24945,592,Employed,High School,14,27573,84,Married,3,Rent,113,0.2833458215647433,1,0,0,Education,0,93,22,2635,74,102620,25125,2078.75,0.7489555644104348,4,77495,0.18955615714468288,0.1788117349882631,577.6060308804128,0.05433345354008895,0.33206204153403673,0,1.1820244051657374
2021-11-02,30,47662,575,Employed,High School,10,9114,48,Married,1,Mortgage,545,0.09860022646813865,3,1,0,Other,0,97,13,6458,1162,102153,14636,3971.8333333333335,0.6995140562043454,4,87517,0.18577941917177818,0.18355793860023586,269.4211770205021,0.13718169232705457,0.2049975694140627,1,1.0465707261780262
2021-11-04,46,19229,550,Employed,Bachelor,21,18509,60,Married,2,Mortgage,57,0.2923617815433982,4,1,0,Education,0,91,11,624,273,21085,24575,1602.4166666666667,0.7154197231153474,5,5108,0.20245651660139186,0.17131774669893346,461.30878994006406,0.03554908788524505,0.3232527144784974,1,3.0045436695121244
2021-11-05,29,59354,506,Employed,Master,4,17416,36,Married,0,Own,403,0.02948992187182795,2,3,0,Auto,0,100,16,2360,4421,17550,98403,4946.166666666667,0.9653085720295432,6,8439,0.21644130050493293,0.17710935539400446,627.1075250807437,0.08146076879021662,0.2082217144656693,1,2.3787041301531278
2021-11-06,40,37838,649,Employed,Doctorate,16,131130,300,Single,0,Other,90,0.08399497521791291,1,0,0,Home,0,100,26,2818,893,159520,34702,3153.1666666666665,0.8186173775280994,2,124818,0.2334459880256291,0.25,2737.510116992326,0.028533685601056805,0.8964364968007374,0,2.33301567817591
2021-11-06,39,42108,568,Employed,Master,16,6067,24,Married,0,Rent,312,0.35191934139556036,4,2,0,Debt Consolidation,0,99,15,1971,497,15909,10821,3509.0,0.6694493384297511,3,5088,0.1811776960851171,0.1718707966401795,300.5118710232509,0.08888888888888889,0.17450480655933076,1,1.2152700831389627
2021-11-07,53,25756,621,Employed,Bachelor,27,151875,300,Married,0,Other,278,0.2306124907741467,3,3,0,Home,0,94,18,3023,1264,31723,54107,2146.3333333333335,0.9523505925219314,4,5795,0.24748270491935437,0.25,3170.5891025563146,0.12946289972058367,1.605986853099805,0,4.028584267593542
2021-11-08,45,79086,610,Employed,Bachelor,23,21083,48,Married,2,Mortgage,642,0.3676795082905871,4,0,0,Auto,1,98,12,6347,1104,49353,5697,6590.5,0.8780121069314046,8,43656,0.16848906743449377,0.1528174655584451,589.7711268860508,0.0973981643025108,0.18687265825472968,1,1.9458151583655598
2021-11-09,39,74882,539,Employed,High School,19,31811,48,Single,0,Rent,845,0.20572532254838438,1,1,0,Auto,0,97,3,2682,873,62432,12233,6240.166666666667,0.48413226555331973,7,50199,0.20409189971401928,0.20039375627205067,968.6877488933994,0.13539135311239886,0.2906007555574651,1,1.4294528446858439
2021-11-10,49,58619,634,Employed,High School,26,12789,60,Divorced,3,Other,1105,0.3699465053948294,5,0,0,Debt Consolidation,0,100,28,477,1668,57048,21897,4884.916666666667,0.88138813157943,8,35151,0.16036410472364324,0.1667218867573394,315.5897260992545,0.22616022240794117,0.29075193520818426,1,1.4036800336581865
2021-11-10,56,29359,640,Employed,Associate,29,3431,24,Married,1,Rent,193,0.5046272750382182,3,0,0,Other,0,99,21,6860,2828,116144,12720,2446.5833333333335,0.9514349582754043,5,103424,0.14503522461515198,0.14605523898028214,165.71536701665408,0.07885329066085595,0.14655900051751214,0,2.33760466941549
2021-11-12,46,166414,642,Employed,Bachelor,26,17042,24,Married,1,Mortgage,4105,0.4799552945385919,3,2,0,Other,0,93,24,4373,7502,283144,45592,13867.833333333334,0.8698693258756518,7,237552,0.14443587371030633,0.14119083451848932,819.1946094456558,0.2959874058139954,0.3550547108826017,1,1.1438178270794983
2021-11-14,40,4294,609,Unemployed,Bachelor,18,247084,240,Married,1,Own,179,0.21542504961727071,3,0,0,Home,0,100,22,1278,579,56221,23750,357.8333333333333,0.6638495498615802,4,32471,0.23360437192149142,0.23677850286638666,4920.5767085570515,0.4988388295401765,3.0,0,7.794645253893157
2021-11-15,24,15000,559,Employed,Bachelor,1,148028,300,Married,1,Mortgage,259,0.15716246899550237,3,3,0,Home,0,96,25,131,5151,23659,30699,1250.0,0.813043116656176,4,2679,0.2784762908698743,0.25,3090.277950111645,0.2070343725019984,2.6772805356607874,0,8.009292921057776
2021-11-16,27,46755,557,Employed,High School,5,17402,36,Single,1,Rent,243,0.07910907514989747,4,1,0,Debt Consolidation,0,100,12,2412,431,79130,25899,3896.25,0.9429232873816144,8,53231,0.19094109947103355,0.18889837076266405,636.9192192809235,0.062351658220540125,0.22577951614110553,1,1.584127674177809
2021-11-16,36,23643,626,Employed,Bachelor,15,35503,180,Married,1,Other,375,0.1923605684754764,2,1,0,Education,0,92,29,1364,213,45152,58160,1970.25,0.8602858383859006,8,8021,0.2046193501612931,0.20865439428841803,646.3543525392255,0.19023462270133165,0.5181252263990999,1,2.354379385614552
2021-11-18,32,68436,522,Employed,High School,7,17681,60,Single,2,Own,813,0.24399668619028989,2,1,0,Auto,0,98,27,4144,1519,38204,8491,5703.0,0.9681970382728304,5,29713,0.21644507561299142,0.22684878864509128,495.239803307948,0.14253155680224405,0.2293548042264986,1,1.8025930940586516
2021-11-22,37,32481,580,Employed,Associate,10,10814,24,Single,2,Rent,478,0.3456978070821123,4,1,0,Debt Consolidation,0,96,1,34522,2837,123798,4422,2706.75,0.7652523161850882,4,119376,0.1753221723345968,0.17208358582044614,535.7519244216273,0.17653032960945433,0.37438904050286304,0,2.46414042067196
2021-11-23,40,10086,583,Unemployed,Bachelor,17,15207,36,Single,2,Mortgage,165,0.05129383494110766,2,2,0,Education,0,97,5,475,128,18261,47889,840.5,0.7263048963122731,8,7242,0.17790739422104207,0.1506728104156235,527.6568257805459,0.19607843137254902,0.8231215992638692,0,3.4747922235727615
2021-11-23,46,140924,582,Employed,Bachelor,25,20395,12,Divorced,2,Other,531,0.3442807364940006,3,2,0,Other,0,94,20,16710,15642,34957,11139,11743.666666666666,0.5562364344220103,4,23818,0.17048077352054378,0.16514051366761084,1855.4207568638806,0.045212011125617305,0.20319186781494128,1,1.3452799321806337
2021-11-23,39,34812,552,Self-Employed,Doctorate,20,17355,60,Married,3,Rent,309,0.2043876946516615,4,0,0,Education,0,98,8,3065,158,49200,8583,2901.0,0.9220646899540133,6,40617,0.20144042338672954,0.1652180986323173,426.8667115615751,0.10647829083390765,0.25357226449399556,0,2.9522121104200583
2021-11-26,45,34543,531,Employed,High School,22,18347,60,Divorced,0,Rent,104,0.06347209192823902,3,1,0,Auto,0,94,29,914,587,136000,26291,2878.5833333333335,0.7006983489719057,4,109709,0.21195431896392924,0.19025286103275021,476.18659730924253,0.03611633627550282,0.20148282933615713,1,2.28049537915878
2021-11-28,40,46200,562,Employed,Associate,15,33231,120,Single,5,Rent,275,0.2464951316705583,4,0,0,Education,0,92,5,5396,1055,110640,28673,3850.0,0.8347154283212412,6,81967,0.21660281713652896,0.207491911038436,658.800444281254,0.0714100233705531,0.24248258745293536,1,1.513695561174503
2021-11-28,18,101424,590,Employed,Associate,0,20457,24,Single,1,Rent,788,0.2962977815722781,1,0,0,Debt Consolidation,0,94,25,4491,805,159667,68435,8452.0,0.8663671237627755,6,91232,0.17048153232075425,0.19367720452724022,1034.8675715376394,0.0932213415355495,0.21564741175176144,0,1.2249889691000104
2021-12-01,28,27107,506,Employed,Associate,6,24107,84,Divorced,2,Mortgage,628,0.3531945521174733,3,1,0,Education,0,94,18,3394,279,29921,25284,2258.9166666666665,0.6910144620151086,6,4637,0.2325225747536507,0.23669232831667764,589.8278916479836,0.27788635274162027,0.5388817692310116,0,1.9415625083916097
2021-12-01,38,5246,548,Unemployed,Master,17,32318,120,Married,2,Own,189,0.23378328301447537,6,1,1,Education,0,96,8,6354,729,333186,23473,437.1666666666667,0.8198046351934478,8,309713,0.22359585264289059,0.2075336699936727,640.7907387100508,0.43134271586154427,1.893778787470637,0,7.781797793937995
2021-12-02,25,63174,542,Employed,Bachelor,5,16008,24,Divorced,2,Mortgage,478,0.5665409313038217,3,2,0,Other,0,99,13,3833,5127,43567,11561,5264.5,0.8945761641563327,4,32006,0.19442022658576952,0.1881653299683412,805.5149469997556,0.0907796030766309,0.24375936701163337,1,1.6729525702793588
2021-12-02,47,5437,610,Unemployed,Master,23,16131,36,Single,5,Mortgage,156,0.16116391545773812,2,0,0,Education,0,94,17,675,39,108034,102545,453.0833333333333,0.8778611252250672,5,5489,0.16442214003899833,0.1642290418713279,570.4918231643127,0.343549275096348,1.5999085846892553,0,4.983470565529614
2021-12-03,58,48026,629,Employed,High School,34,14053,36,Divorced,0,Rent,173,0.41441948742909024,2,2,0,Auto,0,99,8,7174,1104,73092,70307,4002.1666666666665,0.7696614782975453,3,2785,0.15488766558293807,0.14310948440018928,482.42331294437304,0.04321578750156126,0.16372621165186887,1,2.2033612217395318
2021-12-06,54,28019,517,Employed,Master,35,7645,48,Married,1,Rent,206,0.25260829138524865,2,0,0,Debt Consolidation,0,98,25,5910,480,28818,3919,2334.9166666666665,0.6675544466253961,6,24899,0.2147354844785641,0.25,253.48624522029573,0.0881880774856409,0.1967048961022992,1,1.831783089468446
2021-12-07,37,181129,616,Employed,High School,11,27589,36,Single,0,Mortgage,1061,0.5503292613017802,2,0,0,Debt Consolidation,0,100,27,3697,3662,43367,92143,15094.083333333334,0.952144480367018,6,7767,0.16155630216680286,0.16426184370284483,975.7623265594392,0.07028778686216815,0.1349288560773832,1,1.315749839448469
2021-12-08,57,29070,629,Employed,Master,33,158549,300,Married,0,Rent,126,0.15304287193788066,3,3,0,Home,0,95,3,964,406,108149,12530,2422.5,0.5734197966405689,9,95619,0.24349345631999164,0.24925756975862462,3300.2129514407293,0.051990922219929854,1.4137458021212004,1,4.11510149831702
2021-12-09,41,42430,613,Employed,Associate,16,28791,60,Married,2,Own,165,0.305973170454672,1,4,1,Auto,0,100,18,4351,224,103251,65790,3535.8333333333335,0.7277573426552871,3,37461,0.1710669632124397,0.1791107338608864,729.7100926531945,0.04665190141840629,0.25296925479096966,1,2.5364284071273415
2021-12-09,35,43944,602,Employed,Associate,15,15085,36,Single,0,Own,243,0.25260754579335853,1,2,0,Debt Consolidation,0,96,12,2009,3944,84983,33306,3662.0,0.7897983634870969,3,51677,0.1684053806101034,0.142481582406376,517.3895793030357,0.06633906633906633,0.20758656273629147,1,1.1794690300381696
2021-12-14,32,133207,595,Employed,Bachelor,12,35886,72,Widowed,3,Mortgage,971,0.3327324915285832,4,0,0,Auto,0,99,13,2677,8153,190311,59352,11100.583333333334,0.9312097369930217,9,130959,0.18412203259797613,0.19180257126599834,842.6048166217689,0.08746500123856206,0.1633645185706335,1,0.9993224422234428
2021-12-16,36,25794,485,Employed,Master,14,12671,36,Married,2,Rent,144,0.29137084696543836,2,4,0,Debt Consolidation,0,100,21,2311,446,214388,55272,2149.5,0.9855531734044826,5,159116,0.22686178752851355,0.2382978940402842,495.9877730935051,0.06696117182050686,0.2975995224801233,1,2.1534885431994715
2021-12-16,35,140077,540,Employed,High School,11,24547,48,Married,1,Other,585,0.1934080609343925,4,2,0,Auto,0,100,9,14308,1650,49802,35239,11673.083333333334,0.658647951326103,3,14563,0.20352709641587727,0.2016783823712366,749.1709371652952,0.05011100086373662,0.11428485638403829,1,1.6752104163658972
2021-12-20,42,11026,571,Unemployed,Associate,16,5896,24,Single,1,Mortgage,186,0.2713170878779123,5,0,0,Other,0,96,24,640,178,27204,45239,918.8333333333334,0.7732159568532307,7,8728,0.17967054975650015,0.2032357503408446,301.01446813534557,0.20221054538865735,0.5294594688914791,1,2.7497858981828154
2021-12-22,41,69223,477,Employed,Master,17,123813,360,Married,0,Rent,640,0.6528502586526819,6,1,0,Home,0,93,16,3841,100,19069,9687,5768.583333333333,0.7960212163686923,5,9382,0.33943163392961523,0.25,2580.979346624083,0.11092655448833683,0.5582689703110999,0,2.050692243946629
2021-12-23,40,28621,460,Employed,Associate,18,112717,360,Single,4,Mortgage,214,0.07464390141578868,2,1,0,Home,0,94,1,839,782,95673,516978,2385.0833333333335,0.9366877419958825,3,8425,0.3479081611008337,0.25,2349.6745011705293,0.08968672510739356,1.0744278983706335,0,4.118032642148631
2021-12-25,45,57644,596,Employed,High School,25,31103,60,Married,2,Rent,307,0.22444788940272078,0,2,0,Auto,0,94,1,1006,2415,244812,11002,4803.666666666667,0.7835182399876742,9,233810,0.17958627292681503,0.18551173755803035,799.1671957900518,0.06389621201609545,0.23022766666922123,0,1.188426018833102
2021-12-26,54,30801,535,Employed,Associate,29,29467,120,Married,1,Other,292,0.21017996132335773,3,2,0,Education,0,94,8,977,678,75119,33333,2566.75,0.9375304541951928,4,41786,0.23007276505195068,0.22716185681506948,623.5066901998961,0.1137182358095609,0.35654043041569317,0,2.5961649076899045
2021-12-28,51,99848,573,Employed,Associate,30,24324,36,Married,0,Rent,641,0.4151483173817741,3,0,0,Auto,0,96,3,5611,1758,50621,24344,8320.666666666666,0.9352985995588451,2,26277,0.18302481497676357,0.18781188731471024,888.9323540320923,0.0770278389745644,0.18384927146390057,1,1.6000065387986449
2021-12-28,22,26587,570,Employed,Master,0,158268,300,Married,1,Own,103,0.7136000876101437,2,0,0,Home,1,98,14,317,583,167437,33103,2215.5833333333335,0.8297187788353393,7,134334,0.2729930128489977,0.25,3304.0513322362654,0.046467912327531107,1.5370734233179888,0,5.397812627002631
2021-12-29,18,36288,565,Employed,Bachelor,0,13991,60,Single,0,Mortgage,430,0.5053683029846482,5,2,1,Debt Consolidation,0,99,14,1239,296,25878,7767,3024.0,0.8556830851920966,4,18111,0.19488656025417458,0.1850044024495262,359.09930259958145,0.14214876033057852,0.2608592735866385,1,3.7373563899767706
2021-12-31,51,36367,646,Employed,Bachelor,25,29030,60,Widowed,3,Mortgage,306,0.20911311985099082,3,1,0,Auto,0,99,17,2072,423,54230,22598,3030.5833333333335,0.7655012905622655,6,31632,0.15456902987588725,0.13481455476522847,667.6985166185808,0.10093735396794853,0.3211848099019481,0,1.576116717012341
2022-01-02,23,26128,468,Employed,Doctorate,0,20344,36,Single,2,Mortgage,173,0.07749331774492285,1,0,0,Education,0,99,26,4503,424,20908,9805,2177.3333333333335,0.9447313950516376,1,11103,0.23548014761510896,0.23150363821508482,789.1058244607706,0.07941851568477429,0.44167061566676535,1,3.918411463799826
2022-01-02,37,69804,457,Employed,Associate,15,15103,48,Single,1,Other,224,0.11626229734892515,2,0,0,Debt Consolidation,0,96,1,2665,2689,115770,4179,5817.0,0.7815757523049387,3,111591,0.24490567872209631,0.24879527719512143,499.7578340106108,0.03850120316259883,0.12439976521323666,1,2.2677540114368324
2022-01-02,25,44331,487,Employed,High School,4,17103,12,Married,3,Rent,215,0.5436366473797185,1,0,0,Debt Consolidation,0,98,4,665,3379,19353,14352,3694.25,0.9573814456826693,8,5001,0.2179367669083162,0.18415276760386048,1571.3850658864767,0.058182802246126784,0.48342739080886993,1,2.640391455928328
2022-01-03,18,75666,473,Employed,High School,0,19419,36,Married,0,Rent,1466,0.0858940479885045,6,0,0,Auto,0,96,6,3202,1155,161702,133139,6305.5,0.791087734520197,7,28563,0.23296851468546134,0.24135167400299384,763.241620286188,0.23245857448664076,0.35348317137654606,1,1.8301933994663575
2022-01-03,46,18995,581,Employed,Associate,23,38196,36,Widowed,1,Rent,75,0.07731364652096563,3,2,0,Education,1,97,25,562,128,40130,12842,1582.9166666666667,0.6511830123737221,3,27288,0.17913762806436984,0.18993142286784254,1399.9809097150312,0.04735097595622665,0.9312238078907967,1,4.927049762366559
2022-01-03,49,87822,537,Employed,High School,26,30150,36,Widowed,2,Other,547,0.0810553768564922,5,1,0,Auto,0,96,15,7961,1747,422127,34218,7318.5,0.8408226401361589,0,387909,0.2010784933422753,0.22812744863383377,1164.1575691582407,0.07473188059293667,0.23378066386477775,1,0.5686923985591688
2022-01-03,33,274391,574,Employed,Master,12,13146,12,Divorced,0,Other,1000,0.26019049261733596,5,3,0,Debt Consolidation,0,96,21,6378,24590,30968,37318,22865.916666666668,0.887024751611659,3,7023,0.17437098721867417,0.18714767709591643,1209.7015426049861,0.04373130031377208,0.09663312176346407,1,1.089108113052809
2022-01-03,18,9395,596,Unemployed,Bachelor,0,22222,36,Married,1,Other,189,0.3528196701357068,6,1,0,Debt Consolidation,0,95,13,59,126,78372,53788,470.8333333333333,0.6627213573182353,10,24584,0.1715022207668954,0.17505501883613217,797.8768005233328,0.40056517131755565,2.0915792310632275,0,6.247333867130019
2022-01-05,33,134228,607,Employed,High School,10,41035,36,Single,2,Rent,448,0.09808350997834892,5,1,0,Auto,0,91,23,280994,6249,287243,26658,11185.666666666666,0.8351540334667624,0,260585,0.16615555125230191,0.15147120786678236,1425.4499278957514,0.040047675804529205,0.1674716860455082,1,0.772531798612222
2022-01-06,44,47239,614,Employed,Bachelor,26,185153,360,Married,1,Rent,364,0.3019388889307781,1,0,0,Home,0,96,9,2842,3449,38167,52340,3936.5833333333335,0.6433011261983407,6,3671,0.2710322357975533,0.25,3859.6598819630317,0.09244248798967217,1.0726528239308455,0,3.093011927842984
2022-01-07,22,19170,542,Employed,Bachelor,0,72997,240,Single,1,Rent,69,0.36141580250018457,1,3,0,Home,0,98,21,1093,256,479659,36170,1597.5,0.8224854558370609,2,443489,0.26679954683062373,0.25,1531.6349149905745,0.04316546762589928,1.0013355739697056,1,4.289888715090524
2022-01-08,42,51185,651,Employed,Master,21,18324,48,Single,2,Rent,379,0.17081370181403768,2,0,0,Auto,0,99,7,571,487,287196,109012,4265.416666666667,0.7060976457241285,3,178184,0.14795400538168874,0.13622237350386396,497.26492599592655,0.08883333007793424,0.20538662640293606,1,0.5144501851983062
2022-01-09,39,101243,559,Employed,Master,19,33210,84,Single,1,Own,516,0.15363419514283624,4,1,0,Education,0,98,25,1221,3454,113064,9697,8436.916666666666,0.7756932193333825,9,103367,0.2061026591063324,0.20385027777092227,745.1864374664207,0.061152535677250514,0.14946656707912742,1,0.9916368305883378
2022-01-09,46,28528,602,Self-Employed,Bachelor,27,12549,24,Single,0,Own,130,0.4611408906227506,3,1,0,Debt Consolidation,0,94,6,1358,779,37036,59144,2377.3333333333335,0.6696651859114642,1,5186,0.16435936898613998,0.1582100973746551,613.3653845162726,0.054660126138752624,0.3125572744987831,1,1.8908185493829972
2022-01-09,41,5836,588,Unemployed,Bachelor,22,17120,60,Married,0,Rent,244,0.5803589715892977,5,0,0,Auto,0,95,9,1251,659,38720,31510,486.3333333333333,0.7802031966527326,5,7210,0.1834370152648012,0.2108739217730701,463.9955418895692,0.5006839945280438,1.4527952295955595,0,4.92729275429885
2022-01-10,28,59597,591,Employed,Bachelor,8,7900,48,Married,1,Rent,374,0.15052345035354212,2,1,0,Debt Consolidation,0,92,6,6276,9101,23827,13326,4966.416666666667,0.8231250654050042,9,10501,0.17774368615318067,0.1628822066581602,225.0560751898675,0.07529064403026388,0.12059710617991258,1,1.4957032764997469
2022-01-11,54,52479,634,Employed,Bachelor,33,9137,24,Married,0,Rent,469,0.2705106988990563,1,1,0,Other,0,99,11,3473,1190,99182,21684,4373.25,0.7118719078905912,2,77498,0.1482800492055308,0.16119732000739756,447.8988360618888,0.10721838029376464,0.20961281043879265,1,1.4182579091864933
2022-01-14,38,57764,501,Employed,High School,12,12252,60,Divorced,3,Rent,525,0.19814957611675857,4,1,0,Debt Consolidation,0,94,6,920,336,10706,130805,4813.666666666667,0.895138018088122,3,8396,0.22685338152098733,0.2173302333161307,336.5297531232707,0.10904181667128218,0.17893860837509082,1,2.3136215261384776
2022-01-16,39,48954,607,Employed,High School,18,79842,240,Married,3,Mortgage,652,0.4470754290101499,0,3,0,Home,1,98,3,208,1004,65807,20685,4079.5,0.6572632704074315,3,45122,0.23432195437135742,0.25,1675.2578172072476,0.15978434015439286,0.570336433576093,1,3.838318588161093
2022-01-16,28,52399,582,Employed,Bachelor,5,32013,36,Divorced,1,Rent,202,0.12023134929378987,3,2,0,Education,0,98,21,2473,1280,68386,56739,4366.583333333333,0.7996846540444009,4,11647,0.17859348214652668,0.1774398526859677,1153.239374920616,0.04624983305031387,0.3102950239271793,1,1.6949736397825212
2022-01-18,34,31615,553,Employed,High School,11,42821,180,Married,3,Mortgage,353,0.2784241554732437,3,2,0,Education,0,94,29,967,2155,20279,29406,2634.5833333333335,0.8444562744393028,8,7724,0.24116620181704976,0.25,914.4548386383351,0.13393619375849747,0.48090106755809975,0,2.9315007341675052
2022-01-19,29,48510,460,Employed,High School,6,12104,36,Single,1,Rent,345,0.10529825003162019,2,0,0,Debt Consolidation,0,97,23,716,765,97081,87204,4042.5,0.7363485874951087,5,9877,0.23935034346734305,0.25,481.25293270879797,0.08532212192407568,0.20434102453537725,1,2.5535541158919575
2022-01-20,37,25487,588,Employed,Bachelor,15,22083,60,Single,0,Mortgage,149,0.2921338698494888,4,1,0,Auto,0,100,18,3044,325,40172,19349,2123.9166666666665,0.5398860021428157,4,20823,0.18350065216085099,0.17705292210794202,557.2287219955598,0.07012039687830895,0.3323559615650307,1,2.081774350423184
2022-01-21,60,124158,655,Employed,High School,40,21623,24,Married,2,Own,493,0.37066117881313365,6,3,0,Auto,0,95,14,1340,605,61640,63439,10346.5,0.8647592368883674,6,2755,0.13799538977198908,0.11976489742090547,1017.6323043843503,0.047644358540710315,0.14599007532102928,1,0.1798246343853641
2022-01-21,23,25137,571,Employed,Bachelor,0,25797,84,Divorced,2,Own,240,0.14269366228273808,2,3,0,Education,0,100,6,2431,834,54929,16285,2094.75,0.5953470011043663,8,38644,0.20003951306213127,0.24447222635633123,643.874699381066,0.11451747584396994,0.42174624806444755,0,3.1473129170602747
2022-01-23,20,103951,576,Employed,Bachelor,0,36394,84,Single,0,Mortgage,463,0.08162304249242361,4,0,0,Education,0,97,2,1324,56786,58110,28332,8662.583333333334,0.9419037012569947,8,29778,0.1976255466703881,0.20308139116419746,814.9384764247083,0.053442089974317784,0.14750691801021998,1,1.2644690121352533
2022-01-23,57,58477,620,Employed,Doctorate,38,20889,12,Divorced,1,Other,535,0.2409659282778756,2,0,0,Debt Consolidation,0,97,25,3489,898,44742,6863,4873.083333333333,0.9515661218183186,4,37879,0.15148675646363768,0.1358160452396648,1871.4533051262117,0.10976422917129718,0.49372428425027853,1,1.315934830790673
2022-01-25,37,53528,626,Employed,Associate,17,242402,180,Married,0,Own,991,0.25238056634013234,5,0,0,Home,0,96,10,7108,1614,103236,8469,4460.666666666667,0.8941840531282942,8,94767,0.2050995892273346,0.18657560705837894,4018.909480603516,0.22211430706014193,1.1228784790295514,0,2.541051642719024
2022-01-26,31,23848,535,Employed,High School,9,27993,60,Single,1,Own,274,0.2919026898370802,1,1,0,Education,1,99,28,887,264,182095,23121,1987.3333333333333,0.9204310502607976,5,158974,0.21005993637012013,0.20968962087986953,756.8160358754658,0.13780385582564963,0.5184322058049283,0,4.470050420282448
2022-01-28,52,30838,619,Employed,Bachelor,31,114714,300,Married,1,Other,436,0.023490349693693024,2,1,0,Home,0,96,19,8721,164,134318,20045,2569.8333333333335,0.7497301931558703,2,114273,0.2484125515176261,0.25,2394.804663773795,0.16959481361426254,1.101123370025463,0,3.7386244711478778
2022-01-31,32,18307,523,Employed,Master,8,14896,60,Married,2,Own,112,0.27617635067849233,4,1,0,Auto,0,98,23,6503,542,164855,4429,1525.5833333333333,0.7953660612829718,7,160426,0.21590222878234488,0.22018260743295093,411.5659857567988,0.07336645013374093,0.34296587308704546,1,2.173473166429767
2022-02-01,61,37462,675,Employed,Doctorate,40,20687,24,Single,0,Rent,387,0.12477290313262109,3,2,0,Debt Consolidation,0,99,7,2478,739,13461,28660,3121.8333333333335,0.6652406918963811,2,3408,0.1279843272752529,0.13395433205099264,987.3444192088294,0.12392592197256765,0.44009534692069047,1,1.8757161974357697
2022-02-02,48,37557,574,Employed,Associate,21,87673,360,Married,0,Other,149,0.33717972734039436,0,0,0,Home,0,100,5,3368,66,26008,26286,3129.75,0.8539205602520576,7,1237,0.2908453451672959,0.25,1827.6126275639328,0.047592429928930764,0.6313543488186323,0,2.7302901762042517
2022-02-02,34,44764,468,Employed,Associate,9,14924,60,Married,1,Mortgage,281,0.37333148907152847,3,2,0,Auto,0,98,15,6748,4299,21604,8943,3730.3333333333335,0.8865669189339025,7,12661,0.2434026982345652,0.25,438.0391500706818,0.07530820082186886,0.19270300609362562,1,1.9852820094272523
2022-02-03,65,20521,686,Unemployed,Master,42,8832,12,Married,3,Rent,385,0.6500631156433501,2,0,0,Debt Consolidation,0,99,10,1846,597,19300,61460,1710.0833333333333,0.9477221286668235,6,4204,0.11827156249668629,0.11981631728553942,784.6366116537097,0.22500365265669897,0.6835649607872457,1,2.531286385608932
2022-02-03,32,29830,593,Employed,High School,7,14194,24,Single,1,Other,155,0.03274153897147356,4,1,1,Debt Consolidation,1,97,28,2410,616,39585,23400,2485.8333333333335,0.6337355171032929,7,16185,0.16889016126722678,0.1754710464129724,705.5205441600287,0.06232826218081897,0.34603064573153086,1,5.609011557396524
2022-02-10,48,36441,614,Employed,Bachelor,23,243357,240,Divorced,1,Mortgage,448,0.16332281762048934,1,0,0,Home,0,95,2,1126,458,17775,8490,3036.75,0.7615170177882071,10,9285,0.23110057222229546,0.21677018215580227,4456.715516963871,0.14747757386223356,1.6145882699247374,0,4.5899256062115
2022-02-11,43,19427,510,Employed,Associate,22,41154,60,Single,1,Own,268,0.30781663919262126,3,1,0,Education,0,97,21,187,559,42986,48392,1618.9166666666667,0.8854180303970328,4,10366,0.2226562751763517,0.22575003916946465,1150.1238951768742,0.16544060908482947,0.8754301528948243,1,4.310272727645569
2022-02-12,55,9312,627,Unemployed,High School,34,60483,300,Single,3,Mortgage,276,0.3548923412804776,4,0,0,Home,0,98,2,222,516,31667,3182,776.0,0.7645750665992779,3,28485,0.24425253353655815,0.19020709248140855,967.3335105319763,0.3552123552123552,1.6001718282264819,0,4.079813469697065
2022-02-12,58,133751,646,Employed,Associate,35,236336,360,Married,1,Mortgage,501,0.18225792627830245,1,2,0,Home,0,98,19,75604,3836,220504,4276,11145.916666666666,0.9582021985919362,5,216228,0.25509325350788387,0.25,4926.60976524072,0.044945164208338634,0.4869157927295937,1,1.3891069804508582
2022-02-13,40,11316,435,Unemployed,High School,16,17240,60,Divorced,0,Mortgage,209,0.32694782202288825,1,2,0,Auto,0,100,8,1234,957,51195,5515,943.0,0.8801066738873012,6,45680,0.25993876138679395,0.23521740436514177,491.18548581824984,0.22139830508474576,0.7417219129430612,0,3.8025084889971135
2022-02-13,30,65865,566,Self-Employed,Bachelor,7,127515,300,Married,0,Other,430,0.17072980197736448,6,1,0,Home,0,97,6,2688,4618,332883,28504,5488.75,0.8394426481006778,4,304379,0.27493899928147586,0.25,2662.0422677364177,0.07832779270458581,0.5632391762350595,0,2.291391903077406
2022-02-16,45,96832,564,Employed,Master,26,3793,24,Married,0,Own,1178,0.13494949665984307,3,2,0,Other,0,92,26,17876,13814,279289,41523,8069.333333333333,0.9342561234103175,2,237766,0.18306029403762372,0.191747398718128,191.52205639320647,0.14596670934699105,0.1696983259336508,1,0.7331490962401028
2022-02-16,31,97658,587,Employed,High School,10,186508,240,Widowed,1,Mortgage,301,0.14941283279885095,2,1,1,Home,1,90,12,2408,812,48657,9514,8138.166666666667,0.8339017999979128,8,39143,0.24453405869356856,0.25,3913.3411609389714,0.03698167298044435,0.5177853376806354,0,5.688256232304116
2022-02-17,64,10040,578,Unemployed,Master,42,6379,48,Married,0,Rent,193,0.2630356936146511,6,2,0,Debt Consolidation,0,97,26,1602,185,53955,32497,836.6666666666666,0.719830481989268,5,21458,0.1841902308440847,0.18861019123299239,190.26534391579108,0.23040191006764824,0.45753920881312105,1,2.1649681666483103
2022-02-18,41,75579,558,Employed,High School,19,17129,36,Single,0,Rent,597,0.22021874726058477,2,0,1,Debt Consolidation,0,100,16,4261,2082,129919,87779,6298.25,0.5970344343195357,7,42140,0.19043714664782954,0.1749621690729392,614.9341083292046,0.0947731872842005,0.1923933973614644,1,2.845476883990351
2022-02-19,35,33722,439,Employed,Bachelor,9,9865,48,Married,2,Mortgage,88,0.31049398089431646,1,1,0,Other,0,96,29,2788,297,13871,12325,2810.1666666666665,0.9320578472117712,7,1546,0.2537992124454484,0.25,327.0950698624221,0.031303729175312746,0.14765935964750893,1,3.119158499562349
2022-02-20,42,19927,569,Employed,High School,22,10882,24,Married,1,Mortgage,103,0.5398314383207741,1,3,0,Auto,0,100,16,742,206,135468,5487,1660.5833333333333,0.48540638962961613,4,129981,0.18082373930442402,0.20466891389358544,556.3333012569085,0.06198906665329255,0.3968102520228147,1,2.8076936415900215
2022-02-20,23,31537,597,Employed,Master,0,10658,36,Single,2,Mortgage,89,0.6789703702159645,3,1,0,Debt Consolidation,0,97,15,627,973,273992,230360,2628.0833333333335,0.9277436828707067,5,43632,0.1708185399711723,0.15128191548961364,370.13248794094494,0.03385210307775206,0.1746359585182205,1,2.1198145704837006
2022-02-21,28,32093,568,Employed,Bachelor,3,4543,12,Married,1,Mortgage,157,0.28030248800973484,3,1,0,Other,0,100,10,735,1516,26492,27535,2674.4166666666665,0.7691826900233797,3,6545,0.17710539074010023,0.1659676909275948,413.47433569218276,0.05868244821678867,0.21322822078511738,1,1.4998093866482316
2022-02-23,54,55866,530,Employed,Bachelor,27,173248,360,Married,5,Mortgage,519,0.07077984808037131,2,1,0,Home,0,96,4,1331,3842,66566,6652,4655.5,0.735534951073778,5,59914,0.31301562128625743,0.25,3611.4907953440197,0.11145710297433695,0.8870376453009814,0,2.9762301993664
2022-03-02,32,172354,502,Employed,Master,10,39408,36,Single,4,Rent,1112,0.6699914551682254,4,0,0,Auto,0,100,8,8916,2713,33978,13205,14362.833333333334,0.6575552528264862,4,20773,0.21864543737389916,0.25,1566.8552191166814,0.07741665989812375,0.18650002105635785,1,1.2971538612132247
2022-03-02,27,49272,561,Employed,Bachelor,4,135995,240,Single,3,Mortgage,378,0.07455700361801924,4,1,0,Home,0,95,26,542,1503,163275,1787,4106.0,0.7654514475810763,3,161488,0.25745509518813026,0.25,2853.4691872836306,0.09203798392987582,0.7868198654208987,0,2.624307005677627
2022-03-05,46,137191,656,Employed,Doctorate,22,56791,180,Married,4,Rent,576,0.547149870406172,2,0,0,Education,0,100,9,2056,3357,323627,7623,11432.583333333334,0.8548422434891596,4,316004,0.1897367876874298,0.20177271657842835,1004.8640770105051,0.05037790718861832,0.13826497178724997,1,0.9678247793423143
2022-03-06,54,44381,621,Self-Employed,Bachelor,31,27652,84,Divorced,0,Rent,548,0.728221312108876,4,0,0,Education,0,98,21,2652,867,15879,25244,3698.4166666666665,0.7162915481281678,4,6349,0.1750568723750402,0.18847112006946407,594.995429861447,0.14813146216745884,0.3089663946644148,1,2.158355327096584
2022-03-06,48,52854,593,Employed,Master,26,158723,360,Single,3,Mortgage,369,0.10987082528058138,3,1,0,Home,0,98,17,2427,448,65455,29113,4404.5,0.7490726017519247,5,36342,0.2814937305309535,0.25,3308.7057484611014,0.08375893769152196,0.8347987171628877,1,2.083915333389282
2022-03-07,51,23396,619,Employed,Bachelor,28,11379,36,Married,1,Mortgage,168,0.5661692452981504,3,2,0,Debt Consolidation,0,98,6,1476,174,86087,3920,1949.6666666666667,0.9196737598803443,7,82167,0.15983490317692012,0.1833355103391357,413.2846099056032,0.08612440191387559,0.29799279386821764,1,1.2036686471215552
2022-03-07,30,22379,533,Employed,High School,12,126956,360,Married,2,Mortgage,258,0.3659477173335844,3,1,0,Home,0,100,25,1116,836,120998,34303,1864.9166666666667,0.778613248198319,6,86695,0.31143790093135787,0.25,2646.4976531544107,0.13826984056093966,1.5566063077956735,0,5.897105492441744
2022-03-08,22,52026,569,Employed,Bachelor,0,11547,24,Married,1,Other,223,0.07561727319495233,2,1,0,Debt Consolidation,0,96,22,33712,434,34146,14768,4335.5,0.9133214276016001,3,19378,0.18083856688519573,0.17419979494943724,573.242727120313,0.05142395941427418,0.18361414207778462,1,1.5756599103069835
2022-03-09,58,6307,451,Unemployed,High School,35,84456,180,Widowed,0,Rent,180,0.24142733998575752,1,0,0,Home,0,97,16,1015,55,35526,31051,525.5833333333334,0.653402770636721,5,4475,0.2923359994520211,0.25,1803.5823042908673,0.34182623832884945,3.0,0,8.435794195384256
2022-03-09,36,96306,543,Employed,Bachelor,14,28719,24,Married,4,Rent,840,0.2480028538003163,0,1,0,Debt Consolidation,0,100,22,3440,1791,274263,91864,8025.5,0.7665689555548953,0,182399,0.19406633725579053,0.18879608232066922,1446.005786444818,0.10465333582507942,0.2848072991272433,1,1.8598447777571583
2022-03-09,36,41192,562,Employed,Associate,9,138717,240,Married,0,Mortgage,221,0.7487314698325296,4,3,0,Home,0,98,21,2378,3389,12657,48008,3432.6666666666665,0.9501391632357237,7,5553,0.2569600495935947,0.21494791565749904,2520.3042992025494,0.06436268323463741,0.7983606346575719,0,2.1099481295599003
2022-03-10,55,50987,506,Self-Employed,Bachelor,34,269021,360,Widowed,3,Mortgage,499,0.45033982060398736,4,1,0,Home,0,100,7,7379,59,67987,21824,4248.916666666667,0.8217374020931641,7,46163,0.32512563710990655,0.25,5607.954292426138,0.11741406694248906,1.436958597406099,0,3.743676491807336
2022-03-11,46,167029,567,Self-Employed,High School,24,25561,36,Single,2,Own,1280,0.12173985917216099,4,1,0,Debt Consolidation,0,96,29,8295,2403,35383,15428,13919.083333333334,0.8349454567697393,6,19955,0.1860372155381729,0.18697793235883972,933.0635395678241,0.09195347250076329,0.1589834979125717,1,1.8383132384878396
2022-03-13,45,40428,589,Employed,High School,19,142414,300,Single,1,Rent,271,0.35347923862759417,2,0,0,Home,0,95,20,4184,1524,42477,8793,3369.0,0.6397341799413638,6,33684,0.2634666251523728,0.25,2973.07836346637,0.08041543026706231,0.9626345292185073,0,2.830012926575469
2022-03-14,65,131345,548,Employed,Associate,44,36871,120,Married,1,Rent,868,0.0834425356163945,4,1,0,Education,0,99,4,10186,407,337624,5769,10945.416666666666,0.9589988145494153,6,331855,0.22362880193360007,0.2312321002994679,790.5056182166593,0.079295355405498,0.15151128161118108,1,2.0329059758877865
2022-03-14,32,42415,518,Employed,Doctorate,11,14138,24,Married,0,Mortgage,389,0.17701646418416875,2,1,0,Other,0,97,4,1655,657,61878,9369,3534.5833333333335,0.9708820211347592,9,52509,0.20638917305389798,0.2110495867735004,727.2194008119761,0.110024276993424,0.31571010935827926,1,2.579291274917088
2022-03-15,51,83706,621,Employed,Associate,29,246419,360,Single,4,Mortgage,876,0.28894557518957953,4,0,0,Home,0,96,9,4881,514,263184,47656,6975.5,0.9471839838099616,6,215528,0.26760369816904467,0.25,5136.7978291113195,0.1255643947538164,0.8618645207641825,0,2.6098289545834072
2022-03-15,40,81169,502,Employed,Associate,16,14542,48,Married,4,Rent,591,0.038628155618823726,3,1,0,Debt Consolidation,1,91,14,20960,569,244681,16968,6764.083333333333,0.6584311004146538,8,227713,0.2223962162642944,0.22462443678338753,461.82005631146234,0.08736034293738683,0.15562558573727286,1,3.4530130745605394
2022-03-15,43,58361,524,Employed,Bachelor,20,214831,300,Married,2,Own,721,0.16939066215379922,3,1,0,Home,0,91,10,3884,749,181655,4014,4863.416666666667,0.6749530752715159,1,177641,0.2960694029015782,0.25,4484.877876485765,0.14821921093656312,1.0701957157903341,0,4.49876159129092
2022-03-16,58,18010,610,Employed,Bachelor,38,163594,180,Divorced,3,Rent,224,0.31057509126688015,3,0,0,Home,0,91,19,350,112,14199,11997,1500.8333333333333,0.8745061372884612,9,2202,0.21300128728508413,0.23615741478929447,3318.923323499278,0.14915103762068582,2.3590655799573486,0,6.509742263253568
2022-03-16,46,39279,619,Employed,High School,25,184891,240,Single,0,Own,113,0.4175560330324854,3,0,0,Home,1,98,26,1489,225,59214,73351,3273.25,0.9413272265299177,5,7771,0.22853188178745218,0.2213640462774612,3453.6438932502388,0.034511720241276626,1.0893010287089375,0,4.861098803203458
2022-03-20,46,117946,613,Employed,Associate,25,21277,36,Married,1,Rent,412,0.05524323598224588,2,2,0,Other,0,93,3,743,2134,193197,15611,9828.833333333334,0.7530844049727013,7,177586,0.16299135723851907,0.18885597404629414,778.6999909049825,0.04191322335068414,0.12113124918072356,1,1.4524143700900598
2022-03-21,52,72491,596,Self-Employed,High School,30,142083,300,Single,1,Rent,924,0.34240238963849345,3,1,0,Home,0,91,11,4340,12907,204486,5187,6040.916666666667,0.9531996139400457,5,199299,0.2599660434277457,0.24230058564526183,2876.0487263824984,0.15293160283022772,0.6289475568816459,0,2.2550753876241743
2022-03-21,35,70838,553,Employed,Doctorate,12,24528,24,Married,2,Rent,442,0.39788504114048695,4,1,0,Debt Consolidation,0,94,19,13730,2901,69659,30108,5903.166666666667,0.885493802141037,10,39551,0.18902690284250326,0.18783782528332915,1233.8474376391805,0.07486238532110091,0.28384148555638905,1,2.540367304859119
2022-03-21,29,2389,527,Unemployed,High School,6,9819,12,Married,0,Rent,175,0.4105269716463026,2,1,0,Other,0,91,3,233,903,77308,26023,199.08333333333334,0.9114305869840436,8,51285,0.19779804410033713,0.19587430083183804,907.6405210890906,0.8746355685131195,3.0,0,8.07589098795424
2022-03-21,27,3423,498,Unemployed,Associate,8,21859,60,Divorced,2,Mortgage,285,0.1280444710951406,4,2,0,Auto,0,95,13,1038,730,23017,11232,285.25,0.8077318909793179,5,11785,0.22849810344043262,0.21905096730989135,602.5429021145765,0.9956331877729258,3.0,0,7.478679924916927
2022-03-24,18,44056,566,Employed,High School,0,24997,60,Single,2,Rent,310,0.23070239208440646,3,1,0,Education,0,95,12,6159,421,6580,30376,3671.3333333333335,0.667909980407433,7,5505,0.19453163777516252,0.18584001061368005,642.727622990412,0.08441499500771535,0.2594338630272521,0,1.572997001232598
2022-03-25,64,57585,543,Employed,High School,41,14527,48,Married,0,Mortgage,414,0.14273694241046392,1,2,0,Debt Consolidation,0,98,13,8949,1508,27390,29374,4798.75,0.6990006331704773,7,8889,0.20189595827521029,0.1846882327805065,430.29768527168426,0.08625449242148028,0.17590451279164213,1,1.7651231693492584
2022-03-25,26,94983,526,Employed,Bachelor,1,21594,60,Single,0,Other,434,0.17411231374585187,1,1,0,Auto,0,97,24,17826,5466,342585,23269,7915.25,0.6502502047071353,6,319316,0.21449505427134868,0.25,633.8124769918456,0.05482393810200537,0.13488867544504604,1,1.8119010664355581
2022-03-30,37,33728,502,Employed,High School,14,102674,360,Married,0,Rent,286,0.17934241827216818,5,1,0,Home,0,95,25,271,1482,17808,82449,2810.6666666666665,0.9178179427194549,1,7017,0.32688483098470617,0.25,2140.32026875434,0.1017190278601067,0.8629473392131618,1,4.346327053120887
2022-03-30,36,53650,463,Employed,High School,11,20426,36,Divorced,3,Own,508,0.16727907730042962,1,3,0,Auto,0,98,29,4639,1251,79601,28647,4470.833333333333,0.4769610020014441,7,50954,0.23798115320853777,0.25,812.1342038590471,0.11359994036748539,0.2952109583375306,1,2.8660726695361145
2022-03-31,43,47507,627,Employed,Associate,20,17007,60,Divorced,1,Rent,251,0.24760210870404736,3,0,0,Debt Consolidation,0,93,24,550,1534,127331,20586,3958.9166666666665,0.40730359457816034,1,106745,0.16393535977514545,0.20560511456450842,455.9019559605314,0.06338517224689072,0.17851435155467027,1,1.4684410777608616
2022-03-31,49,3557,594,Unemployed,High School,24,7980,36,Married,0,Own,101,0.5840596456027869,3,3,0,Debt Consolidation,0,95,20,329,3861,31555,25111,296.4166666666667,0.7777852055830906,3,6444,0.172246204748969,0.1801113283468164,288.54068485299985,0.33959092182684225,1.3097473292899966,0,4.547426950428207
2022-04-01,50,15000,553,Employed,High School,26,78729,120,Divorced,3,Rent,599,0.3288506714597809,0,1,0,Home,0,94,10,2032,761,39471,27439,1250.0,0.5271753943156755,7,12032,0.22131844488904462,0.21734225366935944,1613.0812529736972,0.4788169464428457,1.768250402057312,0,5.920923357624867
2022-04-02,33,66045,629,Employed,Master,11,242673,180,Single,0,Mortgage,445,0.3864589670709672,1,1,1,Home,0,96,23,4037,925,41704,33315,5503.75,0.954846995146472,7,8389,0.20359986856445858,0.20605909714362164,4371.080985421131,0.08083927517144285,0.8748954966930617,1,4.380772032784037
2022-04-03,37,47417,504,Employed,Bachelor,10,5657,36,Single,1,Mortgage,237,0.4106786844092295,2,0,0,Other,0,90,20,5116,845,58376,20720,3951.4166666666665,0.8042746920465752,7,37656,0.21716020643796538,0.2410722010383328,222.25884146218783,0.05996331358451581,0.11619697015636539,1,2.868505861379578
2022-04-03,43,49631,604,Employed,Master,19,173096,180,Divorced,2,Rent,499,0.14615607164292788,1,1,0,Home,0,100,10,1022,332,103038,96934,4135.916666666667,0.9534363407117109,3,6104,0.2160154018524979,0.16074749878679045,2551.2891782379115,0.12062123562234352,0.7373339673036468,1,1.8891194352307459
2022-04-03,37,20169,627,Self-Employed,Master,13,23544,36,Single,2,Mortgage,157,0.32378808650794405,0,0,0,Debt Consolidation,0,98,1,4594,4048,106544,7999,1680.75,0.7566672222627918,6,98545,0.15601666719066945,0.17145815032815503,841.1173949722436,0.0933551360190278,0.5934992686024936,1,3.2695565623989395
2022-04-04,59,68785,590,Employed,Bachelor,39,495447,240,Single,2,Own,282,0.1700073605636897,1,1,0,Home,0,98,23,7145,6566,21752,50704,5732.083333333333,0.6612310331264815,5,3803,0.24327830442068615,0.25,10395.549457201463,0.04918819134555286,1.862444488661098,0,4.340803394040022
2022-04-05,45,35440,585,Employed,High School,25,11271,36,Married,0,Rent,318,0.40787307450806576,1,0,0,Debt Consolidation,0,90,3,4501,739,235512,13214,2953.3333333333335,0.8274218053359231,6,222298,0.17683251926339463,0.1534034247966668,392.5940367886328,0.10763849712287035,0.2405260194478053,0,2.1903361231529965
2022-04-12,48,66441,616,Employed,Bachelor,25,20258,24,Married,0,Mortgage,306,0.4317702022709356,3,0,0,Other,0,97,14,1177,11294,55601,22674,5536.75,0.8829151391165889,4,32927,0.15747908860456075,0.142827726525487,975.3533579511366,0.05525709900230238,0.23138519397790377,1,1.4731663518104445
2022-04-13,47,193936,545,Employed,Master,24,269737,300,Single,2,Own,2218,0.2403980820291878,1,0,0,Home,0,96,21,28854,6191,35045,69198,16161.333333333334,0.7383051819763171,4,2087,0.285626301599124,0.25,5631.112380287951,0.13723266030069914,0.48564227815422384,1,2.3294277733833
2022-04-13,54,16552,651,Employed,Bachelor,33,98044,360,Divorced,0,Mortgage,206,0.4229682411624697,4,0,0,Home,0,100,16,651,213,18676,41088,1379.3333333333333,0.8618495022908773,4,2733,0.2523732954589834,0.24987498763102606,2042.7867689148295,0.14923931417532,1.6291621122300144,0,4.223337802886029
2022-04-13,42,35440,577,Employed,Bachelor,19,18586,72,Married,3,Other,217,0.45949137252404315,6,1,0,Auto,0,96,19,1003,1684,42432,24014,2953.3333333333335,0.850758998121659,5,18418,0.19295755442265208,0.2030844674346837,448.51650116712125,0.0734514272819587,0.22526791193742116,1,2.727344447465714
2022-04-14,24,30843,504,Employed,High School,0,121924,120,Married,1,Mortgage,230,0.19579728923104503,3,0,0,Home,0,95,1,3008,882,29233,20095,2570.25,0.832307213383987,5,9138,0.24592779034514456,0.24512867410845615,2731.9212703692715,0.08945065629557608,1.1519382675232948,1,3.476084573351036
2022-04-15,44,19774,597,Unemployed,Master,20,24920,48,Single,1,Own,253,0.5714871301747297,3,1,0,Auto,0,96,9,1849,877,19151,6992,1647.8333333333333,0.586052303808606,7,12159,0.17503086652512678,0.20006672143603885,758.4132201012359,0.15344182755483676,0.613411434408917,0,2.8326104074794407
2022-04-15,32,18486,567,Self-Employed,Bachelor,12,22840,24,Married,0,Mortgage,177,0.16372905021019318,3,2,0,Debt Consolidation,0,100,2,413,90,52773,84235,1540.5,0.6577299338476421,8,5058,0.18200907811141215,0.1983723526553111,1160.6448493122532,0.11482322413233863,0.8677553352658146,0,3.0609963308123267
2022-04-16,33,178830,592,Employed,Doctorate,11,214299,180,Married,3,Rent,2914,0.4360656263424438,3,0,0,Home,0,92,18,69906,1463,223711,24846,14902.5,0.5127373443555564,1,198865,0.22206878304536543,0.2408893020845378,4425.528643390047,0.1955245412151508,0.4924701340886401,1,1.582507504159864
2022-04-16,47,53790,601,Employed,High School,26,13976,24,Divorced,2,Other,670,0.46432867028909336,4,2,0,Auto,0,91,6,17229,4575,106772,36294,4482.5,0.7474547244008813,5,70478,0.16488629210012123,0.16405726233635495,687.0209103662517,0.14943682390989182,0.3026699922752875,1,2.18778514356392
2022-04-16,54,46774,583,Employed,High School,32,13631,24,Widowed,1,Other,421,0.24388361181390503,5,1,1,Debt Consolidation,0,90,17,4470,4882,23537,85766,3897.8333333333335,0.6082096047525629,5,1084,0.1738800438122673,0.15666055327430944,665.2432183343805,0.10798101996323686,0.27860724618502464,0,4.583429527515441
2022-04-20,40,39953,536,Employed,High School,18,17830,60,Married,2,Own,176,0.25409856690342564,6,0,0,Education,0,100,8,3206,3158,351994,16234,3329.4166666666665,0.5861312222299984,5,335760,0.2094471734486335,0.20847599078425266,480.8341087809218,0.05284624046040286,0.19722280258653974,0,1.8628552796909068
2022-04-21,43,42613,566,Employed,Bachelor,21,15154,48,Widowed,1,Other,279,0.17527482905387873,8,0,0,Auto,0,99,20,3092,7523,139239,7184,3551.0833333333335,0.7906360838773646,5,132055,0.19040652144737297,0.2280590425433676,484.09790835204944,0.07854545454545454,0.21483108270321627,1,2.0414919097891664
2022-04-21,60,103786,649,Employed,High School,40,12026,24,Single,1,Own,931,0.18572170635250096,6,2,0,Debt Consolidation,0,93,3,1149,3549,21131,11003,8648.833333333334,0.8355324186529663,5,10128,0.14084872735032766,0.10108861165812112,555.5433218557413,0.10763213164030135,0.17185803061975083,1,0.7731820980340116
2022-04-22,42,23614,550,Employed,High School,20,8270,60,Single,1,Rent,110,0.5105135086803332,3,2,0,Debt Consolidation,0,92,21,1379,752,22859,7036,1967.8333333333333,0.8414750304653974,2,15823,0.20225512767492296,0.2188269924618706,227.8571902152932,0.05587065097773639,0.17160273777124857,1,2.1083568265672943
2022-04-22,71,97191,515,Employed,Doctorate,50,36749,36,Married,1,Rent,1310,0.0957002272435376,2,1,0,Education,1,99,24,5603,748,53773,121482,8099.25,0.8697898576013504,6,9574,0.21212797337616027,0.20914108574570336,1382.900950244477,0.16172340359865436,0.33244664673861635,1,2.7378300828577955
2022-04-22,46,41302,575,Employed,High School,28,186466,180,Single,1,Rent,179,0.4805805214946588,4,0,0,Home,0,92,1,1211,443,96717,13864,3441.8333333333335,0.6927856865154145,6,82853,0.23053400238967747,0.25,3982.0353551186518,0.05199206080263349,1.208607839023668,0,3.6297655670491547
2022-04-22,18,27896,488,Employed,Master,0,155469,180,Single,0,Mortgage,143,0.5799562485038742,2,1,0,Home,0,96,21,1068,73,178486,3344,2324.6666666666665,0.31871345047410604,3,175142,0.273988552016486,0.25,3320.08545592731,0.061487745449333525,1.4890721467366963,0,6.116889749705056
2022-04-24,49,213746,561,Employed,Associate,24,13749,24,Divorced,0,Rent,761,0.6453256373121065,2,0,0,Debt Consolidation,0,95,25,826,2385,13553,5403,17812.166666666668,0.9121306322429555,3,8150,0.18488219852577367,0.21774534254003897,711.7428396495135,0.04272120809513562,0.08267720541824942,1,2.052402079490248
2022-04-25,44,65278,623,Employed,Master,22,9597,36,Married,0,Mortgage,668,0.08303851230387528,3,5,0,Debt Consolidation,0,100,18,1137,159,58110,176384,5439.833333333333,0.6752533176445166,4,7317,0.15779232750560457,0.15886272744019678,336.86344715616076,0.12277531015469445,0.18468925357442073,1,0.5538107702199616
2022-04-27,55,88861,602,Self-Employed,Bachelor,32,14673,24,Single,0,Other,419,0.09623729119891289,2,0,0,Debt Consolidation,0,96,8,11658,5028,75723,29207,7405.083333333333,0.7062182457060663,2,46516,0.1643984581248185,0.13881085750765992,703.6690355935492,0.05657511280141325,0.15158741605574913,1,1.2163678266111748
2022-04-27,48,97427,544,Employed,Master,28,170973,300,Married,3,Mortgage,279,0.2000067859867017,3,0,0,Home,0,100,2,28716,2758,78756,53882,8118.916666666667,0.6164704761019104,5,24874,0.28601231669428523,0.25,3569.28481074147,0.03435995853816234,0.47393156465991687,1,2.3331582433165674
2022-04-30,38,23577,587,Employed,Master,12,23068,60,Divorced,2,Rent,286,0.4126724912034078,6,0,0,Education,0,98,23,479,59,35931,6099,1964.75,0.8294794714024217,7,29832,0.18401156125097276,0.19820953764596425,608.8650543208414,0.1454915426681928,0.4552283120034803,1,3.107310545742398
2022-05-01,25,102785,520,Employed,High School,0,18705,24,Divorced,4,Mortgage,581,0.34461765323223154,2,0,0,Debt Consolidation,0,95,9,6440,1632,81207,64506,8565.416666666666,0.9556666037896988,5,16701,0.20545914990174863,0.1876745511149626,940.7812017836437,0.06782299094331547,0.17764501319497383,1,1.9214982271471972
2022-05-03,37,15000,495,Employed,High School,14,17478,36,Married,1,Mortgage,94,0.10377847644598269,3,2,0,Auto,0,95,21,2682,2353,117184,6150,1250.0,0.6353167911319405,5,111034,0.22194218885983377,0.2137406085900132,661.846368984071,0.07513988808952837,0.6041937401951007,1,3.2501190015915133
2022-05-05,29,22212,565,Employed,High School,4,165076,360,Married,1,Mortgage,110,0.12573719604005917,3,1,0,Home,0,97,11,689,376,11522,17256,1851.0,0.5643375485315902,7,6711,0.2955035418276736,0.24580288698131375,3383.6331866213977,0.05939524838012959,1.8864110078949232,0,5.408424440067495
2022-05-05,33,35655,531,Employed,Bachelor,10,26222,36,Married,2,Own,594,0.6215268606704598,1,1,0,Education,0,97,16,3659,252,58822,29575,2971.25,0.8707247284995053,3,29247,0.20404359804181216,0.22472595298189255,1007.8523853153105,0.19984859954579864,0.5389359526672758,1,2.6734691796393384
2022-05-05,47,99266,622,Self-Employed,Master,27,20363,36,Married,2,Mortgage,504,0.02109680584802756,1,2,0,Debt Consolidation,0,95,9,5008,319,7193,22463,8272.166666666666,0.9323611573336479,4,7130,0.15848038097875558,0.1637207586594951,719.6488595743391,0.06091984125385282,0.147905742610569,1,1.14201110178271
2022-05-06,60,71551,615,Employed,Associate,38,118597,180,Married,1,Mortgage,475,0.3147569128407701,4,2,0,Home,0,98,17,12280,237,13741,26728,5962.583333333333,0.804106622585416,4,6688,0.21042087372549928,0.2209079701979186,2268.3070804768454,0.07965009851459554,0.4600098509805646,0,1.912775408559615
2022-05-06,44,46686,551,Self-Employed,Bachelor,21,13599,84,Married,2,Mortgage,263,0.03064071238054875,1,2,0,Education,0,97,15,675,1531,14427,10059,3890.5,0.8072718743559671,6,4368,0.20987945626793103,0.23049066858285658,327.43491094268984,0.0675831941410767,0.15172424796163173,1,2.4506440016668165
2022-05-06,25,37811,440,Employed,High School,3,17423,180,Married,2,Other,144,0.15114950349633985,3,0,0,Education,0,94,7,653,470,21604,17714,3150.9166666666665,0.873833308392611,6,3890,0.2974414009612932,0.25,372.0732036523134,0.04568648705813923,0.1637331370813463,0,2.9876041522198955
2022-05-07,45,33242,623,Employed,Master,23,34980,60,Widowed,3,Own,161,0.27754979576147454,3,1,0,Education,0,95,4,2294,449,92337,7460,2770.1666666666665,0.6110469288884144,7,84877,0.1661156400839821,0.15775849677887888,846.4851989434908,0.05809827389186264,0.3635599442870599,0,2.2494367104002406
2022-05-07,54,29769,650,Self-Employed,Doctorate,32,12805,48,Married,2,Rent,109,0.7111508782455371,4,2,0,Debt Consolidation,0,98,23,1710,371,35944,89085,2480.75,0.801870031653821,5,6732,0.1483644172725197,0.16348659273619873,365.1879091388124,0.04392062052986804,0.19106997446914975,1,1.202240558644831
2022-05-07,32,60150,579,Employed,High School,10,21718,180,Single,4,Rent,685,0.24334059198659552,3,2,0,Education,0,93,15,2967,1003,143656,19566,5012.5,0.7966519034849749,2,124090,0.2279964856831181,0.23076432856237586,431.64415145403683,0.13663109604069013,0.22272746613225028,1,1.617532224765724
2022-05-07,38,78579,530,Employed,Associate,15,139452,360,Married,4,Rent,583,0.41280810479371816,2,0,0,Home,0,93,17,7294,442,68692,7697,6548.25,0.84607805670588,5,60995,0.31296137072647784,0.25,2906.9865995123423,0.08901782646867962,0.5328833987880051,0,2.687062132476541
2022-05-08,40,91451,526,Employed,High School,20,232660,360,Single,1,Rent,2235,0.2587175511932241,2,1,0,Home,0,93,23,1881,2408,73786,129230,7620.916666666667,0.9308906291111461,2,5289,0.31508933443436976,0.25,4849.9806545803685,0.29323332932442625,0.9295536758576082,0,3.2258299080515775
2022-05-09,30,28323,589,Employed,Bachelor,9,25593,84,Married,0,Own,140,0.1704088303547758,6,1,0,Education,0,95,23,375,131,166463,13716,2360.25,0.7720309392182718,8,152747,0.19103752830699938,0.18102800472529382,539.4527244818746,0.059290629962943354,0.2877512861754895,1,2.279798445080186
2022-05-09,47,87627,652,Employed,Bachelor,27,120603,240,Single,0,Mortgage,402,0.2909058712546268,4,1,0,Home,0,96,10,2773,790,18664,46990,7302.25,0.648048907390626,7,4122,0.21192506693255528,0.2274513840256561,2311.456062207859,0.05504398726594324,0.3715408978479251,1,0.8823679514787925
2022-05-09,38,36516,440,Employed,High School,14,15010,84,Married,0,Other,555,0.5233255871459414,2,1,0,Education,0,93,28,1292,1926,71774,13204,3043.0,0.8356484716318339,4,58570,0.2654041346361651,0.25,379.92765475364337,0.18232588699080157,0.3071378629282665,1,2.727215822784064
2022-05-10,45,117652,631,Employed,Associate,27,21429,48,Divorced,0,Own,1410,0.17597101472453708,5,2,0,Debt Consolidation,0,96,12,4623,3290,64300,23878,9804.333333333334,0.9269622491644064,4,40422,0.15799313677211693,0.17257973934457219,621.1984623104015,0.14379929290182214,0.20715241320815897,1,0.9625761666864788
2022-05-11,29,90189,613,Self-Employed,Associate,4,151001,360,Married,1,Own,772,0.1328874184411152,1,0,0,Home,0,97,26,16745,3437,52309,43519,7515.75,0.7928718820521965,10,8790,0.2714812620901856,0.25,3147.734586187098,0.10270396115342402,0.5214666692635911,1,2.1690722166360294
2022-05-11,34,52378,562,Employed,Bachelor,9,14892,120,Single,0,Rent,211,0.37930555629488294,3,1,0,Education,0,99,16,5906,8636,212262,17782,4364.833333333333,0.8418770456095354,6,194480,0.21640216164572146,0.23633215914923925,324.53935892983895,0.04832983393777439,0.12266601082569323,1,0.8678933823186046
2022-05-12,48,50610,657,Employed,Bachelor,26,14692,60,Widowed,2,Mortgage,855,0.31526714772167785,1,1,0,Education,0,99,7,4502,915,96982,37181,4217.5,0.9022029693544789,6,59801,0.14889878161721898,0.14206643850909287,343.43316124173253,0.20267867725494845,0.28408988058355633,0,1.4674870675233231
2022-05-12,35,70226,568,Employed,High School,17,196347,360,Married,0,Mortgage,478,0.474632534166003,3,1,0,Home,0,90,10,4576,1377,32584,69420,5852.166666666667,0.8341178457611866,8,1898,0.29404691096851543,0.25,4093.007614479892,0.08166519547823116,0.7809460886380406,0,3.0018319387981753
2022-05-14,60,96911,562,Employed,Bachelor,38,21891,60,Married,1,Own,551,0.2830108905417977,2,4,0,Auto,0,97,2,3276,1428,27373,8613,8075.916666666667,0.679240290827313,10,18760,0.19649846913806593,0.1972068781597349,576.5807007664873,0.06821910176119188,0.13960534041659717,1,0.3391576567391511
2022-05-15,35,38571,582,Employed,Bachelor,13,14749,12,Married,0,Mortgage,482,0.44722916943779434,6,1,0,Other,0,91,29,857,475,52106,3994,3214.25,0.7208427626331936,12,48112,0.170399749590442,0.1676636679982624,1343.5441379340998,0.1499105823808413,0.5677767321154187,0,3.037879365448699
2022-05-15,42,24640,536,Employed,Associate,22,19133,36,Widowed,3,Own,172,0.11044408256126825,2,0,0,Auto,0,98,22,388,172,173495,14409,2053.3333333333335,0.7823216584281704,8,159086,0.20146480553405954,0.20597521513227296,716.8893219162854,0.08372545838065876,0.43268991818089503,1,2.774022013777242
2022-05-18,51,40125,529,Employed,High School,30,21140,36,Single,3,Other,158,0.44629662573641277,1,0,0,Education,0,98,12,1045,837,110819,53958,3343.75,0.645996551853284,8,56861,0.2049897423904988,0.215760859189638,802.7174814801325,0.04723820913371702,0.2872314766365595,1,1.4491927232153694
2022-05-18,22,104592,499,Employed,Bachelor,0,195510,360,Married,1,Mortgage,753,0.40182382679637085,2,1,0,Home,0,93,19,5229,2864,80760,13184,8716.0,0.7438073722337774,3,67576,0.32854584298070233,0.25,4075.559691296346,0.08638292990707812,0.5539244799009231,0,3.463361103755628
2022-05-20,18,89973,607,Self-Employed,Doctorate,0,345061,300,Married,4,Other,429,0.16649916374526327,2,0,0,Home,1,98,27,1479,2605,28951,70689,7497.75,0.8563246907095864,8,9271,0.25468786984750313,0.25,7203.5993173147945,0.05720953492248708,1.017849550567067,0,4.141165040740724
2022-05-21,21,19209,426,Employed,High School,0,98423,240,Single,0,Own,35,0.3723351063339092,5,2,0,Home,0,93,6,1187,393,39507,39659,1600.75,0.8044297975024466,1,9436,0.324874259988935,0.25,2065.127378359622,0.021851100358982363,1.3111455460337893,0,3.958084724312866
2022-05-21,55,25151,609,Self-Employed,Associate,36,18815,36,Divorced,3,Rent,114,0.35274634174372504,1,0,0,Debt Consolidation,0,96,21,1080,1219,6284,42360,2095.9166666666665,0.6713888186766184,3,3331,0.1649606157126746,0.17771847563940732,678.0558368618775,0.05436553670071136,0.37772404094672857,1,2.686974209404027
2022-05-21,33,79740,596,Employed,High School,11,28463,48,Married,1,Own,432,0.2601772624378632,2,1,0,Auto,0,97,27,2797,1576,135425,19341,6645.0,0.6911873996826217,5,116084,0.1755640988524764,0.18375237421774052,841.6919155478357,0.06500150466445982,0.19164789580918384,1,1.3523148129145817
2022-05-21,70,30181,637,Self-Employed,Bachelor,48,119959,240,Married,1,Mortgage,119,0.31252865286563764,2,2,0,Home,0,96,20,5032,384,101008,11633,2515.0833333333335,0.8914219227098732,6,89375,0.21942372840821575,0.20392709979849885,2074.9320641915197,0.04729573079852946,0.8719631957837325,1,3.1603383514757413
2022-05-22,33,51728,590,Employed,High School,10,16625,12,Single,0,Rent,487,0.39728279149922524,4,2,0,Debt Consolidation,0,99,24,230,393,837585,17991,4310.666666666667,0.8690952992154911,6,819594,0.16642968075352277,0.1584398812831457,1507.173394783149,0.11294936219559334,0.46250639229605306,1,1.862321256906549
2022-05-23,42,33305,627,Employed,Associate,21,153737,180,Married,0,Mortgage,159,0.026713790914144456,3,1,0,Home,0,94,2,1184,135,76666,22382,2775.4166666666665,0.7660589648901306,4,54284,0.20448575128346058,0.18802657927781713,2565.1001252387605,0.05726806135006153,0.9811568119237964,0,2.9799154463784285
2022-05-26,58,166209,653,Self-Employed,Bachelor,34,231459,300,Divorced,3,Mortgage,1281,0.35203939673115325,4,0,1,Home,0,98,23,825,13747,185203,21809,13850.75,0.8574900141424392,3,163394,0.2315880405878505,0.2023120016852981,3928.302470360283,0.09247928962044508,0.3760754034948857,1,3.071756927815769
2022-05-29,64,37384,666,Self-Employed,Bachelor,38,18224,48,Married,2,Mortgage,142,0.061022202718212175,1,3,0,Auto,0,93,20,2476,356,93282,24313,3115.3333333333335,0.6722163206063847,3,68969,0.14045263738921923,0.1271451906298135,486.3260541335744,0.04556637073483795,0.201623506514143,1,1.750166972924624
2022-05-30,64,122932,532,Employed,Associate,40,36865,60,Married,0,Mortgage,1368,0.585803717252929,3,0,0,Auto,0,90,14,13749,935,60073,16085,10244.333333333334,0.7517088429022897,4,43988,0.21162876124901403,0.25,1082.0365362741682,0.13352420614263405,0.23913683006319963,1,1.5376943516567947
2022-05-31,54,57688,569,Employed,Associate,32,27137,180,Widowed,1,Mortgage,215,0.36764177717361896,2,1,0,Education,0,91,7,779,729,94289,14940,4807.333333333333,0.9146195131180896,4,79349,0.23305217255967647,0.25,579.518482896908,0.04471403812824957,0.16523781273419233,1,1.6847740109181073
2022-05-31,52,60715,629,Employed,Bachelor,30,17314,72,Divorced,0,Rent,133,0.09007394069063208,3,0,0,Auto,0,94,5,932,882,97403,67302,5059.583333333333,0.9350993610519795,8,30101,0.16693983211420912,0.17201411564802213,387.1179496781987,0.026281555156684837,0.10277826001841661,1,1.5295557765092265
2022-06-01,47,15000,565,Employed,High School,25,17707,24,Married,0,Mortgage,299,0.5252462884938582,2,0,0,Auto,0,98,21,163,1693,60554,8715,1250.0,0.987349229870664,1,51839,0.182945442948463,0.2059759147946781,906.3896720207472,0.2390087929656275,0.9635409048926836,1,4.054495000639358
2022-06-02,49,15000,589,Employed,High School,24,5822,24,Married,4,Other,105,0.279500103710907,1,0,1,Debt Consolidation,0,98,9,953,236,104577,18097,1250.0,0.8409144991036022,2,86480,0.1706673927179593,0.1823143210485719,291.3095716010718,0.08393285371702638,0.3167942219033348,1,4.366543986091685
2022-06-03,33,47873,630,Employed,Master,12,9805,36,Married,1,Mortgage,813,0.15504918789823496,6,0,0,Debt Consolidation,0,96,13,1777,12795,262501,101655,3989.4166666666665,0.8679523521771781,6,160846,0.15429768743055283,0.13521561349512992,332.8377554356035,0.20373812258536078,0.28714739616220614,1,1.3603622584872688
2022-06-06,30,43427,593,Employed,High School,7,15773,24,Single,1,Mortgage,406,0.2043454375202452,3,0,0,Debt Consolidation,0,90,15,1715,888,69623,19205,3618.9166666666665,0.8253633734494994,1,50418,0.1689165295734895,0.13363389767286835,752.5722285029152,0.11215727802205391,0.3200549446818523,1,1.2718928825826126
2022-06-06,39,21804,555,Employed,Bachelor,16,7320,24,Married,4,Other,239,0.25843582285111677,2,1,0,Debt Consolidation,0,100,5,787,3274,186058,52876,1817.0,0.9215898593813024,7,133182,0.18772462555241165,0.1573759832162892,357.4928809530515,0.13146314631463146,0.3281038949136697,1,3.0045813868922524
2022-06-08,37,27872,633,Employed,Master,16,56017,36,Widowed,1,Mortgage,332,0.043528087814324115,3,1,0,Education,0,92,8,549,1308,201654,12898,2322.6666666666665,0.9497238110546385,3,188756,0.15323335708666042,0.14203845272738633,1920.0789704505466,0.142877635920241,0.9691919253122423,0,3.2041123561721463
2022-06-08,34,59345,600,Employed,High School,14,12313,120,Divorced,1,Other,443,0.44465309907942213,5,1,0,Education,0,98,7,9606,1634,88435,7982,4945.416666666667,0.9105373282169688,6,80453,0.1973546230263678,0.17738570352577224,219.7938827252139,0.08955978233401284,0.13399475365504604,1,1.2604404691500941
2022-06-10,48,67281,584,Employed,Associate,25,24427,60,Divorced,0,Own,505,0.05637556186036333,5,2,0,Education,0,95,12,4610,6258,152100,132716,5606.75,0.5215656761742973,3,19384,0.18552587132358575,0.1880748349996509,631.0651016654649,0.09005394320360216,0.20258840027916097,1,0.8235819207502909
2022-06-15,51,43137,636,Employed,Bachelor,29,16459,48,Single,2,Mortgage,578,0.09269859986186212,4,1,0,Debt Consolidation,0,98,20,688,2544,8941,8056,3594.75,0.6643055828131975,3,10627,0.15542717211855778,0.1638111025156154,469.6715024189116,0.16074532434123617,0.2913638329747373,1,1.4517549883378633
2022-06-17,41,80708,549,Employed,Master,17,17242,60,Widowed,2,Rent,602,0.1566825647356289,1,1,1,Education,0,100,29,2090,2923,39334,22293,6725.666666666667,0.8398316088047947,1,17041,0.20293879038575002,0.17968122039101503,437.5345276800569,0.08949454905847373,0.15453932522498368,1,3.113325352888651
2022-06-17,57,36356,607,Employed,Master,36,183962,360,Married,0,Rent,178,0.1844802270190096,3,0,0,Home,0,97,24,793,7086,56931,103671,3029.6666666666665,0.9191411316461539,5,8326,0.27453062248235344,0.25,3834.8325504079503,0.05873295204575451,1.3240758525323197,0,4.038659458105572
2022-06-18,26,42680,549,Self-Employed,Bachelor,1,16047,24,Single,2,Own,404,0.45141625834936383,0,1,0,Debt Consolidation,0,99,23,9086,497,69142,7005,3556.6666666666665,0.7956652680181682,3,62137,0.19092083487755043,0.1700646921217565,793.449893757223,0.1135575751897311,0.3365829365006717,1,2.4121818554159047
2022-06-18,37,103187,564,Employed,High School,16,14121,48,Married,3,Rent,253,0.13600923220303662,5,1,0,Debt Consolidation,0,100,12,10967,732,132917,42180,8598.916666666666,0.7634193269284141,3,90737,0.19138887228601908,0.19848436036325645,428.5676666770265,0.029418889717923627,0.0792528222184742,1,0.5984534322930302
2022-06-20,31,50879,589,Employed,Bachelor,5,8956,36,Divorced,2,Rent,695,0.713566918788236,1,1,0,Debt Consolidation,0,100,20,2339,496,30723,37341,4239.916666666667,0.9735960666478183,5,10131,0.17477504765711882,0.16726650146265223,318.08876688776587,0.16387966438073528,0.23888438432440293,1,1.7511506163241253
2022-06-22,18,38013,541,Employed,Associate,0,149353,360,Single,3,Rent,524,0.14281227128504506,4,1,0,Home,0,92,22,10938,4209,15503,22226,3167.75,0.8122187796821483,8,7803,0.30747851865150266,0.25,3113.380730265373,0.16536489151873768,1.1478913547188554,1,4.077071796956656
2022-06-22,39,221348,603,Self-Employed,Associate,16,291755,240,Divorced,0,Own,1836,0.23887351520133437,2,3,0,Home,0,88,14,38202,14035,59277,131767,18445.666666666668,0.7647175327118616,3,6349,0.2366459182788725,0.24554860590520972,6016.568776734324,0.09953017708709794,0.4256903926672022,1,2.280241664157077
2022-06-24,38,18478,617,Employed,High School,15,103624,360,Divorced,0,Mortgage,288,0.39483021580275823,2,1,0,Home,0,98,23,765,209,18554,28857,1539.8333333333333,0.9101159484676846,2,5618,0.26938713347310944,0.25,2160.123765796596,0.1869118442401298,1.5888309999761576,0,5.09771253819668
2022-06-24,58,87850,590,Employed,High School,37,29104,180,Single,2,Rent,594,0.3261635694971764,3,1,0,Education,1,95,16,3041,160,34310,24821,7320.833333333333,0.980408262014456,5,9489,0.22256966631492647,0.23733634455549374,593.0818898985217,0.08112722223486832,0.1621290509979543,0,2.2353359439872187
2022-06-27,47,121500,593,Employed,Bachelor,24,131498,240,Divorced,0,Rent,813,0.18338198640778494,4,1,0,Home,0,99,13,4413,1898,16466,9531,10125.0,0.8648866334626131,5,6935,0.24144668863150207,0.2293233521945328,2539.987402606945,0.08028836658107841,0.3311265457838184,1,1.6935908862075066
2022-06-28,27,35802,559,Employed,Associate,2,25104,60,Divorced,0,Own,136,0.19126049478038412,4,4,0,Auto,0,89,26,720,249,256770,20801,2983.5,0.8839844659325252,4,235969,0.1980327055771172,0.2031742129802011,669.5440384601045,0.04556877198860781,0.2699092104071384,0,2.7481948004018166
2022-06-30,62,96275,672,Employed,Associate,44,329352,360,Single,0,Own,1629,0.1555627561251043,3,1,0,Home,0,100,13,28455,1127,71183,40593,8022.916666666667,0.7701400092361108,7,30590,0.24217622135071953,0.23032900118215224,6328.352078432409,0.20301806058969538,0.9917042273742966,0,2.553218201289424
2022-06-30,54,31263,565,Employed,Associate,30,123464,360,Single,3,Mortgage,173,0.23242885328169552,3,0,0,Home,0,96,15,596,209,36143,51671,2605.25,0.556424298498017,5,3659,0.2954309282485187,0.25,2573.704167184349,0.066378896882494,1.0538912871690547,0,2.6487126303873767
2022-07-01,46,45867,662,Self-Employed,Master,28,9430,24,Married,0,Mortgage,383,0.32064932833039006,5,1,0,Debt Consolidation,1,100,11,5704,176,25969,45226,3822.25,0.8908903969080272,4,10482,0.13428793935363598,0.14164483643738587,453.4945860505767,0.10017655136336887,0.2187914957302234,1,2.491884862902617
2022-07-02,37,64105,562,Employed,Bachelor,16,21306,36,Married,0,Mortgage,514,0.240662476705578,4,0,0,Debt Consolidation,0,96,28,6674,8092,36237,4206,5342.083333333333,0.8251511661561471,4,32031,0.18849169773405133,0.17007859161418523,759.7003511447748,0.09619913595458303,0.23838302187777496,1,1.3269351650704304
2022-07-03,28,56217,520,Employed,High School,2,226145,240,Married,0,Rent,203,0.03941372991598458,7,2,0,Home,0,98,23,2163,544,272767,21188,4684.75,0.9587953752676469,4,251579,0.2780822340218435,0.25,4745.01113539657,0.043322840527130126,1.0559699376613285,0,3.8846838155781
2022-07-03,35,87436,509,Employed,High School,14,39528,60,Married,3,Own,258,0.25949009303060216,4,1,0,Education,1,95,8,27885,6894,34779,9999,7286.333333333333,0.6653364332162512,5,24780,0.22314619746468203,0.2460621194294661,1151.0912942109612,0.035403897173177205,0.19336171817001574,1,2.2219076348514712
2022-07-06,53,123120,635,Employed,High School,33,142054,300,Widowed,1,Own,872,0.23677338768457534,6,0,0,Home,0,95,9,1351,1894,45270,5115,10260.0,0.981673171780206,2,40155,0.24046599239638414,0.25,2965.562893001051,0.08498197056817075,0.37399501929646733,0,2.2798489154383503
2022-07-06,62,57933,634,Employed,Master,40,69795,240,Widowed,0,Mortgage,326,0.3304089073174032,8,0,0,Home,0,97,5,2792,359,72869,12192,4827.75,0.8611969253127579,3,60677,0.22078833299512957,0.25,1464.4500307104013,0.06751229614289413,0.37078954816679294,1,1.8935865926420195
2022-07-06,58,106084,605,Employed,Bachelor,31,15095,60,Married,3,Mortgage,716,0.37692476046860923,3,2,0,Debt Consolidation,0,96,2,3395,3388,21575,14310,8840.333333333334,0.8145212846644293,7,7265,0.17490554627176208,0.18473121226771205,387.2094731946873,0.08098326044337203,0.12477863141245896,1,1.1432584110077937
2022-07-07,34,34782,607,Employed,Bachelor,15,43797,60,Married,3,Other,418,0.3715993188916755,3,0,0,Debt Consolidation,0,95,10,4743,451,23561,8471,2898.5,0.7939244284805334,1,15090,0.17417183585830537,0.18291097196515504,1119.103099770296,0.14416278668735988,0.5301269528436958,0,1.9616775250295593
2022-07-11,26,134314,572,Employed,Bachelor,6,17105,36,Married,1,Rent,595,0.309666293879311,3,2,0,Debt Consolidation,0,98,28,5598,1175,21256,22542,6276.416666666667,0.9048244013595768,3,2157,0.1834367961395352,0.18756781188421323,624.8998026011782,0.09478421325120472,0.19433150089891194,0,0.7307898998154355
2022-07-11,41,58269,615,Employed,Associate,16,19392,60,Married,0,Rent,601,0.24372361516223595,6,0,0,Auto,0,95,13,540,1293,65733,46060,4855.75,0.6446291583052498,3,19673,0.16996816686379904,0.21624251207010028,531.4512997540031,0.12374530292891336,0.23317059757121597,1,1.8230183062941892
2022-07-12,18,62780,616,Employed,Master,0,20801,48,Married,2,Own,554,0.12794562497513048,2,2,0,Debt Consolidation,0,98,15,11316,535,104827,35899,5231.666666666667,0.7769109810039397,4,68928,0.16548570110372832,0.14034048361057985,568.7733765818779,0.10587335966365141,0.21457001718343954,1,0.8906496287636749
2022-07-12,43,64383,565,Employed,Bachelor,21,134978,360,Single,4,Mortgage,388,0.10980860150545158,3,1,1,Home,0,92,21,5460,244,158310,14253,5365.25,0.9817107785848419,5,144057,0.2954532186224412,0.25,2813.722551336495,0.07230375029117167,0.5966405872511521,1,2.679681491393996
2022-07-12,38,17678,528,Employed,High School,18,77885,180,Single,0,Rent,97,0.3596651792206207,2,2,0,Home,0,97,14,327,322,41240,50581,1473.1666666666667,0.8693917903773509,5,3239,0.25381575037453025,0.22150546936372448,1493.161635577113,0.06579988694177501,1.0786851117538359,0,3.8549106589539353
2022-07-13,34,18147,541,Employed,High School,7,115536,360,Single,0,Rent,184,0.08509072634139077,4,3,0,Home,1,96,11,667,913,97277,11693,1512.25,0.6388667897371442,3,85584,0.3074143365259911,0.25,2408.43877292013,0.12159259871138278,1.713159605432103,0,5.806901970946975
2022-07-14,20,46785,605,Employed,Bachelor,0,14545,24,Divorced,0,Other,344,0.1611844860770297,3,0,0,Debt Consolidation,0,90,14,665,364,168227,106701,3898.75,0.7628165341211894,5,61526,0.16289626783017863,0.13469891712609433,694.7104047060318,0.08821078274248349,0.2663530751217467,1,1.761378229413445
2022-07-14,46,20552,620,Employed,Master,22,97120,240,Single,2,Mortgage,255,0.2126214719893469,1,0,0,Home,0,93,7,904,460,85359,27090,1712.6666666666667,0.9202315082593704,5,58269,0.2278709282256952,0.24946831158875116,2033.6058738098122,0.14880373468196847,1.335502357796039,0,4.456951064714644
2022-07-16,33,83381,588,Self-Employed,Associate,12,194140,240,Single,2,Own,546,0.11036549440964556,2,1,0,Home,1,89,29,5056,7214,64263,52359,6948.416666666667,0.6064291651352233,6,11904,0.24404408499454372,0.23441212595841582,3829.26718446616,0.07856774549422613,0.6295876897772466,0,3.402685860047569
2022-07-17,25,69093,561,Employed,Master,3,26503,84,Married,0,Own,420,0.16007703013324706,2,0,0,Education,0,97,14,2580,1212,31929,13836,5757.75,0.9054975923111679,7,18093,0.2050462627359949,0.20630821246353265,598.6389009290821,0.07293249403082266,0.1768854180037477,1,2.155346327832027
2022-07-18,18,50948,600,Self-Employed,Bachelor,0,271127,240,Single,0,Mortgage,320,0.43723669131535187,5,4,0,Home,0,94,3,1694,1066,27080,17374,4245.666666666667,0.7284955024806983,5,9706,0.2381275865782687,0.25,5688.8307683418425,0.07535321821036106,1.4149523002374824,0,4.404604173571127
2022-07-19,39,2696,570,Unemployed,High School,16,163911,180,Single,4,Mortgage,101,0.1107223541998909,3,0,0,Home,0,96,10,178,347,243733,24352,224.66666666666666,0.8475374577956932,7,219381,0.23300177124435678,0.20239861639375117,2907.8515760010273,0.44756277695716395,3.0,0,7.4560588470262035
2022-07-22,61,110113,595,Employed,High School,36,448484,240,Married,3,Mortgage,1603,0.07725409028515763,5,1,0,Home,0,100,21,8051,1068,45709,19590,9176.083333333334,0.7849109383135026,4,26119,0.2407534076287764,0.19912945741663124,7588.322524512615,0.17467423382519862,1.0015516031250977,0,2.4590296671479326
2022-07-23,59,186610,618,Employed,High School,35,162287,240,Married,4,Own,1783,0.03304630669219798,1,0,0,Home,0,96,6,1305,1218,55020,14952,15550.833333333334,0.7157031480007552,3,40068,0.22899928195340397,0.23930946213120988,3264.9585099282044,0.11464886240636152,0.3245892880750311,0,1.5807393738683033
2022-07-26,34,7728,578,Unemployed,Bachelor,14,17494,12,Single,3,Mortgage,87,0.5394563648011778,1,1,0,Debt Consolidation,0,97,6,922,122,765143,5886,644.0,0.6959639296842958,4,759257,0.17244241760120047,0.18050171602204465,1604.2675356755888,0.13488372093023257,2.62212021034975,0,6.8593936058010065
2022-07-27,32,7513,460,Unemployed,High School,7,10053,84,Married,1,Mortgage,241,0.09830489556463089,2,1,0,Education,0,95,20,147,475,45601,12089,626.0833333333334,0.7931758259814682,6,33512,0.2553039314610631,0.25,254.45787563213702,0.3843189368770764,0.7900989378851354,0,3.7800228982663175
2022-07-29,45,59801,602,Employed,Associate,22,224375,360,Married,0,Mortgage,167,0.2993044140772583,2,0,0,Home,0,94,3,3282,2449,41647,7294,4983.416666666667,0.6888111607859313,2,34353,0.2770802696237598,0.25,4677.273314585533,0.033504422115593596,0.9718837004501762,1,2.888684902448695
2022-07-30,28,68960,592,Employed,Bachelor,4,97604,300,Married,2,Rent,797,0.4547263131305073,2,2,0,Home,0,92,16,3577,2961,73935,3991,5746.666666666667,0.8846933109660664,7,69944,0.2618721710001493,0.2243939581242467,1832.2112418316563,0.13866496549324364,0.4574397567415745,1,0.8934101646165515
2022-08-01,43,47439,632,Employed,Bachelor,18,16813,24,Married,1,Rent,236,0.19659030081120923,4,1,0,Debt Consolidation,0,99,11,3706,623,12761,26792,3953.25,0.815156414632011,3,9638,0.14943249178792384,0.15906215308271465,822.4635657201081,0.05968261996585952,0.2676774522906008,1,1.4201923482421028
2022-08-01,49,7354,617,Unemployed,High School,29,22842,84,Single,1,Own,193,0.17478782027007947,4,1,0,Education,0,100,20,2118,981,35195,10238,612.8333333333334,0.8705315721172127,7,24957,0.177009100000914,0.20679929335760752,516.6268896279648,0.31441759435243005,1.156057924998042,0,4.801076480103632
2022-08-03,54,81017,579,Employed,Associate,32,16967,60,Married,1,Other,218,0.4634098830211973,2,0,0,Debt Consolidation,0,100,17,12054,2115,30952,75144,6751.416666666667,0.8685104010680845,6,2979,0.18793477112406112,0.20385581956414442,453.169626634569,0.03228473756309469,0.09939695071659317,1,0.9039450401670517
2022-08-03,38,217245,538,Employed,Associate,17,18338,24,Married,4,Own,553,0.3603421824572352,1,1,0,Auto,0,93,24,1787,3531,27990,10765,18103.75,0.915575982920661,1,17225,0.19645419630467423,0.15905814191484471,897.0604775058051,0.03054447037379693,0.08009281970233254,1,2.0888697221120704
2022-08-04,37,28317,614,Self-Employed,Bachelor,18,171537,300,Divorced,0,Own,252,0.4580913898061101,3,4,0,Home,0,100,12,1394,19,228976,9206,2359.75,0.85766619422379,8,219770,0.25101314002384706,0.25,3581.0590478038025,0.1067457375833951,1.6236615684862026,0,4.498809550270965
2022-08-04,29,49471,477,Employed,Master,6,4459,36,Divorced,0,Own,246,0.22807849177481843,3,1,0,Other,0,96,3,19288,419,26810,61742,4122.583333333333,0.912684850805833,4,5670,0.23060072601125353,0.22404236865431224,171.22512820680916,0.059656851848109455,0.10118023439326052,0,2.349053902369213
2022-08-04,30,15000,491,Employed,High School,2,40629,120,Married,2,Mortgage,106,0.43088113245449766,0,0,0,Education,0,100,4,1007,71,29799,39275,1250.0,0.5395380085687714,4,3334,0.2521530654972454,0.2477242001782425,917.7701632529714,0.08473221422861711,0.8183614414492177,0,3.477547060461878
2022-08-07,37,136714,497,Employed,Master,18,173203,300,Married,3,Mortgage,1940,0.4592412004527293,3,0,0,Home,0,98,11,3107,4914,54029,58906,11392.833333333334,0.6682358351953827,4,5468,0.309515556342383,0.25,3615.8389750127494,0.17026754238403813,0.48761806606024455,1,2.9344266184992693
2022-08-07,44,41639,605,Self-Employed,Bachelor,22,9650,60,Married,4,Mortgage,888,0.22283227972835817,3,2,0,Auto,0,97,9,2006,879,27373,17063,3469.9166666666665,0.6644300430539946,9,10310,0.17479370420397677,0.16613154220067164,237.82468554233702,0.2558401959136635,0.3243594685963853,1,1.9583193135390942
2022-08-07,50,22124,598,Employed,Bachelor,26,16669,48,Divorced,2,Mortgage,257,0.4658130456267561,5,2,0,Auto,1,98,29,786,145,44089,4329,1843.6666666666667,0.8313732187188022,5,39760,0.1744303414939362,0.17386823889514738,484.3271275769765,0.13932056378749547,0.4018759274902294,0,2.850317074794333
2022-08-09,30,77083,616,Employed,Bachelor,7,262359,360,Divorced,0,Other,315,0.20713241466535087,2,0,0,Home,0,91,26,1240,2006,40284,40824,6423.583333333333,0.9687770149620145,4,9357,0.2701193682213519,0.2268928563348234,4966.469852106769,0.04903041701796485,0.8220719660844573,0,2.838955308063664
2022-08-11,57,162616,554,Employed,Associate,35,16300,12,Married,1,Own,2435,0.20001811934456099,1,0,0,Other,0,93,25,20240,752,44002,54279,13551.333333333334,0.6445503205048754,8,2250,0.18442474543365156,0.14723552140839416,1469.085037115266,0.17967385690041074,0.28807475001465427,1,1.5971944091048595
2022-08-11,36,58297,550,Employed,High School,16,13740,36,Single,4,Mortgage,188,0.5548483430618547,2,0,0,Debt Consolidation,0,95,29,5457,394,15276,16446,4858.083333333333,0.824341836546385,2,1648,0.19438203483583294,0.21510724714360205,521.265390104125,0.038690425148776346,0.14596691216192184,1,1.126166702856679
2022-08-11,39,57345,562,Employed,Bachelor,16,189112,300,Married,1,Rent,347,0.2797002678954359,1,2,0,Home,0,95,6,788,541,118680,109112,4778.75,0.6931045659455537,2,9568,0.27703752499974466,0.25,3947.96014065929,0.0725979392227627,0.8985742226391109,1,2.621346459361566
2022-08-12,31,55797,601,Employed,Bachelor,10,16614,60,Single,2,Rent,405,0.15950264558295849,2,0,0,Auto,0,97,20,2652,1838,84628,37808,4649.75,0.7734201800331656,6,46820,0.17692951529519715,0.1650692958007119,408.5087743999188,0.08708272859216255,0.17491991063805168,1,1.9141838817308443
2022-08-12,18,99987,538,Employed,Bachelor,0,11640,36,Widowed,0,Own,1848,0.2010168351717291,2,2,0,Debt Consolidation,0,95,27,2961,7780,43062,22322,8332.25,0.39757291849759807,9,20740,0.20034057215706208,0.2417459102917672,457.73812447589995,0.2217622176221762,0.2766913418505265,1,2.17182599358412
2022-08-14,50,27913,541,Employed,Associate,25,146012,240,Single,0,Own,311,0.22870561526304226,4,2,0,Home,0,95,24,293,298,73768,40151,2326.0833333333335,0.7467700278045983,5,33617,0.26747286273445564,0.23004840289406997,2828.8240073639677,0.13364368845120858,1.3492529306487953,0,4.072442777959945
2022-08-14,48,61171,657,Employed,Master,24,52404,84,Single,2,Rent,342,0.11168914718942792,3,1,0,Education,0,100,23,775,4407,37741,9148,5097.583333333333,0.8717422434402532,5,28593,0.15721668932140107,0.1453000902956117,997.4585531864069,0.0670774561561218,0.26271190752720336,1,0.9611043836869079
2022-08-16,36,45472,641,Employed,Bachelor,13,17343,48,Divorced,3,Own,200,0.4094919378316138,4,1,0,Debt Consolidation,0,100,22,669,915,54426,24842,3789.3333333333335,0.5902843556208485,8,29584,0.15294025047605986,0.14270595502984326,476.28056353986557,0.05276580775657374,0.1784224510262595,1,0.6367354856325917
2022-08-18,40,18066,560,Employed,High School,17,15617,60,Single,5,Rent,266,0.2727544746331732,6,1,0,Debt Consolidation,0,98,22,889,439,9100,5797,1505.5,0.8818077507015323,10,3303,0.19741404484355562,0.15310169366559162,374.07480822954545,0.17656820444739463,0.4248754120342153,1,1.8160659762773008
2022-08-19,46,32058,500,Employed,Associate,21,20639,36,Single,3,Own,173,0.2382976310583308,1,1,0,Debt Consolidation,0,94,9,1058,577,96853,26172,2671.5,0.7128778338061681,4,70681,0.21948374655489888,0.22232027850026598,790.6923228487209,0.064733395696913,0.3605958177170144,1,3.350061015994662
2022-08-19,21,82630,574,Employed,Bachelor,0,22607,24,Married,2,Own,650,0.17253249105588953,3,3,0,Debt Consolidation,0,98,20,1652,1302,20734,26375,6885.833333333333,0.8522198006628671,5,2321,0.17850651477623108,0.18290898800461142,1131.8142790454742,0.09438300137944387,0.25872766085701815,1,2.135562160939836
2022-08-20,33,56600,540,Employed,Bachelor,9,15573,24,Married,2,Mortgage,201,0.3234729986908996,2,2,0,Other,0,100,14,1996,1686,50135,27171,4716.666666666667,0.905264747626998,6,22964,0.19541333953403422,0.22578333988821728,812.3530115873123,0.0426058079559104,0.21479962091160437,1,1.818851684824251
2022-08-20,49,75021,528,Employed,Associate,27,22534,24,Married,3,Other,704,0.09714073275968152,3,2,0,Auto,0,96,29,8268,3020,81473,18899,6251.75,0.9369299038876774,11,62574,0.2015057062337812,0.2133136442006758,1161.595146646929,0.11259046019751309,0.2983639433284441,1,1.3308955609118067
2022-08-21,24,55407,521,Employed,Master,0,5160,48,Married,0,Other,499,0.06011093730680921,4,1,0,Debt Consolidation,0,100,6,4131,439,358442,8420,4617.25,0.9336885881509756,4,350022,0.2126372214095372,0.23224663387719202,166.02138368856663,0.1080495858820982,0.14399856735528968,1,2.170875901672085
2022-08-23,43,68567,623,Employed,High School,20,120819,360,Single,4,Mortgage,260,0.3250441224022952,7,0,0,Home,0,100,16,9745,1089,143137,168874,5713.916666666667,0.913783116532191,4,6654,0.2664255142784232,0.25,2518.5670622614352,0.045494976596334155,0.4861955518035728,1,1.9668089157071984
2022-08-24,23,25207,518,Employed,Associate,0,103111,240,Married,1,Mortgage,298,0.31908427198483774,1,0,0,Home,1,99,18,1047,2569,7465,8486,2100.5833333333335,0.726911429364214,3,9073,0.2788858927637712,0.25,2163.4917560939916,0.14179785082675758,1.1712558417513739,0,5.600950896147027
2022-08-26,45,48064,621,Employed,Master,25,224754,360,Married,4,Mortgage,448,0.09404225061551076,6,0,0,Home,1,98,9,12456,1101,30928,7037,4005.3333333333335,0.8755799303805821,4,23891,0.2675806915497569,0.25,4685.173867616076,0.1118229470005824,1.2812647976410871,0,5.146994129247252
2022-08-27,39,49293,477,Employed,Master,16,16221,48,Divorced,3,Mortgage,504,0.6194321226715104,4,0,0,Debt Consolidation,0,98,7,3643,1260,46189,20016,4107.75,0.8653801520536175,4,26173,0.23492353090615756,0.2225202156123147,513.2820453966282,0.12266504411317311,0.24758918050419912,1,2.413580320598626
2022-08-28,20,51608,562,Employed,Bachelor,0,66284,300,Married,0,Rent,301,0.15073408004043454,1,0,0,Home,0,98,24,1651,3183,41627,19365,4300.666666666667,0.8712019500097847,5,22262,0.2767754297265583,0.25,1383.765123119952,0.06997287872917474,0.39165403869506826,1,2.079462500932035
2022-08-28,53,76055,633,Employed,Master,32,14533,24,Married,0,Own,587,0.3872837024766624,3,1,0,Debt Consolidation,0,98,18,4356,884,10799,26880,6337.916666666667,0.6333533355735032,6,10860,0.14889606150279416,0.14655639842942805,702.2810288017874,0.0926025740465642,0.20339138319667463,1,0.8943283325854432
2022-08-29,31,39114,534,Employed,High School,10,10728,60,Married,1,Rent,285,0.15091077509350442,3,0,0,Education,0,93,12,586,725,135884,45735,3259.5,0.7845332477972986,6,90149,0.2103201764086592,0.18772147694479674,276.94695950005195,0.08740990645606501,0.17234993390585857,1,2.3546981669877667
2022-08-29,30,38473,557,Employed,Master,10,140326,300,Single,0,Mortgage,252,0.28274514273035145,5,1,0,Home,0,100,5,1478,1671,86035,8340,3206.0833333333335,0.823720935887061,2,77695,0.27946293267308414,0.25,2929.4886347675215,0.07857606859815512,0.9920193222608875,0,3.0910456591870754
2022-09-01,42,292217,563,Employed,Associate,15,30891,48,Single,1,Mortgage,1098,0.3413882822509308,2,3,0,Debt Consolidation,0,97,14,13747,11356,31019,81949,24351.416666666668,0.9526007291261741,6,9662,0.19208456313242228,0.22970492277559565,989.602663862866,0.04508792761840885,0.08572466102390382,1,0.6374726083051665
2022-09-01,53,68254,540,Employed,High School,28,17598,36,Married,2,Rent,903,0.24623483270666713,0,1,0,Debt Consolidation,0,100,25,6567,123,33594,15847,5687.833333333333,0.9204923770186478,2,17747,0.19944389934030757,0.18478861652735054,640.4452350425236,0.15873201886737176,0.27131138224753587,0,0.9844258226689803
2022-09-05,27,36228,518,Employed,High School,1,10326,12,Single,1,Own,438,0.1478006069890611,1,0,0,Debt Consolidation,0,100,14,1254,332,62064,4618,3019.0,0.7696880841168973,7,57446,0.20231062927591786,0.19467876318587263,953.9161102123937,0.14503311258278145,0.4608993742425145,1,2.0952480759443954
2022-09-09,40,37057,517,Employed,Associate,20,156573,360,Married,0,Rent,144,0.13024941951780003,2,1,0,Home,0,96,29,29770,262,140077,34556,3088.0833333333335,0.8174577319598919,2,105521,0.3194903210051644,0.25,3263.8873077865214,0.04661577058998084,1.1032034231686383,1,4.330866228420822
2022-09-12,45,28489,444,Employed,High School,22,8636,12,Single,5,Mortgage,329,0.10075180607304286,2,2,0,Debt Consolidation,0,97,3,1251,483,89827,18744,2374.0833333333335,0.8586756856243429,4,71083,0.2392659526448201,0.2474632889029213,819.7390225246932,0.13852145538753025,0.48366261781328085,0,3.6864267330568627
2022-09-12,48,48864,631,Employed,Associate,28,7361,24,Divorced,1,Mortgage,626,0.1212902701182839,4,1,0,Debt Consolidation,0,95,7,476,372,31273,25620,4072.0,0.9231279506956673,5,5653,0.14972602172848476,0.17014929767861087,363.9973137908597,0.1536950650626074,0.24306342101420567,1,1.5608533724061138
2022-09-12,42,49667,572,Employed,High School,21,17082,48,Widowed,3,Rent,325,0.2504350761974984,2,2,0,Auto,0,94,29,8721,1852,46369,52225,4138.916666666667,0.9125804732699885,10,7466,0.18743645977398676,0.18268485192101278,504.1834429977904,0.07850399565208639,0.20028988739655557,1,1.8655996293599286
2022-09-12,35,15000,558,Employed,High School,14,23198,36,Married,0,Rent,208,0.538702921357737,2,1,0,Auto,0,96,16,1641,390,102670,78401,1250.0,0.5170576677661374,5,24269,0.19051296611331928,0.17368940599871505,831.3377639149393,0.16626698641087131,0.8308055666786086,1,2.568459280291262
2022-09-15,30,16088,565,Employed,Bachelor,5,25641,48,Married,3,Mortgage,206,0.22570575576267624,4,1,0,Auto,0,97,21,1127,800,79799,9004,1340.6666666666667,0.8336027573068746,5,70795,0.19103799672777816,0.17887995229940906,751.7044942469843,0.15354037267080745,0.7138170143455783,0,2.829122978970589
2022-09-16,41,21953,534,Employed,Associate,19,17017,48,Married,0,Other,105,0.6899781257526925,4,0,0,Debt Consolidation,0,93,22,719,1093,19047,2171,1829.4166666666667,0.9891527039894101,4,16876,0.20643550672160238,0.18178167635537296,501.4600512462216,0.057363988162986566,0.33132349715249987,1,2.017276143777844
2022-09-18,27,53097,551,Employed,Associate,2,210397,360,Divorced,2,Other,309,0.1179439646619697,10,1,1,Home,1,93,21,4106,2010,24747,15395,4424.75,0.9014489727028846,7,9352,0.3025641890635243,0.25,4385.890912841682,0.0698186748008812,1.0608124979589182,0,6.750603072630133
2022-09-18,18,33974,462,Employed,Bachelor,0,100827,360,Single,2,Own,349,0.03614583200671618,5,1,0,Home,0,88,22,8951,466,161960,12207,2831.1666666666665,0.6419352782408306,2,149753,0.346880292843456,0.25,2101.8181013469216,0.12322721120461368,0.8653509449821415,1,4.1005707958701665
2022-09-19,45,129655,587,Employed,Master,18,15546,24,Married,4,Rent,714,0.6457232274914045,5,1,0,Debt Consolidation,0,93,9,8278,2763,152805,17405,10804.583333333334,0.6163855462936224,4,135400,0.17191290574323745,0.15799848051223878,759.6946214000461,0.06607695095899496,0.13638269919717855,1,1.7737686879078298
2022-09-19,50,19890,470,Employed,Bachelor,30,127838,180,Married,1,Rent,262,0.3788626431150237,1,0,0,Home,0,99,23,238,240,101615,4612,1657.5,0.9238217814877484,5,97003,0.28293963173467296,0.25,2730.0174601678495,0.15797407295749172,1.8040503226818507,0,5.756738727602352
2022-09-23,18,27924,534,Employed,Associate,0,7273,24,Married,0,Mortgage,378,0.401102222258236,4,2,0,Other,0,100,17,46,136,121658,14691,2327.0,0.8531824455075404,1,106967,0.19822301540638673,0.19003572992417245,366.63449857180365,0.16237113402061856,0.3198601797988847,1,1.5369228657965952
2022-09-27,27,112242,503,Employed,Bachelor,2,20362,72,Single,3,Mortgage,1404,0.10161339108503595,3,0,0,Auto,0,91,9,8605,5593,14229,10216,9353.5,0.7014178916160633,5,4013,0.22998036870188762,0.2491509012546192,547.43436896014,0.15008819284836175,0.20860915804801328,1,1.7804173458445742
2022-09-27,47,45412,554,Employed,High School,26,27666,180,Single,1,Rent,863,0.2328159150808247,2,2,0,Education,0,92,18,884,801,9337,7861,3784.3333333333335,0.8646381845463366,4,1476,0.24055699891155768,0.23168779296000588,551.8110952677173,0.22798520605847128,0.373761296742088,1,2.7665307925041893
2022-09-27,64,82470,525,Employed,High School,39,191484,360,Divorced,0,Mortgage,556,0.35993894560526435,4,2,0,Home,0,100,14,3895,352,32024,3993,6872.5,0.6993507415521653,3,28031,0.3155406411888883,0.25,3991.6345554099,0.08089037608205427,0.6616184702713174,1,1.5047171313315135
2022-09-27,40,28031,573,Unemployed,Associate,17,8069,24,Single,1,Rent,216,0.41441003359222844,0,1,0,Other,0,94,4,651,920,135762,14132,2335.9166666666665,0.7696321501075511,6,121630,0.17874897719031602,0.16323457047943135,396.3315442563263,0.09242948329351354,0.2620254085182012,1,2.394441336876368
2022-09-29,31,33689,568,Employed,Master,9,22699,60,Married,0,Other,279,0.2872158863856958,3,1,0,Debt Consolidation,1,95,15,728,517,47954,69782,2807.4166666666665,0.8392778667581628,4,10979,0.19350753005086735,0.2059992296750281,608.9867784351223,0.09934423310880983,0.31618769001577013,0,3.2032324158259873
2022-10-02,37,38967,537,Employed,High School,16,7874,36,Married,0,Own,267,0.07238085542339022,2,2,0,Other,0,94,4,946,95,44005,15284,3247.25,0.9263336990387474,1,28721,0.20074286211592346,0.22664093312655154,303.4235192029911,0.08219810667282383,0.17560948794058065,1,2.504727767050665
2022-10-02,56,37713,562,Employed,High School,35,11588,36,Single,1,Own,349,0.07098779472358893,6,2,0,Debt Consolidation,0,99,5,1002,183,974245,3334,3142.75,0.5770115499296122,3,970911,0.1883394529128336,0.16674193486501776,411.26727241058865,0.11101391650099404,0.24183452005108189,1,1.595062860382482
2022-10-03,32,15000,506,Employed,High School,5,82098,360,Married,0,Mortgage,68,0.5445749700270389,7,1,0,Home,0,100,26,1943,163,73964,111389,1250.0,0.6023153125661379,6,3216,0.3248289202787745,0.25,1711.397368605429,0.05435651478816946,1.42237999089163,0,5.234241966127085
2022-10-03,30,41260,582,Employed,Master,7,24984,36,Divorced,1,Mortgage,322,0.28770859695165363,6,0,0,Auto,0,97,4,3821,977,49075,3714,3438.3333333333335,0.9269483429677453,6,45361,0.1785315077309446,0.184729327876334,909.1698592424667,0.09362279511533242,0.35796758845972093,1,2.257304701363595
2022-10-04,34,83977,561,Employed,Bachelor,10,34516,36,Married,1,Mortgage,297,0.22353078601696655,4,0,1,Auto,0,95,24,1309,3545,38781,19695,6998.083333333333,0.5980015066399016,5,19086,0.18911230180881985,0.18770204135509924,1261.212568427999,0.042434128278703166,0.22263094954263046,1,2.8679602288796566
2022-10-04,28,59655,585,Employed,High School,7,15008,60,Married,3,Other,260,0.32948819875210866,1,3,0,Education,0,96,9,1066,2433,107966,11691,4971.25,0.8410671773811467,5,96275,0.18490410132503907,0.20401548394562624,400.98083263668974,0.05229021066921414,0.13293394994955798,1,1.7852710852635147
2022-10-06,41,58770,567,Employed,Bachelor,20,13960,12,Married,4,Rent,598,0.5820777084792639,6,2,1,Other,0,99,11,4481,2061,89813,11629,4897.5,0.8314433497765195,3,78184,0.17788600575174715,0.18560630355500693,1283.5803384655765,0.12207818720016332,0.38411357322967776,1,3.586074681425736
2022-10-08,59,41370,528,Employed,Bachelor,34,18418,48,Married,0,Rent,264,0.5085842846238966,5,0,0,Auto,0,98,14,6185,767,63278,12517,3447.5,0.8832272330477984,6,50761,0.2094552845048798,0.21669589123529986,576.9801924630359,0.07655502392344497,0.2438684043679965,0,2.7765524639908508
2022-10-14,43,34058,603,Employed,Bachelor,23,16608,48,Married,3,Other,340,0.5505315787228446,3,2,0,Debt Consolidation,0,96,27,5014,3660,20062,38195,2838.1666666666665,0.8877333072977929,3,10982,0.17192942499902472,0.13811541929595553,452.26962160536357,0.11975344878191958,0.2790500575070256,1,2.254799037117717
2022-10-15,36,88630,513,Employed,High School,14,14117,36,Divorced,4,Mortgage,560,0.3412518671439107,3,1,0,Other,0,96,12,1696,3426,95139,19810,7385.833333333333,0.7563517505280363,6,75329,0.21288880146448888,0.20033417870376177,524.8787115660643,0.07581056384106857,0.14686654789820597,1,1.9161380691960155
2022-10-15,36,39010,585,Employed,Master,13,162471,240,Married,2,Rent,479,0.2636531749599181,2,0,0,Home,0,94,18,5475,935,28840,52096,3250.8333333333335,0.8504435049474627,6,6462,0.24549956523955324,0.22529660580376923,3085.879168755309,0.14730152221823586,1.0962674907760674,1,4.139339111164262
2022-10-16,21,47075,528,Employed,Associate,0,13729,60,Married,5,Mortgage,295,0.46912801601675613,1,0,0,Debt Consolidation,0,94,12,415,1592,24740,223034,3922.9166666666665,0.8478212805624712,4,9069,0.2133818346246905,0.21562987412059362,375.7766721684309,0.07517998598339244,0.17094569766647208,1,1.852893485862017
2022-10-17,50,64034,606,Employed,Bachelor,28,37800,48,Married,1,Mortgage,170,0.14732293905478924,3,0,0,Auto,1,92,9,2728,824,52613,44276,5336.166666666667,0.5571528165486875,10,8337,0.17063502270907102,0.18951514935864802,1129.257584797382,0.03185210629859788,0.2434358276483868,0,3.2722221252475334
2022-10-17,39,92113,523,Employed,High School,16,8838,24,Married,3,Rent,728,0.3010245630094704,3,0,0,Debt Consolidation,0,100,2,7824,1670,93262,41752,7676.083333333333,0.7010912949809036,3,51510,0.20377173225676526,0.22006464306701481,458.52734446844613,0.09482767978290367,0.15455444378422095,1,1.4067583725054773
2022-10-19,37,88404,577,Employed,Associate,13,89366,360,Single,2,Rent,211,0.20774456997479868,4,1,0,Home,0,90,19,577,211,91911,16102,7367.0,0.42404677775316335,7,75809,0.2893501266913751,0.25,1862.9045438718697,0.028637350705754613,0.2814745580716435,1,1.5776089614833841
2022-10-21,78,29506,678,Employed,Associate,54,23698,48,Single,1,Rent,100,0.31104823735735665,3,2,0,Auto,0,97,6,12486,384,922354,50970,2458.8333333333335,0.8620047718511717,5,871384,0.13451829703303506,0.1262370284676029,631.34095468901,0.040653160783250895,0.29731321418348533,1,1.2674366209904355
2022-10-21,43,25238,611,Employed,Bachelor,22,96751,360,Married,2,Own,114,0.025117594238110684,3,0,0,Home,0,96,13,4964,2816,93205,27652,2103.1666666666665,0.5592506376963124,3,65553,0.2723699765706282,0.25,2016.8506761424621,0.054178217821782185,1.0126815094538435,0,2.77647417583803
2022-10-22,30,64395,586,Employed,High School,8,17006,36,Single,1,Other,274,0.19568817882597717,5,0,0,Other,0,96,25,6418,1434,39991,12467,5366.25,0.5663351713006776,5,27524,0.17643534507574812,0.19558757477180888,628.1870221374226,0.05105035166984955,0.16809111223390424,1,1.297604176969006
2022-10-23,34,52815,553,Employed,Bachelor,9,17370,24,Married,0,Own,284,0.10974104166092259,3,1,0,Debt Consolidation,0,95,15,1050,1128,30827,22231,4401.25,0.9023361891205068,8,8596,0.18894063935702549,0.21624454281839106,897.905431953348,0.06451246521665058,0.2684775812262702,1,1.7496817172050112
2022-10-24,53,38977,494,Employed,High School,29,114987,180,Divorced,0,Own,163,0.6423511970276374,1,1,0,Home,1,96,23,1900,2031,45479,13758,3248.0833333333335,0.797362434351807,2,31721,0.2709131457635187,0.25,2455.5806387171306,0.05016799610146451,0.8059444372670642,1,5.603755063943997
2022-10-24,41,67710,506,Employed,Bachelor,21,47492,12,Married,2,Mortgage,236,0.14918234366112604,5,0,0,Other,0,100,24,7789,1859,41569,44349,5642.5,0.7460135083374081,6,5591,0.20869208440268547,0.2265329819287119,4459.9300338648145,0.04181802073181536,0.8320953369123442,1,2.80524608963195
2022-10-25,22,61171,534,Employed,Master,0,46646,60,Single,2,Mortgage,934,0.40668247760300497,4,1,0,Education,0,97,2,1038,534,299659,5256,5097.583333333333,0.5013390036066095,6,294403,0.21068759097388148,0.1943740785034802,1221.277316239348,0.18318814049654317,0.42272081779043486,1,1.8082574328472443
2022-10-29,51,64081,644,Employed,Bachelor,32,13233,24,Married,1,Mortgage,322,0.137820851877261,5,1,0,Debt Consolidation,0,97,29,2792,1259,23528,20440,5340.083333333333,0.7802537003843322,7,3088,0.143372636138643,0.12834430037758932,628.0923089017977,0.060287394879315996,0.177883820492434,1,1.126546628922032
2022-10-29,31,90222,627,Employed,Bachelor,8,198613,360,Single,1,Rent,208,0.43390790439786386,4,1,0,Home,0,97,25,11702,556,39667,48874,7518.5,0.7908565563963132,2,1328,0.2645497796303907,0.25,4140.244166372263,0.027661413657822993,0.5782624065924946,1,1.2081509240503878
2022-10-29,62,7976,667,Unemployed,Bachelor,36,23801,36,Married,0,Mortgage,134,0.39682422668509154,2,2,0,Auto,0,94,16,200,395,324564,71258,664.6666666666666,0.9079676710562075,8,253306,0.1360193812224356,0.1491818588429767,824.1162224961148,0.2013019529293941,1.4393333337447896,0,3.47864683624245
2022-10-30,52,155282,510,Employed,Associate,31,11288,36,Married,1,Mortgage,574,0.31891542135665163,2,1,0,Debt Consolidation,0,95,6,11300,1290,147622,16855,12940.166666666666,0.9610970872624627,6,130767,0.21433289601981542,0.16905339312372042,401.9163990586623,0.04435457905649929,0.07541177887557761,1,1.3397958344220628
2022-10-30,34,36169,609,Employed,Master,13,172225,240,Single,3,Rent,164,0.09163086999869781,1,0,0,Home,0,98,14,326,1757,32756,46310,3014.0833333333335,0.7634845437379439,5,7540,0.2335141407117006,0.25,3613.652934151427,0.05439318979574915,1.2529182501815075,0,3.756195768719917
2022-11-02,55,80073,623,Employed,High School,31,23470,48,Single,3,Mortgage,806,0.1775916541279029,4,2,0,Auto,1,94,19,1626,922,377408,67222,6672.75,0.9200259704750812,10,310186,0.16201588022388042,0.17577293178647097,684.2579536139297,0.12077168008990448,0.22330143526711813,1,2.680928708393946
2022-11-03,40,156978,640,Self-Employed,Bachelor,21,47753,48,Single,2,Rent,806,0.09981253511105806,3,1,0,Auto,0,96,15,4946,1321,8961,18775,13081.5,0.738629325707992,2,10218,0.1536934545280085,0.14819183547250533,1324.6289245918053,0.061609019682782346,0.1628609917517145,1,0.341036412881796
2022-11-04,50,25134,645,Employed,Bachelor,29,77099,240,Single,5,Mortgage,99,0.03596938295948843,1,1,0,Home,1,100,18,2192,431,48048,88937,2094.5,0.860728219816325,4,8880,0.21531321463988787,0.15899917633873123,1066.8594940847615,0.047244094488188976,0.5563633949342695,1,3.025278965659711
2022-11-05,45,33152,530,Employed,Associate,21,21253,48,Single,3,Mortgage,292,0.3828227480047501,2,1,0,Auto,0,94,12,858,917,53188,15291,2762.6666666666665,0.9011239297612673,6,37897,0.20849107509798318,0.22645505162686264,677.0687545678285,0.10565673621999759,0.3506460334945707,1,2.522385565862369
2022-11-06,29,82981,416,Employed,Associate,8,6385,12,Widowed,0,Other,1041,0.5848725459303241,3,0,0,Other,0,96,2,4910,476,100085,5917,6915.083333333333,0.6659122768414842,5,94168,0.25319046584331867,0.25,606.8572378400625,0.15051871844613401,0.23826451452629438,1,2.566041648930142
2022-11-08,32,91420,514,Employed,Associate,10,219260,360,Married,1,Rent,844,0.8020155003830781,3,1,0,Home,0,96,26,2399,1042,26667,10387,7618.333333333333,0.835687030682071,4,16280,0.3210745045200034,0.25,4570.6471173527525,0.11077084609327151,0.7106457849356137,1,2.7192064526148574
2022-11-13,52,54928,596,Employed,Master,28,163460,300,Divorced,0,Other,113,0.507930508377355,3,0,0,Home,1,98,25,1686,1171,31609,19202,4577.333333333333,0.9240548045459325,5,12407,0.260001082427189,0.25,3412.4411173916387,0.02468147069530397,0.7700271825391275,1,4.023038286075041
2022-11-15,35,29784,517,Employed,Master,12,25107,36,Married,1,Mortgage,120,0.33618853257886017,4,0,0,Education,0,97,20,5429,2180,40862,48191,2482.0,0.8313868269796766,7,6954,0.21103273544985937,0.20361737199299682,937.7001152138092,0.04832863471606927,0.42597668756093804,0,2.846446436062673
2022-11-16,35,72486,461,Employed,Bachelor,12,20489,36,Married,3,Mortgage,524,0.14387573576075455,5,2,0,Debt Consolidation,0,94,24,1197,111,42539,5516,6040.5,0.8100315432886596,3,37023,0.23898192306030824,0.22394382477578298,786.6706670188038,0.08673342712902425,0.2169445778397424,1,2.5039062359434214
2022-11-16,28,87004,612,Employed,Bachelor,6,19349,60,Single,0,Rent,543,0.3351827304758101,5,0,0,Debt Consolidation,0,95,16,9701,3090,544066,22527,7250.333333333333,0.9384794653820435,2,521539,0.17146761192461446,0.1957407108922634,508.05536994008855,0.074882780178358,0.14494649764734144,1,0.9717426878254841
2022-11-20,45,30948,636,Employed,Master,22,8806,24,Single,3,Other,185,0.5360525656279068,4,0,0,Debt Consolidation,0,95,27,1613,404,281174,99931,2579.0,0.6772062633384236,4,181243,0.1472708255347014,0.11833339836354607,413.8439650508777,0.07170542635658915,0.2321100639732084,1,1.5883375289005723
2022-11-20,64,28999,604,Employed,High School,42,72343,240,Married,2,Rent,125,0.287414536097379,5,1,0,Home,0,94,23,851,339,18514,15611,2416.5833333333335,0.8690388034372809,2,2903,0.23579729694960505,0.23123870885048636,1408.4743369180228,0.051704525869497774,0.6343005081871108,0,2.2272135109181908
2022-11-21,27,47196,528,Employed,High School,4,13000,60,Divorced,2,Rent,165,0.1270804349000449,2,1,1,Auto,0,91,21,729,458,52990,34957,3933.0,0.6104266390768422,5,18033,0.21336819538914054,0.21512261699159457,355.4501055569249,0.04194204372140315,0.13229540049743896,0,4.341200406132215
2022-11-21,40,82948,601,Employed,Bachelor,18,11268,48,Single,0,Mortgage,1598,0.4638982003847601,2,2,0,Debt Consolidation,0,97,27,1375,1106,8346,22514,6912.333333333333,0.9034955133219918,8,6843,0.17283245271798808,0.1629518726969234,321.04435574746736,0.23114754098360657,0.27758597238391525,1,0.4379634052777647
2022-11-22,56,52442,635,Employed,Master,34,11741,12,Married,0,Rent,375,0.16575002030216,2,1,0,Other,0,94,20,1307,1873,34440,22483,4370.166666666667,0.6655516322246908,9,11957,0.14384273185915605,0.14415543032903935,1056.4875280747817,0.08578945361650207,0.32748408771299387,1,1.3642039690491765
2022-11-23,39,72608,606,Self-Employed,Master,18,28146,84,Single,2,Rent,707,0.08239391246498104,5,0,0,Education,0,98,22,3261,815,46591,7930,6050.666666666667,0.9044644989916834,6,38661,0.18256129901398813,0.18712538876865958,603.3809742283369,0.11682732029743871,0.21653224581024572,1,1.1688188897401601
2022-11-24,45,30627,558,Employed,Associate,23,154241,180,Married,3,Mortgage,217,0.12359735944634523,1,0,0,Home,0,97,29,2922,3088,26691,6789,2552.25,0.8075599878550985,9,19902,0.2389865695191413,0.22014676536882802,2941.1671683655645,0.08498971898560657,1.2369204615159364,0,3.6002178439399355
2022-11-25,27,15000,520,Employed,High School,6,25028,48,Married,3,Own,165,0.09108835330510362,2,2,0,Auto,0,95,26,662,613,19148,24529,1250.0,0.9161497808024,2,9365,0.21353194760789257,0.19872118575654074,759.9068792147804,0.13189448441247004,0.7393340361429099,1,2.7876996378602255
2022-11-28,45,36795,624,Employed,Associate,25,121556,360,Married,2,Mortgage,251,0.172392897806646,3,0,0,Home,0,95,15,1520,861,42214,37959,3066.25,0.8090882125852721,5,4255,0.2659270346418889,0.25,2533.930406808954,0.08183226016790285,0.9079567713127245,0,3.4409880436705693
2022-11-28,37,43235,565,Employed,High School,14,17462,60,Single,0,Mortgage,174,0.31894417341624937,1,1,0,Debt Consolidation,0,93,8,2074,703,18197,36615,3602.9166666666665,0.9331776228141209,4,10344,0.19494195990898494,0.1887328234266743,451.7572373270091,0.048280805605013064,0.173632549030548,0,1.591524123376143
2022-11-29,51,41132,606,Employed,High School,28,158346,300,Single,0,Mortgage,136,0.30869226776350817,3,3,0,Home,0,97,21,3458,2595,80296,42939,3427.6666666666665,0.9500244706979424,10,37357,0.2549931360266033,0.25,3305.6796841704177,0.03966556484542096,1.0037953580119827,0,3.0475359958680084
2022-11-29,54,30680,607,Employed,Bachelor,30,220089,240,Married,3,Rent,262,0.18532533559561995,1,2,0,Home,0,96,2,3051,2240,68210,35715,2556.6666666666665,0.8134264252200445,7,32495,0.23457544795814717,0.2158519073657008,4014.5315865138473,0.10243711716408185,1.6720441495557856,0,4.144749398647548
2022-11-29,71,17697,626,Employed,High School,49,19563,60,Widowed,0,Mortgage,177,0.21555916448137905,2,1,0,Auto,0,95,14,230,106,9307,18334,1474.75,0.6711387316113447,3,2811,0.1644703616054148,0.16889124831345842,485.0254134439847,0.11993901406064712,0.44860268571504974,1,2.6754096616563334
2022-12-02,46,34535,579,Employed,Master,23,31799,24,Married,2,Mortgage,389,0.059249626911170396,3,1,0,Auto,0,91,4,1359,328,85939,11222,2877.9166666666665,0.7860840741285442,7,74717,0.17609180539219207,0.1968781564741269,1613.5901630314754,0.13512027093524764,0.6956054637559761,0,2.310082280451099
2022-12-02,43,77525,563,Employed,Associate,19,29075,60,Married,1,Rent,790,0.1060321399338608,1,1,0,Auto,0,96,11,13806,2807,20233,54662,6460.416666666667,0.7269351889271924,5,7524,0.1960694170926511,0.17109640725149314,724.3038135231893,0.12226420934521583,0.2343609600871619,1,1.3381183836224078
2022-12-03,42,116208,595,Self-Employed,Bachelor,19,37175,48,Married,1,Rent,547,0.2841261412917491,2,0,0,Auto,1,96,17,1626,5692,61619,11327,9684.0,0.795299327102426,7,50292,0.17613085466769118,0.19317854858198608,1117.7818018766613,0.056479091378420235,0.17189280349784836,1,3.3944397549521073
2022-12-08,35,94752,468,Employed,High School,14,11845,24,Single,1,Rent,1179,0.2626724295776935,1,1,0,Debt Consolidation,0,100,29,5326,1347,18586,22264,7896.0,0.7159809821562654,7,4420,0.23134493638420925,0.21268360356730157,610.2254870447114,0.14929720146891223,0.22657027821257583,1,2.5783497522933434
2022-12-08,44,27943,619,Employed,Associate,21,27457,60,Married,4,Mortgage,289,0.2073189843806143,2,1,0,Auto,0,97,25,1229,255,200389,3104,2328.5833333333335,0.7544676001444718,2,197285,0.1680551032108644,0.14026239673920185,639.2499397345216,0.1240565194061885,0.39846178775940827,1,1.7640640440008046
2022-12-08,36,21589,456,Employed,High School,13,42937,36,Single,3,Mortgage,227,0.13042884934653298,3,1,0,Education,0,100,22,639,448,70290,99516,1799.0833333333333,0.8753242510399313,1,2623,0.2416668781234324,0.24463324122634525,1695.0040090343487,0.12610527290403223,1.0677305730481081,0,5.003790434621818
2022-12-09,42,83868,641,Employed,Doctorate,19,28755,48,Married,3,Rent,1824,0.059809635870507256,3,0,0,Auto,0,95,7,21481,7050,93906,14120,6989.0,0.5645290251772311,4,79786,0.15306665043002596,0.14541345863154098,793.6036942786495,0.2609442060085837,0.3744783539740557,0,1.1634024511440113
2022-12-13,55,95093,619,Employed,Master,37,23729,72,Married,1,Mortgage,1866,0.14632891210743998,3,2,0,Auto,0,96,1,5149,1902,12561,3380,7924.416666666667,0.7372149948863425,5,9181,0.17201862383735747,0.17306232422091475,531.941327613176,0.23544503443562378,0.3025634396862216,1,0.6097353721564468
2022-12-14,27,57734,593,Employed,Associate,4,40426,60,Married,0,Mortgage,575,0.2634804554558241,1,2,0,Education,0,93,21,13655,313,52139,86321,4811.166666666667,0.77229456871685,6,9671,0.18115181328938917,0.14704089058889425,955.4638746730453,0.11948879576074532,0.31804049624348946,1,1.597207273729337
2022-12-15,53,15000,470,Employed,High School,26,22317,72,Single,5,Own,214,0.005774082341059164,5,1,0,Auto,0,96,9,899,367,126533,21114,1250.0,0.6842844243891429,3,105419,0.2465032872016864,0.2302587857524093,574.4094167179329,0.17106314948041568,0.6302233546905939,0,3.2652335825105463
2022-12-16,55,35177,646,Employed,Master,33,28730,12,Divorced,0,Mortgage,426,0.1838957659718478,3,2,0,Debt Consolidation,0,99,17,2909,1477,868319,21029,2931.4166666666665,0.8765647238616726,5,847290,0.13856643298954743,0.16394411360543346,2612.0628252363854,0.14527267043678424,1.036026994311763,1,3.9320122610586714
2022-12-17,38,45858,533,Employed,Associate,17,31040,84,Single,1,Mortgage,241,0.19303717810101223,5,1,0,Education,0,99,1,1343,795,151017,116387,3821.5,0.7627154697365509,12,34630,0.21908576604756827,0.1897132030167816,670.1840392388274,0.06304774362328319,0.238373849375756,1,1.147078944717122
2022-12-19,18,45532,538,Employed,High School,0,12140,36,Married,0,Other,241,0.3190015159830965,5,1,0,Debt Consolidation,0,97,27,1349,3076,229059,14112,3794.3333333333335,0.8900810382650838,8,214947,0.200351085858386,0.23048481683762867,470.2428380550817,0.06349903390128227,0.18739930740955954,1,1.5478573370732063
2022-12-24,32,11864,546,Unemployed,Bachelor,9,18280,24,Married,1,Rent,225,0.4905675836199191,2,1,0,Auto,0,92,2,1346,782,114146,90724,988.6666666666666,0.924313694726952,2,23422,0.19245340438702677,0.15190804900385907,887.993982879688,0.2273492758504547,1.1246150045938244,1,4.323736111668618
2022-12-25,55,62149,586,Employed,Master,30,17773,60,Married,1,Rent,286,0.36874861079900456,4,0,0,Auto,0,92,19,4974,1121,19386,6185,5179.083333333333,0.7345670242572301,3,13201,0.1844463729985746,0.1782768442253394,449.6530124031906,0.055211466996991684,0.14201567138299395,0,2.253765667021879
2022-12-27,39,53895,565,Employed,High School,19,11547,12,Married,3,Other,512,0.2641007384012747,5,2,0,Debt Consolidation,0,96,22,5115,1080,51199,34059,4491.25,0.5550868916798704,7,17140,0.1788385668851957,0.16661468170297472,1051.2870647579682,0.11397406644777117,0.3479964527259098,1,2.7327026206354037
2022-12-27,28,39342,546,Employed,High School,4,80988,300,Widowed,4,Own,300,0.14123349646600905,2,0,0,Home,0,94,11,2992,119,298347,29985,3278.5,0.8076415758787433,8,268362,0.28482551715549087,0.25,1690.7303390145237,0.09147735935356,0.6070225153268863,1,2.538267980556629
2022-12-27,33,79314,624,Employed,Master,9,23205,24,Single,1,Mortgage,365,0.30520205161104136,1,2,0,Auto,0,98,22,1087,5108,57343,45745,6609.5,0.8217815709951394,4,11598,0.15351304153622689,0.1518656609551022,1127.190655296636,0.05521518795855079,0.22573037671834748,0,0.9916227306639241
2023-01-02,50,53504,558,Employed,High School,28,40061,60,Divorced,0,Mortgage,382,0.13341125416212946,1,0,0,Education,0,98,10,1246,738,185608,8215,4458.666666666667,0.7638763405800167,5,177393,0.19864954588327147,0.22111898787767806,1108.9915018257448,0.08565662605575902,0.3343280144612627,1,1.6998822101977014
2023-01-04,46,44889,562,Employed,High School,23,315949,300,Single,2,Mortgage,608,0.16554807043536612,2,1,0,Home,0,98,10,5481,577,35952,4475,3740.75,0.7535399140752032,7,31477,0.2771658348130504,0.2361078452141312,6234.541178400085,0.16249081312220218,1.8287007893098377,1,5.544887412639473
2023-01-07,37,41947,518,Employed,Bachelor,12,18539,60,Married,1,Rent,308,0.18248003488961168,1,0,0,Auto,0,95,1,308,464,40118,216974,3495.5833333333335,0.952068201080347,2,4218,0.21845692145977996,0.25,544.1441840766798,0.08808598870325794,0.24370767198742005,0,2.7288934700660947
2023-01-08,35,56134,555,Employed,Master,11,33998,84,Single,5,Other,414,0.17618381914620604,3,3,0,Education,0,97,3,3925,1701,13068,60808,4677.833333333333,0.5727156068928554,4,10432,0.20810852159785026,0.18528519894912895,725.1349973078633,0.08848359633811849,0.24346560694785663,1,1.7399071212111552
2023-01-09,35,61414,608,Employed,Associate,15,10562,24,Single,0,Rent,511,0.2992013679739137,1,1,0,Other,0,98,16,2866,381,327419,17641,5117.833333333333,0.849977517628491,5,309778,0.1613162781519558,0.16320043073479562,518.7649643758278,0.09982743463679876,0.20117180953521202,1,1.4312176875324751
2023-01-12,28,72666,498,Employed,Doctorate,4,12115,36,Single,0,Mortgage,645,0.31337072551593226,3,1,0,Debt Consolidation,0,95,29,8869,521,20133,37404,6055.5,0.97925076054975,1,4942,0.22035057054303678,0.1974915791484932,448.68988012485937,0.1064971518203583,0.18058117396596374,1,0.8293180115782136
2023-01-12,59,67595,516,Employed,Bachelor,37,119254,180,Single,2,Rent,404,0.18786983689087847,2,0,0,Home,0,96,13,5351,1231,51515,11967,5632.916666666667,0.8043344295376692,6,39548,0.2599222548341482,0.25,2546.7036577141125,0.07170855088970077,0.5237393153455907,1,2.337080406529253
2023-01-13,36,91254,541,Employed,High School,13,55788,60,Widowed,3,Rent,767,0.4106370208447603,4,1,0,Education,0,97,9,2451,936,39438,24094,7604.5,0.6279585218884338,4,15344,0.20723233299907992,0.1775913675989915,1409.3488344647214,0.10084807047531391,0.28615460317726926,1,1.7763897101483033
2023-01-17,54,65800,560,Employed,Doctorate,31,100074,360,Married,1,Own,275,0.6762958981432938,4,1,0,Home,0,93,8,1689,1766,46307,9952,5483.333333333333,0.8926793332079127,7,36355,0.29787841879596516,0.25,2086.1212242176384,0.0501428310946332,0.43052110087235856,1,2.7592934687593544
2023-01-17,58,38174,552,Employed,Associate,36,60000,360,Single,0,Other,180,0.4418981627415285,6,1,0,Home,0,95,11,1181,406,17134,19044,3181.1666666666665,0.750255032399217,4,3808,0.301750529126933,0.25,1250.7471816161872,0.05656523333158749,0.44961415648128233,0,2.0567355566125225
2023-01-18,51,69080,562,Employed,High School,26,16938,12,Single,1,Mortgage,348,0.4736561510858577,2,1,0,Debt Consolidation,0,95,9,6439,6536,20356,6490,5756.666666666667,0.4231008512606552,8,13866,0.1804343434836466,0.18091239930348454,1553.6113016841605,0.06044115092919585,0.3302746427981521,1,0.6537786559093413
2023-01-18,34,20904,493,Employed,Bachelor,12,86818,240,Married,1,Mortgage,204,0.16413243750378317,3,1,0,Home,0,99,11,109,802,30658,125996,1742.0,0.6925793779515774,7,6913,0.2913428951926759,0.25,1821.6293827095867,0.11703958691910499,1.1621511088408414,0,4.4664203418339214
2023-01-20,44,24925,549,Employed,Associate,24,115853,360,Married,0,Mortgage,190,0.21932621659373214,4,0,0,Home,0,95,24,1522,945,145540,19299,2077.0833333333335,0.7058834569737997,4,126241,0.30341502151416766,0.25,2415.0468871963353,0.09143040461964148,1.25358153131315,0,4.322399839300467
2023-01-25,39,53434,581,Employed,High School,17,23397,48,Divorced,3,Own,352,0.34342294611958396,2,1,0,Other,0,97,25,1153,560,87211,11255,4452.833333333333,0.836683313022497,6,75956,0.1830151014569019,0.17446338895662417,680.5363609831411,0.07903304269730195,0.231830938363913,1,1.1615397410150239
2023-01-26,29,7436,490,Unemployed,High School,6,6527,24,Married,0,Mortgage,227,0.6715056110436749,3,2,0,Debt Consolidation,0,98,23,1082,3647,22941,8492,619.6666666666666,0.9623354355135209,1,14449,0.220195963974161,0.23696338415263052,344.10121141436855,0.3657357679914071,0.9201415865967271,0,3.809635431993132
2023-01-27,43,21002,599,Employed,Associate,18,12967,12,Married,1,Own,195,0.22585623994240625,3,2,0,Debt Consolidation,0,94,26,1546,259,722636,112883,1750.1666666666667,0.7913328849326345,9,609753,0.16186756001585387,0.15287351674158364,1172.1384906486321,0.11135433520510135,0.7807015269717134,0,3.422601477731251
2023-01-27,25,43338,616,Employed,Master,1,21485,36,Married,2,Mortgage,264,0.38841668816416336,2,4,0,Debt Consolidation,0,99,13,429,407,32397,22161,3611.5,0.7698526115595372,6,10236,0.16149378920980664,0.16865292308129226,764.5592311057114,0.07307958477508651,0.28472227850677134,1,0.5838267491372684
2023-01-28,54,41436,589,Employed,Bachelor,33,14772,48,Married,0,Own,174,0.36163948968418397,3,0,1,Debt Consolidation,0,99,14,1723,1612,14408,91621,3453.0,0.5759506053222673,5,3292,0.17890013911733038,0.18357200111619437,436.68958813545277,0.05037637521713955,0.17680648179949415,1,4.218807381226779
2023-01-28,34,38345,604,Employed,Doctorate,7,173605,240,Single,3,Mortgage,179,0.075896222555154,4,0,0,Home,0,90,9,2338,894,22876,27326,3195.4166666666665,0.6431300600202957,9,4397,0.23601613591070575,0.24382804724282758,3555.946323878246,0.0560002085668848,1.1684791794597844,1,3.5239805891008156
2023-01-31,42,74214,500,Employed,High School,19,33486,120,Married,2,Mortgage,251,0.09925257850295958,3,0,0,Education,1,98,3,4229,628,84351,41336,6184.5,0.7378910818302468,5,43015,0.24760472814569925,0.2298422168322613,714.7220182972274,0.040578772936706815,0.15612675099785422,1,3.210110114119535
2023-02-03,43,76247,492,Employed,High School,18,16152,72,Single,0,Rent,577,0.5120803258184758,3,3,0,Auto,0,100,22,3521,13157,25678,27785,6353.916666666667,0.9551423385457818,4,6548,0.23542246526747843,0.25,435.08928499999536,0.09079584049095844,0.1592608271810533,0,1.9471879670478591
2023-02-05,36,39964,609,Employed,High School,14,27123,72,Married,3,Rent,183,0.44601708372387094,2,0,0,Auto,0,95,6,615,2035,150656,6686,3330.3333333333335,0.6044267952931596,8,143970,0.17705204355595092,0.18247540865970188,622.4172905349067,0.054932959775865514,0.24177024931005803,1,1.811120171021941
2023-02-05,47,29971,477,Employed,High School,23,19856,24,Married,1,Own,165,0.2548635335832836,5,1,0,Debt Consolidation,0,98,14,537,577,8584,81643,2497.5833333333335,0.7201338710081276,2,7651,0.22697407796719676,0.25,1059.7449069822298,0.0660374212053497,0.49017572903934753,0,2.7555662213805454
2023-02-08,34,16556,505,Employed,High School,10,19538,48,Married,2,Other,151,0.13510841751087188,1,1,0,Auto,0,93,13,225,3630,117102,29748,1379.6666666666667,0.7354093799288025,10,87354,0.2209700419368036,0.2408721291538106,637.9170416869314,0.10936745533558667,0.571402975630322,1,3.7906176404798204
2023-02-11,50,120704,554,Employed,Bachelor,25,214398,300,Single,3,Own,1436,0.12351497971165787,2,0,0,Home,0,92,1,10963,5213,24879,12243,10058.666666666666,0.7556110819801868,5,12636,0.2810688985109972,0.25,4475.838435620535,0.1427482686636403,0.5876773685960969,0,2.3052096245738447
2023-02-13,23,63344,588,Employed,Master,0,104272,240,Married,3,Rent,711,0.061875992837334345,4,1,0,Home,0,95,28,2945,1201,182141,21815,5278.666666666667,0.815922526737708,2,160326,0.2438886919347071,0.24999655869529208,2187.822984268862,0.1346675926510512,0.549054167106925,1,1.6594504429971884
2023-02-14,41,35644,606,Self-Employed,Doctorate,17,112869,180,Single,1,Rent,244,0.349327201144583,3,2,0,Home,0,94,29,1766,6700,19490,32056,2970.3333333333335,0.720961934509033,2,1654,0.2149084979982374,0.24914188287746442,2402.8405899869767,0.08211801660309626,0.8907922111241788,0,3.6092269800160466
2023-02-14,63,69988,627,Employed,High School,41,16484,24,Married,0,Other,930,0.08267720589863614,2,3,0,Debt Consolidation,0,98,14,663,2597,83386,14743,5832.333333333333,0.9158324484544841,0,68643,0.1519275515388765,0.1296106749401886,783.3779969272221,0.15942857142857145,0.29372194233038096,1,0.1322518716734009
2023-02-15,27,43999,610,Employed,Master,6,12821,60,Divorced,0,Mortgage,113,0.12356846390916738,0,2,0,Education,0,97,12,2220,1562,161175,9747,3666.5833333333335,0.6085466787171836,4,151428,0.1723647294311368,0.1840125560373207,328.37419506864245,0.030810479198382222,0.12034469429969119,1,1.4451721327834357
2023-02-16,31,38464,555,Employed,Associate,8,17565,60,Married,3,Own,694,0.24959061674558025,3,0,1,Education,0,100,27,3783,501,24787,7720,3205.3333333333335,0.974069577091715,9,17067,0.19994343012361926,0.1996641129191136,465.0368512326179,0.2164466160723568,0.3614835797585875,0,4.732375466889108
2023-02-20,46,55332,547,Employed,High School,22,23401,180,Divorced,4,Mortgage,552,0.5136024979542286,4,0,0,Education,0,99,26,457,1116,36250,16994,4611.0,0.788821072193565,4,19256,0.24401514419194473,0.21910819937028228,444.39031057687026,0.1196877710320902,0.21604299882412623,1,1.9808006338343618
2023-02-20,42,35555,542,Employed,Master,20,7219,24,Widowed,0,Other,264,0.32938851319588824,6,2,0,Debt Consolidation,0,95,26,1086,452,27036,64304,2962.9166666666665,0.8434210375533286,4,8168,0.19422115255797173,0.18992231777315163,363.8725622092825,0.08907133016560295,0.21183880413055334,1,2.297307381821113
2023-02-21,44,47552,579,Employed,Bachelor,19,8826,24,Married,0,Mortgage,215,0.5200143460082715,3,0,0,Debt Consolidation,0,97,23,516,3852,115317,12064,3962.6666666666665,0.794266089303865,6,103253,0.17577139262125507,0.17606813052195072,438.9551949624672,0.05424270456647885,0.16498743460494505,1,1.195204605269461
2023-02-21,45,52943,617,Employed,High School,20,31311,60,Single,3,Rent,300,0.3849564700105819,4,1,0,Education,0,97,3,1815,203,134768,12546,4411.916666666667,0.8142236931331114,4,122222,0.16908793917240897,0.19147961375365014,814.7758806379118,0.06798224907940704,0.25261657195080617,1,1.1433302076078984
2023-02-24,47,5437,606,Unemployed,Associate,26,7952,36,Single,1,Rent,218,0.5428284799526022,2,3,0,Other,0,98,28,363,1289,5108,16422,453.0833333333333,0.8812587467319101,9,9035,0.1662453261237393,0.18031245510394703,287.60850656019215,0.48008808955771703,1.113470743021161,0,4.003779365498857
2023-02-24,53,67098,631,Employed,High School,32,16657,24,Married,0,Own,650,0.08714471374576882,4,2,0,Other,1,90,14,5125,535,67772,15486,5591.5,0.8059954928060801,5,52286,0.14993016146512383,0.13088938393829358,792.600162663792,0.11622708985248101,0.25795264419558195,1,3.1926369660542187
2023-02-25,44,22361,509,Unemployed,Bachelor,22,7539,24,Widowed,0,Rent,225,0.19522075705304795,3,1,0,Other,0,95,2,1382,405,49975,28794,1863.4166666666667,0.696484367092276,5,21181,0.21073199436525053,0.25,402.36789150579324,0.12068117820587315,0.33649553917979347,1,3.4116943591352467
2023-02-25,37,30969,485,Employed,Associate,14,11171,24,Married,1,Mortgage,151,0.24150575960666268,4,0,0,Debt Consolidation,0,100,23,5880,442,57179,19494,2580.75,0.8803297653336518,3,37685,0.22283029148176628,0.24860313161759726,595.430609073477,0.058487460056163454,0.2891180823369718,1,2.343113465014823
2023-02-26,48,23288,561,Employed,Doctorate,27,10566,24,Single,5,Mortgage,103,0.15854090681423325,3,1,0,Other,0,98,10,1151,265,181122,12945,1940.6666666666667,0.5221342767779718,4,168177,0.18481637280411026,0.18397212816638073,529.5281654214003,0.053047210300429186,0.3257655787578027,1,2.8522925998115505
2023-02-28,62,15000,565,Employed,High School,37,14235,48,Divorced,5,Mortgage,177,0.5193617000203749,3,1,0,Auto,0,97,4,1254,655,80628,25746,1250.0,0.6077620816350562,4,54882,0.19089088231165752,0.2030498941888416,435.4927153358285,0.14148681055155876,0.48960249027644165,0,2.1210976483606334
2023-03-01,38,38558,572,Employed,Associate,15,15277,36,Married,1,Mortgage,400,0.20776054951080536,3,1,0,Debt Consolidation,0,95,7,1152,736,21907,53611,3213.1666666666665,0.7398191339514045,6,8632,0.18340854229102535,0.18564014719739574,556.6321887789892,0.1244490536686544,0.2976299265062969,1,2.452311577430644
2023-03-02,28,26006,579,Employed,Associate,5,5434,12,Married,4,Own,183,0.46380793648622776,1,0,0,Other,0,96,17,450,256,56784,43038,2167.1666666666665,0.7399614793629385,11,13746,0.17165015369988884,0.1757425654897055,497.08872281696864,0.08440310554231686,0.3136699467216398,1,2.4498544197725245
2023-03-02,53,67759,670,Employed,Bachelor,33,7893,36,Married,0,Mortgage,1003,0.23631706651104167,6,0,0,Other,0,97,10,8148,1517,366613,15467,5646.583333333333,0.8950071545204148,6,351146,0.1342434645640557,0.1383362884587423,269.1266777211289,0.17759808767762023,0.22525151071481236,1,0.31947934040767423
2023-03-03,38,44326,532,Employed,Associate,18,9999,24,Divorced,3,Mortgage,318,0.13362676495075745,6,0,0,Debt Consolidation,0,94,24,8020,424,88732,39843,3693.8333333333335,0.8522621357730407,7,48889,0.19930258509299406,0.19289317122259136,505.4423917060322,0.08606612837746402,0.22286320313213012,1,2.2288557516522776
2023-03-03,18,18310,500,Employed,Bachelor,0,15193,60,Divorced,0,Rent,161,0.2205960183377443,0,1,0,Auto,0,97,2,1935,205,17442,22169,1525.8333333333333,0.9006298298003108,4,6639,0.22740716397301577,0.2120982128515852,412.81695333893697,0.10544700360222684,0.37582160463198583,0,2.6357326152668517
2023-03-05,50,19854,589,Employed,Master,32,138689,180,Divorced,3,Mortgage,225,0.5501399582104869,1,0,0,Home,1,97,24,1181,85,24813,13610,1654.5,0.6180120426546175,4,11203,0.2234599991264126,0.22663771902911292,2712.8398572343435,0.1359106010268801,1.7745936920775256,0,6.801905140207961
2023-03-05,33,59982,624,Employed,Master,8,18546,36,Married,1,Own,779,0.3646063958665985,4,2,0,Auto,0,95,24,1181,734,77405,3612,4998.5,0.9013346074422942,6,73793,0.15745701583247235,0.17845969625272304,669.0501635910143,0.1558155815581558,0.28963899661786463,1,1.0414950210352716
2023-03-06,38,51457,587,Employed,Master,16,11903,36,Married,0,Own,185,0.11984160540885648,1,2,0,Debt Consolidation,0,95,25,8411,1619,25730,29891,4288.083333333333,0.8946974957841762,5,2788,0.17584615743926824,0.1661468302970005,422.09533678067095,0.04313275952515107,0.14154430902811505,1,1.4468449698970947
2023-03-06,43,41633,572,Employed,Master,14,222145,300,Married,4,Mortgage,168,0.4167708221046137,5,1,0,Home,1,93,20,3878,829,20346,19262,3469.4166666666665,0.8065505409370984,4,1084,0.2720777725255875,0.25,4637.567184772823,0.04840917276984032,1.3847234053853734,0,5.520359525124081
2023-03-06,42,17933,525,Employed,Bachelor,15,26042,72,Divorced,0,Own,137,0.39117401352201575,3,1,0,Auto,0,100,15,7090,2114,76800,49047,1494.4166666666667,0.8818570393452712,0,27753,0.21904187607426498,0.2082059138504519,636.2283300599023,0.09161326274728336,0.517065475660007,0,2.7003520162171304
2023-03-09,48,82460,617,Self-Employed,Master,26,9035,60,Married,5,Mortgage,2826,0.22397372885888678,3,1,0,Education,0,98,12,1356,21591,175074,135976,6871.666666666667,0.8698097726809944,5,39098,0.16877724296939697,0.14433394220545193,212.2642102037884,0.4111941022407605,0.44207937872787684,0,1.0627955725455158
2023-03-10,34,110092,600,Employed,Associate,12,39271,36,Single,0,Rent,682,0.22932521396885408,4,2,0,Education,0,97,1,13613,1328,26924,9835,9174.333333333334,0.7018881366963341,7,17089,0.16964456676893447,0.20676506976070472,1473.0229279759865,0.07432972462399186,0.23487135013906701,1,1.576249897636371
2023-03-12,46,58604,585,Employed,Associate,22,3877,24,Married,0,Other,389,0.3661856329071347,3,1,0,Other,0,98,10,5296,489,20384,5856,4883.666666666667,0.7333250965256654,3,14528,0.17256576870895066,0.16384423093752187,190.54288087920554,0.07963695919202947,0.11864532841801669,1,2.331100939953591
2023-03-14,36,24326,574,Employed,Associate,10,14288,24,Married,3,Other,234,0.2407643186198668,4,2,0,Debt Consolidation,0,88,24,901,1445,35879,7209,2027.1666666666667,0.9867077002045513,10,28670,0.17839181132236726,0.17856315824823354,712.3240195519228,0.11537513353603418,0.4665908552314518,0,2.737397013273479
2023-03-14,48,49162,596,Employed,Associate,29,19373,48,Single,2,Other,565,0.3844234212708207,3,0,0,Debt Consolidation,0,100,9,10035,1319,60515,32639,4096.833333333333,0.7794542758938259,9,27876,0.17546792180999657,0.16294552309350796,551.9631790572375,0.13787774026924798,0.2725740868891457,1,2.6461554256744853
2023-03-14,47,21698,517,Employed,High School,28,18841,180,Married,1,Mortgage,175,0.22477137442588835,4,2,0,Education,0,89,27,1693,1297,122815,15799,1808.1666666666667,0.800130822097093,6,107016,0.2589609609249022,0.2456871512565371,396.0631297230346,0.09672961768770151,0.3156498183637224,1,3.003522856193999
2023-03-15,28,115961,593,Employed,Doctorate,7,29039,24,Single,0,Other,1466,0.3437474904187651,2,2,0,Debt Consolidation,0,99,14,2371,3317,131185,25441,9663.416666666666,0.4229938744268001,6,105744,0.16906910736723468,0.19896993934336946,1476.5023711997371,0.15169047968061533,0.3044676644942948,0,0.8735160445554007
2023-03-16,53,55651,515,Employed,Associate,29,124507,300,Single,2,Mortgage,216,0.25254768216613144,3,1,0,Home,0,97,9,2580,879,32866,18519,4637.583333333333,0.8351727766875677,3,14347,0.30043303131246263,0.25,2599.2463367373102,0.046565941469198575,0.6069194265642838,0,3.015104119827681
2023-03-19,33,15000,500,Employed,High School,10,190447,240,Single,1,Other,110,0.612879957101534,4,2,0,Home,0,93,22,346,272,72898,54777,1250.0,0.7266245196060749,5,18121,0.2880392836176019,0.25,3995.989898971327,0.08792965627498002,3.0,1,8.128195037114578
2023-03-19,49,47868,590,Employed,Bachelor,24,16991,36,Married,1,Mortgage,604,0.46970047190451414,4,1,0,Other,0,97,24,1563,1416,10394,22663,3989.0,0.6218087237412829,4,4223,0.17443512448101042,0.17016817615926777,605.9177152293331,0.15137844611528822,0.303237522613868,1,2.19421086722539
2023-03-20,44,67900,634,Employed,High School,24,7444,36,Single,2,Mortgage,482,0.1038791854699086,3,0,0,Debt Consolidation,0,98,24,7163,1055,42249,7349,5658.333333333333,0.7612746051685039,8,34900,0.15222882448627956,0.15838761836445214,261.11677062647686,0.08516904229002238,0.13130818187533458,1,0.7349962994474561
2023-03-24,62,34473,641,Employed,High School,44,10095,48,Married,2,Own,129,0.35703946156784805,3,1,0,Debt Consolidation,0,95,21,4838,2240,23733,9829,2872.75,0.847019549138877,1,13904,0.15280497364619527,0.13571583972289866,273.69620174934795,0.04488908220965637,0.14012916981273527,1,1.88540880907081
2023-03-24,37,37096,526,Employed,High School,13,12611,36,Divorced,4,Mortgage,135,0.019794118885707715,5,1,1,Auto,0,100,20,2415,193,14127,54315,3091.3333333333335,0.7956593236863124,5,7268,0.20636060100516626,0.2123835411933127,476.66500664585527,0.04365635442492185,0.1978004764403973,1,3.4761646568759215
2023-03-25,35,3598,568,Unemployed,Associate,14,12036,60,Divorced,2,Other,107,0.29649345466771276,3,0,0,Auto,0,92,10,422,1107,187863,12647,299.8333333333333,0.7169077294514453,4,175216,0.19334893512959492,0.21352663663438187,328.0065101496734,0.3556786703601108,1.446005019888111,0,4.947360379916447
2023-03-25,39,58813,610,Employed,Associate,21,44741,60,Divorced,1,Mortgage,415,0.31110335262978506,5,1,0,Education,0,93,10,4495,173,16911,40718,4901.083333333333,0.8482584852975243,3,7438,0.17267716698419294,0.20146220409396204,1189.0058840636286,0.08465788355291118,0.3272090201234772,0,1.5374100667777943
2023-03-26,36,31936,621,Self-Employed,Bachelor,13,171784,240,Married,1,Own,284,0.10713318722180647,4,0,0,Home,0,93,11,3435,708,165815,24067,2661.3333333333335,0.8093746763934999,5,141748,0.2275134997434735,0.21947486780131698,3182.944162496828,0.10667334418429948,1.3022201687104649,0,4.189533206309573
2023-03-27,49,15000,599,Employed,Bachelor,25,14894,48,Divorced,1,Mortgage,136,0.43602838780857617,3,0,0,Auto,0,92,18,124,236,462975,52112,1250.0,0.8925295296043338,6,410863,0.17390219521628683,0.15491603518942454,418.2321702641528,0.10871302957633892,0.44303131116239225,1,2.3454951106086335
2023-03-27,20,29640,589,Employed,Associate,0,11119,48,Married,0,Mortgage,253,0.4137193958556924,3,1,0,Auto,0,97,3,1738,124,20795,89197,2470.0,0.6462602920985782,4,8382,0.17882912514195112,0.16829819963306827,319.8610777204219,0.10238769728854714,0.23183370203173692,0,1.0739842429248334
2023-03-27,27,71927,455,Employed,Associate,5,15123,180,Widowed,1,Mortgage,408,0.3927705980816362,10,0,0,Education,0,100,27,3103,176,58103,10571,5993.916666666667,0.9631528463848328,4,47532,0.2899060095412527,0.25,322.95603850278,0.06805765996191217,0.12192930763609948,1,1.3563972299226128
2023-03-28,27,34061,537,Employed,Associate,5,22453,120,Single,3,Mortgage,443,0.3969042089955384,4,1,0,Education,0,99,12,4613,218,76238,68304,2838.4166666666665,0.6213251728743039,6,7934,0.2290048060127547,0.25,510.7899215363611,0.15601796143574093,0.3359105173725922,1,2.126448804439302
2023-03-31,51,173299,518,Employed,Bachelor,29,33759,12,Single,3,Rent,3612,0.3476393177383634,4,1,0,Other,0,96,3,13151,3443,200019,8235,14441.583333333334,0.7483477962090193,4,191784,0.20260675798717748,0.2095463975716468,3142.692999140784,0.25009376208088346,0.46769285267345645,1,1.7201908885960886
2023-04-01,60,72877,640,Employed,High School,40,20006,12,Single,2,Other,423,0.37385041356199034,3,2,0,Debt Consolidation,0,100,12,6173,766,113642,51849,6073.083333333333,0.9105439785622195,6,61793,0.14147595937282512,0.14567096024323725,1801.6236118597044,0.06964013774369247,0.36624845096402,1,1.6015677345704262
2023-04-02,38,47703,598,Employed,High School,17,11980,24,Divorced,2,Mortgage,428,0.06130228354043294,1,4,0,Debt Consolidation,0,100,22,1537,323,63265,13876,3975.25,0.8207515227113523,5,49389,0.16634776933516,0.17792630839569099,596.8910813477927,0.10763910719899403,0.25775317984226165,1,1.690537041092913
2023-04-02,37,41741,610,Employed,Bachelor,13,23665,60,Married,1,Rent,359,0.49124758586656886,5,1,0,Education,0,94,23,2182,3098,58851,2557,3478.4166666666665,0.6720975959117013,6,56294,0.1725179486744861,0.16681203156538357,584.087281175862,0.10317821473906066,0.27104752650373254,1,1.1191282305994603
2023-04-03,40,50764,555,Employed,Associate,17,28830,60,Married,2,Mortgage,384,0.336204549221138,5,2,0,Education,0,96,22,6807,284,25582,169828,4230.333333333333,0.7466435520590294,6,3607,0.2000673016190304,0.17171019202425722,719.1535250151131,0.09075153615881519,0.260710617224306,1,1.859074812567166
2023-04-04,53,42915,631,Employed,High School,30,224721,180,Married,3,Rent,420,0.08813900011451616,0,0,0,Home,0,97,11,2099,1625,152625,19765,3576.25,0.8685562291022274,9,132860,0.20258065484042573,0.20530230245722053,4035.076375578628,0.11740862394297295,1.2453913971846051,0,3.1111585618752042
2023-04-04,28,32681,511,Employed,High School,7,104261,360,Divorced,2,Rent,293,0.29973152799396086,1,1,0,Home,0,94,14,2031,257,114547,46473,2723.4166666666665,0.9226081247404507,11,68074,0.3223886655602376,0.25,2173.402531708088,0.10754595785030435,0.9052956406722252,0,3.7257233001509613
2023-04-05,42,81589,590,Employed,Master,20,32594,120,Divorced,0,Mortgage,455,0.2182070088712344,1,1,0,Education,0,94,17,916,509,162986,17164,6799.083333333333,0.7365643857835509,5,145822,0.20259797854533967,0.1785094446123637,584.171503831166,0.06691094471881473,0.1528174660356367,1,1.2920724072448007
2023-04-06,51,35705,630,Employed,Master,33,14052,60,Married,2,Mortgage,487,0.1548879505423884,2,1,0,Auto,0,99,23,1740,374,48260,52268,2975.4166666666665,0.7353173264634566,6,6675,0.16238764779377518,0.16198562081853415,343.2016288632024,0.16361956491306662,0.2789265488803211,1,2.0346998542586885
2023-04-06,46,29582,594,Employed,Bachelor,23,12552,24,Married,2,Rent,231,0.7103159760429829,2,0,0,Debt Consolidation,0,99,12,206,1055,86207,10548,2465.1666666666665,0.9176891839368718,5,75659,0.16835942873995455,0.18214091744440705,627.9465316136897,0.09366763533148612,0.34829216663392165,1,2.2140168675566985
2023-04-10,42,35443,491,Employed,Associate,17,21458,180,Married,0,Own,134,0.32373846690207664,4,0,0,Education,0,93,29,717,112,124652,13806,1918.5,0.9431648615819405,9,110846,0.27199347485419406,0.21395476750325557,399.1691272356514,0.0698098463141443,0.2777645882967707,1,2.8218455346848987
2023-04-10,52,30234,566,Unemployed,Bachelor,32,5949,24,Married,0,Own,724,0.19803238097994189,4,2,0,Debt Consolidation,0,98,25,1681,773,17798,40420,2519.5,0.9194204723017558,5,8259,0.1821727866246349,0.21024923649258287,305.7660697030549,0.2872445943265225,0.4085562664959551,0,1.3525841546606616
2023-04-10,18,59332,493,Employed,Doctorate,0,12630,12,Divorced,3,Other,395,0.09457401265758757,4,1,0,Other,0,98,24,6668,435,218543,19787,4944.333333333333,0.8969310262529034,3,198756,0.21486097734719348,0.20931806535989336,1175.6136399162888,0.07987328120787275,0.3175951010884919,1,1.1643258290763987
2023-04-11,48,71043,592,Employed,Doctorate,25,144357,240,Married,2,Mortgage,570,0.2866006645642979,3,2,0,Home,0,93,27,1365,624,116764,8513,5920.25,0.7053296814011321,4,108251,0.24197001290110187,0.21057185797450773,2572.6857713776044,0.09626345788473717,0.5307470164876681,1,1.8212048867177015
2023-04-12,32,19207,549,Employed,High School,7,16319,36,Married,3,Rent,176,0.20298100816358328,3,1,0,Auto,0,97,21,1456,550,15916,34027,1600.5833333333333,0.9363669718697168,7,6317,0.19492503665712954,0.21335036812426145,617.6302008109338,0.10989125344710964,0.49552850875337984,1,2.673317325645432
2023-04-13,18,66052,453,Employed,Master,0,9445,36,Single,0,Rent,437,0.23978354948419922,5,3,0,Debt Consolidation,0,98,4,14970,11146,26116,31347,5504.333333333333,0.8750224696810891,4,3916,0.24278833666261404,0.25,375.53155563735925,0.07937757326229111,0.1475898926442285,1,2.4854353550717176
2023-04-16,46,38406,518,Employed,High School,25,20978,60,Single,0,Rent,339,0.24932986334202856,5,1,0,Auto,1,98,5,1056,296,79509,18858,3200.5,0.6749341838539973,7,60651,0.218487819304093,0.22342666285038135,583.4840449497138,0.1058878650632516,0.2881411978602886,1,3.7256524214091655
2023-04-19,56,53555,567,Employed,High School,37,163292,300,Single,0,Mortgage,247,0.17256279304955513,0,0,0,Home,0,96,29,595,2112,576109,11562,4462.916666666667,0.7019618125924871,5,564547,0.27450082535303716,0.25,3408.933897841157,0.05533257415946385,0.8189968968598929,1,2.862112474503721
2023-04-22,38,23668,537,Employed,Bachelor,15,15597,24,Married,1,Rent,225,0.29200746715787,3,2,0,Debt Consolidation,1,97,3,1650,332,54740,19872,1972.3333333333333,0.9612550999313149,4,34868,0.19691372449497263,0.1616019682736217,764.8720223364892,0.11402027027027027,0.5016243356434912,0,4.459390959261007
2023-04-22,51,57526,567,Employed,Associate,24,13305,24,Married,1,Mortgage,168,0.039031151729063567,5,3,0,Other,0,97,25,911,687,141497,50336,4793.833333333333,0.9382210456349152,7,91161,0.18187399258507544,0.19983284656968492,677.0600138429306,0.03503771420626369,0.17624387650101095,1,1.3067205610589339
2023-04-23,59,49378,659,Employed,Master,36,8821,60,Divorced,3,Mortgage,182,0.16931909598219005,3,0,0,Debt Consolidation,0,97,15,1136,2767,47172,15508,4114.833333333333,0.6317176593621003,5,31664,0.14777125097016622,0.13877897151963667,204.69127560830145,0.044219477627050016,0.09395212203481712,1,1.4027949477596398
2023-04-23,55,25307,595,Employed,High School,33,31283,84,Married,2,Rent,445,0.15488706554835854,4,3,0,Education,0,99,5,3325,209,64674,4326,2108.9166666666665,0.8161288143809978,1,60348,0.18808771551593037,0.17625761711131668,650.6569004989296,0.21090880366523165,0.5192891822736742,0,2.789264135677532
2023-04-23,59,84380,600,Employed,Bachelor,36,33308,36,Single,5,Rent,318,0.12050874567839225,3,1,0,Auto,0,94,23,28771,510,159780,18295,7031.666666666667,0.9597743927891715,6,141485,0.1696033957274306,0.19198803891280034,1224.2892481324538,0.045217556166461274,0.21930361856087596,0,1.0055617567175437
2023-04-26,48,24439,651,Employed,Master,26,17244,180,Single,0,Rent,64,0.26966821611317476,6,0,0,Education,0,94,23,468,743,196072,21051,2036.5833333333333,0.8131330414385819,6,175021,0.19193881938134275,0.1711149373236099,266.7496886997459,0.03140975829209439,0.16232449651944506,1,1.2229266600792166
2023-04-26,40,11183,495,Unemployed,Master,19,15949,48,Divorced,0,Mortgage,87,0.43899471369472837,1,1,0,Auto,0,93,17,427,1621,28646,26582,931.9166666666666,0.8510770947013824,4,2064,0.22591930352705322,0.25,528.8230379357092,0.09325591782045556,0.6601050875594918,0,2.8607316952988815
2023-04-29,20,50942,542,Employed,High School,0,21134,120,Married,0,Mortgage,858,0.31180497452073896,5,1,0,Education,0,99,22,1712,2070,50305,25968,4245.166666666667,0.7908548140423068,3,24337,0.22648967142825022,0.23676280805065122,461.2025822354622,0.20206460729285236,0.3106808295094702,1,2.650837328546035
2023-04-29,37,26663,528,Employed,Associate,14,141711,360,Married,1,Mortgage,76,0.20508733903446646,3,2,0,Home,0,96,29,804,125,25527,41996,2221.9166666666665,0.8666040825116433,1,9201,0.31396538802701235,0.25,2954.077230900192,0.034189315838800374,1.3631087824105832,0,5.1749543757669185
2023-04-30,29,29207,542,Employed,Bachelor,6,6174,12,Married,0,Own,127,0.1736750206143508,2,1,0,Other,0,95,4,10536,303,85047,19534,2433.9166666666665,0.8605563619378002,5,65513,0.19018206604037405,0.17149390104462325,563.5359424235643,0.05215784249974332,0.28359736161685106,1,2.4005164099952436
2023-05-01,66,41418,634,Self-Employed,High School,45,16859,48,Single,2,Rent,141,0.5587129773586738,6,2,0,Debt Consolidation,0,100,19,1271,2118,72507,18787,3451.5,0.9110602818199153,6,53720,0.15643317480788899,0.17106675026196064,487.39810357577767,0.04083997103548154,0.18201248474316514,1,1.4255330083210018
2023-05-01,37,71152,641,Employed,Doctorate,12,9021,48,Single,0,Own,438,0.1542315275421499,6,0,0,Debt Consolidation,0,96,13,2519,6639,22880,28453,5929.333333333333,0.8285630964737221,6,8392,0.15277685532949212,0.1592800262339557,255.32515838547798,0.0738575684334776,0.11691166742490214,1,0.4204786343413571
2023-05-03,41,46362,559,Employed,Master,17,8307,24,Married,0,Own,263,0.1113872877801124,2,0,0,Other,0,90,3,12180,1118,60122,3993,3863.5,0.8812447159964799,7,56129,0.185756243546249,0.18485365292482495,416.67027224584507,0.06805537585716134,0.1758753453864265,1,2.35046592182589
2023-05-03,46,58775,586,Employed,High School,25,183215,360,Married,1,Mortgage,326,0.5539401806896643,4,0,0,Home,0,94,14,5460,632,169018,14427,4897.916666666667,0.7740081308790464,3,154591,0.2850296052659133,0.25,3819.2607479968287,0.06654532464660554,0.8461586571174229,0,2.8561386719001685
2023-05-03,40,119850,454,Employed,High School,15,208388,360,Married,1,Other,2141,0.39848602831500246,0,2,0,Home,0,97,22,16765,11934,75916,14610,9987.5,0.8382989650271193,3,61306,0.3510617904510897,0.25,4344.0117280439,0.21434649847324422,0.6492478077833408,1,1.9928113202202882
2023-05-04,60,35007,547,Employed,High School,38,12407,60,Married,3,Mortgage,135,0.532594929249909,2,2,0,Debt Consolidation,0,98,17,738,623,23045,17814,2917.25,0.6822150283879177,1,5231,0.20385652417621408,0.1669179940282315,306.29358032582206,0.04626060138781804,0.1512185660330068,1,2.1217469425399687
2023-05-04,32,16808,596,Employed,Master,11,4908,36,Widowed,3,Mortgage,153,0.26083831442000704,1,4,0,Other,0,94,21,526,179,82527,6939,1400.6666666666667,0.936320906665252,4,75588,0.1711247063835145,0.15326874121185227,170.9241137927825,0.10915576694411415,0.2310992488414619,1,1.8023851208602748
2023-05-07,42,70065,529,Employed,High School,21,26748,180,Divorced,0,Mortgage,586,0.1261466767257025,4,1,1,Education,0,95,4,1292,619,36340,24567,5838.75,0.8274266033408734,3,11773,0.25304856309211193,0.25,571.2112753998783,0.10034676141958132,0.19816109857440445,1,3.3215117155281924
2023-05-09,31,149944,570,Self-Employed,Associate,12,319588,240,Married,3,Mortgage,617,0.2738449253180903,1,0,0,Home,0,95,10,17438,871,71788,16717,12495.333333333334,0.823848287352423,4,55071,0.2531686977685649,0.24049468299784288,6460.1408236806365,0.049374483181733306,0.5663373915292995,0,1.6448438249535482
2023-05-09,24,44114,540,Employed,Associate,1,16654,12,Married,2,Mortgage,397,0.1182379545529086,1,0,0,Debt Consolidation,0,98,24,7839,14404,22243,5146,3676.1666666666665,0.60359718011482,5,17097,0.19143011643765695,0.2066837764703253,1548.0673978165228,0.10796355889951503,0.5289581827901526,0,2.220238304167803
2023-05-09,32,29978,586,Employed,Bachelor,13,128615,360,Married,1,Mortgage,173,0.01898638167860987,1,0,0,Home,0,100,9,858,2383,115105,12622,2498.1666666666665,0.8979344125236153,3,102483,0.28494114662496073,0.25,2681.0808127260984,0.06922307435811938,1.1420129960891359,0,3.9556752675038216
2023-05-09,39,39077,502,Employed,High School,19,24735,84,Single,0,Rent,332,0.27422493569312895,2,4,0,Education,0,94,24,1416,389,151432,23400,3256.4166666666665,0.5893000072562713,8,128032,0.23452900373784677,0.2474054694450065,621.9859735681238,0.10192125661950933,0.2928658109140036,1,2.2253415273977746
2023-05-11,34,22688,493,Self-Employed,High School,16,147079,180,Widowed,2,Own,152,0.2132437025919356,3,1,0,Home,0,100,23,859,2461,15673,66005,1890.6666666666667,0.7367638436241772,3,6162,0.27147468298385374,0.25,3140.9145795774893,0.08035242290748898,1.74074779537136,0,5.523832580792031
2023-05-12,31,67454,533,Employed,Master,9,22495,24,Married,0,Rent,170,0.061736126256967866,1,4,0,Other,0,97,19,749,2207,79554,100834,5621.166666666667,0.7918944791038031,8,6336,0.1990052731986526,0.2285205851975018,1176.485936195872,0.03023745293925829,0.23949591252409308,1,2.2903604108343703
2023-05-12,23,19560,599,Employed,Master,1,15998,48,Divorced,0,Other,310,0.05939050892965112,6,0,0,Auto,0,96,8,520,603,26053,19394,1630.0,0.7809953583583508,4,6659,0.17392007037481716,0.18843353038409488,477.0206928129584,0.1900674432863274,0.48253874482707443,0,2.4946319497264975
2023-05-13,39,40442,514,Employed,Bachelor,17,16251,24,Widowed,0,Mortgage,804,0.5731473509295725,5,3,0,Debt Consolidation,0,96,1,4573,378,131439,68888,3370.1666666666665,0.6812813310449067,1,62551,0.20842399281427693,0.20058101251733002,827.5690222776806,0.23849310327779702,0.4839775613618473,0,3.126993614613089
2023-05-13,21,17977,502,Employed,High School,1,135378,240,Married,1,Own,147,0.10248842930335303,1,0,0,Home,0,93,20,390,206,92533,59609,1498.0833333333333,0.8741084012849163,6,32924,0.2869539583828549,0.25,2840.5231930297687,0.09805992551003391,1.9929000120271958,0,6.826542118378725
2023-05-14,49,54444,612,Employed,Associate,29,28955,60,Single,2,Mortgage,245,0.38542860311744903,1,0,0,Auto,0,94,3,3118,1001,193893,38064,4537.0,0.7283358886453514,4,155829,0.17156838317885323,0.10775863627527732,626.3201416678919,0.05398854120758043,0.19200531989155836,1,0.7222228085895426
2023-05-15,40,39260,535,Employed,Bachelor,17,18071,24,Married,3,Rent,588,0.38029497168236104,2,1,0,Other,0,93,27,553,105,222575,9406,3271.6666666666665,0.9053860383670151,1,213169,0.19795052976453698,0.1909813749802617,911.7959837306089,0.17966999388877572,0.45827948168586546,1,3.026169485975993
2023-05-17,22,48330,506,Employed,High School,1,160504,240,Married,2,Other,878,0.3800065792205744,3,1,0,Home,0,93,19,2184,570,42945,41253,4027.5,0.8238372520197966,8,1692,0.2849965200934287,0.25,3367.7210076530155,0.217947126722105,1.0539210643299033,0,4.662822210113356
2023-05-17,36,47763,586,Employed,Master,13,20143,180,Married,4,Own,310,0.44248357828615387,3,2,0,Education,0,98,18,1419,921,67063,11326,3980.25,0.644507544491115,10,55737,0.22447766543907102,0.19959555463012318,353.16907420026,0.07786499215070644,0.16657307986191772,1,1.8061019946864445
2023-05-22,30,26548,491,Employed,Bachelor,9,25130,36,Single,3,Mortgage,168,0.06350556561203057,3,1,0,Auto,0,100,23,408,1888,362878,51257,2212.3333333333335,0.8160193162994385,5,311621,0.2240329643557055,0.25,999.1644248985536,0.07590361445783132,0.5273333245023585,1,2.8989357648371787
2023-05-23,43,65051,590,Employed,High School,20,13664,12,Married,0,Mortgage,441,0.10162862858188224,2,1,0,Debt Consolidation,0,94,14,7483,674,8157,18135,5420.916666666667,0.8177184080964974,6,3176,0.16638064827459054,0.1652899027235502,1243.1695134997565,0.08133655072775617,0.31062253757123215,1,2.094907836566448
2023-05-23,56,56315,628,Self-Employed,Master,31,103696,120,Divorced,1,Other,172,0.24119779640532782,5,3,0,Home,0,96,14,6853,2435,17228,19107,4692.916666666667,0.9259866075809849,4,3701,0.18388730711604864,0.17077968527642254,1807.3385342629783,0.03664317290109539,0.42168165198138974,1,1.6158579973672968
2023-05-24,18,31526,558,Self-Employed,Doctorate,0,12472,24,Widowed,1,Mortgage,192,0.48067466650940754,1,3,0,Auto,0,99,10,624,77,160324,40319,2627.1666666666665,0.6036632686904937,3,120005,0.18635783039678142,0.199953334822099,634.7440187782578,0.07305472763016045,0.31457062037348893,0,3.7637627601592465
2023-05-24,41,159191,507,Employed,High School,19,19147,24,Single,2,Mortgage,2377,0.12078649839947286,1,0,0,Debt Consolidation,0,93,3,6693,9818,23132,109790,13265.916666666666,0.7515598314948738,4,5505,0.21196498838762812,0.23867398325446698,1011.0561435525747,0.17916747799978644,0.2553763039806467,1,2.0144284049528354
2023-05-24,38,50074,587,Employed,Bachelor,15,10328,36,Divorced,2,Own,325,0.1844963855988465,6,0,0,Auto,0,92,23,2731,390,303960,35040,4172.833333333333,0.7495691724310584,8,268920,0.17581067768800168,0.1910224408354674,379.1174860499211,0.07786607035898256,0.16869803603000946,1,0.43269907560747933
2023-05-25,48,48940,607,Employed,Associate,26,130901,300,Single,2,Own,205,0.15423750935090255,1,0,0,Home,0,91,2,416,1070,25372,142671,4078.3333333333335,0.7609721940809373,6,6881,0.25444555105765504,0.25,2732.7294427241095,0.0502533093642752,0.7201493976280706,0,2.181278487420138
2023-05-26,42,98710,553,Employed,Associate,19,24699,24,Divorced,0,Rent,893,0.13849876855377144,4,0,0,Debt Consolidation,0,97,19,1274,2845,107686,9413,8225.833333333334,0.7114842374796743,3,98273,0.18902863963065403,0.14658939863391807,1193.573304145949,0.10854723364599582,0.25363019032993034,1,1.8705647084672774
2023-05-26,30,106018,591,Employed,High School,8,52594,36,Single,2,Mortgage,536,0.3753648650008349,2,0,0,Education,0,94,28,20026,2511,77512,13432,8834.833333333334,0.6856619880634396,3,64080,0.17421759408429335,0.16904032564569885,1872.608547745839,0.060662076770725264,0.27259551610817756,1,0.9540878074578377
2023-05-27,36,48662,538,Employed,Bachelor,14,222001,300,Widowed,0,Rent,332,0.4067881911362643,5,0,0,Home,0,92,19,875,839,53521,17581,4055.1666666666665,0.5431901114494189,11,35940,0.2890776104174557,0.25,4634.560996586695,0.08185068003451534,1.2244469729021725,0,3.5302961418255014
2023-05-27,30,64681,578,Employed,Doctorate,7,27779,60,Married,0,Rent,242,0.4571739390435635,3,0,0,Education,0,94,7,11879,358,87724,13191,5390.083333333333,0.9072391694010081,3,74533,0.18855801790407709,0.1752178703907586,698.1973536173804,0.04488893697927133,0.1743985940273069,1,1.4960820371392682
2023-05-30,52,36175,601,Self-Employed,Bachelor,31,6215,12,Married,1,Mortgage,152,0.10969166538769656,3,0,0,Other,0,99,26,491,285,76659,51183,3014.5833333333335,0.7050015968668853,2,25476,0.16068372047301188,0.1790838280440902,569.5202054626346,0.05040484151767209,0.23926389215883093,1,1.8298980313811528
2023-06-01,40,44722,517,Employed,High School,20,226861,360,Single,2,Mortgage,456,0.22068118546647017,4,0,1,Home,0,95,4,4510,2325,104996,12631,3726.8333333333335,0.9242330125171134,5,92365,0.319583024295521,0.25,4729.0959394771635,0.12232306523002637,1.3909140983083552,1,6.318419174605052
2023-06-02,62,51373,654,Employed,Bachelor,42,27761,120,Single,0,Mortgage,384,0.3950650959703054,4,1,0,Education,0,99,12,1963,542,272232,12532,4281.083333333333,0.5651231185082327,4,259700,0.17055785586453379,0.19200495449201568,521.8642825470199,0.08967597547922546,0.2115475603885227,1,1.2800026981540915
2023-06-05,39,57806,608,Employed,Associate,20,7438,24,Married,1,Own,276,0.30870671904095415,0,3,0,Debt Consolidation,0,98,26,2543,1000,120903,5416,4817.166666666667,0.8183019265043365,5,115487,0.16122862292754783,0.1306542092559394,353.84467915127493,0.05728319900377045,0.13072289165684214,1,2.5502158117739455
2023-06-07,31,8872,615,Unemployed,Master,11,130813,360,Divorced,1,Other,171,0.12734318143078824,6,2,0,Home,1,97,7,5721,73,185922,21814,739.3333333333334,0.55286378714692,6,164108,0.27044538293647913,0.25,2726.8998511459713,0.2309770373705538,3.0,0,8.702938052797107
2023-06-10,21,68375,618,Employed,Associate,0,236484,300,Married,0,Mortgage,356,0.7350960049831421,2,1,0,Home,0,96,3,1018,3097,44608,67999,5697.916666666667,0.8329620383734649,5,3371,0.24909341001498891,0.23379635813458724,4621.5759166792095,0.062468012926433385,0.8734249345657875,0,2.032958282463598
2023-06-10,18,38978,521,Employed,High School,0,11132,48,Divorced,2,Rent,186,0.23869622572035332,1,1,0,Auto,0,98,26,3687,200,14248,39033,3248.1666666666665,0.9851965173106183,5,9909,0.2128294172374322,0.1764261101430878,324.92725138376653,0.05724544755065401,0.15724870522198509,0,1.6952705710768488
2023-06-11,20,19365,595,Employed,High School,0,10246,36,Married,0,Mortgage,288,0.20494463249064837,3,1,0,Debt Consolidation,0,97,25,1757,929,23783,169933,1613.75,0.7440400463758369,6,2883,0.17180868506469993,0.17692863588969826,368.84070803659824,0.17835578262888993,0.40677548105688077,0,2.7643016771122886
2023-06-13,43,32291,599,Employed,Bachelor,20,230695,180,Widowed,3,Rent,337,0.0924638225876253,3,0,0,Home,0,97,2,48256,214,315293,65941,2690.9166666666665,0.6649714676446264,0,249352,0.21858721402636916,0.212715062153507,4270.014793285058,0.12518961087205524,1.711425487398096,0,5.023957809731043
2023-06-14,46,34279,554,Employed,High School,27,11987,24,Married,1,Mortgage,239,0.16415486384050731,2,2,0,Debt Consolidation,0,90,12,609,1815,407761,68705,2856.5833333333335,0.7297238116439178,3,339056,0.18834791535710912,0.17972950191532522,598.2835535759004,0.08363710594616663,0.29300407229042036,1,1.7588095046465209
2023-06-16,21,34322,518,Employed,Bachelor,0,7341,24,Single,1,Rent,260,0.25110227526435785,3,1,0,Debt Consolidation,1,95,27,957,665,19657,150810,2860.1666666666665,0.6660995241738136,9,9135,0.20622534164101422,0.17292698250650185,363.9889471540195,0.09087202190248733,0.21808898951034644,0,3.4191289628361905
2023-06-16,50,84653,629,Employed,High School,26,31442,72,Married,3,Mortgage,595,0.1356473396443543,0,0,0,Auto,1,92,29,9990,929,27543,41788,7054.416666666667,0.8815927522832745,7,10686,0.16708898291545957,0.15146444840545106,667.344608734385,0.08433236874741629,0.178918505932943,0,2.791966610547292
2023-06-17,34,17627,528,Employed,Associate,13,27269,120,Married,3,Other,205,0.07199620001173883,2,1,0,Education,0,93,19,753,1676,43915,6823,1468.9166666666667,0.8429179457235974,7,37092,0.2335533856189599,0.19579638865107957,519.4112105013202,0.13946368841771076,0.4928246797446477,1,2.185374242058929
2023-06-18,41,38892,634,Employed,Associate,18,10885,36,Widowed,3,Own,184,0.2033950200424838,1,2,0,Other,0,99,28,1277,697,59937,40841,3241.0,0.6034001108522286,3,19096,0.15232380820974856,0.17098766168895668,388.61519511295137,0.0567550894509562,0.1766240577152842,1,1.6957718981375052
2023-06-19,59,125418,610,Self-Employed,Master,38,145584,300,Married,0,Own,1363,0.17279297950641911,4,0,0,Home,0,96,6,17053,1677,221128,37138,10451.5,0.891233580763163,5,183990,0.2529721288468649,0.21627412951791736,2636.2465155846958,0.1303994259746472,0.3826114819980575,1,1.7577314165541589
2023-06-19,50,50752,641,Employed,Master,27,23244,36,Single,0,Rent,427,0.4266810926671185,3,0,0,Auto,0,100,11,2029,2418,157943,18408,4229.333333333333,0.742448343674349,6,139535,0.1490134613335312,0.15524974095027178,811.7493324638768,0.1009376723662438,0.2928254666607541,1,1.7222605304639058
2023-06-19,36,39018,549,Employed,High School,16,31545,84,Single,2,Mortgage,241,0.2133923236982126,6,1,0,Education,0,98,28,834,170,18981,10532,3251.5,0.8109503537694444,5,8449,0.21108980051926185,0.22731132339797833,753.2765612603033,0.0740968485780169,0.3056960987733446,1,1.9991631348751406
2023-06-20,29,35297,599,Employed,Associate,10,92950,120,Married,1,Own,195,0.04535132792189554,3,0,0,Home,0,94,13,3808,54,18254,42770,2941.4166666666665,0.8082689426825458,5,9475,0.19835995693789102,0.16154561201914802,1565.9992902248305,0.06627205528335552,0.5984873964909221,0,2.6322451509356726
2023-06-22,18,39195,540,Employed,High School,0,162784,300,Single,4,Mortgage,421,0.23836798236114176,3,2,0,Home,0,95,15,2977,2395,14671,17944,3266.25,0.9170864575914914,7,6629,0.2880000463976784,0.25,3398.328733962318,0.12885454128089371,1.1689735202271996,0,4.207741260037291
2023-06-22,31,42623,584,Employed,Bachelor,9,138268,180,Widowed,1,Rent,279,0.19153244930294436,1,1,0,Home,0,98,22,1626,354,25547,15405,3551.9166666666665,0.7370185124522008,6,10142,0.22595923908553242,0.2042983704461254,2472.417762099905,0.07852703178140026,0.7744110037574495,0,2.7874488964801816
2023-06-22,37,70532,579,Employed,Associate,15,14205,36,Single,1,Mortgage,351,0.49060091423737073,3,0,0,Auto,0,98,6,2567,3215,15334,178844,5877.666666666667,0.7305458459102034,6,6705,0.17989035492238944,0.17108740698160743,507.21608161613483,0.05970741664776593,0.14598821982583376,1,0.42958798702955814
2023-06-22,28,20825,565,Self-Employed,Master,8,126196,360,Single,1,Rent,133,0.4755289460042024,3,2,1,Home,0,99,26,435,418,130751,84463,1735.4166666666667,0.804519869940499,1,46288,0.29543639986425396,0.25,2630.654855520606,0.07659451936459183,1.591585077806175,0,7.766313467791101
2023-06-23,38,7025,577,Unemployed,Master,16,8551,60,Single,3,Other,237,0.2903272467493011,2,2,0,Debt Consolidation,0,90,8,1846,102,16518,5208,585.4166666666666,0.632259006637394,1,11310,0.18876348011317623,0.2199640959421426,236.15186124089294,0.4041494955236607,0.8068526836564893,0,3.5189939178190586
2023-06-26,40,50110,604,Employed,Associate,17,9847,36,Single,0,Own,158,0.36697459984930575,1,1,0,Other,0,92,8,1824,1765,76751,294555,4175.833333333333,0.7486267602599846,2,1611,0.16729875591696608,0.13169046266545079,332.586687526899,0.03782770041099717,0.11745421671766468,1,1.7026086551904163
2023-06-28,37,67139,630,Employed,Associate,15,139689,360,Married,4,Mortgage,397,0.5293533817101451,6,1,0,Home,1,94,6,1622,855,15585,29419,5594.916666666667,0.7990961066638144,0,6766,0.26296179524018043,0.25,2911.9270508797263,0.07094458757129454,0.5913109947812648,0,3.62855301780791
2023-07-01,32,132018,631,Employed,Master,9,18606,48,Married,1,Mortgage,1592,0.44207106557657405,2,0,0,Auto,0,98,8,1905,863,1130155,48128,11001.5,0.914575561225046,5,1082027,0.15795782328324695,0.16649936752118416,533.5131034315922,0.14469438763917292,0.19318455836687956,1,2.196981974998023
2023-07-02,42,46883,632,Employed,Master,21,241757,240,Single,3,Mortgage,304,0.5084434397641375,2,1,0,Home,0,99,17,3621,314,97589,62505,3906.9166666666665,0.9861315220162841,3,35084,0.22209892312620133,0.25,5072.58465612801,0.07779080925471799,1.3758186560088734,0,3.3086491500758743
2023-07-03,45,103947,613,Employed,High School,20,460577,300,Single,1,Rent,841,0.288316834327376,5,1,1,Home,0,88,7,3262,352,146196,79328,8662.25,0.8758477936098946,4,66868,0.2517600593753604,0.23431062273806688,9020.447780876655,0.09707673217326061,1.1383081154158838,0,5.69397800005836
2023-07-07,26,33734,587,Employed,Associate,6,17492,60,Married,3,Own,410,0.25257253632210536,4,5,0,Auto,0,94,19,235,969,42374,56103,2811.1666666666665,0.6670280497612032,3,3554,0.18394238901997256,0.20290823770112076,466.2660886513681,0.1457950571919635,0.3115982061226936,1,2.0211374523091976
2023-07-07,56,18558,648,Unemployed,Associate,33,18184,36,Married,0,Mortgage,252,0.18497177869500173,3,1,0,Auto,0,98,29,290,139,122922,11353,1546.5,0.6055454722699856,6,111569,0.14545208808935528,0.15025834910692595,630.5844120668025,0.16284329563812602,0.5703291838880792,1,1.7796316409905004
2023-07-07,38,60527,543,Employed,High School,13,41730,36,Married,3,Mortgage,343,0.10973953099679981,2,1,0,Other,0,93,3,2500,1122,40478,41959,5043.916666666667,0.829448533427702,6,3680,0.19815974988421847,0.23577033259329253,1627.933849428026,0.06798923008308694,0.3906771864936043,1,2.026079632408976
2023-07-14,40,26429,592,Self-Employed,High School,17,13782,48,Single,1,Own,174,0.5168901486854904,3,1,0,Auto,0,97,9,1123,423,336932,65909,2202.4166666666665,0.8045194181117272,3,271023,0.1773827978069236,0.17528708573816407,401.4600541663407,0.07896826897621119,0.261167151393521,1,2.8425417109576934
2023-07-14,48,59153,578,Employed,High School,26,18473,60,Married,1,Rent,656,0.19441189050854835,5,2,0,Auto,0,98,17,2419,442,20689,77183,4929.416666666667,0.9217026462179565,5,3406,0.18845602990428814,0.20172944719995628,491.20085033055193,0.13305163525733119,0.23267827607481825,1,1.3552762545140553
2023-07-14,42,48126,612,Employed,Bachelor,21,179442,360,Married,0,Own,543,0.10828068728082228,4,1,0,Home,0,95,9,1712,201,58254,7988,4010.5,0.7260640504201823,5,50266,0.27202440322193366,0.25,3740.609596059531,0.13536083759192322,1.0678323809197385,1,3.061165893173132
2023-07-15,51,73854,560,Employed,High School,26,186805,240,Married,2,Mortgage,499,0.44186709463204954,6,0,0,Home,0,97,21,881,17867,47686,49694,6154.5,0.8786346766550233,7,2591,0.25803445648104384,0.25,3919.5728631973134,0.08106571358947283,0.7178251747538483,0,1.7218136230262386
2023-07-17,43,40560,600,Employed,High School,23,18904,24,Married,0,Mortgage,278,0.4431165535313858,1,2,0,Debt Consolidation,0,96,14,882,741,15800,56160,3380.0,0.6826862085762183,3,1753,0.16546179542908127,0.1480016501761357,914.797781538231,0.08222419402543626,0.35279437490039367,0,2.4336130688191857
2023-07-17,32,25670,560,Employed,High School,11,169293,180,Widowed,0,Mortgage,207,0.17832817938821421,1,1,0,Home,1,98,25,4376,3052,160350,10344,2139.1666666666665,0.5159290529433675,3,150006,0.23800984803186148,0.21263216847699337,3132.4516730306805,0.09672143914025388,1.5603699118592076,0,6.554946429639147
2023-07-17,44,134887,548,Employed,Master,22,4697,48,Single,0,Rent,1887,0.6281891359820411,2,1,0,Other,0,96,1,19842,8302,28144,43715,11240.583333333334,0.6378108839347976,4,7898,0.19911372304130473,0.1875469288821392,139.8335746132218,0.16785891667099087,0.18029787393056035,1,1.2583355144085833
2023-07-18,26,66214,593,Employed,Master,1,250838,240,Single,0,Own,519,0.2670224681300947,3,1,0,Home,0,91,6,4010,600,11722,18075,3592.9166666666665,0.6760446579066118,7,10912,0.241608141644511,0.25,5263.12367366338,0.14441069399680015,1.6088641473777578,0,3.9379959153700668
2023-07-20,41,12232,588,Unemployed,Associate,18,24407,84,Single,2,Mortgage,228,0.3598969016477785,2,3,0,Education,0,98,17,1459,394,117374,12235,1019.3333333333334,0.6533037478853351,5,105139,0.19152566655659914,0.1838193505260535,518.4606962083343,0.22345638680169877,0.731585131860504,1,3.002611030315783
2023-07-21,39,45064,636,Employed,Associate,18,5106,24,Married,0,Rent,185,0.07282713561389144,1,1,0,Other,0,96,17,5812,1007,13253,9299,3755.3333333333335,0.9412847172662877,7,3954,0.14713459185666192,0.1281130729657485,242.29624675138882,0.04925015529328246,0.11375354869590615,1,0.9017122678272943
2023-07-21,37,162033,581,Employed,Doctorate,15,206572,360,Single,0,Own,879,0.10832224559584643,1,1,0,Home,0,98,21,2757,19671,113151,17203,13502.75,0.5986783229119914,1,95948,0.2875596022849522,0.25,4306.15578001365,0.06509302971396834,0.3839789525142016,1,1.8259339765064693
2023-07-22,38,32992,555,Employed,High School,17,25100,36,Married,1,Mortgage,208,0.5447161192692354,3,4,0,Auto,0,94,27,1779,1452,171206,49140,2749.3333333333335,0.8015939332445088,6,122066,0.19203266574124092,0.18868133559027425,918.3935136278611,0.07562719670342988,0.4095479991375085,1,3.0041837620295664
2023-07-22,18,24673,559,Employed,High School,0,4502,48,Divorced,1,Rent,354,0.15215983819775286,2,0,0,Debt Consolidation,0,96,29,420,211,20173,2056,2056.0833333333335,0.9484213050624769,7,18117,0.1936031247800754,0.16427581793835738,128.57597398408336,0.17208831274053069,0.23459233088146647,1,2.6988938772018107
2023-07-22,33,104976,598,Employed,High School,9,182043,360,Single,1,Mortgage,658,0.10861062986225169,4,1,0,Home,0,95,5,1818,2864,122494,6736,8748.0,0.764457889014663,6,115758,0.2790280009237705,0.25,3794.8294863825927,0.07520859526803063,0.5089529644968102,1,2.718668244203109
2023-07-23,41,36354,600,Employed,High School,21,13613,24,Married,1,Own,480,0.4842182090736477,3,0,0,Debt Consolidation,0,99,17,2741,1560,20632,13623,3029.5,0.8228480547793194,4,7009,0.16537971348850197,0.1578500043329964,665.1372237634412,0.1583897046691965,0.3778707222449897,1,2.890641600037473
2023-07-24,41,118887,463,Employed,Associate,15,227198,240,Married,1,Rent,631,0.04877541574704833,3,0,0,Home,0,98,18,15992,704,40617,72546,9907.25,0.8938339659067143,6,1334,0.30658339539110274,0.25,4767.105352494329,0.06368430348447002,0.5448091592858809,0,2.042305656512307
2023-07-26,27,93977,583,Self-Employed,Master,3,147300,300,Single,1,Rent,519,0.20348197550405323,0,0,0,Home,0,100,19,4040,2957,58927,20555,7831.416666666667,0.9284423249629816,10,38372,0.2664750583478235,0.22063138550175834,2719.753226090485,0.06626307333836938,0.4135062476788328,1,0.7343371051128555
2023-07-29,55,48561,634,Employed,Bachelor,30,133811,240,Single,3,Mortgage,436,0.14387919446676278,4,0,0,Home,0,96,19,13183,3580,17164,78690,4046.75,0.8620889885599634,3,7626,0.22095104777718838,0.22272007243856298,2513.981999020897,0.10771416218887037,0.7287955034329929,0,2.50244532480945
2023-07-30,29,15000,602,Employed,Associate,7,9708,24,Married,0,Mortgage,353,0.10055826979215293,4,2,0,Other,0,93,23,1105,139,17982,14562,1250.0,0.5239225874809126,4,3420,0.16429520214234253,0.1676527675687247,478.89131278431745,0.2821742605915268,0.6649810653751539,1,2.433926163115383
2023-07-30,51,52298,642,Employed,Master,29,207730,360,Single,3,Mortgage,332,0.03642762751482087,3,1,0,Home,1,93,18,1255,489,190762,4746,4358.166666666667,0.8896634700572009,2,186016,0.2570609998131146,0.22562628004808236,3910.56397700362,0.0761613458229784,0.9732511512912145,1,4.017645672380198
2023-07-31,45,49413,609,Employed,High School,25,101596,240,Divorced,0,Rent,96,0.32379817661725896,4,1,0,Home,0,99,15,869,3027,7012,5315,4117.75,0.9209957366075594,9,1697,0.23338219232153287,0.25,2131.7037799277014,0.02330804248861912,0.5408688995272113,0,2.334010805993085
2023-07-31,32,83842,595,Employed,High School,11,30289,180,Single,2,Own,270,0.3357474139141261,3,0,0,Education,0,100,3,12112,1129,42258,12475,6986.833333333333,0.9024821451974409,4,29783,0.22007964322600532,0.22792571799143777,595.4388440268569,0.03863858611395998,0.12384938259739886,0,1.2329462028446578
2023-08-03,61,174372,637,Employed,Bachelor,38,46918,36,Married,1,Rent,1170,0.4977735824516302,1,0,0,Auto,1,92,14,10168,1232,76701,4335,14531.0,0.7550522490864291,3,72366,0.15118904449741685,0.14168784609471685,1607.394922256217,0.0805119735755574,0.19112268939280325,1,2.357886860614917
2023-08-04,25,31178,556,Employed,Bachelor,0,19216,72,Married,0,Other,105,0.26508630697034835,1,1,0,Auto,0,95,1,3199,1446,99214,24308,2598.1666666666665,0.8197680734503092,9,74906,0.2034658876457331,0.19650357048203523,456.39127540857805,0.04039756332157743,0.21598894853808712,0,2.3682024158375503
2023-08-04,51,74745,582,Employed,High School,31,203606,300,Single,2,Rent,342,0.30001786047311835,7,3,0,Home,0,93,17,273,2555,245778,148543,6228.75,0.8493644642874926,2,97235,0.26705598673605174,0.25,4250.541332115758,0.05489786909587062,0.7371951253446379,1,3.059990336553849
2023-08-06,52,72515,553,Employed,Associate,30,26696,36,Single,3,Mortgage,515,0.32251655118417083,2,0,0,Debt Consolidation,1,100,1,4833,1530,128973,5815,6042.916666666667,0.8450945502833722,3,123158,0.19304807661963125,0.19116448717180634,980.1415800150762,0.08520964606284556,0.24737958222704529,1,3.4617074325486907
2023-08-07,31,94364,415,Employed,Bachelor,9,33059,84,Single,1,Other,195,0.41476213174667736,6,0,0,Education,0,98,17,2952,5578,78373,48909,7863.666666666667,0.8218990513922643,8,29464,0.27810151984284376,0.25,836.7773709860556,0.024794439264219717,0.13119149414928233,1,1.7540642745164543
2023-08-07,56,88818,586,Employed,Bachelor,36,37688,72,Divorced,1,Own,518,0.25172213184052095,4,0,0,Auto,0,94,4,1150,5637,51773,94772,7401.5,0.8059185921397694,6,2797,0.18863428088841813,0.1578145003278703,812.9938912710192,0.06997635933806147,0.17980329500452807,1,1.290505490885828
2023-08-07,36,2454,462,Unemployed,Bachelor,12,108194,120,Married,0,Mortgage,90,0.4454919839870979,6,1,0,Home,1,94,1,839,302,40944,14790,204.5,0.6137303110630984,6,26154,0.2668979226084015,0.25,2461.3372275733777,0.43795620437956206,3.0,0,9.974034443244562
2023-08-10,43,49210,591,Employed,Associate,22,39314,84,Single,4,Rent,164,0.27013878991298945,2,0,0,Education,0,100,20,7652,6804,43671,16782,4100.833333333333,0.8665635603371666,8,26889,0.1901448403511064,0.1709945694530274,805.6745039388502,0.03998212181544838,0.23640026913303408,1,1.2375043779823742
2023-08-11,43,21499,587,Employed,High School,21,12612,48,Married,3,Rent,108,0.10276029452028324,3,1,0,Debt Consolidation,0,98,22,10820,2010,46824,6185,1791.5833333333333,0.7638688059616232,3,40639,0.1798606208267718,0.18581104366665424,374.3181365301888,0.06024824508391056,0.26906316016746157,1,2.6901267161962563
2023-08-12,38,39119,570,Employed,Associate,16,22040,60,Married,1,Rent,161,0.42740645205016203,1,2,0,Auto,0,96,3,2601,103,90737,5706,3259.9166666666665,0.9431692183504414,5,85031,0.1925001649085721,0.19557765951541964,578.515167968519,0.049372620173264166,0.22678137577936236,1,1.7788128151763467
2023-08-12,49,77521,573,Employed,High School,28,206373,360,Widowed,3,Mortgage,692,0.4224324692885781,3,1,0,Home,0,95,3,1990,531,37538,26735,6460.083333333333,0.7947946308966424,4,10803,0.29155936133391563,0.25,4302.007468527957,0.10710278204119536,0.7729365511760862,0,1.8717914046468571
2023-08-14,49,71601,605,Employed,Master,27,189247,180,Married,1,Rent,919,0.20208451319696055,3,1,0,Home,0,95,12,1731,144,133757,218601,5966.75,0.756753386835687,4,7069,0.21553770340080303,0.21511138615632958,3536.8784494239535,0.1539943864940723,0.7466597041471164,1,2.3293558609271194
2023-08-15,19,78926,574,Employed,Associate,0,16707,24,Divorced,2,Own,464,0.1481323812189391,2,1,0,Debt Consolidation,0,92,11,10792,1095,74082,12510,6577.166666666667,0.7192052615788608,6,61572,0.1784309107314043,0.20016129019983123,850.4478203200052,0.07053637031594416,0.1998197806359429,1,0.835015530685848
2023-08-16,55,66569,536,Employed,Associate,33,30040,24,Married,1,Own,349,0.29534874823591467,1,0,0,Other,0,94,5,1282,380,20383,41369,5547.416666666667,0.7029926948837413,5,6439,0.19757757959856803,0.20949946327059235,1542.886514540949,0.06290082756341898,0.3409777289991347,0,1.0569785659170425
2023-08-20,20,20725,534,Self-Employed,Bachelor,0,161721,180,Divorced,1,Own,131,0.3764136895998346,2,1,0,Home,0,95,26,2015,176,61070,8762,1727.0833333333333,0.820504035540304,10,52308,0.2509984085226831,0.24800000799809085,3428.5320554804653,0.07580652939190818,2.0598150487421316,0,6.149121260602922
2023-08-20,52,15000,633,Employed,Associate,29,24664,60,Single,0,Mortgage,92,0.5861587064972618,3,2,0,Auto,0,96,13,1199,979,57001,11621,1250.0,0.7050081012652147,6,45380,0.16102828512841696,0.16760605675107743,609.7936293195088,0.07354116706634692,0.5609861145639559,0,1.733985555438691
2023-08-20,53,51162,598,Employed,Associate,27,122507,360,Single,4,Rent,189,0.537902230900089,5,0,0,Home,0,96,12,3206,169,44779,7757,4263.5,0.6108224986611225,2,37022,0.27892898290323925,0.25,2553.7547496375705,0.044319380935631376,0.6431597490063479,0,2.8866447617950666
2023-08-21,26,46796,590,Employed,Master,3,13482,48,Divorced,3,Other,145,0.16986448938760024,3,2,0,Auto,0,99,2,509,1022,88384,10564,3899.6666666666665,0.9018816087935497,7,77820,0.17837729622790852,0.19208750756075818,404.6000104321106,0.03717313279781234,0.14089899429980618,1,2.025618501486366
2023-08-21,35,29383,593,Employed,Master,11,12683,48,Divorced,3,Mortgage,106,0.36154368947866317,2,2,0,Auto,0,94,20,1073,638,11775,24741,2448.5833333333335,0.9579424418452144,6,9246,0.17686202415891455,0.1716096955541451,367.0255955582847,0.043272665419288994,0.1931045125599393,1,2.4739756461017555
2023-08-22,26,17178,485,Self-Employed,Bachelor,6,4714,12,Married,1,Mortgage,364,0.7039100362191849,1,0,0,Other,0,100,1,208,303,41085,4039,1431.5,0.8227574634594108,6,37046,0.21861462604876689,0.208134603507501,438.51640746239786,0.25410122164048865,0.5602208778097019,1,3.458385536288009
2023-08-23,37,25881,575,Self-Employed,High School,14,228164,240,Married,0,Rent,129,0.1050968775609975,2,1,0,Home,0,96,26,750,566,52529,19297,2156.75,0.7935961735207708,6,33232,0.2505844560826035,0.24011669237162794,4605.145577473273,0.059784497740702124,2.1940195006248513,0,5.738725585796784
2023-08-24,36,38991,537,Employed,Bachelor,16,6424,36,Married,2,Rent,63,0.3064879440093746,6,1,0,Debt Consolidation,0,97,28,5091,80,36184,2658,3249.25,0.6309982383375371,7,33526,0.20069198797744087,0.21125399130906078,242.4384368533475,0.019383124375048074,0.09397382873728098,1,1.6256744256463245
2023-08-24,49,99528,621,Self-Employed,Bachelor,29,25017,36,Single,3,Mortgage,524,0.20573437994469523,4,1,0,Auto,0,100,9,17790,850,77800,13619,8294.0,0.5592731109751021,1,64181,0.1590318377111937,0.1494272668697651,866.5210361804754,0.06317058468957203,0.16763363908143164,1,0.6680082420608514
2023-08-24,55,57516,567,Employed,High School,34,33886,60,Single,4,Rent,183,0.21483178983462786,0,0,0,Debt Consolidation,0,98,3,3717,5166,40624,6366,4793.0,0.7735939505942837,5,34258,0.19410769668474873,0.17546982557838084,852.1526374863466,0.038172715894868585,0.21592670786114862,0,0.7131809853535644
2023-08-25,56,109804,622,Self-Employed,High School,31,43176,60,Single,0,Mortgage,799,0.5129092626752926,5,3,0,Education,0,99,24,3239,636,41082,90086,9150.333333333334,0.9559506454021144,3,3945,0.16666826580626143,0.1552220472286576,1039.0269698874492,0.08730968164930429,0.20084799700088685,1,1.8288366924034896
2023-08-26,33,29754,514,Employed,Master,9,119359,240,Married,2,Own,205,0.49433490283937687,3,0,0,Home,0,95,20,7600,3024,54783,26521,2479.5,0.8519345814901274,3,28262,0.2809224748538594,0.23537345225452164,2363.4931784456726,0.08264462809917356,1.0354739683312528,0,4.308929010298
2023-08-26,37,76718,544,Employed,High School,14,7646,24,Single,2,Other,557,0.3563463797688951,4,0,0,Other,0,96,6,2233,360,24663,17986,6393.166666666667,0.9508311054014865,6,6677,0.19323551717326107,0.1815980501691282,382.31032498804706,0.08711064772579173,0.14690113254081277,1,0.9717472786229417
2023-08-26,19,45390,598,Employed,Bachelor,0,136403,360,Single,0,Own,314,0.18504867092983573,5,2,0,Home,1,99,26,760,189,17748,5521,3782.5,0.9911364390120546,8,12227,0.2789558440873687,0.25,2843.4277968998795,0.08299193868111537,0.8345256500330064,0,4.274213549964596
2023-08-28,30,75911,568,Employed,Associate,8,32908,60,Divorced,1,Own,445,0.3042890632861617,0,1,0,Education,0,99,11,7950,562,408248,21149,6325.916666666667,0.9614486099137098,4,387099,0.19360037536389368,0.2027571356643624,876.9168603403083,0.07033441776536754,0.20893539933990618,1,1.3415071344178389
2023-08-28,51,40203,575,Employed,Associate,28,10776,24,Single,0,Mortgage,137,0.5064643359482564,5,1,0,Debt Consolidation,0,97,20,3316,2387,36464,16538,3350.25,0.811722633954087,8,19926,0.17782129237814923,0.170131781204262,532.8580744207942,0.04088026855650877,0.19988305092750294,1,1.8935857254307
2023-08-29,59,80636,607,Employed,High School,36,226467,360,Married,2,Own,548,0.34695809261511684,2,1,0,Home,0,99,20,2446,896,52153,27885,6719.666666666667,0.5336115681200897,6,24268,0.2745825897333927,0.25,4720.882699651218,0.08153952980855074,0.7839821495364375,0,2.187458725075089
2023-08-29,25,61922,559,Employed,Master,6,54452,84,Divorced,3,Own,727,0.2425178899080585,2,1,0,Education,0,94,11,3572,1679,189809,17531,5160.166666666667,0.937057866016645,4,172278,0.2062262733058155,0.15595602895685481,1069.0251551015829,0.14085962476184324,0.3479882110184873,1,2.0431539043060507
2023-08-30,32,30218,539,Employed,Associate,11,8737,36,Single,3,Own,528,0.24716812548574948,4,0,0,Debt Consolidation,1,98,15,2454,624,81181,10074,2518.1666666666665,0.8812215980834679,4,71107,0.19976885915237785,0.19643949362978638,323.1153571940049,0.2095931194177969,0.3378559142020529,1,3.343994245569433
2023-08-31,39,47566,552,Employed,Bachelor,17,27758,24,Single,2,Own,298,0.03246945291539273,0,0,0,Other,0,99,6,3043,864,28785,21484,3963.8333333333335,0.796292879993722,9,7301,0.1895578288477293,0.18555440386047722,1393.2542738662441,0.075160788599773,0.4265637749883335,1,2.243238117002998
2023-08-31,43,49866,530,Self-Employed,Bachelor,19,13989,24,Married,1,Rent,330,0.4569624705221092,4,0,1,Debt Consolidation,0,96,8,4118,3423,9569,5030,4155.5,0.8951358475953368,7,4539,0.20038652451691488,0.21414913482227463,721.6879706490994,0.07939372067845543,0.2530224878260795,1,4.240056865593124
2023-08-31,30,54541,595,Employed,Bachelor,12,143131,180,Married,2,Rent,494,0.32989899694652236,2,2,0,Home,0,97,9,1716,2265,13258,1368,4545.083333333333,0.6616922997909295,8,11890,0.2204678806400979,0.24100685340395095,2957.1205861072476,0.10866496801275824,0.7591415143674404,0,3.0959482629167843
2023-08-31,45,35555,656,Self-Employed,Doctorate,23,8389,24,Married,3,Rent,529,0.12692756456559076,1,1,0,Debt Consolidation,0,90,18,3140,217,22225,8570,2962.9166666666665,0.7751527829707263,5,13655,0.1372586989498653,0.11106897788436525,391.4096299345036,0.17848005173334833,0.31053829558900226,1,0.8986320770703943
2023-09-01,34,43354,574,Employed,Bachelor,11,15909,48,Married,2,Rent,240,0.1358695410206756,3,2,0,Debt Consolidation,1,100,6,2302,631,36843,5271,3612.8333333333335,0.7901512608049605,2,31572,0.18641867578033294,0.2338843784377401,513.298565968138,0.06641147442697043,0.20844861854027705,0,3.629272519618772
2023-09-03,39,52499,513,Employed,Associate,15,9967,24,Divorced,1,Rent,524,0.25465197363542325,6,1,0,Debt Consolidation,0,98,17,1709,5762,106909,70115,4374.916666666667,0.7995021657553598,6,36794,0.20880178381025682,0.2052345147910282,509.83081599216126,0.1197463388623336,0.23625468553076373,0,1.6541376088082909
2023-09-04,46,62547,651,Employed,Doctorate,22,18108,36,Single,4,Mortgage,292,0.18794402645641356,5,3,0,Debt Consolidation,0,98,23,2552,1653,24006,78400,5212.25,0.6012707502922828,5,3192,0.14395104108281034,0.13840085754857595,617.4830230097131,0.05601112549753033,0.1744560539029805,1,0.8327112144459188
2023-09-04,40,118337,602,Employed,Bachelor,16,207497,360,Married,3,Rent,985,0.3178144032411053,3,0,0,Home,0,97,26,5600,503,23554,44784,9861.416666666666,0.46706955339734263,4,3413,0.2770607192450131,0.24402468543664144,4222.539361275729,0.09987410117533736,0.5280185919214252,0,2.2498993785865644
2023-09-06,34,66362,605,Employed,High School,13,145622,360,Single,3,Own,761,0.41478379444756214,1,3,0,Home,0,98,16,816,302,179527,19389,5530.166666666667,0.7382782903086054,7,160138,0.27547219409232554,0.25,3035.605101355207,0.13758399373248562,0.6864022240073294,0,2.542106717918212
2023-09-06,38,39826,538,Employed,High School,19,24842,180,Married,4,Mortgage,147,0.2811205853174403,2,0,0,Education,0,98,19,1099,1862,347156,7980,3318.8333333333335,0.7332970142001842,7,339176,0.24853008282542544,0.230447937655765,493.1337041411523,0.04427933129173151,0.19282103643992737,1,2.197067036668845
2023-09-07,38,59211,595,Employed,Master,16,14459,12,Single,1,Mortgage,321,0.09077749958438984,2,0,0,Other,0,100,25,3297,2294,95566,21208,4934.25,0.8719854055270696,5,74358,0.16389478537392818,0.19084125404773955,1333.072553786254,0.06504229775593942,0.33515476496352853,1,1.9406791040929399
2023-09-13,35,46525,587,Employed,Associate,10,20225,60,Married,3,Own,529,0.04936928388212158,3,3,0,Auto,0,100,22,628,355,51002,8326,3877.0833333333335,0.7876652320187028,3,42676,0.18397868104611553,0.1796093297245583,513.1523370190147,0.13640758965984054,0.26872871143881594,1,1.665201280574575
2023-09-13,36,60230,625,Employed,Bachelor,11,7953,36,Divorced,2,Other,578,0.45942086223844886,3,1,0,Other,0,100,16,1691,2442,50146,9962,5019.166666666667,0.9584816391282376,3,40184,0.15674535755644192,0.15394890403237216,277.23378745528316,0.11513561966734172,0.17035964027527967,0,0.9321066305008846
2023-09-13,59,19972,542,Employed,Associate,35,6116,24,Single,0,Mortgage,270,0.205935275217865,2,1,0,Other,0,100,13,11315,1898,22355,9804,1664.3333333333333,0.778796073821141,8,12551,0.19417970676481064,0.23418676152852222,321.58783353946467,0.16212970376301042,0.35523688963538713,1,3.420908475179659
2023-09-15,46,37259,633,Employed,High School,23,14889,12,Single,2,Own,402,0.34433217099616586,2,0,0,Other,0,95,29,628,3073,158522,50238,3104.9166666666665,0.826172052459711,10,108284,0.14490211128141953,0.14384894219986172,1339.5382823915465,0.1294303882375037,0.5607163582597343,1,2.2220865565424432
2023-09-16,36,21945,641,Employed,Bachelor,13,5118,36,Married,1,Other,136,0.4813246570910437,7,1,0,Other,0,96,12,780,2095,62970,16102,1828.75,0.9493102142365767,2,46868,0.1486351785966144,0.1347793176403176,173.62617641584973,0.07432709386528215,0.16921774910006818,0,2.8321322880439332
2023-09-17,48,113761,607,Employed,High School,27,12264,24,Single,0,Rent,2412,0.32233935865095026,3,0,0,Debt Consolidation,0,98,9,2579,3806,22506,1621,9480.083333333334,0.9225836361894862,3,20885,0.16185362623917315,0.1606045647345679,600.8379136388683,0.2544013078674202,0.31777359271238714,1,1.257426114620074
2023-09-18,35,40962,572,Employed,Associate,13,6361,36,Married,5,Other,309,0.3794777670961053,3,2,0,Debt Consolidation,0,98,6,1902,658,32652,9254,3413.5,0.33520928315048043,4,23398,0.1831895245180773,0.1936048718771326,234.32993397922814,0.09049641235905696,0.15912430340583633,1,1.0654093643343017
2023-09-18,54,48744,558,Employed,Bachelor,28,12572,24,Married,0,Own,74,0.2943885652322474,6,0,0,Debt Consolidation,0,98,4,1126,625,156107,19085,4062.0,0.47964095243845445,3,137022,0.1863598267341483,0.18488706273438232,630.6184791696414,0.018213142997784888,0.17342320432430258,1,1.0946369790387558
2023-09-20,44,102425,622,Employed,Associate,23,140044,360,Divorced,4,Own,628,0.05225810080820146,2,2,0,Home,0,94,6,4191,1932,26400,24753,8535.416666666666,0.8226861493087982,3,1647,0.266962429769629,0.25,2919.3273050376215,0.07356716811308414,0.41555226783731913,0,1.610314911538994
2023-09-21,38,71966,531,Employed,Bachelor,12,165365,300,Married,0,Mortgage,402,0.5264668138648666,5,0,0,Home,1,95,17,1830,575,30606,4713,5997.166666666667,0.7025877013247384,1,25893,0.2925039791195419,0.25,3452.2104819372835,0.0670204784795354,0.6425647528862625,0,4.153213833623939
2023-09-25,45,24567,580,Employed,Master,23,134732,360,Married,1,Own,258,0.2730249431358205,3,1,0,Home,0,95,26,3682,329,814632,41152,2047.25,0.818801797361691,3,773480,0.28795276258031444,0.25,2808.5944878918685,0.1259611863786159,1.4971778288255186,1,5.026408512374644
2023-09-26,21,43380,574,Employed,Bachelor,0,150670,240,Single,1,Own,244,0.1221172035551819,4,3,0,Home,0,98,24,2456,2981,25941,59557,3615.0,0.7519239206088947,4,2751,0.2509807134826986,0.25,3161.382421765687,0.06747787610619468,0.9417539883201568,0,3.9530839491032674
2023-09-26,26,31483,580,Employed,High School,6,120518,240,Married,2,Mortgage,385,0.14265257504158974,4,3,0,Home,0,96,10,602,120,80478,33053,2623.5833333333335,0.8932713068719085,5,47425,0.24792489067395795,0.21220492735653418,2163.424651580524,0.14668995078583902,0.9709825629136779,1,3.327165149097751
2023-09-27,25,15000,545,Employed,High School,1,13245,12,Married,0,Own,213,0.11324603781823987,1,1,0,Other,0,96,8,2073,70,41833,22875,1250.0,0.9230534528987973,5,18958,0.18887286272476123,0.19652912244554774,1224.7448995607535,0.17026378896882494,1.149276498449843,0,3.8855475298475
2023-09-28,41,31986,516,Employed,Bachelor,20,10361,48,Widowed,5,Other,137,0.19494626947033766,0,0,0,Debt Consolidation,0,96,3,640,1409,753693,37388,2665.5,0.8546494892354474,3,716305,0.2153114751368437,0.19074247390044666,310.2012090898926,0.051378211138196135,0.1677109353421686,1,2.838334094977304
2023-09-28,60,54231,675,Employed,Master,40,17820,48,Widowed,2,Rent,357,0.1371849998302646,6,2,0,Auto,0,98,15,592,733,201515,32103,4519.25,0.49543666186007146,5,169412,0.13594703320404328,0.15149270333285902,497.2933504157658,0.07897793263646923,0.18899250050677857,1,0.30205172800284297
2023-09-28,66,101699,644,Employed,Master,43,7147,24,Divorced,3,Mortgage,281,0.28210779943324393,3,1,0,Debt Consolidation,0,100,21,3057,164,79764,8312,4895.916666666667,0.679889349504468,6,71452,0.14321864696906986,0.1442195845508148,344.57447242303385,0.05738304715552303,0.12774864573075584,1,0.0
2023-09-28,47,22314,586,Employed,Master,22,24371,36,Married,0,Rent,176,0.17173102600671986,1,2,0,Auto,0,94,21,7843,402,24585,57894,1859.5,0.7380441815244809,6,3761,0.1765252975528421,0.1448248589897834,838.6654885324317,0.09459822628325719,0.545372474352288,0,2.9147027473958036
2023-09-30,46,107778,614,Employed,Associate,25,163621,360,Married,1,Mortgage,515,0.18903136859653705,1,0,0,Home,1,99,19,904,1687,24284,65555,8981.5,0.55365216381612,4,8456,0.2710013285421094,0.25,3410.8084100537026,0.05733370442527136,0.4370507553636184,0,2.6529326786889396
2023-10-01,18,33135,582,Employed,Associate,0,15940,24,Divorced,4,Rent,242,0.2730326589652347,3,1,0,Debt Consolidation,0,94,27,456,413,319024,3807,2761.25,0.666866738973105,10,315217,0.17441916242140842,0.21825464161623406,825.5645462153391,0.08760973843786768,0.38648368041101966,1,1.9586192546285988
2023-10-01,33,6379,573,Unemployed,Associate,11,15418,36,Married,0,Mortgage,140,0.4851229098354744,5,2,0,Auto,0,98,11,1897,653,14650,4944,531.5833333333334,0.846373782681682,7,9706,0.18291083894854285,0.20688918468892656,578.4145205316306,0.2628696604600219,1.3489241505835654,0,4.616971930075786
2023-10-04,30,40955,502,Employed,High School,8,28337,24,Married,0,Rent,268,0.21775379319151586,4,0,0,Debt Consolidation,0,93,6,1124,207,101105,27673,3412.9166666666665,0.9299607802405111,5,73432,0.21456298973478105,0.21773341856171738,1466.9014262772603,0.07850220909512534,0.5081850541979428,1,2.6593463585317254
2023-10-06,32,26905,585,Employed,High School,8,264243,360,Single,1,Rent,529,0.054641727429539634,3,2,0,Home,0,100,27,2589,523,100304,29810,2242.0833333333335,0.9737053754227815,6,70494,0.28562115704942587,0.25,5508.353125196769,0.23583608871716757,2.691542055294469,0,7.24551888132204
2023-10-06,37,79066,613,Employed,Master,13,33299,180,Divorced,4,Own,466,0.1997044233466746,2,1,0,Education,0,96,9,1785,1229,527777,54006,6588.833333333333,0.8515656322408033,3,473771,0.21110332816899213,0.22564875177424276,648.8457890193732,0.07071499026277853,0.16917662900215583,1,0.8420464147468675
2023-10-06,34,31565,551,Employed,High School,12,13684,36,Married,1,Own,84,0.5034516336749435,1,4,0,Debt Consolidation,0,97,11,1898,629,13011,55526,2630.4166666666665,0.8861036415724495,2,9803,0.1938810139053687,0.20062811799710756,508.98452724310755,0.031921968521392154,0.2253480168134177,1,1.328212853562893
2023-10-07,18,20574,582,Employed,High School,0,147059,240,Married,1,Rent,268,0.44349723827472753,3,3,0,Home,0,97,28,6145,69,99609,37113,1714.5,0.6694672969079339,4,62496,0.24697464898643756,0.2414708307733359,2984.223676971832,0.15622267560477995,1.8957876286632656,0,4.802996067403652
2023-10-08,48,66939,609,Employed,High School,25,9588,12,Divorced,2,Mortgage,782,0.460892257319828,7,1,0,Other,0,100,3,1057,762,104313,20699,5578.25,0.7902023201238625,3,83614,0.15679209297178842,0.1338937995407893,858.1265922679926,0.14016220818210334,0.29396900878576737,1,1.3716439791433925
2023-10-10,27,139204,587,Employed,Master,5,292672,180,Married,4,Rent,365,0.3740695262508961,2,0,0,Home,0,95,9,20224,2726,97966,8508,11600.333333333334,0.7298776327665434,4,89458,0.22464670280595153,0.22561581516376722,5702.111582871751,0.031461900930927475,0.5229667494717634,0,3.1527026735331694
2023-10-11,42,86187,533,Employed,Bachelor,23,29947,120,Married,0,Rent,428,0.16285008187919406,5,1,1,Education,0,96,13,8876,2842,79833,53829,7182.25,0.7373560626640643,4,26004,0.23107680445583764,0.2177620182127013,614.4383797779353,0.059583057808095224,0.14512071552263048,1,3.5505325374636234
2023-10-12,64,100153,614,Employed,Bachelor,42,7257,36,Married,0,Other,879,0.2982419823100371,3,0,0,Other,0,97,24,1178,12185,265879,43579,8346.083333333334,0.7785340452843872,7,222300,0.16222246489694325,0.1690516605468465,258.3894622436753,0.10530624469625118,0.1362619033287486,1,1.0101761097376254
2023-10-13,28,4603,600,Unemployed,Master,6,7387,48,Married,0,Mortgage,209,0.19511671273119202,1,2,1,Other,0,99,5,1563,736,62036,54879,383.5833333333333,0.7383713361493309,7,7157,0.17322690308532976,0.1603042136066187,209.46476440027146,0.5434452871072589,1.0880990623625695,0,6.924153599084834
2023-10-13,18,15000,501,Employed,Associate,0,92816,240,Single,0,Other,160,0.5690730638597268,4,2,0,Home,0,94,13,961,521,30379,6070,1250.0,0.8824547632691575,5,24309,0.287359596272913,0.25,1947.4803933006174,0.1278976818545164,1.684636605356209,0,5.406716354807594
2023-10-15,36,18193,553,Unemployed,Bachelor,13,92320,360,Married,1,Other,162,0.6135609352005991,1,0,0,Home,0,90,15,1040,1245,13081,68867,1516.0833333333333,0.9915043359288327,8,10263,0.30135825672839306,0.25,1924.4829967801065,0.10678385059049712,1.3753252381961703,0,4.580672730226945
2023-10-18,53,162575,610,Self-Employed,High School,33,13986,24,Married,0,Own,630,0.7324890240767871,3,0,0,Debt Consolidation,1,93,9,11879,2303,50373,64703,13547.916666666666,0.672843047536511,7,6151,0.16038647090144484,0.19842678974860384,710.7542742914937,0.04649818251151691,0.09895656658587665,0,2.194825798980412
2023-10-19,63,130805,645,Employed,High School,40,379209,360,Married,1,Other,278,0.28453367512463607,2,0,0,Home,1,99,7,4809,11879,36336,8502,10900.416666666666,0.7659515663496569,6,27834,0.2557114613550808,0.25,7904.909799891546,0.025501272770358595,0.7506281110153769,0,3.3219439421423593
2023-10-19,25,36826,451,Employed,Master,1,22817,60,Divorced,1,Own,724,0.33582233770542186,0,1,0,Auto,0,97,3,2061,2165,151475,26787,3068.8333333333335,0.811832974165957,4,124688,0.25200882624428905,0.25,669.7091454812884,0.23584342255279872,0.4540015675600049,1,3.194548411381797
2023-10-20,45,23194,492,Employed,Bachelor,19,10230,24,Married,1,Other,100,0.5496393632263445,5,2,0,Debt Consolidation,0,96,26,1541,285,15443,34286,1932.8333333333333,0.9242331989594126,5,10111,0.21930829440146973,0.20993243754177,525.6412615293765,0.051710764457467896,0.3235238790981866,1,3.919895004619834
2023-10-21,34,20455,589,Employed,Associate,10,19838,120,Divorced,4,Mortgage,176,0.0560315043976255,2,0,0,Education,0,94,13,2251,2689,540104,56506,1704.5833333333333,0.4309646850153652,5,483598,0.2029738512440857,0.18345691009863319,361.8781694346253,0.10319050178335858,0.3153631716038259,1,1.7684195428433214
2023-10-22,38,19173,534,Employed,Associate,14,139359,360,Married,0,Mortgage,149,0.32863867996347335,2,0,0,Home,0,97,29,217,575,60035,18509,1597.75,0.8266024363127111,7,41526,0.31096120394802157,0.25,2905.047941380837,0.09319781078967944,1.9102723636471224,0,5.025020328717149
2023-10-22,71,65847,656,Employed,Bachelor,48,19389,48,Married,1,Mortgage,728,0.6415131376699984,6,2,0,Auto,0,98,18,12495,11330,172026,16706,5487.25,0.9450895860638873,3,155320,0.1454681281870592,0.13223538093679782,522.3120571125387,0.13264701863071107,0.22781616309616703,1,1.1703049998621229
2023-10-22,21,111637,500,Employed,High School,0,17700,12,Single,0,Mortgage,835,0.26151564671961275,4,0,0,Other,0,96,11,1835,2902,157109,21367,9303.083333333334,0.8000855028787661,4,135742,0.21144534410353527,0.23842654278516645,1672.357366003985,0.08974554183199132,0.2694899944652242,0,2.372513930867231
2023-10-23,43,41485,604,Employed,High School,18,26596,36,Single,1,Mortgage,316,0.159557626108545,0,1,0,Education,0,100,21,4637,454,22831,8614,3457.0833333333335,0.8583846283227842,7,14217,0.16754713842661365,0.14476583053649825,915.1566075746354,0.09138009976624815,0.35602282793685386,1,1.318212710422507
2023-10-24,45,52082,602,Employed,High School,25,15494,24,Married,2,Rent,98,0.17261646830828103,2,1,0,Debt Consolidation,1,99,3,2943,464,55867,22478,4340.166666666667,0.878227147108139,8,33389,0.16441206816755546,0.17124510580716218,766.9857207750971,0.022574576726686373,0.19925190327679126,1,2.827999482993781
2023-10-26,53,122966,608,Employed,High School,31,25952,60,Single,3,Own,572,0.1615620663870436,2,1,0,Auto,0,96,28,1782,1654,217391,37687,10247.166666666666,0.9642889114743174,7,179704,0.1735410106222121,0.15526737246430708,624.594935510581,0.055814861194685234,0.11676185355207412,1,1.3784434054794836
2023-10-27,41,44307,610,Employed,Master,20,318611,240,Widowed,1,Mortgage,454,0.562847967483169,1,1,0,Home,0,99,16,3921,480,130603,41930,3692.25,0.8575818767964116,9,88673,0.23316793233513303,0.21710041101215755,5843.246169058928,0.12292696134840587,1.7050690229632242,1,4.367447578448434
2023-10-28,43,151067,545,Employed,High School,20,160070,300,Single,3,Own,1399,0.11158716033318125,1,0,0,Home,0,97,10,3063,10342,80683,16702,12588.916666666666,0.7593635326602787,6,63981,0.285495843186447,0.25,3341.6704371765545,0.11112067196632226,0.37654502112218546,1,2.5019332496290856
2023-10-28,35,131435,500,Employed,High School,10,43624,180,Divorced,3,Mortgage,576,0.21618008530559313,11,0,0,Education,0,97,9,19974,2451,101342,42706,10952.916666666666,0.8933950338453631,2,58636,0.2676708464148762,0.25,931.6031358622809,0.052583931166173443,0.13763142278140522,0,0.9245623734633692
2023-10-28,43,34661,583,Employed,Bachelor,22,123399,360,Married,0,Mortgage,111,0.3931298808576204,3,1,0,Home,0,96,15,888,132,32414,26228,2888.4166666666665,0.9564246026760076,5,6186,0.28643079659761334,0.25,2572.3491910709313,0.03841605860467799,0.9286819800089746,0,3.581069597842043
2023-10-29,35,45327,586,Employed,Master,17,26996,60,Married,0,Rent,341,0.07437052396456259,5,1,0,Education,0,97,11,530,1076,11192,22440,3777.25,0.7101589856210592,2,1756,0.18455087025692551,0.2058611669626482,724.0613657110026,0.0902534242043274,0.2818927719740627,1,1.6832213009168306
2023-10-29,47,72360,580,Employed,High School,25,16070,24,Single,2,Mortgage,119,0.2167430156265632,3,0,0,Debt Consolidation,0,92,26,17508,1575,248644,155671,6030.0,0.8784548107086503,3,92973,0.17542119292113728,0.1684969814846016,793.3771026839761,0.01973138782954734,0.1512812307550947,1,1.3717167149204692
2023-10-31,35,33802,601,Employed,High School,11,26845,24,Married,5,Mortgage,134,0.558460657473654,5,3,0,Debt Consolidation,0,94,23,2114,406,31823,28949,2816.8333333333335,0.8391082544780158,4,2874,0.1650494680282619,0.1662431868195129,1322.4367759866946,0.04755426746318093,0.5168640596155537,0,2.314632150585152
2023-11-01,44,23801,533,Employed,Associate,20,153590,360,Single,1,Other,405,0.10407364560209027,3,1,0,Home,0,100,10,2956,597,19218,19342,1983.4166666666667,0.9695639625744729,7,2742,0.31148551212605724,0.25,3201.7043270738363,0.20409020283038676,1.8175136238561305,0,6.195348613157951
2023-11-02,39,110823,570,Employed,Bachelor,16,14704,36,Married,0,Rent,1612,0.1529593966701653,4,0,0,Debt Consolidation,1,96,26,2468,2036,333379,25418,9235.25,0.9103895961200256,4,307961,0.18439898571274704,0.1739794093905773,527.1544395019794,0.1745297063202057,0.23160421594283168,1,3.1693898381188665
2023-11-02,53,111371,632,Employed,Bachelor,31,4646,24,Married,3,Other,1003,0.2714597848782276,5,1,0,Debt Consolidation,0,93,24,876,4030,76969,22314,9280.916666666666,0.8932948733758463,5,54655,0.14911099428227126,0.13893155366323093,222.83342110050134,0.10805957821211497,0.13206684191668402,1,1.197134834730535
2023-11-03,39,68750,637,Self-Employed,Master,19,138744,240,Married,0,Other,566,0.29491691650239715,4,1,0,Home,0,100,6,19160,2345,21505,17909,5729.166666666667,0.9271547096441771,5,3596,0.21946009824873086,0.18853113450602857,2232.764907234548,0.09877548646054507,0.48842644028408966,0,0.9539142680117367
2023-11-06,18,20716,592,Employed,Doctorate,0,317448,300,Divorced,2,Mortgage,60,0.20428324911038637,2,2,0,Home,1,96,25,1074,572,17937,44970,1726.3333333333333,0.7844547447124053,5,5285,0.2621670181136228,0.24413315689786869,6473.684050561597,0.03473562331146276,3.0,0,9.569501699102249
2023-11-07,55,28444,648,Employed,Bachelor,34,29886,120,Married,0,Mortgage,138,0.37371613300724355,4,1,0,Education,1,98,6,2426,149,69715,24293,2370.3333333333335,0.5929256148111827,5,45422,0.1735762947205562,0.16118418192319273,502.83743873111655,0.0581951082372786,0.2702435080395487,1,3.4361572342136926
2023-11-07,29,50066,562,Employed,Bachelor,2,26803,36,Single,0,Mortgage,305,0.43914108623234804,7,1,0,Auto,0,95,13,5038,8000,33466,63465,4172.166666666667,0.8792286296843487,3,4648,0.18854907660227327,0.2252631508617811,1030.93100528495,0.07308598586205518,0.3201240477538919,1,1.542998139044215
2023-11-09,32,31328,584,Employed,Associate,8,77802,360,Married,1,Own,154,0.49695407576678813,3,0,0,Home,0,99,15,1169,126,89589,19284,2610.6666666666665,0.6587080640365934,3,70305,0.28581548381745864,0.25,1621.8438704017099,0.058966177409061904,0.6799657448889763,0,2.6008399223945498
2023-11-09,32,34068,469,Employed,High School,11,121503,300,Divorced,2,Mortgage,201,0.24490698707588793,3,2,0,Home,0,97,28,2229,575,44797,119596,2839.0,0.7269432505770712,3,6653,0.32342692561575787,0.25,2536.533910965596,0.07077464788732395,0.963920391185069,0,2.9544391677382955
2023-11-10,56,114160,619,Employed,Doctorate,35,242728,360,Single,0,Mortgage,1544,0.3281253448167383,3,2,0,Home,1,91,13,29333,733,39393,21819,9513.333333333334,0.848919980230343,5,17574,0.2685999252184144,0.25,5059.856031655564,0.1622814700627124,0.6940955083546471,1,4.073434211791815
2023-11-10,18,8404,545,Unemployed,Associate,0,4066,24,Married,3,Other,123,0.39027074750685253,1,1,0,Other,0,100,3,865,489,89873,23054,700.3333333333334,0.8466401950945659,4,66819,0.19257766522647682,0.19808809903270186,206.5627677816919,0.17538022813688212,0.4699088894225645,1,2.6583238724268288
2023-11-11,77,131733,559,Employed,High School,55,18537,48,Single,0,Mortgage,784,0.2540193867624147,1,2,0,Debt Consolidation,0,95,2,17637,2904,20541,13128,10977.75,0.8480653780116739,3,7413,0.19395689448960896,0.1936576423860317,557.8426528717854,0.07141067972219059,0.12222180602270619,1,1.8484162495775456
2023-11-11,52,32617,659,Employed,Bachelor,27,40641,120,Single,1,Mortgage,333,0.3350315714255423,10,0,0,Education,0,96,29,232,529,14680,31400,2718.0833333333335,0.8947704810043491,5,7681,0.16815313932340997,0.15723062062315737,673.7926765838323,0.12246774341843145,0.37026915072499883,1,2.0961872259318763
2023-11-12,42,28578,572,Employed,High School,19,5922,24,Married,1,Mortgage,99,0.2564999688359456,1,2,0,Other,0,93,1,4588,2503,126728,167372,2381.5,0.7476711431334514,7,4667,0.17917164958906925,0.19306657703302155,299.40289387989066,0.04155299055613851,0.16722052209019544,0,1.9581327021948263
2023-11-12,39,85315,649,Employed,Bachelor,18,23013,84,Married,3,Rent,395,0.29479933696874727,2,0,0,Education,0,91,9,971,4963,67563,23263,7109.583333333333,0.8408430913916646,7,44300,0.16101096450134586,0.15371578349080386,448.88739721852914,0.055550997925627295,0.11868047355025198,1,1.5316106580182423
2023-11-14,43,63090,585,Employed,Bachelor,17,22028,36,Married,3,Own,308,0.2276279288788772,4,1,0,Debt Consolidation,0,100,22,9035,873,216421,50197,5257.5,0.8737691602666496,4,166224,0.17700002876152995,0.18849816186166807,805.7871473525902,0.05857183607492631,0.21180700719836268,1,1.4911884653130396
2023-11-15,46,120847,625,Employed,Associate,23,173094,300,Married,0,Mortgage,877,0.44813973210853053,3,0,0,Home,0,97,4,9321,5185,18732,18365,10070.583333333334,0.7067443695471712,2,7601,0.2455153989639274,0.25,3613.5634575663057,0.08707667612672618,0.4458646976294332,0,1.1102191669641623
2023-11-17,47,64723,620,Employed,Master,23,20407,84,Single,0,Rent,384,0.26907037812031376,1,0,0,Education,0,91,21,3069,5941,65385,1865,5393.583333333333,0.6837198154584263,4,63520,0.17548092056495543,0.1805357713054245,429.5521042272858,0.07118251332354986,0.1508090716108354,1,1.6518664106041032
2023-11-18,46,125869,532,Employed,High School,25,351634,300,Single,3,Rent,760,0.1967290957435182,2,0,0,Home,0,95,14,5946,7270,22114,113254,10489.083333333334,0.8547129770827829,6,4468,0.2921925872461941,0.25,7340.819282227404,0.07244937679236739,0.7722359322433794,0,2.1101040593169262
2023-11-19,41,71472,552,Employed,Associate,18,23181,60,Married,1,Mortgage,362,0.7924880481586042,3,1,0,Auto,1,98,24,2897,1197,58904,37070,5956.0,0.9037124268312994,6,21834,0.20151278284861215,0.21946050752588758,639.5231536666147,0.06076884337753903,0.16812542448658968,1,2.9996131509499135
2023-11-19,37,94271,584,Employed,Bachelor,14,138915,240,Married,1,Mortgage,389,0.15689271834866916,6,0,0,Home,1,98,14,2165,369,232047,295216,7855.916666666667,0.8338538698114321,2,8508,0.2459604061782233,0.25,2914.737101742752,0.049510516211830335,0.4204877360808738,0,3.529861957393761
2023-11-20,38,41074,552,Employed,Bachelor,19,224282,300,Single,0,Mortgage,393,0.24072889116231752,3,1,0,Home,1,94,17,1744,1091,122469,25045,3422.8333333333335,0.7922628805450658,3,97424,0.2820801659815713,0.25,4682.179852507228,0.11478362459231854,1.48230925936053,0,6.215334044259281
2023-11-22,37,47785,576,Employed,Bachelor,10,108499,240,Married,5,Mortgage,285,0.11029463556459183,7,3,0,Home,1,95,14,22690,1790,32595,18417,3982.0833333333335,0.8794254450805541,3,14178,0.24989862636299065,0.25,2276.5436475685624,0.07155260790426177,0.6431057131372837,1,3.843237983360644
2023-11-23,53,92642,634,Employed,Associate,28,25758,60,Married,4,Rent,891,0.4315641097153351,6,0,0,Auto,0,94,8,17782,823,64524,21698,7720.166666666667,0.8766045555922725,2,42826,0.16053913483989726,0.15370888344964737,617.8070970384578,0.11539706866406199,0.1954118026686543,1,0.3550530075634657
2023-11-24,47,22454,628,Unemployed,Bachelor,25,12551,60,Single,0,Rent,92,0.2230918087773297,1,1,0,Debt Consolidation,0,95,7,490,440,48104,44691,1871.1666666666667,0.5633086971110327,2,3413,0.16335940882360322,0.13513728242420958,288.8853522133871,0.04914092406302858,0.2034462844547603,1,1.9820205886323545
2023-11-25,18,55826,557,Employed,High School,0,18346,72,Married,2,Mortgage,282,0.23458545753760585,3,0,0,Auto,0,97,9,3807,986,25712,18454,4652.166666666667,0.7303180822769284,4,7258,0.20295430533809466,0.19868201614449246,438.03808520218473,0.060603889824134095,0.15474152051338186,1,1.8620757645157744
2023-11-26,47,61777,589,Employed,Master,24,18686,60,Married,3,Mortgage,390,0.39908002190870695,4,1,0,Debt Consolidation,0,99,20,3549,4751,31578,14216,5148.083333333333,0.7245008035224696,7,17362,0.18295889584348055,0.17109577622050787,465.4969080505269,0.07574163686092994,0.1661454772954138,1,0.8396974313599892
2023-11-26,42,119167,607,Employed,Associate,19,11863,12,Single,1,Mortgage,789,0.059082824368345964,3,0,1,Debt Consolidation,0,97,27,5394,14607,27056,10487,9930.583333333334,0.8596542019491274,2,16569,0.15784531597095444,0.1634241395257991,1078.2633519306592,0.07944352612456893,0.18801265510843276,1,3.613211435666966
2023-11-30,39,15000,543,Employed,Bachelor,16,29880,60,Married,1,Own,235,0.0948373753993339,4,1,0,Education,0,97,21,328,1065,160244,22866,1250.0,0.9631246641922963,5,137378,0.20607624452647222,0.20338872968987454,797.2817704319812,0.18784972022382093,0.8251652841182903,1,2.35961091059138
2023-12-01,35,17421,578,Employed,High School,12,127232,360,Married,1,Mortgage,130,0.5657445156494859,3,1,0,Home,0,96,8,1420,307,47292,55503,1451.75,0.7284325796471506,8,8119,0.28893844383255085,0.24527624017797203,2602.368399517083,0.0894854586129754,1.8808249179260597,0,4.340742117892733
2023-12-01,53,11272,552,Unemployed,High School,29,5221,24,Divorced,0,Mortgage,234,0.5336141414852178,3,0,0,Other,0,93,3,2084,1036,46376,30812,939.3333333333334,0.7632172746951148,7,15564,0.18914015893731476,0.2104605328692542,268.40259908914646,0.24884792626728108,0.5342813886095141,1,3.0818581559809024
2023-12-01,51,52356,627,Employed,Associate,26,162956,240,Married,3,Rent,446,0.3549065672094143,3,3,0,Home,0,96,26,1186,1923,37464,26308,4363.0,0.6703219619457987,4,11156,0.22450031041032642,0.20969514330980701,2892.845228650235,0.10219981668194317,0.7650882742094948,0,2.730769303380034
2023-12-02,30,83579,605,Self-Employed,Master,6,17351,36,Married,1,Own,559,0.3635926858852526,3,1,1,Debt Consolidation,0,95,27,30830,1488,422298,19854,6964.916666666667,0.8043919927131485,8,402444,0.16694036576312668,0.16679126738808125,615.843184272402,0.08024787357490638,0.16865593438610407,1,3.1736075145588547
2023-12-02,44,61219,558,Employed,Bachelor,24,13481,84,Single,1,Mortgage,268,0.14613052767884083,5,1,0,Education,0,94,1,14638,9525,24163,7964,5101.583333333333,0.7441837461393146,10,16199,0.20637727768535333,0.23345493346337373,327.0969405378801,0.052522415116525945,0.11662659905039215,1,0.4246394367278601
2023-12-04,28,61518,499,Employed,Master,3,33430,60,Divorced,0,Own,634,0.21291581588508462,4,0,0,Auto,0,97,17,5554,564,32715,34213,5126.5,0.8725683435774265,2,4214,0.22810430972305457,0.22004882895230743,923.393041934081,0.12364700146270112,0.30373340652054237,1,2.3036840654799553
2023-12-05,23,21844,590,Employed,Associate,0,133979,240,Divorced,3,Rent,101,0.2509222316858385,4,1,1,Home,0,92,11,332,767,56437,11984,1820.3333333333333,0.9458595680006658,4,44453,0.24295136145351556,0.23380869673846888,2636.1386283905854,0.05545387994143485,1.5028213552656948,0,6.909678667680791
2023-12-05,32,53876,581,Employed,Associate,3,19233,60,Single,3,Own,376,0.2804517720537386,4,2,0,Auto,0,95,27,4200,2395,52023,27058,4489.666666666667,0.5277375916583983,6,24965,0.1869661087063181,0.20177676180236415,511.4601376748018,0.08372921615201899,0.19762324918530325,1,2.026196509926441
2023-12-07,50,14115,633,Unemployed,High School,30,12237,12,Single,2,Rent,157,0.24405633811799254,2,0,0,Debt Consolidation,0,94,26,1185,246,126756,75862,1176.25,0.8222258566931606,7,50894,0.14485307528600563,0.15579289425018233,1107.838719518637,0.13336164790826077,1.0744011208482793,1,4.720096138289925
2023-12-11,51,111169,622,Self-Employed,Master,28,16713,12,Married,4,Rent,707,0.33025094087780255,2,2,0,Debt Consolidation,0,94,16,9692,3733,761352,17718,9264.083333333334,0.6885082805107623,4,743634,0.15043100049264035,0.1263863130166091,1489.9275610795312,0.07630800226657432,0.23711902872751975,1,0.0
2023-12-13,46,161734,572,Employed,High School,28,12307,48,Married,0,Own,830,0.5900329366325362,1,0,0,Other,0,98,6,41412,7993,49405,8446,13477.833333333334,0.6350756214186544,5,40959,0.18735450118411048,0.19346016407497665,370.2316448329134,0.06157802975034931,0.0890456625696769,1,1.2876843941323386
2023-12-13,48,70231,596,Employed,Master,24,25439,24,Single,3,Own,328,0.08667615090135303,3,1,1,Auto,0,97,2,3074,1722,19103,41270,5852.583333333333,0.9106702692035938,4,2348,0.16753601950436353,0.17509672014023078,1264.0005259330603,0.056034053215267006,0.2719702505758115,0,3.97804368252131
2023-12-15,46,77640,629,Employed,Master,25,30272,36,Married,2,Mortgage,244,0.26257114763692463,7,1,0,Auto,0,98,29,31408,2391,59888,39112,6470.0,0.6567051536028014,5,20776,0.1550795028762832,0.13545701764333049,1027.9583066129128,0.03770669139236594,0.19656286611233392,1,0.48425689289756046
2023-12-15,32,3064,557,Unemployed,Master,6,110212,180,Single,0,Own,325,0.31766106277026046,1,1,0,Home,0,98,9,1342,365,91306,9024,255.33333333333334,0.4874283645073228,4,82282,0.23940254253401885,0.25,2353.6091328088596,1.2678803641092327,3.0,0,7.858542765564464
2023-12-16,45,35708,624,Self-Employed,Bachelor,24,2801,24,Single,0,Mortgage,197,0.7332855527650725,5,1,0,Other,0,94,21,1393,1522,18917,9108,2975.6666666666665,0.6486394889160116,5,9809,0.15298452218172426,0.16345183789978046,137.60809594460736,0.06618141097424413,0.11241033458385467,1,1.6919802903291714
2023-12-17,49,45614,568,Employed,Bachelor,30,25267,72,Married,1,Mortgage,302,0.34242786239641226,0,1,0,Auto,0,100,29,26226,696,79265,33198,3801.1666666666665,0.8513879893696705,5,46067,0.19753432351300462,0.2237999407740881,640.5734304354058,0.07942839608994871,0.24790429065061304,1,1.8644316702920234
2023-12-17,49,91650,609,Employed,Bachelor,27,24677,48,Married,3,Own,605,0.3965029704794842,1,0,0,Auto,0,95,11,10968,1288,29209,66302,7637.5,0.5951490308846763,4,8258,0.1690284168593646,0.18390584179781932,729.9330822785753,0.0792040322052759,0.174763773290381,1,1.6031702830914485
2023-12-22,54,32151,552,Employed,High School,35,5852,12,Divorced,3,Own,392,0.02515084540094788,1,0,0,Other,0,100,25,1064,630,94990,43281,2679.25,0.912727474586592,6,51709,0.1851686774073228,0.1825300147356231,537.2161908524799,0.14625501352485776,0.34669011877715883,1,2.6307120805587787
2023-12-22,48,85543,566,Employed,Bachelor,24,35065,180,Married,2,Mortgage,1588,0.38915159310599506,5,0,0,Education,0,95,24,4856,5364,60373,13295,7128.583333333333,0.9589152272418652,7,47078,0.2346162468197575,0.23621206782214596,711.530314410914,0.2227339138565835,0.32253361899282296,1,1.4904869972817176
2023-12-25,44,40385,556,Employed,High School,26,17200,84,Single,0,Rent,308,0.3056213140451371,7,3,0,Education,0,93,24,3978,135,85184,91506,3365.4166666666665,0.5267253662150702,6,10388,0.2074381807001616,0.19086025482741592,372.5376452123124,0.09149194247097557,0.20215490612044826,1,2.6382401245357543
2023-12-25,52,53149,662,Employed,Associate,29,196972,360,Divorced,4,Rent,347,0.09515878016497514,4,1,0,Home,0,93,5,2385,411,101976,14440,4429.083333333333,0.9742664524686332,11,87536,0.24704770548562238,0.25,4106.03623095506,0.07832809766558192,1.0051811435349358,0,3.0956010646032937
2023-12-26,39,44257,520,Employed,High School,21,15077,72,Single,1,Mortgage,178,0.5730086937415148,3,0,0,Auto,0,99,27,2640,8272,115470,73396,3688.0833333333335,0.8377944003093963,5,42074,0.22140524800169292,0.18431473570430473,347.5607945288103,0.048250468725293094,0.14246379033512666,1,1.5773982754922575
2023-12-28,29,34865,615,Employed,High School,7,7386,24,Married,2,Own,119,0.3607035087160517,2,1,0,Other,0,98,28,803,881,13490,77199,2905.4166666666665,0.9248507445077069,4,2447,0.15772686924438217,0.15780531315995963,360.86748651046423,0.04094388852252201,0.16510622582577547,1,0.817469253187575
2023-12-30,38,40619,481,Self-Employed,Associate,12,13248,120,Married,3,Mortgage,118,0.6308016391533734,3,0,0,Education,0,94,18,393,519,73191,44445,3384.9166666666665,0.7205417324978863,6,28746,0.256872919339217,0.22689482320385662,280.07795524639516,0.03485023750338412,0.11756873970507106,1,1.5764097984561867
2023-12-30,31,16905,515,Employed,Associate,8,110092,360,Single,0,Other,108,0.28345643430929973,2,0,0,Home,0,97,11,994,728,161915,10511,1408.75,0.8966556233953374,4,151404,0.32040227018553114,0.25,2294.954311974821,0.07660932789501684,1.704525137063182,0,5.729192876951935
