application_date,age,annual_income,credit_score,employment_status,education_level,experience,loan_amount,loan_duration,marital_status,number_of_dependents,home_ownership_status,monthly_debt_payments,credit_card_utilisation_rate,number_of_open_credit_lines,number_of_credit_inquiries,bankruptcy_history,loan_purpose,previous_loan_defaults,payment_history,length_of_credit_history,savings_account_balance,checking_account_balance,total_assets,total_liabilities,monthly_income,utility_bills_payment_history,job_tenure,net_worth,base_interest_rate,interest_rate,monthly_loan_payment,debt_to_income_ratio,total_debt_to_income_ratio,loan_approved,risk_score,employment_stability,low_employment_risk,employment_tenure_squared,recent_job_change,high_debt_burden,debt_to_assets_ratio,net_worth_risk,financial_cushion,savings_to_loan_ratio,good_payment_history,new_credit_user,credit_seeking_behavior,high_card_utilisation,number_open_accounts_risk,excellent_credit,very_good_credit,good_credit,fair_credit,poor_credit,home_owner,mortgaged_home,renting,above_median_income,monthly_surplus,insufficient_income_buffer,has_dependents,high_dependent_burden,single_with_dependents,education_score,advanced_degree,long_term_loan,large_loan_amount,loan_to_income_ratio,risky_loan_purpose,financial_stress_score,multiple_risk_factors,bankruptcy_flag,previous_defaults,default_history,utility_payment_risk,risky_behavior_cluster,young_borrower,retirement_age,married
2018-01-03,45,68809,546,0,0,24,22777,48,1,0,0,397,0.340171183460741,1,1,0,0,0,94,14,443,1519,158227,32866,5734.083333333333,0.9623923196974938,4,125361,0.2005083876092085,0.207510953864192,702.259885981718,0.069223056915767,0.1916728706612896,1,1.271706172123418,1,0,16,0,0,0.20771292059559623,0,1962,0.08613574501712179,1,1,0,0,0,0,0,0,0,1,0,1,0,1,5337.083333333333,0,0,0,0,2,0,1,0,0.33101293416654554,0,1,0,0,0,0,0,0,0,0,1
2018-01-04,38,15000,575,0,3,16,10155,12,1,3,2,154,0.296695237874745,3,0,0,1,0,95,29,2630,557,39094,10310,1250.0,0.7593740339560656,8,28784,0.1738064549857061,0.163412904783834,923.0127479699818,0.123101518784972,0.8609214612070198,1,3.9779914643955294,1,1,64,0,0,0.2637165877989513,0,3187,0.3138046474990154,1,0,0,0,0,0,0,0,0,1,1,0,0,0,1096.0,0,1,1,0,1,0,0,0,0.676954869675355,1,0,0,0,0,0,0,0,0,0,1
2018-01-05,47,137921,522,0,2,26,263359,360,0,2,2,508,0.3221370902402037,1,0,0,3,0,96,9,10989,1488,27594,21758,11493.416666666666,0.8669646210625384,7,5836,0.3171203192991177,0.25,5489.92545005429,0.0441953702159744,0.521812078332607,0,2.1104704094548303,1,1,49,0,0,0.7884761732197862,0,12477,0.047376215066828674,1,1,0,0,0,0,0,0,0,1,1,0,0,1,10985.416666666666,0,1,0,0,5,1,1,1,1.9094778207972622,0,1,0,0,0,0,0,0,0,0,0
2018-01-06,58,39656,553,0,1,36,41676,24,2,0,0,251,0.2465979260331042,1,1,0,0,0,96,29,1609,199,62912,19700,3304.6666666666665,0.8333974691625244,6,43212,0.1891594261742173,0.2002351702350415,2121.612296037971,0.0759302208329131,0.7177409386017862,0,3.0659797551801686,1,1,36,0,0,0.31313083146567483,0,1808,0.04338124145211988,1,0,0,0,0,0,0,0,0,1,0,1,0,0,3053.6666666666665,0,0,0,0,3,0,0,0,1.050911566684318,0,0,0,0,0,0,0,0,0,0,0
2018-01-09,37,82748,416,0,1,18,15629,24,2,3,2,500,0.1263549675568291,1,0,0,1,0,98,13,13096,605,401474,20274,6895.666666666667,0.7832302895479025,8,381200,0.2574142368558539,0.25,834.1434906942621,0.0724987916868052,0.1934475820243009,1,2.0825863872876016,1,1,64,0,0,0.050498785727629364,0,13701,0.8765834932821497,1,1,0,0,0,0,0,0,0,1,1,0,0,1,6395.666666666667,0,1,1,1,3,0,0,0,0.1888723730800372,1,1,0,0,0,0,0,0,0,0,0
2018-01-09,37,66080,469,0,3,14,36020,72,1,1,3,277,0.1754871537599694,3,1,0,0,0,93,29,1181,3646,166617,16976,5506.666666666667,0.7728685229960138,3,149641,0.2471229643451747,0.25,970.2771202142044,0.0502935302305876,0.2264619839401206,0,2.683158374361366,1,0,9,0,0,0.10188575063918665,0,4827,0.13400516365453485,1,0,0,0,0,0,0,0,0,1,0,0,1,1,5229.666666666667,0,1,0,0,1,0,1,0,0.5450886033806994,0,0,0,0,0,0,0,0,0,0,1
2018-01-10,58,35041,616,0,0,35,25791,60,3,1,3,233,0.3371296769270352,1,0,0,2,0,95,2,805,345,20100,18169,2920.083333333333,0.8718521873062415,5,1931,0.1695394549113266,0.1460502243995765,608.2318621154177,0.079764927395658,0.2879862592469977,1,1.8839702615184977,1,1,25,0,0,0.9038853788368738,0,1150,0.044587468982630274,1,1,0,0,0,0,0,0,0,1,0,0,1,0,2687.083333333333,0,1,0,0,2,0,1,0,0.7360025112721876,0,1,0,0,0,0,0,0,0,0,0
2018-01-12,49,80370,590,0,0,28,116929,300,1,2,3,433,0.0299510549994001,3,0,0,3,1,100,18,606,991,29149,38984,6697.5,0.869202961984871,5,6130,0.2629173326860336,0.25,2441.045683442352,0.0646413376128984,0.4290581000884305,0,2.910652265689393,1,1,25,0,0,1.3373584905660378,0,1597,0.013657743949371418,1,1,0,0,0,0,0,0,0,1,0,0,1,1,6264.5,0,1,0,0,2,0,1,1,1.4548655609610432,0,1,0,0,1,1,0,0,0,0,1
2018-01-12,34,30762,534,0,3,10,15042,60,2,2,2,278,0.1350776988533784,5,1,0,0,0,96,7,3482,432,152992,4396,2563.5,0.523913190580338,6,148596,0.2104046670114244,0.2067816858843796,404.21819776899184,0.1084031975043868,0.266023863431075,1,2.749787236456153,1,1,36,0,0,0.028733340741079656,0,3914,0.2601874626071927,1,1,0,0,0,0,0,0,0,1,1,0,0,0,2285.5,0,1,0,1,1,0,1,0,0.48896401521308064,0,1,0,0,0,0,1,0,0,0,0
2018-01-15,46,15000,595,0,3,22,9477,24,1,1,0,103,0.2499115145039591,0,1,0,4,0,96,24,397,177,69340,13505,1250.0,0.6219009589656915,5,55835,0.1677891821506319,0.1302249059498889,450.6539740017214,0.0823341326938449,0.4425691239022553,1,1.9566157672083728,1,1,25,0,0,0.19476211765045212,0,574,0.060561299852289516,1,0,0,0,0,0,0,0,0,1,0,1,0,0,1147.0,0,1,0,0,1,0,0,0,0.6317578828078129,1,0,0,0,0,0,1,0,0,0,1
2018-01-15,34,112822,593,0,4,15,30442,60,3,0,2,833,0.0644108363279419,3,1,0,2,0,91,3,5981,1083,26436,9926,9401.833333333334,0.9222140835340946,8,16510,0.1810809028404132,0.1755139792825709,765.6169342994085,0.0885903185210131,0.1700143858375392,1,0.9249941507390672,1,1,64,0,0,0.37545863751560316,0,7064,0.2320402062871596,1,1,0,0,0,0,0,0,0,1,1,0,0,1,8568.833333333334,0,0,0,0,4,1,1,0,0.26982086985809633,0,1,0,0,0,0,0,0,0,0,0
2018-01-16,34,27254,619,0,3,13,10358,36,1,2,0,128,0.2793707579348625,4,0,0,4,0,97,7,3876,218,155290,47912,2271.1666666666665,0.8087041181966618,5,107378,0.1598114027465145,0.1892327699038385,379.2813791933008,0.0563338956942712,0.2232588773681365,0,1.044150116793786,1,1,25,0,0,0.3085304364064885,0,4094,0.3952118930398687,1,1,0,0,0,0,0,0,0,1,0,1,0,0,2143.1666666666665,0,1,0,0,1,0,0,0,0.3800403595670519,1,1,0,0,0,0,0,0,0,0,1
2018-01-16,42,29994,605,0,3,21,12043,12,1,2,0,156,0.1786397362555843,2,3,0,4,0,92,7,6165,2336,46117,16109,2499.5,0.7249301580836465,3,30008,0.1588490804724004,0.160842320167714,1093.1518163252642,0.0623875224955009,0.4995608143672322,1,2.376757960257643,1,0,9,0,0,0.34929962270696907,0,8501,0.7058286283626702,1,1,1,0,0,0,0,0,0,1,0,1,0,0,2343.5,0,1,0,0,1,0,0,0,0.4015002500416736,1,2,0,0,0,0,0,0,0,0,1
2018-01-18,18,38292,452,0,1,0,6365,24,1,3,3,313,0.1588965512437599,5,4,0,4,0,89,23,1941,1451,68201,13966,3191.0,0.6563974822780272,1,54235,0.2391896816519605,0.25,339.7097266791848,0.0980576441102756,0.2044829970799451,1,2.863626106402376,0,0,1,0,0,0.2047740535468168,0,3392,0.5328306628966384,1,1,1,0,0,0,0,0,0,1,0,0,1,0,2878.0,0,1,1,0,3,0,0,0,0.16621836889248687,1,2,0,0,0,0,1,0,1,0,1
2018-01-19,19,48532,432,0,1,0,15640,36,3,1,0,385,0.4828098378043665,5,0,0,1,0,98,2,3719,3245,38962,15763,4044.3333333333335,0.6913078782350075,4,23199,0.2534144127376685,0.25,621.8436770956379,0.0951713909030982,0.2488901640809915,1,2.3668792035421604,1,0,16,0,0,0.4045633036470498,0,6964,0.44524007416405603,1,1,0,0,0,0,0,0,0,1,0,1,0,0,3659.3333333333335,0,1,0,0,3,0,0,0,0.3222549605423114,1,1,0,0,0,0,1,0,1,0,0
2018-01-19,33,38551,533,0,3,11,181290,360,1,2,2,221,0.2336628527882609,1,2,0,3,0,98,8,814,3153,16636,12925,3212.583333333333,0.9573355042663996,8,3711,0.3115269646885081,0.25,3779.1326092533095,0.0687705832015144,1.2447577032658173,0,3.776751141219422,1,1,64,0,0,0.7768828514756266,0,3967,0.02188194670446961,1,1,0,0,0,0,0,0,0,1,1,0,0,0,2991.583333333333,0,1,0,0,1,0,1,1,4.702479767586636,0,1,0,0,0,0,0,0,0,0,1
2018-01-22,27,67839,506,0,1,5,12585,48,1,0,3,418,0.5042842511632722,3,2,0,4,0,92,11,19061,124,32225,79329,5653.25,0.6586589014707762,5,9419,0.2203600850910217,0.2212165514739971,397.3356445554156,0.0739266923110934,0.1441987256586489,1,1.214062785611849,1,1,25,0,0,2.4616458760007447,0,19185,1.5243127284284126,1,1,0,0,0,0,0,0,0,1,0,0,1,1,5235.25,0,0,0,0,3,0,1,0,0.18551002358490565,1,1,0,0,0,0,1,0,1,0,1
2018-01-25,43,22492,562,0,3,25,264227,300,2,3,2,78,0.4756453839072005,3,1,0,3,0,92,16,994,608,92596,19463,1874.3333333333333,0.8107493791836188,6,73133,0.2771211419114432,0.2367752415094878,5228.415889121618,0.0415926057589761,2.8295854367872124,0,7.604207405845583,1,1,36,0,0,0.21019039493720099,0,1602,0.0060629456378582134,1,1,0,0,0,0,0,0,0,1,1,0,0,0,1796.3333333333333,0,1,1,1,1,0,1,1,11.747076868359045,0,1,0,0,0,0,0,0,0,0,0
2018-01-25,29,26718,553,0,3,5,82759,360,1,1,3,380,0.0719779546003773,2,0,0,3,0,94,26,1511,285,36203,51104,2226.5,0.7938759231539341,5,7190,0.3013309250329649,0.25,1725.1764333895671,0.1705948372615039,0.9450848185811748,0,3.725601213247192,1,1,25,0,0,1.4115567340625346,0,1796,0.021701304978250364,1,0,0,0,0,0,0,0,0,1,0,0,1,0,1846.5,0,1,0,0,1,0,1,0,3.0973838841274,0,0,0,0,0,0,0,0,1,0,1
2018-01-25,23,36400,538,1,3,3,267911,240,1,2,1,362,0.2224532820020335,6,0,0,3,0,100,8,1264,2135,31420,16110,3033.333333333333,0.7923025703229293,6,15310,0.2691246034618407,0.25,5621.352133786865,0.1193013292321212,1.9718835989630443,0,5.750940762316582,1,1,36,0,0,0.5127144266573311,0,3399,0.01268700170205142,1,1,0,0,1,0,0,0,0,1,0,0,0,0,2671.333333333333,0,1,0,0,1,0,1,1,7.359990110161808,0,1,0,0,0,0,0,0,1,0,1
2018-01-26,57,172780,633,0,4,34,29964,60,2,4,2,1396,0.1463576766526293,0,3,0,0,0,97,14,29669,1567,31236,89401,14398.333333333334,0.7944550855806389,3,2385,0.1610769463282231,0.1673100977405387,740.3556163673667,0.0969489328209639,0.1483648976596624,1,0.6020793289966292,1,0,9,0,0,2.8620226014021832,0,31236,1.0424161521775404,1,1,1,0,0,0,0,0,0,1,1,0,0,1,13002.333333333334,0,1,1,1,4,1,1,0,0.17342184615206532,0,2,0,0,0,0,0,0,0,0,0
2018-01-28,37,34804,537,0,3,14,18328,84,0,3,0,110,0.2124987980691053,2,0,0,2,0,98,5,2217,232,64510,68958,2900.333333333333,0.7287771767083409,3,3512,0.2169540599459929,0.2072038055526804,414.9823565802983,0.0379136029411764,0.180945205622805,1,2.9338910810668226,1,0,9,0,0,1.06893398025143,0,2449,0.13361339953079818,1,1,0,0,0,0,0,0,0,1,0,1,0,0,2790.333333333333,0,1,1,0,1,0,1,0,0.5265910070392185,0,1,0,0,0,0,0,0,0,0,0
2018-01-29,40,82272,555,0,3,15,28179,48,1,2,0,431,0.2526390624444825,6,3,0,0,1,100,23,9190,376,66605,20798,6856.0,0.907795692117101,8,45807,0.1960615919463631,0.184449685594413,834.3245541973696,0.0628554761557532,0.1845303418692387,1,2.500335520731052,1,1,64,0,0,0.31225415127766265,0,9566,0.33946061036195885,1,1,1,0,1,0,0,0,0,1,0,1,0,1,6425.0,0,1,0,0,1,0,1,0,0.34250604694128084,0,2,0,0,1,1,0,0,0,0,1
2018-02-06,22,43126,553,0,0,2,126382,300,2,2,2,257,0.3822372384212685,0,2,0,3,1,100,7,3206,611,24180,41826,3593.833333333333,0.9410224083175988,3,3516,0.2814367680644947,0.2175958641343493,2302.173611537927,0.0714914924196763,0.7119032717894924,0,4.617141229239024,1,0,9,0,0,1.7297051403994872,0,3817,0.030201846767365863,1,1,0,0,0,0,0,0,0,1,1,0,0,0,3336.833333333333,0,1,0,1,2,0,1,1,2.930461196002504,0,1,0,0,1,1,0,0,1,0,0
2018-02-08,33,37961,598,1,4,15,26700,36,0,4,1,102,0.5229236585135684,2,2,0,0,0,97,10,1589,1819,63174,27410,3163.4166666666665,0.6601799741401658,4,35764,0.1705481140742176,0.1856579969014436,972.8641950284634,0.032233429015353,0.3396721444273974,0,2.039081091207941,1,0,16,0,0,0.4338741590819153,0,3408,0.12763566907606458,1,1,0,0,0,0,0,0,0,1,0,0,0,0,3061.4166666666665,0,1,1,0,4,1,0,0,0.7033349138612297,0,1,0,0,0,0,1,0,0,0,0
2018-02-12,41,37120,512,0,3,18,18079,24,2,3,1,409,0.3793705596006419,3,0,0,0,0,98,20,4907,920,66655,21546,3093.333333333333,0.9083063269823064,10,45109,0.2094506404084865,0.1873250623199609,908.9895302627796,0.1321770979209307,0.4259365066022124,1,2.5894236467692964,1,1,100,0,0,0.323241718674988,0,5827,0.32228982300884956,1,1,0,0,0,0,0,0,0,1,0,0,0,0,2684.333333333333,0,1,1,1,1,0,0,0,0.48702890547129657,0,1,0,0,0,0,0,0,0,0,0
2018-02-12,26,38386,544,0,0,0,19952,36,1,2,1,560,0.2888322904955893,5,1,0,1,0,97,21,2829,221,75249,16304,3198.833333333333,0.9312172513531146,2,58945,0.1974752836967381,0.2096134197333305,751.2969843318161,0.1750091150580759,0.409801651439705,1,2.0374270683706124,0,0,4,0,0,0.21666445182724253,0,3050,0.15285921916503784,1,1,0,0,0,0,0,0,0,1,0,0,0,0,2638.833333333333,0,1,0,0,2,0,0,0,0.519759293510824,1,1,0,0,0,0,0,0,1,0,1
2018-02-13,44,54931,494,0,3,19,113968,180,1,2,0,1087,0.3830342674075058,0,0,0,3,0,91,28,1096,9078,70720,23188,4577.583333333333,0.7152715134692853,2,47532,0.2709109204401431,0.25,2433.819599026968,0.2374096791219991,0.7689757601209183,0,2.478956953994256,0,0,4,0,0,0.3278799790726941,0,10174,0.08926988918039117,1,0,0,0,0,0,0,0,0,1,0,1,0,0,3490.583333333333,0,1,0,0,1,0,1,1,2.0747105512269717,0,0,0,0,0,0,0,0,0,0,1
2018-02-14,32,110311,604,0,0,9,224367,300,0,0,3,461,0.5220046181075426,0,3,0,3,0,97,29,2140,4055,29963,22063,9192.583333333334,0.8803983344901882,3,7900,0.2560802607099916,0.2357762372753316,4421.263470014736,0.0501436690445328,0.5310512009297865,1,1.2521320582440991,1,0,9,0,0,0.736316913629689,0,6195,0.027610889253369464,1,0,1,0,0,0,0,0,0,1,0,0,1,1,8731.583333333334,0,0,0,0,2,0,1,1,2.0339310319820147,0,1,0,0,0,0,0,0,0,0,0
2018-02-16,36,59318,600,0,1,14,125490,240,0,1,3,444,0.2561622943445956,4,0,0,3,0,95,6,3592,2478,76176,10655,4943.166666666667,0.9851452249146831,3,65521,0.2379349973304587,0.25,2633.0515703681963,0.0898027979099949,0.622360000748666,1,2.1379841697496738,1,0,9,0,0,0.1398716147918663,0,6070,0.04837000262967065,1,1,0,0,0,0,0,0,0,1,0,0,1,0,4499.166666666667,0,1,0,0,3,0,1,1,2.115511050422293,0,1,0,0,0,0,0,0,0,0,0
2018-02-20,32,16201,612,2,1,8,20125,24,1,1,0,312,0.2567113699528882,1,0,0,0,0,88,6,2216,1189,56775,32307,1350.0833333333333,0.7391271158261122,5,24468,0.1594774419476233,0.1610756302730946,986.41722870465,0.2309258002837229,0.9610193514128044,0,4.375615528387335,1,1,25,0,0,0.5690256446385796,0,3405,0.16918413991851336,1,1,0,0,0,0,0,0,0,1,0,1,0,0,1038.0833333333333,0,1,0,0,3,0,0,0,1.2421306011603506,0,1,0,0,0,0,0,0,0,0,1
2018-02-20,62,29887,579,0,0,41,13734,120,1,1,3,185,0.3621278471821197,6,1,0,2,0,94,10,8036,111,71006,6784,2490.583333333333,0.8536790940820248,4,64222,0.2078819256496323,0.2161387310905373,280.2756460724087,0.074249974915549,0.1867389462145524,1,1.9493896420001933,1,0,16,0,0,0.09553987635021899,0,8147,0.5931561703676739,1,1,0,0,1,0,0,0,0,1,0,0,1,0,2305.583333333333,0,1,0,0,2,0,1,0,0.4595155246252677,0,1,0,0,0,0,0,0,0,0,1
2018-02-22,39,32423,505,0,0,16,13326,60,1,2,0,172,0.1488393670335511,4,0,0,0,0,95,9,286,250,124251,26592,2701.9166666666665,0.9316748302553678,1,97659,0.2248743868328949,0.2158395519698211,364.9043024385894,0.0636349622321566,0.1986388663253606,1,2.154824971250662,0,0,1,0,0,0.2140166757879149,0,536,0.04021910407443536,1,1,0,0,0,0,0,0,0,1,0,1,0,0,2529.9166666666665,0,1,0,0,2,0,1,0,0.4109918578830496,0,1,0,0,0,0,0,0,0,0,1
2018-02-22,27,23111,477,0,3,3,16821,60,0,0,0,64,0.3142758974184974,2,0,0,0,0,99,3,1237,1010,145924,9642,1925.9166666666667,0.882919258515195,4,136282,0.2389326107081305,0.2258979803661452,470.2360059173597,0.0332136833455866,0.2772491489429708,1,2.792406091301361,1,0,16,0,0,0.0660750385471989,0,2247,0.1335750802520509,1,1,0,0,0,0,0,0,0,1,0,1,0,0,1861.9166666666667,0,0,0,0,1,0,1,0,0.727803738317757,0,1,0,0,0,0,0,0,1,0,0
2018-02-25,49,59250,605,0,0,24,31219,60,2,0,3,737,0.0515375134224291,1,1,0,0,0,96,5,5045,505,104538,86445,4937.5,0.8275773373660169,7,18093,0.1750872035485173,0.1440644521228077,733.0066236888013,0.1492355978535992,0.2976625744029161,1,1.458421380876313,1,1,49,0,0,0.8269162704827864,0,5550,0.1777706598334401,1,1,0,0,0,0,0,0,0,1,0,0,1,0,4200.5,0,0,0,0,2,0,1,0,0.5268940608597323,0,1,0,0,0,0,0,0,0,0,0
2018-02-27,25,28141,523,0,3,0,12299,48,1,1,3,196,0.3927097718154219,2,1,0,0,1,94,17,1974,410,87008,46188,2345.083333333333,0.4531640732444105,4,40820,0.2118543386353401,0.25,407.79951994302377,0.0835434944766099,0.2573649074456109,0,4.259056833671028,1,0,16,0,0,0.530841637072027,0,2384,0.1938211382113821,1,1,0,0,0,0,0,0,0,1,0,0,1,0,2149.083333333333,0,1,0,0,1,0,1,0,0.4370336152370123,0,1,0,0,1,1,1,0,1,0,1
2018-03-02,42,82544,522,1,1,19,25300,24,2,1,1,404,0.2262144188749475,5,2,0,4,0,93,1,11820,1466,200330,29793,6878.666666666667,0.8450213530897002,5,170537,0.2045346497999065,0.1601324360240975,1238.9267982955205,0.0587237753767139,0.2388090699591337,0,2.7973818545386946,1,1,25,0,0,0.14871887026970365,0,13286,0.5251175842852062,1,1,0,0,0,0,0,0,0,1,0,0,0,1,6474.666666666667,0,1,0,1,3,0,0,0,0.3064994851293234,1,1,0,0,0,0,0,0,0,0,0
2018-03-02,18,30053,483,0,2,0,162679,300,2,1,3,244,0.0666844873268766,2,0,0,3,0,96,10,3021,160,26115,40595,2504.4166666666665,0.7165420037688485,6,1260,0.3164998850900053,0.25,3396.1367217432667,0.0973889905205388,1.452906724128362,0,4.249158021999125,1,1,36,0,0,1.5544110889875937,0,3181,0.019553725104499632,1,1,0,0,0,0,0,0,0,1,0,0,1,0,2260.4166666666665,0,1,0,1,5,1,1,1,5.412890131097358,0,1,0,0,0,0,0,0,1,0,0
2018-03-02,24,52303,601,0,2,2,20909,24,2,4,3,398,0.1905309534712883,1,0,0,1,0,97,5,1018,700,19927,40170,4358.583333333333,0.5751689716838556,5,1447,0.1649869956981056,0.1623211461949753,1026.0901370164486,0.091293128165918,0.3266573954735235,1,1.8412347353948495,1,1,25,0,0,2.015756724207146,0,1718,0.08216164514586323,1,1,0,0,0,0,0,0,0,1,0,0,1,0,3960.583333333333,0,1,1,1,5,1,0,0,0.3997591006423983,1,1,0,0,0,0,1,0,1,0,0
2018-03-02,42,91459,623,1,4,23,15678,24,2,2,2,702,0.1289288210783701,3,0,1,1,0,98,1,1730,4382,208409,42665,7621.583333333333,0.7234495186603515,2,165744,0.1539150193790901,0.152016758375497,761.6767808076446,0.092094762274382,0.1920184689102747,0,2.8859521792365586,0,0,4,0,0,0.20471666426754953,0,6112,0.38982077938644044,1,1,0,0,0,0,0,0,0,1,1,0,0,1,6919.583333333333,0,1,0,1,4,1,0,0,0.17141919965012026,1,1,0,1,0,1,0,0,0,0,0
2018-03-04,48,15000,576,0,1,27,141464,240,3,1,3,144,0.2788271876717458,4,2,0,3,0,99,27,1222,682,179845,4475,1250.0,0.9044892248416504,3,175370,0.2499649519039115,0.2088155210222036,2501.471605008128,0.1151079136690647,2.11468553557804,0,5.817764020174813,1,0,9,0,0,0.024882399386141476,0,1904,0.013459159509419292,1,0,0,0,0,0,0,0,0,1,0,0,1,0,1106.0,0,1,0,0,3,0,1,1,9.430304646356909,0,0,0,0,0,0,0,0,0,0,0
2018-03-08,42,194083,650,0,1,20,14605,24,0,0,3,2269,0.017834091383346,0,2,1,4,0,92,28,24079,10012,140564,12568,16173.583333333334,0.895526079802458,6,127996,0.140397296920545,0.1337682155772749,696.9361485100262,0.1402818207578763,0.1833701732765929,1,3.657781221765287,1,1,36,0,0,0.08941059296410914,0,34091,2.334040805148569,1,0,0,0,0,0,0,0,1,0,0,0,1,1,13904.583333333334,0,0,0,0,3,0,0,0,0.07525092228107418,1,0,0,1,0,1,0,0,0,0,0
2018-03-08,38,35530,546,0,3,17,10482,12,1,2,2,234,0.599637476054546,6,0,0,1,0,97,23,2140,1872,45121,11754,2960.833333333333,0.8652618637250628,10,33367,0.1883143775441131,0.1759921594298945,958.9914966353668,0.0790051207022677,0.4027881931130606,1,2.386195394980774,1,1,100,0,0,0.26049377243916494,0,4012,0.3827148716970333,1,1,0,0,1,0,0,0,0,1,1,0,0,0,2726.833333333333,0,1,0,0,1,0,0,0,0.2950099912752244,1,1,0,0,0,0,0,0,0,0,1
2018-03-12,36,17811,573,1,1,13,15344,24,1,2,2,362,0.5751217024152233,5,2,0,1,0,96,10,191,513,299119,10665,1484.25,0.8624345262509812,7,288454,0.1789096362417634,0.1732230815093619,761.0205343999863,0.2437300117825282,0.7561154919373752,0,2.196545263499444,1,1,49,0,0,0.035654586787911204,0,704,0.045878136200716846,1,1,0,0,0,0,0,0,0,1,1,0,0,0,1122.25,0,1,0,0,3,0,0,0,0.861441724679991,1,1,0,0,0,0,0,0,0,0,1
2018-03-12,22,40193,579,0,0,1,15168,48,1,1,0,376,0.5015205789404511,3,2,1,0,0,96,24,736,1069,26639,111133,3349.4166666666665,0.6444904148154627,6,8325,0.1839067522876479,0.2010479620707982,462.4150628803958,0.1122248476557642,0.2502420284682191,1,4.530288440350908,1,1,36,0,0,4.171659159159159,0,1805,0.1189926824444591,1,0,0,0,0,0,0,0,0,1,0,1,0,0,2973.4166666666665,0,1,0,0,2,0,1,0,0.37736975668010153,0,0,0,1,0,1,1,0,1,0,1
2018-03-13,31,35389,539,0,0,6,24571,120,0,0,3,297,0.2818153804265427,5,1,0,2,1,97,14,3688,875,33159,21309,2949.083333333333,0.7440889593719773,5,11850,0.2280273407155709,0.25,558.9729284313868,0.10067512217169,0.2901521183349804,1,4.221511249356898,1,1,25,0,0,0.642611580217129,0,4563,0.18569916978674914,1,1,0,0,0,0,0,0,0,1,0,0,1,0,2652.083333333333,0,0,0,0,2,0,1,0,0.6942921729302063,0,1,0,0,1,1,0,0,0,0,0
2018-03-15,34,48899,557,0,1,11,92578,240,0,0,2,326,0.0545079089310838,2,2,0,3,0,100,26,1800,501,18604,60037,4074.9166666666665,0.7693936574125233,8,4337,0.2593589544032645,0.25,1942.486638628949,0.0799820081372288,0.5565586404601705,1,2.220799699989497,1,1,64,0,0,3.2269282450954044,0,2301,0.024854448633059332,1,0,0,0,0,0,0,0,0,1,1,0,0,0,3748.9166666666665,0,0,0,0,3,0,1,0,1.8932106339468302,0,0,0,0,0,0,0,0,0,0,0
2018-03-15,52,88534,567,0,3,30,119469,360,2,0,0,1017,0.1581219916807436,5,1,0,3,0,96,16,5199,606,34931,19157,7377.833333333333,0.6642940263291062,5,15774,0.2944227051432028,0.25,2490.4252506750718,0.1378266663655049,0.4753360175287518,1,1.8663303819625456,1,1,25,0,0,0.548408336196038,0,5805,0.04858960408470746,1,1,0,0,0,0,0,0,0,1,0,1,0,1,6360.833333333333,0,0,0,0,1,0,1,1,1.3493985429491162,0,1,0,0,0,0,1,0,0,0,0
2018-03-15,44,72050,499,1,0,22,13763,24,1,1,0,538,0.6057466762174922,0,1,0,1,0,97,18,10912,694,63176,10879,6004.166666666667,0.8725262608679393,3,52297,0.2158824529417293,0.1838344622524645,689.6580313128671,0.0895895201354389,0.2044336318136383,1,1.3128681683575238,1,0,9,0,0,0.17219874321351125,0,11606,0.8432141819238593,1,1,0,0,0,0,0,0,0,1,0,1,0,1,5466.166666666667,0,1,0,0,2,0,0,0,0.19101747373388295,1,1,0,0,0,0,0,0,0,0,1
2018-03-17,18,88884,547,0,4,0,9727,48,1,3,2,211,0.1463713677614967,3,0,0,1,0,93,19,749,662,36504,23194,3984.4166666666665,0.9562431457634792,7,13310,0.1997956909010515,0.2097412522721707,301.06795960051767,0.0529430214323052,0.1284854263503651,1,1.9428353802593192,1,1,49,0,0,0.6353650184906178,0,1411,0.14504523026315788,1,1,0,0,0,0,0,0,0,1,1,0,0,1,3773.4166666666665,0,1,1,0,4,1,1,0,0.10943353771727513,1,1,0,0,0,0,0,0,1,0,1
2018-03-19,43,65320,579,0,3,19,157939,240,3,3,0,284,0.2298872164789778,3,0,0,3,0,93,14,2252,650,106094,14784,5443.333333333333,0.8412263177296061,4,91310,0.2484924926232629,0.25,3313.9017608764243,0.0521643298842833,0.6608525857239499,0,2.330807407706226,1,0,16,0,0,0.13934681181959566,0,2902,0.018374066101051034,1,1,0,0,0,0,0,0,0,1,0,1,0,1,5159.333333333333,0,1,1,0,1,0,1,1,2.4178901119088807,0,1,0,0,0,0,0,0,0,0,0
2018-03-20,35,51265,597,1,0,14,8875,48,1,1,3,447,0.4084827570625582,3,2,0,1,0,93,10,1586,1488,84314,78963,4272.083333333333,0.8342335264980719,3,5351,0.1747727765710131,0.1818253952954814,261.5504253748657,0.1046083039179359,0.1658171325252723,1,2.01685992594074,1,0,9,0,0,0.9365237502223803,0,3074,0.3463271744028842,1,1,0,0,0,0,0,0,0,1,0,0,1,0,3825.083333333333,0,1,0,0,2,0,1,0,0.17311668552256856,1,1,0,0,0,0,0,0,0,0,1
2018-03-21,31,113205,559,0,4,10,21874,12,0,3,3,507,0.328326431157849,3,2,0,1,0,92,8,8429,2659,110343,4360,9433.75,0.8570504097544183,4,105983,0.1819982749278064,0.197113287824324,2023.266346362229,0.0537375129176713,0.2681858391968232,1,1.3206596752406852,1,0,16,0,0,0.039512796345972594,0,11088,0.50688,1,1,0,0,0,0,0,0,0,1,0,0,1,1,8926.75,0,1,1,0,4,1,0,0,0.19322297404731198,1,1,0,0,0,0,0,0,0,0,0
2018-03-21,47,21397,642,0,1,25,90421,360,0,5,0,156,0.3982497774305057,4,2,0,3,1,94,16,2418,559,180956,50614,1783.0833333333333,0.9498245011706126,6,130342,0.256853060719901,0.2386263696458878,1799.5715262226508,0.0874398617403895,1.0961211786945588,0,5.593162092036885,1,1,36,0,0,0.27970180761175306,0,2977,0.032923403596469884,1,1,0,0,0,0,0,0,0,1,0,1,0,0,1627.0833333333333,0,1,1,0,3,0,1,0,4.225675296756706,0,1,0,0,1,1,0,0,0,0,0
2018-03-22,52,72961,584,0,1,32,39625,48,1,2,2,874,0.7210232024705092,2,1,0,0,0,100,11,866,1990,198797,23807,6080.083333333333,0.845388118818653,5,174990,0.1816468101868635,0.1581969879554411,1119.3279561611428,0.1437243912131884,0.3277915869422076,1,2.184606856090456,1,1,25,0,0,0.11975472590267508,0,2856,0.07207389087972543,1,1,0,1,0,0,0,0,0,1,1,0,0,1,5206.083333333333,0,1,0,0,3,0,1,0,0.5430909240426524,0,2,0,0,0,0,0,0,0,0,1
2018-03-23,51,46751,565,0,3,30,30846,36,0,2,0,384,0.3114105802991303,7,1,1,0,0,94,17,2426,2967,63304,19022,3895.9166666666665,0.7736774694275292,6,44282,0.1870841986949681,0.1648781073119164,1091.8972167416512,0.0985394435771871,0.3787346107157328,1,3.83787474023532,1,1,36,0,0,0.30048179448700735,0,5393,0.1748306156190229,1,1,0,0,1,0,0,0,0,1,0,1,0,0,3511.9166666666665,0,1,0,0,1,0,0,0,0.6597792607802875,0,1,0,1,0,1,0,0,0,0,0
2018-03-26,29,66212,565,0,0,7,17222,60,1,4,0,325,0.3938824432900566,2,0,0,1,0,95,13,8242,1260,73021,19488,5517.666666666667,0.7640271106170179,7,53533,0.1949385002447089,0.1815973479343121,438.82349732601983,0.058891036482242,0.1384072536831396,1,0.5910568474401395,1,1,49,0,0,0.26687847498014294,0,9502,0.5517041165882831,1,1,0,0,0,0,0,0,0,1,0,1,0,1,5192.666666666667,0,1,1,0,2,0,1,0,0.2600999803663933,1,1,0,0,0,0,0,0,1,0,1
2018-03-27,36,4645,597,2,4,12,5682,24,1,1,3,326,0.329062464765112,2,1,0,1,0,92,25,139,901,31491,32770,387.0833333333333,0.8989607910296898,4,3444,0.1666613086353243,0.1612318017019541,278.5429332169171,0.8400257676615848,1.557765771656218,0,5.038653003884557,1,0,16,0,1,1.0405817350438207,0,1040,0.18300193559739575,1,0,0,0,0,0,0,0,0,1,0,0,1,0,61.083333333333314,1,1,0,0,4,1,0,0,1.2229875161429187,1,2,0,0,0,0,0,0,0,0,1
2018-03-28,43,16310,630,0,1,20,125315,240,1,0,2,212,0.1367025382298291,3,1,0,3,0,96,5,838,551,468949,19416,1359.1666666666667,0.917805992037688,7,449533,0.2229346484565669,0.229879683557151,2426.1467907209176,0.1558632520524445,1.9395761235541609,1,5.477094438139484,1,1,49,0,0,0.04140313466254398,0,1389,0.011083979699320118,1,1,0,0,0,0,0,0,0,1,1,0,0,0,1147.1666666666667,0,0,0,0,3,0,1,1,7.682852063024953,0,1,0,0,0,0,0,0,0,0,1
2018-03-29,51,50836,565,0,1,28,32456,84,2,5,2,597,0.3498338073689204,8,1,0,2,0,93,15,786,3020,16471,57565,4236.333333333333,0.6417675901738978,8,7936,0.2030969178538389,0.1901066502371629,701.5155601055727,0.1408904971680302,0.3064464034232786,1,2.5093178432210284,1,1,64,0,0,3.494718309859155,0,3806,0.11726284006531719,1,1,0,0,1,0,0,0,0,1,1,0,0,0,3639.333333333333,0,1,1,1,3,0,1,0,0.6384326376458092,0,1,0,0,0,0,1,0,0,0,0
2018-03-31,34,52267,587,0,3,10,20343,36,1,1,2,118,0.1130417517949558,1,1,0,1,0,95,16,1436,5043,23343,3681,4355.583333333333,0.9224096366403428,3,19662,0.1759801353267755,0.2002478196211083,756.275673310356,0.027085445398726,0.2006792034990009,0,2.215569392064032,1,0,9,0,0,0.15768505825908155,0,6479,0.31847227683837986,1,1,0,0,0,0,0,0,0,1,1,0,0,0,4237.583333333333,0,1,0,0,1,0,0,0,0.3892056325093748,1,1,0,0,0,0,0,0,0,0,1
2018-03-31,37,83268,499,0,3,15,23097,36,1,3,0,693,0.1725562594518949,1,0,0,1,0,95,10,354,2845,36897,12947,6939.0,0.7968357338449727,2,23950,0.2200118753281687,0.2206543946066638,882.8670107448908,0.0998559077809798,0.2270701744589179,1,2.077358163282557,0,0,4,0,0,0.3508862268957667,0,3199,0.13849683955320807,1,1,0,0,0,0,0,0,0,1,0,1,0,1,6246.0,0,1,1,0,1,0,0,0,0.27737813592093097,1,1,0,0,0,0,0,0,0,0,1
2018-04-01,26,25040,566,0,2,3,181953,300,1,3,3,269,0.3670845635842883,5,1,0,3,0,96,17,5261,533,5794,9383,2086.6666666666665,0.9180505436609464,5,2016,0.2750278772967151,0.25,3798.5066599336897,0.1288519878652403,1.948350627463048,0,4.851960118228114,1,1,25,0,0,1.6191544434857637,0,5794,0.03184321311979951,1,1,0,0,0,0,0,0,0,1,0,0,1,0,1817.6666666666665,0,1,1,0,5,1,1,1,7.266203426380736,0,1,0,0,0,0,0,0,1,0,1
2018-04-02,25,89557,525,0,0,3,13978,120,0,1,2,1480,0.2170154688245809,3,1,0,2,0,100,27,3274,1895,47391,5107,7463.083333333333,0.866766709091849,7,42284,0.2348863278706178,0.25,317.9896460711377,0.1982828880527861,0.240885526832427,1,1.9551518522629805,1,1,49,0,0,0.10776080351114112,0,5169,0.36976893912297015,1,0,0,0,0,0,0,0,0,1,1,0,0,1,5983.083333333333,0,1,0,0,2,0,1,0,0.15607762567274838,0,0,0,0,0,0,0,0,1,0,0
2018-04-03,49,203999,475,1,1,26,13057,48,3,1,0,485,0.5886593501133297,1,0,0,1,0,100,15,3989,2055,63207,27907,16999.916666666668,0.8277520532735503,5,35300,0.2358692890629366,0.2262545542681835,415.8212248637223,0.0285278734970173,0.0529866266934854,1,1.5979630611557882,1,1,25,0,0,0.4415105682824959,0,6044,0.4628580180732118,1,1,0,0,0,0,0,0,0,1,0,1,0,1,16514.916666666668,0,1,0,0,3,0,1,0,0.06400490196078432,1,1,0,0,0,0,0,0,0,0,0
2018-04-04,56,35470,598,0,3,35,25198,24,1,1,3,457,0.1417378605574832,3,1,0,0,0,100,26,2570,411,28574,91223,2955.833333333333,0.5945086313925835,3,7158,0.1665336398975431,0.1553184040236267,1228.143328739557,0.1545572402908517,0.5699148848676706,0,2.505823303840623,1,0,9,0,0,3.192405949256343,0,2981,0.11829834517242747,1,0,0,0,0,0,0,0,0,1,0,0,1,0,2498.833333333333,0,1,0,0,1,0,0,0,0.7103831298807477,0,0,0,0,0,0,1,0,0,0,1
2018-04-04,39,27251,556,0,1,21,16219,60,1,0,3,437,0.3224038423277647,4,0,0,0,0,97,8,501,1289,65865,33151,2270.9166666666665,0.9545459170786862,6,32714,0.1994235000819173,0.2271903220647557,454.60687163149606,0.1923486043355463,0.3924469962798647,1,2.05603930570057,1,1,36,0,0,0.5033097500986852,0,1790,0.11035758323057954,1,1,0,0,0,0,0,0,0,1,0,0,1,0,1833.9166666666665,0,0,0,0,3,0,1,0,0.5951489798913842,0,1,0,0,0,0,0,0,0,0,1
2018-04-05,52,50638,630,0,4,30,14859,36,1,0,2,130,0.247941393010015,3,1,0,1,0,97,9,847,370,14917,15576,4219.833333333333,0.9504707890118096,5,7656,0.1544016070795679,0.1577058322512156,520.7169312451878,0.0307996051332675,0.1541678810452567,1,0.6110284342180634,1,1,25,0,0,1.0441077892478885,0,1217,0.08189771197846568,1,1,0,0,0,0,0,0,0,1,1,0,0,0,4089.833333333333,0,0,0,0,4,1,0,0,0.29342996504670316,1,1,0,0,0,0,0,0,0,0,1
2018-04-05,44,7360,585,2,1,19,240289,120,1,1,0,204,0.2725153958088012,4,0,0,3,0,97,9,4049,1653,22092,49133,613.3333333333334,0.7884311562752983,7,3634,0.2055974004515526,0.2496584278740256,5460.619848596841,0.332067281606077,3.0,0,7.523198350243675,1,1,49,0,0,2.2239170778074504,0,5702,0.023729659994173705,1,1,0,0,0,0,0,0,0,1,0,1,0,0,409.33333333333337,1,1,0,0,3,0,1,1,32.64352669474256,0,2,0,0,0,0,0,0,0,0,1
2018-04-05,32,61621,585,0,3,8,10412,24,2,0,2,592,0.2388891314583828,5,0,0,1,0,99,11,19625,1016,104346,37259,5135.083333333333,0.8603633334476255,6,67087,0.1728127025761325,0.1514881956409562,505.579485129157,0.1152629273278925,0.2136997034307901,1,2.2780099268119427,1,1,36,0,0,0.3570682434569274,0,20641,1.98223374627869,1,1,0,0,0,0,0,0,0,1,1,0,0,0,4543.083333333333,0,0,0,0,1,0,0,0,0.16896562915841745,1,1,0,0,0,0,0,0,0,0,0
2018-04-05,44,41098,639,0,1,20,28134,48,1,1,3,246,0.658547606693349,2,2,0,0,0,94,27,1186,13807,97859,8718,3424.833333333333,0.924034833808864,7,89141,0.1540611924079668,0.1317005093282912,757.1414586292302,0.0718073461444903,0.2928167721612931,1,0.9775730333382636,1,1,49,0,0,0.08908645003065604,0,14993,0.5328949706770926,1,0,0,0,0,0,0,0,0,1,0,0,1,0,3178.833333333333,0,1,0,0,3,0,1,0,0.6845422029733084,0,0,0,0,0,0,0,0,0,0,1
2018-04-06,58,151322,596,0,1,33,260263,240,1,0,2,789,0.3368896146780686,4,0,0,3,0,93,9,22964,1452,72846,11963,12610.166666666666,0.7503826048413893,4,60883,0.2401173629448647,0.2466646752143159,5390.626129899225,0.0625636010414051,0.4900122481318851,0,2.2178635241621034,1,0,16,0,0,0.1642209013411671,0,24416,0.09381243660283405,1,1,0,0,0,0,0,0,0,1,1,0,0,1,11821.166666666666,0,0,0,0,3,0,1,1,1.7199169987377994,0,1,0,0,0,0,0,0,0,0,1
2018-04-07,39,22685,587,1,0,16,313107,240,2,2,0,225,0.0280899723867886,7,2,0,3,1,90,22,1690,559,121941,137773,1890.4166666666667,0.6966603734574838,3,3987,0.2446635758644825,0.25,6569.661949504142,0.1189584526589417,3.0,0,9.500015641166422,1,0,9,0,0,1.129824014695511,0,2249,0.007182825095494207,1,1,0,0,1,0,0,0,0,1,0,1,0,0,1665.4166666666667,0,1,0,1,2,0,1,1,13.80177201798466,0,1,0,0,1,1,1,0,0,0,0
2018-04-09,58,21519,630,0,4,35,155728,360,0,3,3,118,0.3710555053982822,5,2,0,3,0,99,11,273,290,56876,81364,1793.25,0.8499892646522857,6,6232,0.2629889681490246,0.2441819364331733,3171.0780751484067,0.0657656402396544,1.833121401782587,0,5.743992778388657,1,1,36,0,0,1.4305255199817148,0,563,0.0036152547052893166,1,1,0,0,0,0,0,0,0,1,0,0,1,0,1675.25,0,1,1,0,4,1,1,1,7.2364312267657995,0,1,0,0,0,0,0,0,0,0,0
2018-04-09,18,87080,603,0,1,0,152399,240,1,2,2,551,0.2519843084629455,2,1,0,3,0,97,7,1796,756,104572,33181,7256.666666666667,0.8102001532264832,10,71391,0.2364835659805586,0.2394309204107701,3067.5192764332173,0.0759197170807881,0.4985788742616843,1,0.932835199066606,1,1,100,0,0,0.317299876641198,0,2552,0.01674540682414698,1,1,0,0,0,0,0,0,0,1,1,0,0,1,6705.666666666667,0,1,0,0,3,0,1,1,1.7500832558192947,0,1,0,0,0,0,0,0,1,0,1
2018-04-09,49,15026,535,0,4,27,11033,36,2,1,3,242,0.0937422522926445,2,0,0,1,0,94,28,4218,953,36723,53005,1252.1666666666667,0.6585498732896643,7,6666,0.2018271841734581,0.1906238334527128,404.7739434063576,0.1931107860087777,0.5161116718231341,1,3.192009131653327,1,1,49,0,0,1.4433340594706459,0,5171,0.4686423781040421,1,0,0,0,0,0,0,0,0,1,0,0,1,0,1010.1666666666667,0,1,0,1,4,1,0,0,0.7342117521794104,1,0,0,0,0,0,1,0,0,0,0
2018-04-10,41,49345,593,0,1,17,110661,360,1,5,0,837,0.0413317818483117,4,0,0,3,0,100,23,618,313,18678,72005,4112.083333333333,0.7362629824689194,6,1146,0.2814035589474166,0.25,2306.8155644138146,0.2034969710476731,0.7643452149232283,0,3.3741910891090763,1,1,36,0,0,3.8548637507361208,0,931,0.008413005367696229,1,1,0,0,0,0,0,0,0,1,0,1,0,0,3275.083333333333,0,1,1,0,3,0,1,1,2.2425525878490657,0,1,0,0,0,0,0,0,0,0,1
2018-04-10,36,221669,564,0,3,11,24216,24,2,0,3,1319,0.0947553108685369,5,2,0,4,1,95,4,87519,1673,89192,76722,18472.416666666668,0.7525377143721422,4,12470,0.1835237025362151,0.1929201298431132,1224.1334744186872,0.0713998944429157,0.1376644894827443,1,2.4134670715599755,1,0,16,0,0,0.8601796105075511,0,89192,3.6830325804187143,1,1,0,0,0,0,0,0,0,1,0,0,1,1,17153.416666666668,0,0,0,0,1,0,0,0,0.10924347002300717,1,1,0,0,1,1,0,0,0,0,0
2018-04-11,41,40142,581,0,0,19,21386,120,2,1,0,303,0.0111792974837357,2,1,0,2,0,100,19,1183,1385,159038,54228,3345.1666666666665,0.720901567664638,3,104810,0.2069926346349464,0.1873591199289012,395.5334053346237,0.0905513771977885,0.2087563098076277,1,2.3388887144977337,1,0,9,0,0,0.34097296889442213,0,2568,0.12007294150652266,1,1,0,0,0,0,0,0,0,1,0,1,0,0,3042.1666666666665,0,1,0,1,2,0,1,0,0.5327454350696261,0,1,0,0,0,0,0,0,0,0,0
2018-04-11,18,18872,574,0,3,0,18481,60,0,0,3,124,0.0776420087797013,3,2,0,0,0,94,9,4785,763,51010,10335,1572.6666666666667,0.7556264792819656,5,40675,0.190456138141112,0.1593499246001512,448.78391815234806,0.0787968650709595,0.3639804605924686,1,2.279406185423608,1,1,25,0,0,0.20260336005959498,0,5548,0.3001839627745915,1,1,0,0,0,0,0,0,0,1,0,0,1,0,1448.6666666666667,0,0,0,0,1,0,1,0,0.9792295872410322,0,1,0,0,0,0,0,0,1,0,0
2018-04-13,37,7416,634,2,4,14,24310,60,0,1,0,97,0.2272484847772857,3,0,1,0,0,97,3,658,81,30115,26788,618.0,0.7117557446376036,3,3327,0.1605246710504498,0.1661691379813027,599.1699668045216,0.1567043618739903,1.1246687670509234,0,6.101603178662714,1,0,9,0,0,0.889493956700757,0,739,0.03039776232980955,1,1,0,0,0,0,0,0,0,1,0,1,0,0,521.0,1,1,0,0,4,1,1,0,3.277605500876365,0,2,0,1,0,1,0,0,0,0,0
2018-04-14,44,49920,616,1,1,20,7891,36,2,0,0,614,0.1816223855425924,4,2,0,1,0,98,19,5797,1714,93429,55971,4160.0,0.7859604030436945,2,37458,0.1612434012167856,0.1567854377597064,276.17344467397373,0.1475606825282384,0.213932575023786,1,1.0774932373319068,0,0,4,0,0,0.5990688215776517,0,7511,0.9517232640648758,1,1,0,0,0,0,0,0,0,1,0,1,0,0,3546.0,0,0,0,0,3,0,0,0,0.1580697502053244,1,1,0,0,0,0,0,0,0,0,0
2018-04-14,57,54120,624,0,1,37,29218,60,0,0,0,354,0.4522835500230841,1,2,0,0,0,95,13,11397,1182,13126,26860,4510.0,0.8801160352482409,3,10099,0.165570643615396,0.180491679716737,742.7268860757066,0.0784748392817557,0.2431227856518968,1,1.1604667765173309,1,0,9,0,0,2.0461643939971053,0,12579,0.4305075464594955,1,1,0,0,0,0,0,0,0,1,0,1,0,0,4156.0,0,0,0,0,3,0,1,0,0.5398643779678868,0,1,0,0,0,0,0,0,0,0,0
2018-04-15,33,68485,596,0,0,15,104197,300,2,0,0,859,0.0771404734376427,3,0,0,3,0,93,16,14349,525,105130,19931,5707.083333333333,0.8658670219213283,2,85199,0.2598885120535648,0.25,2175.2485446522487,0.1504883425551484,0.5315704707626171,1,2.312038327221712,0,0,4,0,0,0.18958252085493338,0,14874,0.1427474615635617,1,1,0,0,0,0,0,0,0,1,0,1,0,1,4848.083333333333,0,0,0,0,2,0,1,1,1.5214350378179482,0,1,0,0,0,0,0,0,0,0,0
2018-04-16,30,21108,494,0,3,9,10763,24,2,1,2,136,0.2372264571967473,2,2,0,1,0,97,4,614,184,17627,13934,1759.0,0.9587695577992634,7,3693,0.2183209906279617,0.1952372197092329,545.2905439997805,0.0772727272727272,0.3870968999998753,1,2.9326204145152777,1,1,49,0,0,0.7904470161107329,0,798,0.07413600891861762,1,1,0,0,0,0,0,0,0,1,1,0,0,0,1623.0,0,1,0,1,1,0,0,0,0.5098773035198256,1,1,0,0,0,0,0,0,0,0,0
2018-04-17,33,280873,643,0,1,13,35193,24,2,1,0,728,0.2736209238682389,3,0,0,0,0,94,10,3197,362,84034,5182,12033.583333333334,0.5596903278384565,7,78852,0.1441171577231279,0.1411197725856318,1691.5796930777838,0.0604923311290378,0.2010522197620289,1,0.5701784129796486,1,1,49,0,0,0.06166478253108824,0,3559,0.10112519179405581,1,1,0,0,0,0,0,0,0,1,0,1,0,1,11305.583333333334,0,1,0,1,3,0,0,0,0.12529817640650256,0,1,0,0,0,0,1,0,0,0,0
2018-04-18,50,60107,493,0,0,29,216673,360,2,2,0,523,0.196640438861903,6,0,0,3,0,92,26,2892,6428,193092,11730,5008.916666666667,0.911996126897788,5,181362,0.3315715372996962,0.25,4516.719068038735,0.104392953974617,1.0059486820550043,0,4.249783360133722,1,1,25,0,0,0.06074792975405634,0,9320,0.0430139287593343,1,0,0,0,1,0,0,0,0,1,0,1,0,0,4485.916666666667,0,1,0,1,2,0,1,1,3.604728155985892,0,0,0,0,0,0,0,0,0,0,0
2018-04-18,43,67060,525,0,3,21,18627,36,1,1,1,455,0.1332765764903821,4,0,0,2,1,91,26,953,3554,21636,6489,5588.333333333333,0.9801743507540598,5,15147,0.2069581052760256,0.2241107813998379,715.3409552834032,0.0814050572519084,0.209388291140876,1,3.9097904715127454,1,1,25,0,0,0.2999029440310579,0,4507,0.24194760575477775,1,0,0,0,0,0,0,0,0,1,0,0,0,1,5133.333333333333,0,1,0,0,1,0,0,0,0.27776203754790413,0,0,0,0,1,1,0,0,0,0,1
2018-04-20,33,37088,607,0,1,11,51112,60,0,0,2,143,0.1192335878626788,5,1,0,2,0,97,3,2458,196,343240,29041,3090.6666666666665,0.8404739004465795,4,314199,0.1742104485367419,0.1995628546205593,1352.912464761415,0.0462533692722372,0.4838530883325332,1,1.300058404406374,1,0,16,0,0,0.08460819074644346,0,2654,0.05192416801987752,1,1,0,0,0,0,0,0,0,1,1,0,0,0,2947.6666666666665,0,0,0,0,3,0,1,0,1.3780905389738198,0,1,0,0,0,0,0,0,0,0,0
2018-04-20,46,82599,586,0,3,21,215469,300,2,3,0,1447,0.1906668851345772,4,1,0,3,0,90,18,1897,3525,154811,12745,6883.25,0.8342379802219704,4,142066,0.2650701442419246,0.25,4498.196960254858,0.2101899262810037,0.8635939950255813,0,2.336385447193888,1,0,16,0,0,0.08232565950959873,0,5422,0.025163595860212558,1,1,0,0,0,0,0,0,0,1,0,1,0,1,5436.25,0,1,1,1,1,0,1,1,2.608583535108959,0,1,0,0,0,0,0,0,0,0,0
2018-04-20,41,42567,571,0,0,18,17885,36,1,1,3,219,0.1672862551322529,4,2,0,1,1,96,21,6559,460,114243,21715,3547.25,0.7802728366991073,5,92528,0.1839479433907265,0.1989723528997663,663.7345756522482,0.061720566476432,0.2487802651031489,1,4.250233829384737,1,1,25,0,0,0.19007562760407548,0,7019,0.392429833389243,1,1,0,0,0,0,0,0,0,1,0,0,1,0,3328.25,0,1,0,0,2,0,0,0,0.4201512873520015,1,1,0,0,1,1,0,0,0,0,1
2018-04-21,51,50304,543,0,0,28,16278,36,1,0,0,564,0.1766779891682353,5,1,0,1,0,99,11,1484,2411,39708,28098,4192.0,0.9226879256038136,6,11610,0.1979244078031521,0.2149107528005226,617.3866805091623,0.1345098974481278,0.2817521298614744,1,1.6189742173809214,1,1,36,0,0,0.7075977738044272,0,3895,0.23926531113704774,1,1,0,0,0,0,0,0,0,1,0,1,0,0,3628.0,0,0,0,0,2,0,0,0,0.3235861246396978,1,1,0,0,0,0,0,0,0,0,1
2018-04-21,31,20337,505,0,3,7,7187,24,1,0,1,245,0.1405879493595992,6,2,0,1,0,92,17,185,237,166730,29953,1694.75,0.8976615710653677,5,136777,0.2127200420619758,0.25,383.58111636186976,0.1444788441692466,0.3706802986064395,1,1.9442661286305616,1,1,25,0,0,0.1796486556189311,0,422,0.058708959376739006,1,1,0,0,1,0,0,0,0,1,0,0,0,0,1449.75,0,0,0,0,1,0,0,0,0.35337791326580786,1,1,0,0,0,0,0,0,0,0,1
2018-04-22,36,28494,614,0,2,16,15700,48,1,3,0,107,0.1380547799352623,2,1,0,0,0,92,17,6036,380,65063,13473,2374.5,0.8228706350071515,7,51590,0.1664153699208938,0.1272389644562431,419.0433874372279,0.0450431488107766,0.2214453325351412,1,2.6425155109145377,1,1,49,0,0,0.20707303578015493,0,6416,0.40863639258645945,1,1,0,0,0,0,0,0,0,1,0,1,0,0,2267.5,0,1,1,0,5,1,1,0,0.5509738550622917,0,1,0,0,0,0,0,0,0,0,1
2018-04-24,35,65089,608,0,3,10,23014,12,1,2,0,278,0.2501335689644603,4,1,0,4,0,97,27,4080,936,78842,15164,5424.083333333333,0.5494856252177042,3,63678,0.1575109753640628,0.1880866386912272,2118.790499355797,0.0512434524815287,0.4417979138917923,1,1.1744570048826986,1,0,9,0,0,0.1923315957028525,0,5016,0.21794481859656745,1,0,0,0,0,0,0,0,0,1,0,1,0,1,5146.083333333333,0,1,0,0,1,0,0,0,0.35357197726225226,1,0,0,0,0,0,1,0,0,0,1
2018-04-24,22,27647,537,0,3,0,225617,240,2,1,3,167,0.1067485826714348,3,1,0,3,0,89,22,1485,275,314770,23527,2303.9166666666665,0.5982387975754754,2,291243,0.2695816496456643,0.25,4733.932553603962,0.0724538125022596,2.126294900149953,0,5.140622993858179,0,0,4,0,0,0.0747432260278107,0,1760,0.007800796035777287,1,1,0,0,0,0,0,0,0,1,0,0,1,0,2136.9166666666665,0,1,0,1,1,0,1,1,8.160337094907407,0,1,0,0,0,0,1,0,1,0,0
2018-04-26,43,25856,543,0,3,19,11233,60,1,1,3,118,0.4743996761689716,2,0,0,2,0,96,12,4031,2011,81560,23525,2154.6666666666665,0.8867699913032906,5,58035,0.205831675043273,0.1509512281685738,267.7934887032494,0.0547394464202876,0.1789671356285369,1,0.7011884499601815,1,1,25,0,0,0.2884344233150648,0,6042,0.537831582695389,1,1,0,0,0,0,0,0,0,1,0,0,1,0,2036.6666666666665,0,1,0,0,1,0,1,0,0.43442781451831225,0,1,0,0,0,0,0,0,0,0,1
2018-04-26,43,32407,620,0,1,23,24205,60,2,1,3,542,0.1542855819495493,3,1,0,0,1,95,4,4043,1528,71314,49706,2700.583333333333,0.9472460912658832,3,21608,0.1675235889538246,0.1714212113280363,603.4078377250111,0.2006230913970202,0.4239764968907163,1,3.4732402480510847,1,0,9,0,0,0.6969922176260254,0,5571,0.23014954969842188,1,1,0,0,0,0,0,0,0,1,0,0,1,0,2158.583333333333,0,1,0,1,3,0,1,0,0.7468834855591212,0,1,0,0,1,1,0,0,0,0,0
2018-04-29,40,71315,593,0,0,21,13463,36,2,2,2,455,0.3346277298263103,1,0,0,1,0,100,8,1737,1528,61570,24220,5942.916666666667,0.6059686665677344,5,37350,0.1728769436839676,0.1641434871909071,476.0778013271313,0.0765488524682097,0.1566438181323422,1,1.7449831852668276,1,1,25,0,0,0.39336700719494566,0,3265,0.2424985145573381,1,1,0,0,0,0,0,0,0,1,1,0,0,1,5487.916666666667,0,1,0,1,2,0,0,0,0.18877951651803243,1,1,0,0,0,0,1,0,0,0,0
2018-04-30,37,32744,558,1,1,13,169260,360,1,3,3,360,0.6267739065479534,2,3,0,3,0,100,1,1089,1751,30272,7603,2728.6666666666665,0.943612266750054,2,22669,0.2990097992953192,0.25,3528.357799339264,0.1318842349493222,1.4244808154863589,0,4.472838060997211,0,0,4,0,0,0.2511478875565686,0,2840,0.016778820874271096,1,1,1,0,0,0,0,0,0,1,0,0,1,0,2368.6666666666665,0,1,1,0,3,0,1,1,5.169033440219881,0,2,0,0,0,0,0,0,0,0,1
2018-04-30,23,35137,582,0,3,0,157511,240,1,2,2,320,0.1809681585652074,4,1,0,3,0,97,26,602,132,95313,13415,2928.083333333333,0.8885754625025607,6,81898,0.2469918142312054,0.25,3304.9213953324165,0.1092491962786992,1.2375617156672736,0,4.406607989455318,1,1,36,0,0,0.14074532597519776,0,734,0.004659962415561989,1,0,0,0,0,0,0,0,0,1,1,0,0,0,2608.083333333333,0,1,0,0,1,0,1,1,4.482639877056179,0,0,0,0,0,0,0,0,1,0,1
2018-05-02,34,37304,602,0,3,13,13226,24,1,0,3,300,0.3930812985674494,5,2,0,1,0,94,21,450,209,49560,10725,3108.6666666666665,0.948689418659991,3,38835,0.1643725038685065,0.1425519296997014,636.6140410289291,0.0964733626326508,0.3011943534233881,1,1.831282423249629,1,0,9,0,0,0.21639999192913784,0,659,0.049822333106524536,1,1,0,0,0,0,0,0,0,1,0,0,1,0,2808.6666666666665,0,0,0,0,1,0,0,0,0.354536925345128,1,1,0,0,0,0,0,0,0,0,1
2018-05-02,35,16330,612,0,0,14,14199,36,1,0,3,164,0.3684979943826394,5,1,0,0,1,97,11,1594,528,232528,15150,1360.8333333333333,0.7526699732797947,4,217378,0.1633902493108973,0.1739436368457545,509.0242796634767,0.1204258964631012,0.4942045867067507,1,3.1900578680920724,1,0,16,0,0,0.06515316369141054,0,2122,0.14943661971830985,1,1,0,0,0,0,0,0,0,1,0,0,1,0,1196.8333333333333,0,0,0,0,2,0,0,0,0.8694507378605106,0,1,0,0,1,1,0,0,0,0,1
2018-05-03,30,17070,591,0,4,5,24616,36,1,0,0,299,0.3481637366407932,1,1,0,0,0,99,29,1323,686,208808,37971,1422.5,0.5927283848802313,3,170837,0.1740277981350403,0.180108908920408,890.0618615050192,0.2100456621004566,0.8353086487565995,1,3.562548227716775,1,0,9,0,0,0.1818456101030128,0,2009,0.08161026932607547,1,0,0,0,0,0,0,0,0,1,0,1,0,0,1123.5,0,0,0,0,4,1,0,0,1.4419776228691934,0,0,0,0,0,0,1,0,0,0,1
2018-05-03,38,9399,538,2,4,18,17100,84,1,2,0,106,0.2575175473392186,3,0,0,2,0,99,29,1913,435,42292,43223,783.25,0.7217826211086869,7,1339,0.2164367230550782,0.2100799203792115,390.17242507341376,0.1351609818297736,0.6326712465073813,1,3.6901757876744328,1,1,49,0,0,1.0219894545196604,0,2348,0.13730191216887902,1,0,0,0,0,0,0,0,0,1,0,1,0,0,677.25,1,1,0,0,4,1,1,0,1.8191489361702127,0,1,0,0,0,0,0,0,0,0,1
2018-05-03,44,32155,577,0,3,18,11185,36,1,0,3,538,0.157029909457684,6,0,0,1,1,89,6,6045,93,53165,26858,2679.583333333333,0.8599296965723562,3,26307,0.1808306045688454,0.1598348450908771,393.14022108104245,0.2007025833929182,0.3473647729963163,1,4.461070266060444,1,0,9,0,0,0.50517247865177,0,6138,0.548721616306097,1,1,0,0,1,0,0,0,0,1,0,0,1,0,2141.583333333333,0,0,0,0,1,0,0,0,0.34783555168553304,1,1,0,0,1,1,0,0,0,0,1
2018-05-05,62,110797,577,0,1,41,152640,240,0,1,3,411,0.2638674759182242,1,1,0,3,1,92,5,12545,735,18941,5699,9233.083333333334,0.9282605087411644,3,13242,0.2494839610095058,0.25,3202.7172818631084,0.0445090200254491,0.3913455349507467,1,2.6616536845188605,1,0,9,0,0,0.3008658008658009,0,13280,0.08700152645750486,1,1,0,0,0,0,0,0,0,1,0,0,1,1,8822.083333333334,0,1,0,0,3,0,1,1,1.3776421957075038,0,1,0,0,1,1,0,0,0,0,0
2018-05-05,42,86421,561,0,4,18,185261,360,3,2,0,902,0.0717689010098628,5,0,0,3,0,99,27,10695,2516,13211,11249,7201.75,0.8630112337228245,4,1962,0.297532381579597,0.25,3861.9112268899407,0.125229946895283,0.6614017183561752,0,1.8654460557926196,1,0,16,0,0,0.851422948834393,0,13211,0.0713098206863793,1,0,0,0,0,0,0,0,0,1,0,1,0,1,6299.75,0,1,0,0,4,1,1,1,2.1436786929254126,0,0,0,0,0,0,0,0,0,0,0
2018-05-06,43,76046,553,0,0,21,6186,48,1,1,2,266,0.2751728862788457,7,1,0,4,1,93,26,496,16526,94518,14770,6337.166666666667,0.796077962119688,6,79748,0.1966825513988827,0.1839747562983667,183.00108992440693,0.0419679718109863,0.0708408461843972,1,2.973271488361489,1,1,36,0,0,0.15626487796104488,0,17022,2.7512526264748667,1,0,0,0,1,0,0,0,0,1,1,0,0,1,6071.166666666667,0,1,0,0,2,0,1,0,0.08134443173300722,1,0,0,0,1,1,0,0,0,0,1
2018-05-07,39,154088,512,0,4,15,31363,84,2,2,1,861,0.5401650002861467,3,3,1,2,0,97,15,5916,10000,35708,38826,12840.666666666666,0.9070119179343524,10,3897,0.2295883540043377,0.212742611764805,720.7150447666694,0.0670473718364698,0.1231705420973396,1,2.616078010570078,1,1,100,0,0,1.0872889187599766,0,15916,0.5074607830633848,1,1,1,0,0,0,0,0,0,1,0,0,0,1,11979.666666666666,0,1,0,1,4,1,1,0,0.20353821492773658,0,2,0,1,0,1,0,0,0,0,0
2018-05-07,18,31661,490,0,3,0,26474,48,1,2,3,234,0.3373784049478787,4,0,1,0,0,99,22,4335,2943,115730,5187,2638.4166666666665,0.7322815871648598,4,110543,0.2285459890426174,0.2325154918779039,852.1834700265163,0.0886559530199223,0.4115240627764404,0,4.302258672250891,1,0,16,0,0,0.04481945200508075,0,7278,0.27490084985835694,1,1,0,0,0,0,0,0,0,1,0,0,1,0,2404.4166666666665,0,1,0,0,1,0,1,0,0.8361442738929947,0,1,0,1,0,1,0,0,1,0,1
2018-05-07,39,72593,643,0,4,17,8910,12,2,1,2,401,0.2142638593370654,4,4,0,1,0,98,19,1178,1957,24950,7427,6049.416666666667,0.8512002425219771,5,17523,0.1397737604369032,0.1256297879397057,793.991218063866,0.0662764272433028,0.197505607282782,1,0.9463772361190398,1,1,25,0,0,0.29766342030379545,0,3135,0.35181236673773986,1,1,1,0,0,0,0,0,0,1,1,0,0,1,5648.416666666667,0,1,0,1,4,1,0,0,0.12273741631539797,1,2,0,0,0,0,0,0,0,0,0
2018-05-10,40,45847,574,0,1,17,33631,36,1,3,3,295,0.1041330176527879,1,2,0,2,0,98,25,2622,1227,46195,37162,3820.5833333333335,0.902965779600248,11,9033,0.1826058083184192,0.1769451323971294,1210.6935702745288,0.0771931354804945,0.3939973144485127,1,2.2321407469588013,1,1,121,0,0,0.8044419430253702,0,3849,0.11444457659372026,1,0,0,0,0,0,0,0,0,1,0,0,1,0,3525.5833333333335,0,1,1,0,3,0,0,0,0.7335325423137323,0,0,0,0,0,0,0,0,0,0,1
2018-05-10,69,40000,554,2,4,49,96870,240,2,2,2,141,0.2090655571436173,3,1,0,3,1,95,15,3509,273,54136,32763,3333.333333333333,0.9553056344295364,8,21373,0.2608702838688702,0.25,2032.5420800188635,0.0422873138058582,0.651867063886493,0,3.601966500537717,1,1,64,0,0,0.6051868407928035,0,3782,0.03904161204075523,1,1,0,0,0,0,0,0,0,1,1,0,0,0,3192.333333333333,0,1,0,1,4,1,1,0,2.4216894577635557,0,1,0,0,1,1,0,0,0,1,0
2018-05-10,37,130723,575,0,1,13,173984,300,1,1,2,563,0.1229958570258655,1,0,0,3,0,92,7,10623,6501,52234,94035,10893.583333333334,0.743433965424906,4,7271,0.270516681091896,0.25,3632.1433706611215,0.0516770566412972,0.3850668944653953,1,1.861101062443549,1,0,16,0,0,1.8002297310232602,0,17124,0.09842227778256746,1,1,0,0,0,0,0,0,0,1,1,0,0,1,10330.583333333334,0,1,0,0,3,0,1,1,1.3309262262476669,0,1,0,0,0,0,0,0,0,0,1
2018-05-12,43,56415,630,0,0,22,18381,60,2,3,3,511,0.3949702579525505,3,0,0,0,0,100,26,4257,1006,9345,148585,4701.25,0.7955316001417926,6,2727,0.1624547818009795,0.134977259725041,422.92244599251177,0.1086713807219948,0.1986118232744987,1,1.5315899029312268,1,1,36,0,0,15.898245238604751,0,5263,0.2863126972037863,1,0,0,0,0,0,0,0,0,1,0,0,1,0,4190.25,0,1,1,1,2,0,1,0,0.3258118264322178,0,0,0,0,0,0,0,0,0,0,0
2018-05-12,39,73912,538,0,4,17,21538,60,3,2,0,529,0.3997204147558975,4,0,0,1,0,91,17,7021,2837,134422,8750,6159.333333333333,0.7360888072056946,2,125672,0.2084944051310943,0.2248203637455597,600.7740529580401,0.0858719766246415,0.1833949547575412,1,2.4335407402555544,0,0,4,0,0,0.06509302723492259,0,9858,0.45768141510747945,1,1,0,0,0,0,0,0,0,1,0,1,0,1,5630.333333333333,0,1,0,0,4,1,1,0,0.29139664199802473,1,1,0,0,0,0,0,0,0,0,0
2018-05-13,25,154466,530,0,3,4,284740,180,2,3,2,394,0.1675004065898474,3,1,0,3,0,97,21,4929,1560,53227,6572,6569.166666666667,0.7434523981529477,3,46655,0.2531398338185343,0.25,6080.705045512238,0.0599680373405037,0.9854704414670716,0,3.4914711282739126,1,0,9,0,0,0.12346885098068686,0,6489,0.022789131175348826,1,1,0,0,0,0,0,0,0,1,1,0,0,1,6175.166666666667,0,1,1,1,1,0,1,1,1.8433710760227104,0,1,0,0,0,0,0,0,1,0,0
2018-05-14,53,44764,605,0,0,35,138336,240,1,2,0,613,0.1381954297951428,4,0,0,3,0,95,26,540,1136,17185,9379,3730.3333333333335,0.9487189872894584,4,7806,0.2354593620040543,0.2392590489920827,2782.540153858846,0.1642844380918349,0.9100071879200052,0,2.0461417410417253,1,0,16,0,0,0.5457349005004073,0,1676,0.012115341521068116,1,0,0,0,0,0,0,0,0,1,0,1,0,0,3117.3333333333335,0,1,0,0,2,0,1,1,3.090271417401988,0,0,0,0,0,0,0,0,0,0,1
2018-05-14,49,39836,636,0,1,27,7237,24,0,1,0,152,0.0913062128212419,2,2,0,1,0,100,29,3451,700,198929,247008,3319.6666666666665,0.8640519002359408,6,1773,0.1472217750510309,0.1332237335340867,345.1570219073012,0.0457739409757076,0.1497160274766014,1,1.781469252841566,1,1,36,0,0,1.2416830040717841,0,4151,0.5735009671179884,1,0,0,0,0,0,0,0,0,1,0,1,0,0,3167.6666666666665,0,1,0,0,3,0,0,0,0.18166528604061552,1,0,0,0,0,0,0,0,0,0,0
2018-05-15,49,87602,613,0,1,22,157108,300,2,1,0,516,0.1747341298247788,1,0,0,3,0,97,1,6078,2105,207353,12380,7300.166666666667,0.6547376895583735,2,194973,0.2514911737777385,0.25,3279.8348162924603,0.0706736366334147,0.5198942839672829,0,1.4793615605276782,0,0,4,0,0,0.059704659664149236,0,8183,0.05208485828310282,1,1,0,0,0,0,0,0,0,1,0,1,0,1,6784.166666666667,0,1,0,1,3,0,1,1,1.7934089015216375,0,1,0,0,0,0,1,0,0,0,0
2018-05-15,29,41952,513,0,4,5,21539,180,0,2,3,230,0.1090819159189756,5,0,0,2,0,94,14,513,2189,70783,78617,3496.0,0.9623403583111988,6,5612,0.2609944167376776,0.25,459.9715739807828,0.0657706605661996,0.1973038530113762,1,2.718871356786416,1,1,36,0,0,1.1106606012658229,0,2702,0.1254410399257196,1,1,0,0,0,0,0,0,0,1,0,0,1,0,3266.0,0,1,0,0,4,1,1,0,0.5134078611779849,0,1,0,0,0,0,0,0,1,0,0
2018-05-17,56,64016,539,0,3,34,141229,360,1,0,2,614,0.327585985075657,1,1,0,3,0,95,19,13277,346,54034,79475,5334.666666666667,0.765691975808157,3,4749,0.3084645362615157,0.25,2944.0295618745413,0.1150746548385081,0.6668388008760932,0,3.348509328887741,1,0,9,0,0,1.4708059591005829,0,13623,0.0964596757062947,1,1,0,0,0,0,0,0,0,1,1,0,0,0,4720.666666666667,0,0,0,0,1,0,1,1,2.206117125138635,0,1,0,0,0,0,0,0,0,0,1
2018-05-17,23,25523,515,0,1,1,22131,60,3,3,2,184,0.2261778804165089,7,1,0,2,0,99,22,2271,110,44930,3137,2126.9166666666665,0.9738508286577332,6,41793,0.2200011949510045,0.1998425855415493,586.1423167206726,0.0864695515958488,0.3619231564773085,1,2.4133797476973515,1,1,36,0,0,0.06981816563174646,0,2381,0.10758178203506236,1,1,0,0,1,0,0,0,0,1,1,0,0,0,1942.9166666666665,0,1,1,0,3,0,1,0,0.8670662905500706,0,1,0,0,0,0,0,0,1,0,0
2018-05-19,47,22163,590,0,1,24,14737,60,3,1,0,152,0.3350216914442484,2,0,0,0,0,100,16,290,651,21325,29525,1846.9166666666667,0.8544505321664811,3,6230,0.1823995461178317,0.1846833362037149,377.987644697124,0.0822547914317925,0.2868027840525586,1,1.8166536658670112,1,0,9,0,0,1.3844602832223576,0,941,0.06384855475641199,1,1,0,0,0,0,0,0,0,1,0,1,0,0,1694.9166666666667,0,1,0,0,3,0,1,0,0.6649070564879985,0,1,0,0,0,0,0,0,0,0,0
2018-05-19,66,67013,621,0,3,42,113940,360,2,2,0,188,0.21974541129229,3,1,0,3,0,98,2,1544,5433,54674,25665,5584.416666666667,0.95959085911673,4,29009,0.2674108590123862,0.25,2375.1688978891398,0.0336590824319283,0.458903793728753,0,1.490057959458685,1,0,16,0,0,0.46941015089163235,0,6977,0.0612334453796263,1,1,0,0,0,0,0,0,0,1,0,1,0,1,5396.416666666667,0,1,0,1,1,0,1,1,1.700241740531829,0,1,0,0,0,0,0,0,0,1,0
2018-05-19,28,70162,584,1,0,8,14272,60,0,1,3,763,0.0713666851022229,2,1,0,2,0,97,21,2083,7320,9403,57630,5846.833333333333,0.7675817373931393,3,8233,0.1853915312299074,0.1951334281921672,374.2664868988617,0.1304756747513324,0.1944765560291039,1,1.7660062232409106,1,0,9,0,0,6.1282433007230965,0,9403,0.658796328732572,1,1,0,0,0,0,0,0,0,1,0,0,1,1,5083.833333333333,0,1,0,0,2,0,1,0,0.20341205478671096,0,1,0,0,0,0,0,0,1,0,0
2018-05-20,33,39679,595,1,3,8,18130,12,2,1,2,251,0.1602534879032296,4,0,0,1,0,94,7,1177,223,173836,82858,3306.583333333333,0.4785005889609701,4,90978,0.1639513446148564,0.1583467180230319,1643.5323568186686,0.0758862210576705,0.5727844670535895,1,2.5449506430765187,1,0,16,0,0,0.47664191167588027,0,1400,0.07721581821190227,1,1,0,0,0,0,0,0,0,1,1,0,0,0,3055.583333333333,0,1,0,1,1,0,0,0,0.4569052419354839,1,1,0,0,0,0,1,0,0,0,0
2018-05-21,41,103446,566,0,0,17,17479,12,2,2,3,774,0.5392985352337872,5,1,1,1,0,94,12,7237,1327,28780,56480,8620.5,0.9181819861186578,4,2789,0.1784422031623023,0.1931475539330758,1613.431673704496,0.0897755610972568,0.2769160440415816,1,3.4034326811585296,1,0,16,0,0,1.962405753795907,0,8564,0.48993135011441646,1,1,0,0,0,0,0,0,0,1,0,0,1,1,7846.5,0,1,0,1,2,0,0,0,0.16896575057759045,1,1,0,1,0,1,0,0,0,0,0
2018-05-21,33,29545,525,0,2,9,29912,84,2,2,0,143,0.3987993892235621,5,1,0,2,0,98,29,580,129,12805,27810,2462.083333333333,0.9201127699469828,9,2602,0.2230765121118742,0.2323729322652397,723.7417556261516,0.0580573129884629,0.3518929887171844,1,2.320674079360144,1,1,81,0,0,2.17163829454943,0,709,0.0237020693344031,1,0,0,0,0,0,0,0,0,1,0,1,0,0,2319.083333333333,0,1,0,1,5,1,1,0,1.0123874636160564,0,0,0,0,0,0,0,0,0,0,0
2018-05-22,21,22161,579,0,1,0,27231,120,2,0,3,102,0.464327591380118,3,1,0,2,0,100,9,3573,245,17771,45717,1846.75,0.8746116697375058,3,1414,0.2080530370078432,0.1928734590610601,513.4523532531573,0.055202273034772,0.3330820474918995,1,1.8492961199535944,1,0,9,0,0,2.572417285617826,0,3818,0.14020270270270271,1,1,0,0,0,0,0,0,0,1,0,0,1,0,1744.75,0,0,0,0,3,0,1,0,1.2287248443281293,0,1,0,0,0,0,0,0,1,0,0
2018-05-23,40,50918,542,0,1,17,25656,60,1,0,1,761,0.099369888468549,2,2,0,2,0,92,17,7562,3004,55328,1814,4243.166666666667,0.8973570514170265,5,53514,0.2065381429294626,0.1772828217341288,647.7074047493638,0.179304928333006,0.3319161369917998,1,2.9160169479428277,1,1,25,0,0,0.03278570008494641,0,10566,0.4118174377362903,1,1,0,0,0,0,0,0,0,1,0,0,0,0,3482.166666666667,0,0,0,0,3,0,1,0,0.5038590702881046,0,1,0,0,0,0,0,0,0,0,1
2018-05-24,27,7129,580,2,2,3,20044,60,1,3,1,66,0.101312514878507,5,0,0,2,1,91,7,1661,324,88022,5599,594.0833333333334,0.6726162846993231,6,82423,0.1874764337562691,0.214434327298865,547.2693185457614,0.1109088362974373,1.030560400861103,1,5.246418226610367,1,1,36,0,0,0.06360837508378492,0,1985,0.09902718882514343,1,1,0,0,0,0,0,0,0,1,0,0,0,0,528.0833333333334,1,1,1,0,5,1,1,0,2.8112201963534362,0,2,0,0,1,1,1,0,1,0,1
2018-05-24,45,74363,621,0,0,21,32376,36,1,3,0,310,0.2290664255605061,1,3,1,1,1,96,14,4056,982,40499,11320,6196.916666666667,0.5596205253361182,2,29179,0.1590963008932889,0.1683583600395871,1151.649262826133,0.050016806722689,0.2358291247585021,1,4.741398605028012,0,0,4,0,0,0.2795061728395062,0,5038,0.15560428699385367,1,1,1,0,0,0,0,0,0,1,0,1,0,1,5886.916666666667,0,1,1,0,2,0,0,0,0.43537195417137325,1,2,0,1,1,1,1,0,0,0,1
2018-05-24,28,35029,642,0,4,6,9734,36,1,0,3,518,0.2501146192883411,4,1,0,1,0,97,24,4668,1160,32098,29208,2919.083333333333,0.9395670129720134,3,2890,0.1482958707294516,0.1804557457113002,352.1300011733583,0.1773921977112525,0.2979812223989126,1,1.3689414296916926,1,0,9,0,0,0.9099348889373501,0,5828,0.5986646122239343,1,0,0,0,0,0,0,0,0,1,0,0,1,0,2401.083333333333,0,0,0,0,4,1,0,0,0.2778761061946903,1,0,0,0,0,0,0,0,1,0,1
2018-05-25,58,125689,654,0,0,37,35659,84,3,1,3,1223,0.1704211995703953,1,0,0,2,0,97,19,4978,1089,23108,6181,10474.083333333334,0.7096448754306404,6,16927,0.1586204462228543,0.1884816814781108,767.306508324631,0.1167532477864137,0.1900038830231706,1,1.2315933270240549,1,1,36,0,0,0.2674715478817777,0,6067,0.17013460459899046,1,1,0,0,0,0,0,0,1,0,0,0,1,1,9251.083333333334,0,1,0,0,2,0,1,0,0.2837059431935715,0,1,0,0,0,0,0,0,0,0,0
2018-05-28,30,150553,509,0,4,7,199630,300,2,0,3,857,0.3940546770753766,2,1,0,3,0,98,2,3807,14217,146267,31556,12546.083333333334,0.8798856561094125,5,114711,0.3035510564853553,0.25,4167.537136087684,0.068302726397237,0.4004545919241006,1,2.978823307578267,1,1,25,0,0,0.2157409686329204,0,18024,0.09028657873777118,1,1,0,0,0,0,0,0,0,1,0,0,1,1,11689.083333333334,0,0,0,0,4,1,1,1,1.3259694196102396,0,1,0,0,0,0,0,0,0,0,0
2018-05-28,36,41759,549,0,3,10,109496,180,2,4,1,550,0.2046037994282883,3,1,0,3,0,95,8,7164,807,106949,65429,3479.9166666666665,0.7367025658020563,5,41520,0.2434009131076507,0.25,2338.318745744918,0.158004357089847,0.8297580845308711,0,3.357487475358556,1,1,25,0,0,0.6117718560074802,0,7971,0.07279651497301295,1,1,0,0,0,0,0,0,0,1,0,0,0,0,2929.9166666666665,0,1,1,1,1,0,1,1,2.6220306513409963,0,1,0,0,0,0,0,0,0,0,0
2018-05-29,49,131453,670,0,4,29,483122,240,1,0,3,1160,0.5388529867861582,6,1,0,3,0,100,23,9424,1688,77065,2713,10954.416666666666,0.7968289152257307,6,74352,0.2032720066396499,0.2019780567944648,8282.470256812998,0.1058836952801125,0.8618996925550981,0,2.059634863882472,1,1,36,0,0,0.03520359172657203,0,11112,0.023000353947131475,1,1,0,0,1,0,0,0,1,0,0,0,1,1,9794.416666666666,0,0,0,0,4,1,1,1,3.6752171862400536,0,1,0,0,0,0,0,0,0,0,1
2018-05-29,25,15128,518,0,3,5,12009,12,0,0,0,181,0.0425996113587745,2,0,0,4,0,100,28,451,591,18330,168514,1260.6666666666667,0.9026019566936094,3,1133,0.2023483737287685,0.1773616075614779,1099.4776911105184,0.1434610303830911,1.014909662703185,1,4.42626847472333,1,0,9,0,0,9.192842725437783,0,1042,0.08676103247293922,1,0,0,0,0,0,0,0,0,1,0,1,0,0,1079.6666666666667,0,0,0,0,1,0,0,0,0.7937735474915725,1,0,0,0,0,0,0,0,1,0,0
2018-06-01,42,94498,631,0,0,19,11740,48,1,0,1,747,0.1306698911425435,1,0,0,1,1,98,1,3247,4641,36869,7968,7874.833333333333,0.8985101914234814,6,28901,0.1578427105671575,0.1838584520565611,347.2340328447022,0.0948471061263358,0.1389356511917937,1,2.6936397655221,1,1,36,0,0,0.2161106590724166,0,7888,0.6718337449961673,1,1,0,0,0,0,0,0,0,1,0,0,0,1,7127.833333333333,0,0,0,0,2,0,1,0,0.12423411887956487,1,1,0,0,1,1,0,0,0,0,1
2018-06-02,55,112055,520,0,1,32,24021,60,1,2,0,998,0.3129244220986082,6,1,0,2,0,95,2,2800,10613,36599,41873,9337.916666666666,0.7579697942619955,5,8197,0.2175216813390286,0.2289370515762131,675.6971368947732,0.1068646434722086,0.1792174827802768,1,1.0838039138358937,1,1,25,0,0,1.1440710382513661,0,13413,0.5583631670968279,1,1,0,0,1,0,0,0,0,1,0,1,0,1,8339.916666666666,0,1,0,0,3,0,1,0,0.21436603127007925,0,1,0,0,0,0,0,0,0,0,1
2018-06-03,20,67196,594,0,0,0,215749,240,2,3,0,611,0.0888670086086222,3,0,0,3,0,88,20,26495,1045,332777,8502,5599.666666666667,0.7269938998122861,5,324275,0.2410704689022364,0.25,4526.880574192111,0.1090941554576836,0.9173694633124824,0,2.6758640802467077,1,1,25,0,0,0.025548563907469846,0,27540,0.12764774044032445,1,1,0,0,0,0,0,0,0,1,0,1,0,1,4988.666666666667,0,1,1,1,2,0,1,1,3.2106939297885324,0,1,0,0,0,0,0,0,1,0,0
2018-06-03,42,55957,557,0,1,19,237288,300,2,1,2,1184,0.2388150946463099,1,0,0,3,1,94,15,2932,3182,66014,26005,4663.083333333333,0.8700861700876029,7,40009,0.279594258521631,0.2466162712068937,4887.520378403075,0.253854812485483,1.3017606986159642,0,4.902059242429361,1,1,49,0,0,0.39392562296447775,0,6114,0.025766048995107232,1,1,0,0,0,0,0,0,0,1,1,0,0,0,3479.083333333333,0,1,0,1,3,0,1,1,4.24046606383359,0,1,0,0,1,1,0,0,0,0,0
2018-06-03,43,15000,595,0,0,21,6771,60,1,0,2,146,0.1681222081581718,3,1,0,1,0,97,15,1047,364,34038,3111,1250.0,0.9784309762239332,4,30927,0.1797051379358132,0.1792020249919562,171.6451053904402,0.1167066346922462,0.2539129539491928,0,2.086611981471255,1,0,16,0,0,0.09139516437028115,0,1411,0.2083579444772593,1,1,0,0,0,0,0,0,0,1,1,0,0,0,1104.0,0,0,0,0,2,0,1,0,0.45136990867275517,1,1,0,0,0,0,0,0,0,0,1
2018-06-03,49,38005,631,0,1,24,11401,36,1,2,3,247,0.0913547167111854,5,0,0,1,0,98,19,4080,395,346822,67568,3167.083333333333,0.8397413437381457,4,279254,0.1538353860143979,0.1287707047333535,383.4700352947801,0.0779651208669805,0.1990067712743604,1,0.9202241377625198,1,0,16,0,0,0.19481983605470227,0,4475,0.39247500438519556,1,1,0,0,0,0,0,0,0,1,0,0,1,0,2920.083333333333,0,1,0,0,3,0,0,0,0.299978950691996,1,1,0,0,0,0,0,0,0,0,1
2018-06-04,25,23413,538,1,3,6,140858,180,1,0,1,89,0.5514944371435399,1,1,0,3,0,95,2,362,206,130342,5592,1951.0833333333333,0.7021630051713178,4,124750,0.2489638786672566,0.2459839391744096,2964.256274670716,0.0455923159018143,1.5641014000447635,0,5.602652685900235,1,0,16,0,0,0.0429021888402139,0,568,0.0040324011955217625,1,1,0,0,0,0,0,0,0,1,0,0,0,0,1862.0833333333333,0,0,0,0,1,0,1,1,6.01597334927821,0,1,0,0,0,0,0,0,1,0,1
2018-06-04,24,22726,559,1,3,3,11610,24,1,0,1,157,0.1353946635453884,1,1,0,1,0,96,5,3550,145,134551,32714,1893.8333333333333,0.6827119549958192,6,101837,0.1858399270509067,0.180125037590975,579.688968552143,0.0828568915471897,0.3887882673333502,1,2.3354546464050823,1,1,36,0,0,0.2431327665140615,0,3695,0.3182327103608647,1,1,0,0,0,0,0,0,0,1,0,0,0,0,1736.8333333333333,0,0,0,0,1,0,0,0,0.5108461301535618,1,1,0,0,0,0,1,0,1,0,1
2018-06-06,46,60818,590,1,3,24,24038,60,1,3,2,1090,0.2136833623558215,3,1,0,0,0,100,22,1728,556,221494,58833,5068.166666666667,0.76584574087621,8,162661,0.1825218581976115,0.1654532387453493,591.5452334067273,0.2150254808482656,0.331720249891184,1,2.2641046313101376,1,1,64,0,0,0.2656177340346283,0,2284,0.09501227172511335,1,1,0,0,0,0,0,0,0,1,1,0,0,0,3978.166666666667,0,1,1,0,1,0,1,0,0.3952383301270984,0,1,0,0,0,0,0,0,0,0,1
2018-06-06,43,34691,560,0,0,24,18401,48,1,3,3,400,0.1562510890585662,2,2,0,0,0,93,22,11287,2032,159250,12649,2890.9166666666665,0.9028042680673244,8,146601,0.1934550536583355,0.1834851263401042,543.886194623462,0.1383165720542892,0.3263877571242124,1,3.0838586036306515,1,1,64,0,0,0.0794280726651638,0,13319,0.7237800239104445,1,1,0,0,0,0,0,0,0,1,0,0,1,0,2490.9166666666665,0,1,1,0,2,0,1,0,0.5304104692724547,0,1,0,0,0,0,0,0,0,0,1
2018-06-07,43,24756,509,0,3,21,11042,48,2,5,0,133,0.1420412163108579,5,0,0,1,0,91,23,945,963,37360,10796,2063.0,0.8570160360719609,1,26564,0.2188273880055118,0.2488063792435965,365.386291359806,0.064437984496124,0.2414662264340145,1,2.811114130805484,0,0,1,0,0,0.2889644281469982,0,1908,0.17277913610431947,1,1,0,0,0,0,0,0,0,1,0,1,0,0,1930.0,0,1,1,1,1,0,1,0,0.44601526840893485,1,1,0,0,0,0,0,0,0,0,0
2018-06-10,44,23199,516,0,0,18,22634,84,1,1,3,166,0.211518132435917,5,1,0,2,0,89,12,3417,128,50263,3810,1933.25,0.8245089770731356,4,46453,0.2275068131649675,0.2438046078277516,563.9686097569528,0.0858213777950109,0.3773910351593397,1,3.131567994605258,1,0,16,0,0,0.07579977717650804,0,3545,0.1566158603931964,1,1,0,0,0,0,0,0,0,1,0,0,1,0,1767.25,0,1,0,0,2,0,1,0,0.9756034482758621,0,1,0,0,0,0,0,0,0,0,1
2018-06-13,31,29871,549,1,0,8,7146,24,2,0,2,110,0.6743854856184045,2,4,0,1,0,99,13,128,100,87976,26225,2489.25,0.9152189695526488,2,61751,0.190718611991805,0.191832482609222,360.8565176097735,0.0441722718602549,0.1890800191184714,1,1.6799071554327627,0,0,4,0,0,0.2980892733328029,0,228,0.03190149713166363,1,1,1,0,0,0,0,0,0,1,1,0,0,0,2379.25,0,0,0,0,2,0,0,0,0.2392206748794858,1,2,0,0,0,0,0,0,0,0,0
2018-06-13,42,11354,543,2,3,19,242322,240,2,3,3,99,0.2094989020900617,1,3,0,3,0,92,22,276,108,66719,25634,946.1666666666666,0.9062066307298436,5,41085,0.266599506706487,0.2401718893207507,4891.98176070321,0.104522259370051,3.0,0,7.422473496876851,1,1,25,0,0,0.3842026378896882,0,384,0.0015846617943818786,1,1,1,0,0,0,0,0,0,1,0,0,1,0,847.1666666666666,1,1,1,1,1,0,1,1,21.340554821664465,0,3,1,0,0,0,0,0,0,0,0
2018-06-13,43,39449,622,1,1,23,25411,48,1,0,1,300,0.662676804285336,2,2,0,0,0,95,29,1535,348,9738,8721,3287.4166666666665,0.9550090441777171,4,1017,0.1625357441955966,0.1691282558591688,732.089920486555,0.091229315019893,0.313856188283081,0,2.338104079309397,1,0,16,0,0,0.8954718143546565,0,1883,0.0740988509365654,1,0,0,0,0,0,0,0,0,1,0,0,0,0,2987.4166666666665,0,0,0,0,3,0,1,0,0.6441318124207858,0,0,0,0,0,0,0,0,0,0,1
2018-06-16,31,41357,583,0,4,10,27934,36,1,0,1,228,0.5456828560258693,5,1,0,0,0,99,22,283,586,14734,21866,3446.4166666666665,0.6057948565224491,12,9913,0.1780594089154733,0.1492692077705528,967.341905502543,0.066136479006019,0.3467355475363319,1,2.0812355056100453,1,1,144,0,0,1.4839497794367154,0,869,0.031107929121174153,1,1,0,0,0,0,0,0,0,1,0,0,0,0,3218.4166666666665,0,0,0,0,4,1,0,0,0.675419507713139,0,1,0,0,0,0,1,0,0,0,1
2018-06-17,62,42757,652,1,3,40,22436,48,1,0,0,179,0.376069291184317,4,2,0,0,0,100,16,4069,2652,58503,5408,3563.083333333333,0.7365720556649512,3,53095,0.1475046166652149,0.1274285401855439,599.0421834054947,0.0502232925717225,0.2183007832978544,0,2.285312962875689,1,0,9,0,0,0.09243812388896486,0,6721,0.2995498506930517,1,1,0,0,0,0,0,0,1,0,0,1,0,0,3384.083333333333,0,0,0,0,1,0,1,0,0.5247205201365827,0,1,0,0,0,0,0,0,0,0,1
2018-06-17,45,54074,526,0,1,23,67803,120,2,4,0,487,0.2561531042090381,3,2,0,2,0,97,8,3859,600,10342,6035,4506.166666666667,0.9292213508375706,7,4307,0.2347810941173096,0.25,1542.470451606907,0.1080501423658617,0.4502763269475074,1,2.503679010200276,1,1,49,0,0,0.5834864159334816,0,4459,0.06576308182408118,1,1,0,0,0,0,0,0,0,1,0,1,0,0,4019.166666666667,0,1,1,1,3,0,1,0,1.253869625520111,0,1,0,0,0,0,0,0,0,0,0
2018-06-18,25,63003,551,0,1,0,71592,180,0,2,3,427,0.033210138361735,6,1,0,3,0,93,28,1220,6493,16214,45932,5250.25,0.8209491597037558,4,4622,0.2422946881457015,0.25,1528.8678640806074,0.0813139728636039,0.3724575794488183,1,1.6327909693199765,1,0,16,0,0,2.832685784767191,0,7713,0.10773399634042434,1,0,0,0,1,0,0,0,0,1,0,0,1,0,4823.25,0,1,0,0,3,0,1,0,1.1363088057901085,0,0,0,0,0,0,0,0,1,0,0
2018-06-20,47,15000,624,0,0,23,18411,60,2,0,0,73,0.6739682720723232,5,3,0,0,0,98,5,880,61,36842,18828,1250.0,0.9796530305958884,7,18014,0.1654551894762342,0.1293879789175706,418.3302378508156,0.0583533173461231,0.3927499902884217,1,2.082218224204764,1,1,49,0,0,0.5110333034769156,0,941,0.05110797306104714,1,1,1,0,0,0,0,0,0,1,0,1,0,0,1177.0,0,0,0,0,2,0,1,0,1.2273181787880807,0,2,0,0,0,0,0,0,0,0,0
2018-06-21,28,94090,563,0,1,8,19826,48,0,0,2,235,0.2698429342468023,3,2,0,0,0,93,28,11000,1274,64470,6444,7840.833333333333,0.9574267201479344,5,58026,0.1919736999810346,0.1967647810187669,599.9002255223078,0.0299674820938981,0.1064674789724734,0,0.6285592108316583,1,1,25,0,0,0.09995191636549766,0,12274,0.6190548242295859,1,0,0,0,0,0,0,0,0,1,1,0,0,1,7605.833333333333,0,0,0,0,3,0,1,0,0.21071090752569321,0,0,0,0,0,0,0,0,1,0,0
2018-06-22,49,123605,633,0,0,26,18528,24,1,3,3,656,0.5996792380847256,5,1,0,1,0,96,21,787,5205,110521,67323,10300.416666666666,0.858524952766579,6,43198,0.1489567730878206,0.1792972886665993,924.3647943096528,0.0636805617350364,0.1534123747681615,1,0.788394018703984,1,1,36,0,0,0.6091366424784206,0,5992,0.3233849641103136,1,1,0,0,0,0,0,0,0,1,0,0,1,1,9644.416666666666,0,1,1,0,2,0,0,0,0.14989563613416823,1,1,0,0,0,0,0,0,0,0,1
2018-06-22,53,30833,593,0,1,30,43672,36,2,3,2,98,0.1629391048727296,1,1,0,2,0,92,11,450,1381,147217,18392,2569.4166666666665,0.993106217997028,6,128825,0.1731711213352915,0.1648921884104699,1545.9468143052125,0.0381261144431836,0.639564330415385,1,2.0718430903671727,1,1,36,0,0,0.12493037536170849,0,1831,0.04192521695326632,1,1,0,0,0,0,0,0,0,1,1,0,0,0,2471.4166666666665,0,1,1,1,3,0,0,0,1.4163585652202115,0,1,0,0,0,0,0,0,0,0,0
2018-06-27,30,23474,575,0,3,5,15317,36,2,2,3,65,0.2042381630828692,2,1,0,1,0,94,11,876,322,80442,30637,1956.1666666666667,0.6191984789037688,4,49805,0.1819091959716174,0.1869415544116581,559.0945518609848,0.0332112748020097,0.3188765486814194,1,1.78115233231213,1,0,16,0,0,0.3808535236129931,0,1198,0.07820864342603473,1,1,0,0,0,0,0,0,0,1,0,0,1,0,1891.1666666666667,0,1,0,1,1,0,0,0,0.6524813631522897,1,1,0,0,0,0,1,0,0,0,0
2018-06-29,51,49574,636,0,1,25,156241,300,2,0,0,615,0.1065247846749241,5,0,0,3,0,100,23,2649,2591,160206,35719,4131.166666666667,0.8125694104968606,0,124487,0.2399897903415719,0.2253540637914231,2945.221922382556,0.14883233170653,0.8615872034160986,0,3.004286458894087,0,0,0,1,0,0.2229553015785827,0,5240,0.03353771713111711,1,1,0,0,0,0,0,0,0,1,0,1,0,0,3516.166666666667,0,0,0,0,3,0,1,1,3.1516086737266766,0,2,0,0,0,0,0,0,0,0,0
2018-07-01,44,32612,610,1,1,24,32155,60,1,1,1,219,0.1684942955159439,1,0,0,0,0,100,10,1605,1410,28071,22222,2717.6666666666665,0.5166055485055432,6,5849,0.1725945885843619,0.1824131964184376,820.7527519448802,0.0805541932319764,0.3824495164093478,1,1.4505341505553528,1,1,36,0,0,0.7916072955257908,0,3015,0.09376166189824606,1,1,0,0,0,0,0,0,0,1,0,0,0,0,2498.6666666666665,0,1,0,0,3,0,1,0,0.985956520405973,0,1,0,0,0,0,1,0,0,0,1
2018-07-01,49,58900,638,0,3,28,226652,360,0,2,0,364,0.389438385108197,1,1,0,3,1,94,13,7480,571,22081,18814,4908.333333333333,0.7915363594973464,5,3267,0.2590827938731372,0.2324770973073312,4395.345879855859,0.0741444866920152,0.9694485089331596,1,4.599474903805128,1,1,25,0,0,0.8520061588624219,0,8051,0.035521259370050254,1,1,0,0,0,0,0,0,0,1,0,1,0,0,4544.333333333333,0,1,0,0,1,0,1,1,3.848016162713706,0,1,0,0,1,1,0,0,0,0,0
2018-07-02,62,17490,479,0,0,42,162832,300,1,4,0,146,0.4793699094734115,3,0,0,3,0,95,11,1471,460,49742,68551,1457.5,0.9081256766535752,2,8432,0.3185001201036779,0.25,3399.330796691027,0.1001028453890983,2.430806168454595,0,6.564464217612862,0,0,4,0,0,1.3781034517419537,0,1931,0.011858775555323553,1,1,0,0,0,0,0,0,0,1,0,1,0,0,1311.5,0,1,1,0,2,0,1,1,9.30947344348522,0,1,0,0,0,0,0,0,0,0,1
2018-07-03,37,30983,620,1,2,15,172730,180,1,0,3,123,0.3379063805677481,7,0,0,3,0,99,27,3245,1202,115750,5504,2581.9166666666665,0.7461983171211152,5,110246,0.2080148726875132,0.25,3688.69910272996,0.0476205839651556,1.4757344485484605,0,4.210620809033719,1,1,25,0,0,0.04755034513740702,0,4447,0.025745233918636493,1,0,0,0,1,0,0,0,0,1,0,0,1,0,2458.9166666666665,0,0,0,0,5,1,1,1,5.574812806609863,0,0,0,0,0,0,0,0,0,0,1
2018-07-04,30,95650,573,1,0,7,256878,360,0,1,0,829,0.5054044789513779,3,2,0,3,0,95,23,1243,997,135373,2839,7970.833333333333,0.8803819037042382,2,132534,0.2916140901089719,0.25,5354.823908653382,0.1039911354560849,0.7757091311475883,0,2.3681663228591665,0,0,4,0,0,0.02097153072229527,0,2240,0.008720058860397308,1,1,0,0,0,0,0,0,0,1,0,1,0,1,7141.833333333333,0,1,0,0,2,0,1,1,2.6855756866106995,0,1,0,0,0,0,0,0,0,0,0
2018-07-04,29,25470,616,0,1,5,18613,60,1,0,0,168,0.2350005348673214,3,1,0,2,0,100,19,1536,2661,206771,10764,2122.5,0.7807491484010527,4,196007,0.1694579173161864,0.1622179937239017,454.8284486093955,0.0791146691782434,0.2933027777769699,1,2.0343382966262675,1,0,16,0,0,0.05205733851778771,0,4197,0.225475448587085,1,1,0,0,0,0,0,0,0,1,0,1,0,0,1954.5,0,0,0,0,3,0,1,0,0.7307526206273801,0,1,0,0,0,0,0,0,1,0,1
2018-07-06,30,96792,469,0,4,8,8893,24,1,1,3,468,0.0883738400373383,4,2,0,4,0,92,1,3715,806,103452,12409,8066.0,0.8128342825372958,2,91043,0.2307732830427676,0.2032170943947119,454.0152297810133,0.0580141316474525,0.1142946857296409,1,1.7744629838378572,0,0,4,0,0,0.11994818903270084,0,4521,0.5083202158758714,1,1,0,0,0,0,0,0,0,1,0,0,1,1,7598.0,0,1,0,0,4,1,0,0,0.09187647867097827,1,1,0,0,0,0,0,0,0,0,1
2018-07-07,39,60176,537,0,1,17,118658,240,3,0,2,313,0.2831055191736082,4,2,0,3,0,96,21,13551,1334,421318,4053,5014.666666666667,0.9886149542297646,12,417265,0.2694210022780843,0.25,2489.701436263841,0.0624044660065129,0.5587894137563316,1,2.136810509421029,1,1,144,0,0,0.00961978928080623,0,14885,0.12544349775406838,1,1,0,0,0,0,0,0,0,1,1,0,0,0,4701.666666666667,0,0,0,0,3,0,1,1,1.9718164747328715,0,1,0,0,0,0,0,0,0,0,0
2018-07-10,44,15852,584,0,1,21,8712,12,2,3,0,87,0.3696505380903018,1,1,0,1,0,94,26,1064,94,130023,34004,1321.0,0.8362386298227792,2,96019,0.1692681428605578,0.153547724866536,787.7896044146777,0.0658093797276853,0.6617167960776684,1,3.590755476987032,0,0,4,0,0,0.26152094997846553,0,1158,0.13290485481464479,1,0,0,0,0,0,0,0,0,1,0,1,0,0,1234.0,0,1,1,1,3,0,0,0,0.5495489812653757,1,0,0,0,0,0,0,0,0,0,0
2018-07-10,43,74342,513,0,1,22,302392,360,1,0,3,428,0.2369378655688437,3,1,0,3,0,97,11,1987,1582,56126,17909,6195.166666666667,0.8256057380530675,6,38217,0.3216548706937178,0.25,6303.599029054701,0.0690749657046023,1.086413486142728,0,2.7554502793770546,1,1,36,0,0,0.31907994369911097,0,3569,0.011802521883773764,1,1,0,0,0,0,0,0,0,1,0,0,1,1,5767.166666666667,0,0,0,0,3,0,1,1,4.067524851028342,0,1,0,0,0,0,0,0,0,0,1
2018-07-12,49,54065,622,1,4,22,12279,48,1,1,2,338,0.4978178165402688,4,0,0,1,0,97,4,6618,357,161294,42152,4505.416666666667,0.9080158781762088,6,119142,0.1623539318004253,0.14062622098794,335.92765487733163,0.0750041607337685,0.1495484560631688,1,0.8132820137204946,1,1,36,0,0,0.2613348212901826,0,6975,0.5679967426710097,1,1,0,0,0,0,0,0,0,1,1,0,0,0,4167.416666666667,0,1,0,0,4,1,1,0,0.22711130840084343,1,1,0,0,0,0,0,0,0,0,1
2018-07-12,40,37133,539,0,0,21,46328,60,2,1,3,211,0.1962339313233664,5,1,1,2,0,97,1,3404,531,283991,20092,3094.4166666666665,0.802321100100694,4,263899,0.2081858808484727,0.1739968963052741,1161.3499409469491,0.0681652981558756,0.4433490184779484,1,3.765082788563166,1,0,16,0,0,0.0707484717879377,0,3935,0.08493600120874614,1,1,0,0,0,0,0,0,0,1,0,0,1,0,2883.4166666666665,0,1,0,1,2,0,1,0,1.24758980987774,0,1,0,1,0,1,0,0,0,0,0
2018-07-13,57,51991,532,0,0,34,7791,12,1,3,2,377,0.2407564140794657,2,1,0,4,0,98,21,1193,204,14340,5571,4332.583333333333,0.9132121487251884,7,8769,0.1952402132113306,0.1900395791531672,718.0066177836984,0.086994981058785,0.252679257223706,1,1.4832354321520054,1,1,49,0,0,0.38846663412593263,0,1397,0.17928644763860369,1,1,0,0,0,0,0,0,0,1,1,0,0,0,3955.583333333333,0,1,1,0,2,0,0,0,0.1498499769195261,1,1,0,0,0,0,0,0,0,0,1
2018-07-14,36,49520,476,0,0,9,234210,360,2,3,0,336,0.1562269094329506,1,1,0,3,0,97,6,1824,2115,39144,10553,4126.666666666667,0.8116215590125343,7,28591,0.3400909944243614,0.25,4882.291623438787,0.0814019219898247,1.2642231180098813,0,4.256938039804191,1,1,49,0,0,0.26958743134499935,0,3939,0.01681816823291818,1,1,0,0,0,0,0,0,0,1,0,1,0,0,3790.666666666667,0,1,1,1,2,0,1,1,4.729508693281638,0,1,0,0,0,0,0,0,0,0,0
2018-07-14,72,18001,696,2,2,49,27321,48,2,0,0,181,0.3495086182136208,3,3,0,0,0,93,23,674,493,22019,24136,1500.0833333333333,0.7379609505905776,8,7498,0.1255538618793618,0.1388004377379245,744.9436968641936,0.1205795814134236,0.6168502949186878,0,1.402315269474666,1,1,64,0,0,1.096094459582198,0,1167,0.04271283214991582,1,1,1,0,0,0,0,0,1,0,0,1,0,0,1319.0833333333333,0,0,0,0,5,1,1,0,1.5176647039217865,0,2,0,0,0,0,0,0,0,1,0
2018-07-16,47,101652,555,0,1,25,206959,300,2,0,3,1150,0.3567515993941344,3,1,0,3,0,96,16,18104,5790,51743,87604,8471.0,0.7906618209326827,6,6704,0.280560070204215,0.25,4320.539588977464,0.1357412653446647,0.6457199703703332,0,2.613780924989216,1,1,36,0,0,1.6930272108843538,0,23894,0.11545226130653266,1,1,0,0,0,0,0,0,0,1,0,0,1,1,7321.0,0,0,0,0,3,0,1,1,2.0359359782790474,0,1,0,0,0,0,0,0,0,0,0
2018-07-18,29,57721,487,1,3,7,20970,60,3,2,1,548,0.4144851287116741,2,1,0,0,0,96,10,3691,782,34967,22798,4810.083333333333,0.8406096079858639,4,12169,0.2339877239524827,0.2164138144386958,574.9009388878513,0.1139036599518473,0.2333987713552771,1,2.724597142714809,1,0,16,0,0,0.6519675131548844,0,4473,0.21329454961613656,1,1,0,0,0,0,0,0,0,1,0,0,0,0,4262.083333333333,0,1,0,0,1,0,1,0,0.36329302518970236,0,1,0,0,0,0,0,0,1,0,0
2018-07-19,27,22204,521,0,4,5,6183,12,0,1,0,260,0.1482259591079719,4,1,0,4,0,96,11,2397,1324,100307,23971,1850.3333333333333,0.8163646118420768,7,76336,0.2006824301475668,0.203365521212998,573.7555348615334,0.1404393230104429,0.4503540879698596,0,3.425123143581481,1,1,49,0,0,0.23897396020257605,0,3721,0.6017141009055628,1,1,0,0,0,0,0,0,0,1,0,1,0,0,1590.3333333333333,0,1,0,0,4,1,0,0,0.2784507993695114,1,1,0,0,0,0,0,0,1,0,0
2018-07-19,45,38267,637,0,0,20,19201,24,2,0,2,176,0.0655101895196669,2,1,0,1,0,100,28,1219,764,213676,67796,3188.9166666666665,0.7558013047704134,6,145880,0.1469656924298144,0.1423921845412206,924.0667638046448,0.0551738551163823,0.3448575241165061,1,0.8222387999583338,1,1,36,0,0,0.31728262751723396,0,1983,0.10327049265701489,1,0,0,0,0,0,0,0,0,1,1,0,0,0,3012.9166666666665,0,0,0,0,2,0,0,0,0.501750810076304,1,0,0,0,0,0,0,0,0,0,0
2018-07-19,37,288297,604,0,3,19,18244,36,2,3,0,782,0.1160541475562148,0,1,0,1,0,97,16,12499,3684,212168,33691,24024.75,0.7765017315947891,6,178477,0.1674529115872176,0.2009297506235955,678.8770020570091,0.0325484116000541,0.0608046367774995,1,0.7198696669367104,1,1,36,0,0,0.15879322615462202,0,16183,0.8869827349958893,1,1,0,0,0,0,0,0,0,1,0,1,0,1,23242.75,0,1,1,1,1,0,0,0,0.06328174319627608,1,1,0,0,0,0,0,0,0,0,0
2018-07-20,48,79571,612,0,1,22,25885,180,1,0,3,779,0.2856283992713562,4,1,0,2,0,100,9,15289,12652,143160,19992,6630.916666666667,0.6689774375198778,5,123168,0.2115403643902506,0.1888700700237312,433.48041102300925,0.1174622720932862,0.182825037159646,1,1.2258015904218087,1,1,25,0,0,0.13964697089291078,0,27941,1.0793865409874064,1,1,0,0,0,0,0,0,0,1,0,0,1,1,5851.916666666667,0,0,0,0,3,0,1,0,0.32530287035640676,0,1,0,0,0,0,1,0,0,0,1
2018-07-20,45,195020,522,0,0,25,23872,12,1,5,0,1410,0.2182236339866319,4,0,0,1,0,91,12,6232,2026,82453,10577,16251.666666666666,0.8823767614093424,4,71876,0.2005201258480516,0.1675795174178822,2174.49864670344,0.086754994052258,0.2205483395567972,1,2.1545020292518613,1,0,16,0,0,0.1282775850777403,0,8258,0.3459137938256608,1,1,0,0,0,0,0,0,0,1,0,1,0,1,14841.666666666666,0,1,1,0,2,0,0,0,0.12240733049261361,1,1,0,0,0,0,0,0,0,0,1
2018-07-21,39,138719,587,0,4,17,36460,36,0,0,0,697,0.1742141938686723,2,4,1,0,0,95,20,8123,9089,24029,156190,11559.916666666666,0.9590149775991006,1,1318,0.1761259996187935,0.1519829740296873,1267.4412720577766,0.0602893369182086,0.16992089197579,0,3.1916348535457377,0,0,1,0,0,6.499791926758219,0,17212,0.4720660431694139,1,1,1,0,0,0,0,0,0,1,0,1,0,1,10862.916666666666,0,0,0,0,4,1,0,0,0.2628316032295271,0,2,0,1,0,1,0,0,0,0,0
2018-07-21,29,47213,448,0,3,7,118380,360,3,0,2,452,0.2001339765800458,3,1,0,3,0,96,17,630,1464,197742,7131,3934.4166666666665,0.8063540057904172,6,190611,0.3539204158788954,0.25,2467.7241893287373,0.114854420328216,0.7419097993000497,0,3.099072744896437,1,1,36,0,0,0.036061959209681256,0,2094,0.01768864936096164,1,1,0,0,0,0,0,0,0,1,1,0,0,0,3482.4166666666665,0,0,0,0,1,0,1,1,2.507307154657517,0,1,0,0,0,0,0,0,1,0,0
2018-07-23,21,55508,538,0,4,0,15774,60,1,1,0,244,0.1886316931833642,3,1,0,1,0,100,20,1347,601,225853,11824,4625.666666666667,0.7917734414338652,5,214029,0.2084165454218523,0.1929694861918848,411.7679234058151,0.0527377521613832,0.141736582868692,1,1.8999152932797656,1,1,25,0,0,0.052352404650792106,0,1948,0.123486529318542,1,1,0,0,0,0,0,0,0,1,0,1,0,0,4381.666666666667,0,1,0,0,4,1,1,0,0.28417013457277196,1,1,0,0,0,0,0,0,1,0,1
2018-07-23,34,55849,618,0,1,15,259563,180,1,1,0,501,0.2458586929453649,3,2,0,3,0,90,11,2086,287,2373,2853,4654.083333333333,0.8356986850160043,10,4435,0.2091166896448278,0.1963545586452358,4488.945240933408,0.1076242816992177,1.071934675197381,0,3.5082908099602057,1,1,100,0,0,1.2017691659646166,0,2373,0.009142253933519286,1,1,0,0,0,0,0,0,0,1,0,1,0,0,4153.083333333333,0,1,0,0,3,0,1,1,4.64750223813787,0,1,0,0,0,0,0,0,0,0,1
2018-07-23,50,15912,570,0,3,27,95449,300,2,0,3,159,0.1410304289890341,3,2,0,3,0,99,23,309,117,507931,144150,1326.0,0.7650006954180265,6,363781,0.2728665894572885,0.2250908056936841,1797.204100198623,0.1198191409193669,1.474155312885172,0,4.915048384548011,1,1,36,0,0,0.28379783120575197,0,426,0.004463069669984285,1,1,0,0,0,0,0,0,0,1,0,0,1,0,1167.0,0,0,0,0,1,0,1,0,5.998177590649155,0,1,0,0,0,0,0,0,0,0,0
2018-07-24,42,62263,586,1,2,15,237939,300,2,2,2,220,0.3897772688913601,0,0,0,3,0,98,1,12188,3703,15891,19046,5188.583333333333,0.5895747044245183,3,4141,0.2650949434550076,0.2444091860378644,4857.673495096453,0.0423926134082697,0.978435679504736,0,3.275449350589617,1,0,9,0,0,1.1984646362949911,0,15891,0.06678574430528705,1,1,0,0,0,0,0,0,0,1,1,0,0,0,4968.583333333333,0,1,0,1,5,1,1,1,3.821453809584993,0,1,0,0,0,0,1,0,0,0,0
2018-07-27,25,94810,564,0,1,5,46980,84,1,1,2,539,0.4474147221527147,6,1,0,2,1,98,29,2140,10313,26003,65212,7900.833333333333,0.6481346219152407,7,6251,0.2036893746359099,0.2188869413364522,1097.323987792266,0.0682120183079876,0.2070815618053531,0,3.5856864171272487,1,1,49,0,0,2.5077680356868175,0,12453,0.2650646005832145,1,0,0,0,1,0,0,0,0,1,1,0,0,1,7361.833333333333,0,1,0,0,3,0,1,0,0.4955121241206189,0,0,0,0,1,1,1,0,1,0,1
2018-07-28,42,27338,520,0,3,19,36424,180,1,0,2,574,0.512265528205534,4,1,0,2,0,96,25,3133,575,112357,25328,2278.1666666666665,0.6948878889354846,5,87029,0.2576257526577659,0.2083752238871189,662.3629906448746,0.2518464351005484,0.542462738125722,1,2.901799388659183,1,1,25,0,0,0.22542231082788944,0,3708,0.10179821551132463,1,0,0,0,0,0,0,0,0,1,1,0,0,0,1704.1666666666665,0,0,0,0,1,0,1,0,1.3323091554189985,0,0,0,0,0,0,1,0,0,0,1
2018-07-28,44,63400,579,0,0,23,214177,360,0,3,2,495,0.1411330772195663,2,0,0,3,0,97,6,3988,1405,20249,41205,5283.333333333333,0.9417125663462392,3,9605,0.2885686406809928,0.25,4464.687985283502,0.0936731218065981,0.9385645591276418,1,2.432094988480757,1,0,9,0,0,2.0348148148148146,0,5393,0.025179990475212206,1,1,0,0,0,0,0,0,0,1,1,0,0,0,4788.333333333333,0,1,1,0,2,0,1,1,3.3781328370214982,0,1,0,0,0,0,0,0,0,0,0
2018-07-28,29,95066,595,0,4,6,20878,36,1,4,3,2121,0.1767781393700131,3,0,0,1,0,96,10,5117,3967,58971,14609,7922.166666666667,0.9116493786910476,7,44362,0.1719866247870323,0.1719138521487163,746.3477805226631,0.267695996970908,0.3618941644362729,1,1.5345791517600376,1,1,49,0,0,0.24772773519636437,0,9084,0.43507830834810096,1,1,0,0,0,0,0,0,0,1,0,0,1,1,5801.166666666667,0,1,1,0,4,1,0,0,0.21961353571691544,1,1,0,0,0,0,0,0,1,0,1
2018-07-30,41,28525,534,0,0,18,18198,12,2,2,3,97,0.276912147763246,1,1,0,1,0,94,8,6580,589,19715,1192,2377.083333333333,0.9677755727645538,8,18523,0.1944522804816251,0.2070007049530242,1691.8659966543892,0.0407891509268668,0.7522301559327423,0,2.870200056708136,1,1,64,0,0,0.06045851085412863,0,7169,0.39392274300785757,1,1,0,0,0,0,0,0,0,1,0,0,1,0,2280.083333333333,0,1,0,1,2,0,0,0,0.6379443314870644,1,1,0,0,0,0,0,0,0,0,0
2018-08-02,40,33066,617,0,3,19,12082,36,1,3,2,339,0.1715980183125488,1,0,0,4,0,99,22,179,1906,119403,60074,2755.5,0.6995638783606425,9,59329,0.1608498886962568,0.1518494582711001,419.9215781988153,0.1229820424451297,0.2753207249043407,1,2.081422541638485,1,1,81,0,0,0.5031154735184751,0,2085,0.17255648431680873,1,1,0,0,0,0,0,0,0,1,1,0,0,0,2416.5,0,1,1,0,1,0,0,0,0.3653793812562373,1,1,0,0,0,0,1,0,0,0,1
2018-08-03,26,2997,526,2,3,3,17493,84,3,0,0,45,0.2032292467201163,3,0,0,2,0,97,14,734,440,47847,19950,249.75,0.8703889953038516,7,27897,0.2224424033109949,0.2151899787186742,404.6094953656679,0.1794616151545364,1.793058805047529,0,6.294596115550226,1,1,49,0,0,0.4169453268684167,0,1174,0.06710872299073968,1,1,0,0,0,0,0,0,0,1,0,1,0,0,204.75,1,0,0,0,1,0,1,0,5.834889926617745,0,2,0,0,0,0,0,0,1,0,0
2018-08-03,44,27031,618,0,3,18,9595,24,1,0,1,190,0.4075720103609964,1,0,0,1,0,94,23,478,594,38899,27711,2252.583333333333,0.691890624905377,7,11188,0.1562922754059899,0.1738137836492513,476.1586908109828,0.0843101726879414,0.2955997592623522,1,2.300489750092191,1,1,49,0,0,0.7123650385604113,0,1072,0.11171321383909963,1,1,0,0,0,0,0,0,0,1,0,0,0,0,2062.583333333333,0,0,0,0,1,0,0,0,0.3549496892571767,1,1,0,0,0,0,1,0,0,0,1
2018-08-03,46,26827,618,0,1,24,11308,24,2,1,1,259,0.2328000926209972,2,1,0,1,0,98,19,196,255,123970,28084,2235.583333333333,0.7075007958571231,7,95886,0.1563333385369678,0.1508501519978543,548.7438787660542,0.1158016319535004,0.3611508083457897,1,1.383268566514348,1,1,49,0,0,0.2265368513603988,0,451,0.039879741798567514,1,1,0,0,0,0,0,0,0,1,0,0,0,0,1976.583333333333,0,1,0,1,3,0,0,0,0.42149992545102133,1,1,0,0,0,0,0,0,0,0,0
2018-08-03,52,31604,638,0,0,28,189893,180,0,4,3,339,0.3397968433029654,5,1,0,3,0,96,24,499,235,40086,12206,2633.6666666666665,0.8933144921910788,2,27880,0.1990385553251811,0.2209182346281679,3632.0742817363976,0.1286690283400809,1.5072397324404343,0,4.456701574818752,0,0,4,0,0,0.3044877391673111,0,734,0.003865314333259608,1,0,0,0,0,0,0,0,0,1,0,0,1,0,2294.6666666666665,0,1,1,0,2,0,1,1,6.008321468122133,0,0,0,0,0,0,0,0,0,0,0
2018-08-06,52,108613,461,0,3,32,26783,48,1,1,0,514,0.3182176693455126,5,1,0,0,0,95,21,5767,88,166573,48588,9051.083333333334,0.7853882079017834,4,117985,0.2430488899933223,0.25,888.047365040573,0.0567825086306098,0.1548867054590276,1,3.375339221431566,1,0,16,0,0,0.2916901797399354,0,5855,0.21860065710872162,1,1,0,0,0,0,0,0,0,1,0,1,0,1,8537.083333333334,0,1,0,0,1,0,1,0,0.2465888375347561,0,1,0,0,0,0,0,0,0,0,1
2018-08-08,23,22081,486,0,3,2,17639,72,1,0,1,271,0.6458678685242473,3,3,0,0,0,91,7,557,1456,29633,5870,1840.0833333333333,0.6469332595835309,6,23763,0.2384444810823902,0.2443567386427249,469.0551422320368,0.1471959444167836,0.4019672161673128,0,2.7692327349687407,1,1,36,0,0,0.19808328271579942,0,2013,0.1141156462585034,1,1,1,0,0,0,0,0,0,1,0,0,0,0,1569.0833333333333,0,0,0,0,1,0,1,0,0.7987953989674849,0,2,0,0,0,0,1,0,1,0,1
2018-08-08,28,47422,580,0,0,5,228765,300,1,1,1,256,0.2963739472318815,5,1,0,3,0,95,7,6067,786,25306,24142,3951.8333333333335,0.7550048088034348,6,1164,0.2680851137315117,0.2379691594255044,4549.159292048903,0.0647636716279461,1.2156240566805845,0,3.666292287354554,1,1,36,0,0,0.9539653060418066,0,6853,0.029956374636091028,1,1,0,0,0,0,0,0,0,1,0,0,0,0,3695.8333333333335,0,1,0,0,2,0,1,1,4.823925099635198,0,1,0,0,0,0,0,0,1,0,1
2018-08-09,46,37990,604,0,4,21,160365,240,1,0,0,247,0.2204040224552532,3,0,0,3,0,95,6,1601,488,70551,11453,3165.833333333333,0.9339926755729852,11,59098,0.2359963034954677,0.2490087543360652,3351.9326897303818,0.0779958949528972,1.13644524700712,0,3.559861107174221,1,1,121,0,0,0.1623341648713006,0,2089,0.013026451991070427,1,1,0,0,0,0,0,0,0,1,0,1,0,0,2918.833333333333,0,0,0,0,4,1,1,1,4.2211313205759255,0,1,0,0,0,0,0,0,0,0,1
2018-08-09,46,101349,642,0,0,23,18143,48,1,0,0,576,0.3035382284586593,10,0,0,0,0,97,19,3822,276,88826,20861,8445.75,0.9462649640968508,5,67965,0.1524515238016319,0.1697308814002157,523.2644570970331,0.068191908130346,0.1301405223425617,1,0.9449950383079218,1,1,25,0,0,0.23484976414828826,0,4098,0.22585978835978837,1,1,0,0,1,0,0,0,0,1,0,1,0,1,7869.75,0,0,0,0,2,0,1,0,0.17901332017760238,0,1,0,0,0,0,0,0,0,0,1
2018-08-10,46,108528,592,0,2,24,143502,180,1,1,3,434,0.0525624337411756,2,2,0,3,0,95,11,4111,1098,55122,21298,9044.0,0.6939039258624634,2,33824,0.2219685278049716,0.2055801220481228,2579.677455412058,0.0479823106688778,0.3331871150262087,1,1.1464765234976295,0,0,4,0,0,0.38637229468642853,0,5209,0.03629889270607583,1,1,0,0,0,0,0,0,0,1,0,0,1,1,8610.0,0,1,0,0,5,1,1,1,1.3222456670567313,0,1,0,0,0,0,1,0,0,0,1
2018-08-11,80,111112,610,0,0,58,139376,240,1,1,2,1720,0.0922512761667997,1,1,0,3,0,100,1,5255,986,35718,38207,9259.333333333334,0.8688681837771376,6,9364,0.2329612344427173,0.248187356750577,2903.956253151304,0.1857384543392966,0.4993293531353771,1,2.2380072448845025,1,1,36,0,0,1.0696548055656654,0,6241,0.04477783278446228,1,1,0,0,0,0,0,0,0,1,1,0,0,1,7539.333333333334,0,1,0,0,2,0,1,1,1.2543626758345108,0,1,0,0,0,0,0,0,0,1,1
2018-08-11,46,58614,536,0,3,26,22162,60,2,0,3,424,0.2417160417442072,1,0,0,0,0,92,6,2013,508,21072,4540,4884.5,0.7665402629375123,6,16532,0.2095015448776899,0.1673424682376356,547.620923642855,0.0867874321973185,0.1988785024343168,1,2.816841620132222,1,1,36,0,0,0.21544156029041903,0,2521,0.11374813878987501,1,1,0,0,0,0,0,0,0,1,0,0,1,0,4460.5,0,0,0,0,1,0,1,0,0.3780943444510791,0,1,0,0,0,0,0,0,0,0,0
2018-08-13,53,56980,559,0,4,29,8884,48,2,0,2,693,0.1530573738133378,4,1,0,1,0,93,13,1269,1526,71184,2309,4748.333333333333,0.8304115207341927,5,68875,0.1937730299351472,0.212623960190872,276.3546070143884,0.1459152161706906,0.2041033001855113,1,1.1329238535509814,1,1,25,0,0,0.032436608836131205,0,2795,0.31457512661789533,1,1,0,0,0,0,0,0,0,1,1,0,0,0,4055.333333333333,0,0,0,0,4,1,1,0,0.1559116196626946,1,1,0,0,0,0,0,0,0,0,0
2018-08-14,51,23834,609,0,0,27,10554,24,0,2,1,283,0.2170311511161346,2,2,0,1,1,95,25,3345,517,69379,17096,1986.1666666666667,0.6189067831459891,4,52283,0.1608160887400706,0.1474241626327118,510.4374104711081,0.1424138220246582,0.399280756758085,0,3.7337891563251833,1,0,16,0,0,0.24641106947247046,0,3862,0.36589294173377546,1,0,0,0,0,0,0,0,0,1,0,0,0,0,1703.1666666666667,0,1,0,0,2,0,0,0,0.44279421019509124,1,0,0,0,1,1,1,0,0,0,0
2018-08-14,47,180235,622,0,1,25,33326,36,1,2,3,621,0.1150776949837147,8,0,0,2,0,98,18,4791,843,47151,210164,15019.583333333334,0.9379597689595752,3,6401,0.1586035307895625,0.1295799489517168,1122.2105022399387,0.0413432678491181,0.1160547805338189,1,0.7817271552570288,1,0,9,0,0,4.457159823549373,0,5634,0.16905211990278152,1,1,0,0,1,0,0,0,0,1,0,0,1,1,14398.583333333334,0,1,0,0,3,0,0,0,0.1849020173550234,0,1,0,0,0,0,0,0,0,0,1
2018-08-16,36,41974,578,0,2,14,13512,48,1,1,1,544,0.2171684331006839,2,1,0,0,0,96,2,1492,220,330440,110163,3497.833333333333,0.7028166778240356,4,220277,0.1843778518660095,0.1744319394137194,392.9944277816337,0.1554803982279807,0.2678019609722194,1,1.45485606585794,1,0,16,0,0,0.33338175347490173,0,1712,0.12669281432694443,1,1,0,0,0,0,0,0,0,1,0,0,0,0,2953.833333333333,0,1,0,0,5,1,1,0,0.32190589636688505,0,1,0,0,0,0,0,0,0,0,1
2018-08-16,49,77771,575,0,3,26,18009,60,2,2,0,706,0.0215253614301254,2,1,0,0,0,95,26,6236,407,30187,15173,6480.916666666667,0.8119112755472226,4,15014,0.1899496706095425,0.2137553262309149,491.01600364734105,0.1089184011930627,0.1846700698580421,1,2.1043209131031304,1,0,16,0,0,0.5026169338810124,0,6643,0.3688506385341477,1,0,0,0,0,0,0,0,0,1,0,1,0,1,5774.916666666667,0,1,0,1,1,0,1,0,0.23156148742478014,0,0,0,0,0,0,0,0,0,0,0
2018-08-20,30,77541,587,1,3,8,314150,180,2,0,3,325,0.125638921158258,2,0,0,3,0,93,17,5566,9102,460690,66494,6461.75,0.7333690831877586,3,394196,0.2246644072602547,0.2233155915889756,6065.740930950162,0.0502881900119918,0.9888578284708772,0,3.006401037495891,1,0,9,0,0,0.14433535710487072,0,14668,0.0466909225181521,1,1,0,0,0,0,0,0,0,1,0,0,1,1,6136.75,0,0,0,0,1,0,1,1,4.05135281524851,0,1,0,0,0,0,0,0,0,0,0
2018-08-21,37,38236,533,1,1,15,134461,360,1,0,2,338,0.3821975092376309,4,1,0,3,0,98,17,816,3266,44943,85374,3186.333333333333,0.9400032747667868,6,8497,0.3114522592275561,0.25,2802.9452797882354,0.1060447605103534,0.9854461241753508,1,3.4798921002566536,1,1,36,0,0,1.899563901744393,0,4082,0.03035801936606625,1,1,0,0,0,0,0,0,0,1,1,0,0,0,2848.333333333333,0,0,0,0,3,0,1,1,3.516515417004472,0,1,0,0,0,0,0,0,0,0,1
2018-08-21,34,80483,608,0,3,7,12515,12,2,3,3,340,0.1185878606995387,0,3,0,1,0,100,2,8936,658,181580,7240,6706.916666666667,0.9140075967504032,7,174340,0.1573586907761971,0.1710792079308183,1142.0685354006516,0.0506863780359028,0.2209431942953949,0,0.5619563078074736,1,1,49,0,0,0.039872013041012,0,9594,0.7665388302972196,1,1,1,0,0,0,0,0,0,1,0,0,1,1,6366.916666666667,0,1,1,1,1,0,0,0,0.15549674469459768,1,2,0,0,0,0,0,0,0,0,0
2018-08-22,40,57608,575,0,3,18,19531,36,1,1,0,908,0.323170361639008,2,1,0,0,0,93,1,5147,153,83837,26895,4800.666666666667,0.6362411892508505,3,56942,0.1819699523562954,0.1894203310001929,715.356444042081,0.1891010065949323,0.338081869637365,1,1.9567959206974224,1,0,9,0,0,0.32079725184283975,0,5300,0.27134958017612126,1,1,0,0,0,0,0,0,0,1,0,1,0,0,3892.666666666667,0,1,0,0,1,0,0,0,0.3390268881598361,0,1,0,0,0,0,1,0,0,0,1
2018-08-23,67,143702,510,0,3,45,20812,48,0,1,0,1515,0.1405124637081135,1,0,0,1,0,98,12,8961,3136,208703,2161,11975.166666666666,0.7677547524849713,6,206542,0.2184858332676146,0.2057108540874137,639.6664395824101,0.1265012455293152,0.1799128635692342,1,1.5713683804629064,1,1,36,0,0,0.010354377491567004,0,12097,0.5812232739153413,1,1,0,0,0,0,0,0,0,1,0,1,0,1,10460.166666666666,0,1,0,0,1,0,1,0,0.14482648239772308,1,1,0,0,0,0,0,0,0,1,0
2018-08-24,18,31062,584,0,3,0,11992,24,2,4,1,211,0.3742840928690483,5,1,0,1,0,100,28,1053,625,502630,12777,2588.5,0.8633091255291767,4,489853,0.1733480196063079,0.1726370679321051,594.4322597325664,0.0814829117590268,0.3110377523585891,1,2.5034448106122515,1,0,16,0,0,0.02542023870393987,0,1678,0.13991495038772617,1,0,0,0,0,0,0,0,0,1,0,0,0,0,2377.5,0,1,1,1,1,0,0,0,0.38605414802176224,1,0,0,0,0,0,0,0,1,0,0
2018-08-24,48,27418,491,0,1,24,275007,360,0,1,2,364,0.3758778066415574,3,1,0,3,0,97,12,952,722,79918,9667,2284.833333333333,0.8457735771394522,4,70251,0.3326311388667837,0.25,5732.737169578713,0.1592417061611374,2.6671835958784014,0,7.586999651745531,1,0,16,0,0,0.12095997197162127,0,1674,0.0060870956481266,1,1,0,0,0,0,0,0,0,1,1,0,0,0,1920.833333333333,0,1,0,0,3,0,1,1,10.02979685619461,0,1,0,0,0,0,0,0,0,0,0
2018-08-26,20,7060,549,2,3,0,32958,120,1,0,2,73,0.3212180981037921,3,2,0,2,0,98,27,730,690,26847,35299,347.5,0.8726215191816351,1,1837,0.2231007549109393,0.2237958708394533,689.7697222619805,0.2094691535150645,2.1887223020429856,0,6.784918009248084,0,0,1,0,0,1.3147720500595947,0,1420,0.04308383142692436,1,0,0,0,0,0,0,0,0,1,1,0,0,0,274.5,1,0,0,0,1,0,1,0,4.667610819997168,0,1,0,0,0,0,0,0,1,0,1
2018-08-27,34,43461,574,0,0,13,36145,60,2,4,2,211,0.2164206614891775,4,2,0,0,0,96,29,661,1310,12756,14563,3621.75,0.8830014613214486,2,4486,0.1906238303928489,0.1937428311203311,945.0808064033862,0.0582430474087364,0.319116915714136,1,2.0289887658244066,0,0,4,0,0,1.1415693344830289,0,1971,0.054528855198362196,1,0,0,0,0,0,0,0,0,1,1,0,0,0,3410.75,0,1,1,1,2,0,1,0,0.8316460356173209,0,0,0,0,0,0,0,0,0,0,0
2018-08-31,53,57475,614,0,1,28,27713,36,1,0,3,357,0.0673685696319438,1,2,0,0,0,100,22,2884,361,37632,13909,4789.583333333333,0.7666954354893022,3,23723,0.1625574232449146,0.1974549154947162,1026.324115793504,0.0745211960965087,0.2887590131598805,0,2.055400941992414,1,0,9,0,0,0.3695958334440518,0,3245,0.11708883596738111,1,1,0,0,0,0,0,0,0,1,0,0,1,0,4432.583333333333,0,0,0,0,3,0,0,0,0.4821664694829146,0,1,0,0,0,0,0,0,0,0,1
2018-09-01,40,34139,612,0,0,15,31085,120,2,2,0,737,0.1140919996223666,2,1,0,2,0,99,5,4347,879,202999,78419,2844.9166666666665,0.9363753270465228,5,124580,0.1915861282090107,0.1622590100739562,525.0990777453362,0.2589675265731604,0.4434771729361961,1,2.355543437069038,1,1,25,0,0,0.38630049261083743,0,5226,0.16811426365566493,1,1,0,0,0,0,0,0,0,1,0,1,0,0,2107.9166666666665,0,1,0,1,2,0,1,0,0.9105155243116578,0,1,0,0,0,0,0,0,0,0,0
2018-09-02,27,15000,519,0,3,6,5162,24,1,1,2,94,0.0994266474013758,3,0,0,4,0,100,24,2148,772,220810,2801,1250.0,0.8008201114788168,3,218009,0.2056373182712199,0.2201387495815196,267.8304048793271,0.0751398880895283,0.2892329375534189,1,3.323501693977973,1,0,9,0,0,0.012685056450992025,0,2920,0.5655626573697463,1,0,0,0,0,0,0,0,0,1,1,0,0,0,1156.0,0,1,0,0,1,0,0,0,0.34411039264049065,1,0,0,0,0,0,0,0,1,0,1
2018-09-03,31,59488,586,0,1,12,5941,60,2,1,0,178,0.4579918234482909,4,0,0,1,0,96,16,2121,553,203949,5555,4957.333333333333,0.8964948029671557,7,198394,0.1841724502640056,0.1898675119445418,154.06950763812804,0.0358991596638655,0.0669720015404628,1,0.6796441285010573,1,1,49,0,0,0.027237067908801177,0,2674,0.45001682935038706,1,1,0,0,0,0,0,0,0,1,0,1,0,0,4779.333333333333,0,1,0,1,3,0,1,0,0.0998672023399284,1,1,0,0,0,0,0,0,0,0,0
2018-09-03,48,130901,580,0,3,23,7274,12,1,1,3,449,0.116936609630211,2,1,0,4,0,99,16,19800,3392,50904,39110,10908.416666666666,0.7482941123204996,4,11794,0.1712230497730099,0.1672819548833177,662.4854574934814,0.0411571043364677,0.1018831245935986,1,1.2873831451818725,1,0,16,0,0,0.7682938807582752,0,23192,3.1879037800687287,1,1,0,0,0,0,0,0,0,1,0,0,1,1,10459.416666666666,0,1,0,0,1,0,0,0,0.05556828772669631,1,1,0,0,0,0,0,0,0,0,1
2018-09-06,31,50256,581,0,1,10,98159,300,1,1,3,558,0.0673440590999687,3,1,0,3,0,96,13,17640,555,173750,11818,4188.0,0.9191886940944418,4,161932,0.2673735885198462,0.25,2049.197403903376,0.1332060157555502,0.6223913592512237,0,2.1969752728627823,1,0,16,0,0,0.06801687472302317,0,18195,0.1853606356968215,1,1,0,0,0,0,0,0,0,1,0,0,1,0,3630.0,0,1,0,0,3,0,1,0,1.953140856000159,0,1,0,0,0,0,0,0,0,0,1
2018-09-06,42,94601,641,1,4,18,181235,360,2,3,0,496,0.0427015173424554,2,0,0,3,0,99,26,3598,13369,101780,32317,7883.416666666667,0.6314689488130394,3,69463,0.2575268888320886,0.2290468128005333,3463.1064873700925,0.0629089025820976,0.5021432345284592,1,1.499637417328752,1,0,9,0,0,0.3175150568377202,0,16967,0.0936182656867289,1,0,0,0,0,0,0,0,0,1,0,1,0,1,7387.416666666667,0,1,1,1,4,1,1,1,1.9157628802773725,0,0,0,0,0,0,1,0,0,0,0
2018-09-08,40,65421,583,0,0,21,234307,360,2,4,0,426,0.4396096191688348,4,0,0,3,1,95,7,6817,333,26509,69378,5451.75,0.8987718773605853,5,9071,0.286591097942043,0.25,4884.313664715733,0.0781257163816422,0.973878073397044,0,4.927153281447738,1,1,25,0,0,2.617050169747265,0,7150,0.030515389999487854,1,1,0,0,0,0,0,0,0,1,0,1,0,1,5025.75,0,1,1,1,2,0,1,1,3.581471064779432,0,1,0,0,1,1,0,0,0,0,0
2018-09-11,32,63697,548,1,1,8,136102,180,1,0,3,658,0.1132352623359315,1,1,0,3,0,100,12,345,3885,39745,48854,5308.083333333333,0.774474383281001,8,6157,0.243955291807753,0.2125515734069677,2517.491861834741,0.1239385330173131,0.5981243206143072,1,2.2030512117608594,1,1,64,0,0,1.2291551351079353,0,4230,0.031079403099123458,1,1,0,0,0,0,0,0,0,1,0,0,1,0,4650.083333333333,0,0,0,0,3,0,1,1,2.1366761907752205,0,1,0,0,0,0,0,0,0,0,1
2018-09-18,65,101280,446,0,0,45,20614,36,1,3,0,661,0.5464577047667352,3,2,0,0,0,98,14,1502,365,382047,77922,8440.0,0.8217464607600561,6,304125,0.2464834435612852,0.2357596117974308,804.163567078487,0.0783082573154839,0.1735770130409296,1,1.633884349746742,1,1,36,0,0,0.20395866487980568,0,1867,0.09056512248362843,1,1,0,0,0,0,0,0,0,1,0,1,0,1,7779.0,0,1,1,0,2,0,0,0,0.20353274552976372,0,1,0,0,0,0,0,0,0,0,1
2018-09-19,47,55640,602,0,0,23,37536,84,0,0,3,435,0.342167348092903,4,1,0,2,0,95,20,3180,6418,14464,24833,4636.666666666667,0.6671392506466483,5,7703,0.1846332705980473,0.1706247623973313,768.434241831177,0.0937971681161503,0.2594913193052204,0,2.3036775412889567,1,1,25,0,0,1.7167646042170757,0,9598,0.2556943815435437,1,1,0,0,0,0,0,0,0,1,0,0,1,0,4201.666666666667,0,0,0,0,2,0,1,0,0.6746104491292392,0,1,0,0,0,0,1,0,0,0,0
2018-09-19,18,34207,509,0,4,0,17570,36,2,0,0,315,0.0608132013185819,6,1,0,2,1,99,9,652,209,171103,8660,2850.583333333333,0.8776515488264738,0,162443,0.2149435012736895,0.2341749609943074,683.9589545582133,0.110464946374821,0.3503172931616517,1,3.9393577865749054,0,0,0,1,0,0.050612492986721526,0,861,0.04900119515110125,1,1,0,0,1,0,0,0,0,1,0,1,0,0,2535.583333333333,0,0,0,0,4,1,0,0,0.5136225444340505,0,2,0,0,1,1,0,0,1,0,0
2018-09-19,42,31870,619,0,4,21,23003,48,1,4,1,181,0.2656008567361183,2,1,0,4,0,96,11,12781,739,21361,6791,2655.833333333333,0.7310644216305487,8,14570,0.1640108558482084,0.1690305728914518,662.5993897751466,0.0681262154193588,0.3175206284832118,0,2.1894962567546585,1,1,64,0,0,0.3179009456043442,0,13520,0.5877238741088506,1,1,0,0,0,0,0,0,0,1,0,0,0,0,2474.833333333333,0,1,1,0,4,1,1,0,0.7217533180634432,1,1,0,0,0,0,0,0,0,0,1
2018-09-19,32,5266,508,2,0,10,5085,24,1,1,0,148,0.402983520208845,2,1,0,4,0,93,11,1626,64,69033,11572,438.8333333333333,0.8869956030801444,4,57461,0.2111335617364955,0.1897424045184693,256.2641826066762,0.3364910951117847,0.9191303886472364,0,4.328753888462899,1,0,16,0,0,0.16762754584697395,0,1690,0.33228470310656705,1,1,0,0,0,0,0,0,0,1,0,1,0,0,290.8333333333333,1,1,0,0,2,0,0,0,0.9654452249857604,1,2,0,0,0,0,0,0,0,0,1
2018-09-22,50,68728,608,0,1,26,237184,120,2,0,3,547,0.2253375626766471,1,2,0,3,0,96,20,9423,342,305909,46939,5727.333333333333,0.8548427939939534,5,258970,0.194094148926583,0.1959860147382028,4520.769921360701,0.0954902531277276,0.8846848858936343,0,2.760320492631232,1,1,25,0,0,0.1534405544114282,0,9765,0.041170394417859475,1,1,0,0,0,0,0,0,0,1,0,0,1,1,5180.333333333333,0,0,0,0,3,0,1,1,3.451003215527652,0,1,0,0,0,0,0,0,0,0,0
2018-09-23,30,38463,448,0,4,7,14008,36,1,2,0,419,0.2422800516903815,3,1,0,1,0,96,25,1950,1812,98536,30358,3205.25,0.8807044192894076,6,68178,0.245386863814799,0.1550162037960483,489.0399806877225,0.130682261208577,0.2832093507018238,1,2.564606931981882,1,1,36,0,0,0.30808731745435725,0,3762,0.26854165179527445,1,0,0,0,0,0,0,0,0,1,0,1,0,0,2786.25,0,1,0,0,4,1,0,0,0.3641846921797005,1,0,0,0,0,0,0,0,0,0,1
2018-09-24,38,82213,547,0,2,14,13016,36,2,0,0,390,0.1299707942533564,4,1,0,0,0,93,20,1573,4413,58544,70609,6851.083333333333,0.7526409554890003,3,3912,0.1958685028686166,0.2041477501236479,486.4763757338414,0.0569169960474308,0.1279138523418193,1,2.210955284581954,1,0,9,0,0,1.20606371167478,0,5986,0.4598601828378275,1,1,0,0,0,0,0,0,0,1,0,1,0,1,6461.083333333333,0,0,0,0,5,1,0,0,0.15831853455615832,0,1,0,0,0,0,0,0,0,0,0
2018-09-25,46,75049,617,0,1,20,19115,48,1,1,3,117,0.1998169737120668,4,2,0,0,0,98,2,2331,1830,49466,82956,6254.083333333333,0.8257452554551158,5,1783,0.1649645702399245,0.1310212656176613,513.7770151851877,0.0187047867734242,0.1008423040223585,1,1.358307725097195,1,1,25,0,0,1.6769967857359451,0,4161,0.21767106089139987,1,1,0,0,0,0,0,0,0,1,0,0,1,1,6137.083333333333,0,1,0,0,3,0,1,0,0.25469686875416386,0,1,0,0,0,0,0,0,0,0,1
2018-09-26,50,13986,595,2,0,31,16970,24,1,2,0,226,0.2618365758987609,6,0,0,1,0,98,15,1153,690,234959,7637,1165.5,0.5916755512844251,6,227322,0.1679348153210028,0.179194230453684,846.5514650809404,0.1937419631375911,0.9194611788092074,0,3.261339704889661,1,1,36,0,0,0.03250340483486551,0,1843,0.10859701844322668,1,1,0,0,1,0,0,0,0,1,0,1,0,0,939.5,1,1,0,0,2,0,0,0,1.2132694645027526,1,2,0,0,0,0,1,0,0,0,1
2018-09-28,25,77469,547,0,3,0,109498,300,2,3,3,870,0.2766228283160288,4,0,0,3,0,96,18,2136,4228,127222,49714,6455.75,0.9040331646301248,5,77508,0.2844009176739442,0.25,2285.9138472540662,0.1347427111162736,0.4887774572740258,0,1.487685681265857,1,1,25,0,0,0.390762676560056,0,6364,0.058119252230613976,1,1,0,0,0,0,0,0,0,1,0,0,1,1,5585.75,0,1,1,1,1,0,1,1,1.4134245514392667,0,1,0,0,0,0,0,0,1,0,0
2018-09-29,35,68707,663,0,2,12,11980,24,1,0,0,536,0.10229372576285,3,1,0,1,0,99,29,7016,665,194038,16162,5725.583333333333,0.5971388037218649,3,177876,0.13384776933516,0.1609015509930767,587.094256632213,0.0935985680816077,0.1961194295549492,0,0.3017648649145925,1,0,9,0,0,0.08329253397512872,0,7681,0.6410984058091979,1,0,0,0,0,0,0,0,1,0,0,1,0,1,5189.583333333333,0,0,0,0,5,1,0,0,0.17436106421377423,1,0,0,0,0,0,1,0,0,0,1
2018-10-04,34,18315,546,0,3,13,6069,36,1,0,3,184,0.3466660481899341,2,3,0,1,0,95,22,1947,86,168640,7051,1526.25,0.948898466317867,3,161589,0.1961777784710134,0.1618457043694227,213.9214703187125,0.1204779833033229,0.2605476970494107,1,2.615076307871241,1,0,9,0,0,0.041810710325484314,0,2033,0.33492586490939047,1,1,1,0,0,0,0,0,0,1,0,0,1,0,1342.25,0,0,0,0,1,0,0,0,0.33134963965931424,1,2,0,0,0,0,0,0,0,0,1
2018-10-05,32,5933,600,2,1,12,9812,24,1,0,1,121,0.0733587396769599,3,0,0,1,1,92,22,898,324,148905,106725,494.4166666666667,0.7557856701127454,3,42180,0.1652978658290516,0.1756883802759909,487.8136182653922,0.2442388561816652,1.2288920806029784,1,6.4565297294245685,1,0,9,0,0,0.7167273313365479,0,1222,0.12452868643635993,1,1,0,0,0,0,0,0,0,1,0,0,0,0,373.4166666666667,1,0,0,0,3,0,0,0,1.6535220761712168,1,2,0,0,1,1,0,0,0,0,1
2018-10-07,61,52711,578,0,3,39,13376,24,2,0,0,478,0.2253542779229816,5,0,0,4,0,95,23,443,568,82004,17954,4392.583333333333,0.7335712897725281,11,64050,0.1763753230233239,0.2070206887783446,685.3786403984317,0.1087950230449708,0.2647903891049671,1,1.0234893087763366,1,1,121,0,0,0.218937869642095,0,1011,0.07557748374074905,1,1,0,0,0,0,0,0,0,1,0,1,0,0,3914.583333333333,0,0,0,0,1,0,0,0,0.25375626043405675,1,1,0,0,0,0,0,0,0,0,0
2018-10-09,44,15501,569,0,3,20,23241,120,2,4,3,247,0.1487528879423761,3,1,0,2,0,94,29,4968,485,30538,54226,1291.75,0.7669983783192958,5,8607,0.2130134290664457,0.2026525601539175,453.2404814294914,0.1910655579191645,0.5416673613842518,0,1.7666996990853747,1,1,25,0,0,1.7756311601558663,0,5453,0.23461836330780483,1,0,0,0,0,0,0,0,0,1,0,0,1,0,1044.75,0,1,1,1,1,0,1,0,1.4992259063346665,0,0,0,0,0,0,0,0,0,0,0
2018-10-13,24,99713,591,0,0,2,208525,240,1,4,3,724,0.3518328288663106,3,4,0,3,0,95,12,4207,3311,98234,182603,8309.416666666666,0.7985970837921785,8,9034,0.2425619547531715,0.2455629301671385,4300.441964737105,0.087119578841815,0.6045956738715995,1,1.288476061512871,1,1,64,0,0,1.8588384995164655,0,7518,0.03605305813183968,1,1,1,0,0,0,0,0,0,1,0,0,1,1,7585.416666666666,0,1,1,0,2,0,1,1,2.091230920432437,0,2,0,0,0,0,0,0,1,0,1
2018-10-15,51,65931,601,0,2,25,177010,360,2,2,3,1618,0.1942338579173393,3,1,0,3,0,97,7,51679,640,52319,4734,5494.25,0.9514666320059592,8,47585,0.2775209917891293,0.25,3689.9126436313545,0.2944361039079204,0.9659092204415368,1,3.851045309732283,1,1,64,0,0,0.09048165137614679,0,52319,0.2955692019140053,1,1,0,0,0,0,0,0,0,1,0,0,1,1,3876.25,0,1,0,1,5,1,1,1,2.684735788388036,0,1,0,0,0,0,0,0,0,0,0
2018-10-17,65,62667,636,0,3,45,21156,36,1,2,2,202,0.2558394995918113,4,0,1,0,1,100,29,6281,2432,11662,21842,5222.25,0.845893315258105,5,7614,0.1514899315247458,0.1573265815517853,740.9928861460256,0.0386732398410951,0.1805375745265927,1,4.887842964108987,1,1,25,0,0,1.872760010288948,0,8713,0.4118258732334452,1,0,0,0,0,0,0,0,0,1,1,0,0,0,5020.25,0,1,0,0,1,0,0,0,0.33758856194549053,0,0,0,1,1,1,0,0,0,0,1
2018-10-17,52,136766,644,0,1,30,291475,360,1,3,2,1048,0.202472263967953,1,1,0,3,0,92,12,5786,5050,307173,9480,11397.166666666666,0.8072034995860305,5,297693,0.2561456782371554,0.25,6076.025579359636,0.0919446109754492,0.6250150386196291,0,1.700612741976459,1,1,25,0,0,0.030861987017130357,0,10836,0.037176302680152054,1,1,0,0,0,0,0,0,0,1,1,0,0,1,10349.166666666666,0,1,1,0,3,0,1,1,2.1311793049492933,0,1,0,0,0,0,0,0,0,0,1
2018-10-19,21,26928,548,0,3,1,6173,48,0,0,3,105,0.2314637810859,1,1,0,1,0,99,3,2199,1065,20841,16738,2244.0,0.8716960298120701,4,4103,0.1991820255512655,0.1855241362870225,183.1186280524738,0.0467706013363029,0.1283379189543313,1,1.2061969789099751,1,0,16,0,0,0.8030899145955283,0,3264,0.5286686103012633,1,1,0,0,0,0,0,0,0,1,0,0,1,0,2139.0,0,0,0,0,1,0,1,0,0.22923242600913513,1,1,0,0,0,0,0,0,1,0,0
2018-10-23,34,54647,578,0,3,11,271971,240,1,0,3,599,0.2439627762655309,0,0,0,3,0,93,10,378,697,41456,26457,4553.916666666667,0.7771687917186232,4,14999,0.2491283635997007,0.25,5706.539713480028,0.1315062478274392,1.3843370087590392,0,4.034298865666133,1,0,16,0,0,0.6381793183298358,0,1075,0.003952612768961511,1,1,0,0,0,0,0,0,0,1,0,0,1,0,3954.916666666667,0,0,0,0,1,0,1,1,4.976778656126482,0,1,0,0,0,0,0,0,0,0,1
2018-10-23,55,41216,529,0,0,31,11209,24,1,1,3,132,0.1737303101517619,2,3,0,4,0,98,23,6002,1726,23924,9934,3434.6666666666665,0.7408675126810024,4,13990,0.2008311403790165,0.25,598.2413709893137,0.0384204909284952,0.2125472118917183,1,1.7705732728695749,1,0,16,0,0,0.41521421107628004,0,7728,0.6893844781445139,1,1,1,0,0,0,0,0,0,1,0,0,1,0,3302.6666666666665,0,1,0,0,2,0,0,0,0.2719508940485722,1,2,0,0,0,0,0,0,0,0,1
2018-10-24,31,41651,596,0,1,9,6959,48,1,3,2,151,0.2968947228474574,3,2,0,1,0,95,25,28316,1345,29661,42396,3470.9166666666665,0.9430529582028376,2,2974,0.1752119836883321,0.1960768584565514,210.31302904044537,0.0434918272808007,0.1040673102869535,1,1.083852712585791,0,0,4,0,0,1.4293034859416087,0,29661,4.261637931034483,1,0,0,0,0,0,0,0,0,1,1,0,0,0,3319.9166666666665,0,1,1,0,3,0,1,0,0.1670748103332373,1,0,0,0,0,0,0,0,0,0,1
2018-10-24,45,30828,584,0,3,27,229838,240,3,1,0,158,0.2250879601434211,5,1,0,3,0,97,9,199,1122,21884,67633,2569.0,0.9177836040635816,2,3950,0.2460862835856977,0.2223681307471857,4311.63802180149,0.0614785992217898,1.7391587633468832,0,5.060587446126783,0,0,4,0,0,3.090381539867489,0,1321,0.0057475015119279145,1,1,0,0,0,0,0,0,0,1,0,1,0,0,2411.0,0,1,0,0,1,0,1,1,7.455253170715884,0,1,0,0,0,0,0,0,0,0,0
2018-10-26,49,161418,596,0,0,26,30374,48,2,1,2,1151,0.2736820994106213,2,3,0,0,0,100,27,6320,16592,38248,37311,13451.5,0.6074197071924643,3,9599,0.1755803437951607,0.1839759365712872,898.5591236717577,0.0855603047760639,0.1523552591467576,1,0.0,1,0,9,0,0,0.9754764830453084,0,22912,0.7543045267489712,1,0,1,0,0,0,0,0,0,1,1,0,0,1,12300.5,0,1,0,1,2,0,1,0,0.18816867902787157,0,1,0,0,0,0,1,0,0,0,0
2018-10-29,28,28132,537,1,3,5,16552,60,2,0,3,147,0.1550372561427189,2,3,0,0,0,92,15,1321,749,74997,38330,2344.333333333333,0.711264968120013,3,36667,0.208928580658315,0.1593632991890174,401.952742087277,0.0626776577600909,0.2340617149320396,1,2.8070880640629605,1,0,9,0,0,0.511080295474546,0,2070,0.12505286050866912,1,1,1,0,0,0,0,0,0,1,0,0,1,0,2197.333333333333,0,0,0,0,1,0,1,0,0.5883482031777628,0,2,0,0,0,0,0,0,1,0,0
2018-10-30,39,67495,581,0,0,16,15717,36,2,2,2,355,0.26376252317626,2,1,0,0,0,97,7,8452,706,80874,17385,5624.583333333333,0.9419047432191976,7,63489,0.1789156404578565,0.1701506527636816,560.4717677240563,0.0631045669337994,0.1627336604009758,1,0.6822931525538171,1,1,49,0,0,0.2149613601236476,0,9158,0.582644102303092,1,1,0,0,0,0,0,0,0,1,1,0,0,1,5269.583333333333,0,1,0,1,2,0,0,0,0.2328582434514638,0,1,0,0,0,0,0,0,0,0,0
2018-11-02,18,15863,500,0,2,0,17309,36,1,3,0,147,0.3610925356796622,4,0,1,2,0,98,4,7346,108,136719,11004,1321.9166666666667,0.9410775486014612,4,125715,0.2194397599120425,0.2142244145128616,655.878042031641,0.1111181102362204,0.6068999372837601,1,5.916743020345976,1,0,16,0,0,0.0804856641310708,0,7454,0.43061813980358177,1,1,0,0,0,0,0,0,0,1,0,1,0,0,1174.9166666666667,0,1,1,0,5,1,0,0,1.0910867372667674,0,1,0,1,0,1,0,0,1,0,1
2018-11-03,27,116443,535,0,4,7,277396,180,2,1,2,728,0.6005949558586539,5,0,0,3,1,100,14,8912,6906,39452,18848,9703.583333333334,0.9499455763429916,2,20604,0.2506333012430241,0.25,5923.871801660858,0.075016100639732,0.6854361051043776,0,2.724864409792091,0,0,4,0,0,0.4777329987580159,0,15818,0.05702296708327776,1,1,0,0,0,0,0,0,0,1,1,0,0,1,8975.583333333334,0,1,0,1,4,1,1,1,2.382226649720037,0,1,0,0,1,1,0,0,1,0,0
2018-11-05,36,83823,572,0,0,12,10148,36,2,2,3,1245,0.272799905984962,2,1,0,1,0,97,24,37250,2300,39550,22870,6985.25,0.7968459886917402,4,16680,0.1833062826143622,0.1832665324029594,368.5395561989204,0.1782071926999463,0.2309593209803428,1,1.197010592616152,1,0,16,0,0,0.5782407524462087,0,39550,3.896935658685585,1,0,0,0,0,0,0,0,0,1,0,0,1,1,5740.25,0,1,0,1,2,0,0,0,0.12106317999618248,1,0,0,0,0,0,0,0,0,0,0
2018-11-07,25,42010,509,0,1,0,26827,60,1,1,3,418,0.31646469122308,3,1,0,0,0,100,18,2599,4284,174483,17187,3500.833333333333,0.9028448617407848,4,157296,0.2230493003493049,0.2144630446940747,732.5118150214881,0.1193660463566703,0.3285455661381622,1,2.241417660336058,1,0,16,0,0,0.09850186836615392,0,6883,0.2565603101237513,1,1,0,0,0,0,0,0,0,1,0,0,1,0,3082.833333333333,0,1,0,0,3,0,1,0,0.638570850491538,0,1,0,0,0,0,0,0,1,0,1
2018-11-07,59,60902,677,0,4,40,11632,24,3,3,2,365,0.2684923153517868,2,4,0,1,0,100,24,4992,153,150037,21746,5075.166666666667,0.9073344433775862,4,128291,0.1268404002914542,0.128176820111219,552.0108869937112,0.0719046524608464,0.1806502715947817,1,1.42747536436242,1,0,16,0,0,0.1449366160572655,0,5145,0.4422762829880512,1,0,1,0,0,0,0,0,1,0,1,0,0,0,4710.166666666667,0,1,1,0,4,1,0,0,0.19099223355171338,1,1,0,0,0,0,0,0,0,0,0
2018-11-07,22,44297,577,0,3,0,4845,60,3,1,3,892,0.1848615940958163,1,0,0,1,0,98,12,3210,2114,32057,9173,3691.4166666666665,0.7360806467861404,8,22884,0.1886214772253441,0.1950786912453995,127.03977508769565,0.2415762034801056,0.2759817937902536,0,2.3216511354256117,1,1,64,0,0,0.28613762555368394,0,5324,1.0986380520016508,1,1,0,0,0,0,0,0,0,1,0,0,1,0,2799.4166666666665,0,1,0,0,1,0,1,0,0.10937288365163213,1,1,0,0,0,0,0,0,1,0,0
2018-11-08,34,27726,624,2,4,13,100696,240,1,1,3,250,0.282705923938811,1,1,0,3,0,98,28,4902,410,133978,54351,2310.5,0.6129100128539606,3,79627,0.2258799678217008,0.25,2112.8198336903006,0.1081548777849881,1.0222019613628814,0,3.860964506076757,1,0,9,0,0,0.4056680524559819,0,5312,0.05275231635500561,1,0,0,0,0,0,0,0,0,1,0,0,1,0,2060.5,0,1,0,0,4,1,1,1,3.631694737981029,0,0,0,0,0,0,1,0,0,0,1
2018-11-09,41,17762,648,0,4,19,110885,300,1,1,0,99,0.0601943338645309,2,1,0,3,0,98,11,607,239,74504,19386,1480.1666666666667,0.6923044905875361,6,55118,0.2339040644813784,0.2421042235541079,2242.745760336425,0.0668392033307077,1.5810143537772647,0,4.368050827912891,1,1,36,0,0,0.2601973021944836,0,846,0.007629457280450192,1,1,0,0,0,0,0,0,0,1,0,1,0,0,1381.1666666666667,0,1,0,0,4,1,1,1,6.242470303439735,0,1,0,0,0,0,1,0,0,0,1
2018-11-11,57,91289,539,0,3,34,18960,48,0,0,0,733,0.0898702547798035,4,2,0,1,0,97,3,10799,815,75859,112721,7607.416666666667,0.79751702140943,4,6099,0.2039625348792585,0.1954025615201816,572.3256435221031,0.0963406753485723,0.1715633752342826,1,1.9700984735058165,1,0,16,0,0,1.4859082520432376,0,11614,0.6125204366858288,1,1,0,0,0,0,0,0,0,1,0,1,0,1,6874.416666666667,0,0,0,0,1,0,1,0,0.20768977982254355,1,1,0,0,0,0,0,0,0,0,0
2018-11-12,22,21823,537,0,3,0,10426,12,0,3,1,210,0.2642039681772292,2,2,0,4,0,97,5,332,1030,84980,64510,1818.5833333333333,0.8106285908554205,3,20470,0.1928130384686974,0.1737356473632189,952.750064892987,0.115411037325395,0.6390199578069999,0,2.6227761653993777,1,0,9,0,0,0.7591108600746049,0,1362,0.13062242255682363,1,1,0,0,0,0,0,0,0,1,0,0,0,0,1608.5833333333333,0,1,1,0,1,0,0,0,0.4777309384164223,1,1,0,0,0,0,0,0,1,0,0
2018-11-12,53,67028,681,0,2,32,37501,72,0,4,0,335,0.5694764519867431,2,1,0,0,0,92,3,2632,2376,22019,56840,5585.666666666667,0.5443785398213893,5,7930,0.1411330373859674,0.1340259549125564,760.7908390748745,0.0599642004773269,0.1961439449418033,1,0.1219714740310895,1,1,25,0,0,2.5812897366030882,0,5008,0.1335395445576236,1,1,0,0,0,0,0,0,1,0,0,1,0,1,5250.666666666667,0,1,1,0,5,1,1,0,0.5594742574109713,0,1,0,0,0,0,1,0,0,0,0
2018-11-13,40,42842,486,0,1,17,137571,240,1,1,0,178,0.2798308774939707,3,1,0,3,0,98,29,1182,262,32127,13875,3570.1666666666665,0.9382694033618744,5,18252,0.2949579756738507,0.25,2886.5370753615675,0.0498436552013814,0.85813331087737,0,4.46532887134904,1,1,25,0,0,0.4318662848605578,0,1444,0.010496321925973308,1,0,0,0,0,0,0,0,0,1,0,1,0,0,3392.1666666666665,0,1,0,0,3,0,1,1,3.2110496463833065,0,0,0,0,0,0,0,0,0,0,1
2018-11-13,28,31218,598,0,3,8,199002,240,2,0,1,230,0.5399403536567999,2,0,0,3,0,98,22,1779,706,90096,15800,2601.5,0.711218393466791,4,74296,0.2390502687947424,0.2360693049993973,3951.686768532648,0.0883765609990393,1.6067960686004414,1,4.879056405591129,1,0,16,0,0,0.17536654938566212,0,2485,0.012487248935945688,1,1,0,0,0,0,0,0,0,1,0,0,0,0,2371.5,0,0,0,0,1,0,1,1,6.374387392293155,0,1,0,0,0,0,0,0,1,0,0
2018-11-15,45,46374,636,0,3,25,148322,300,2,2,3,273,0.3636133608992296,2,4,0,3,0,98,6,1764,1804,56399,19337,3864.5,0.7553885430526457,5,37062,0.2399767869017831,0.2251533399490729,2793.5065553083823,0.0706247574699262,0.7933013983464965,0,1.977690929302231,1,1,25,0,0,0.342854609929078,0,3568,0.024055608368223406,1,1,1,0,0,0,0,0,0,1,0,0,1,0,3591.5,0,1,0,1,1,0,1,1,3.1983180592991913,0,2,0,0,0,0,0,0,0,0,0
2018-11-17,42,24566,630,0,0,18,14956,48,0,1,0,363,0.0234605840605723,0,1,0,0,0,98,24,3977,563,58222,32371,2047.1666666666667,0.4765539891020731,5,25851,0.1584032336741648,0.1639865972006713,426.9170837133447,0.1772316705997233,0.3856703151013156,0,2.2802990009746766,1,1,25,0,0,0.5559830307610395,0,4540,0.30353680550912615,1,0,0,0,0,0,0,0,0,1,0,1,0,0,1684.1666666666667,0,1,0,0,2,0,1,0,0.6087841413277975,0,0,0,0,0,0,1,0,0,0,0
2018-11-21,32,13731,622,2,1,12,12677,72,2,0,3,233,0.0769203358695167,1,2,1,0,0,99,1,371,996,169233,34836,1144.25,0.8182104801491562,9,134397,0.170361905871711,0.1528515320001356,270.0223425082174,0.2034490285963763,0.4392249225131782,1,3.9238485982350313,1,1,81,0,0,0.20584516113783283,0,1367,0.10782457800914971,1,1,0,0,0,0,0,0,0,1,0,0,1,0,911.25,1,0,0,0,3,0,1,0,0.9231721526361782,0,2,0,1,0,1,0,0,0,0,0
2018-11-21,40,18724,557,0,1,16,9785,36,2,0,0,117,0.299963540178609,4,1,0,1,0,98,5,173,268,4335,15967,1560.3333333333333,0.8891542367089008,7,5162,0.1907971770179622,0.2302999363055929,378.9276091019605,0.0749359521776259,0.3176308341814435,1,2.7482150485748664,1,1,49,0,0,3.6824261992619927,0,441,0.045064377682403435,1,1,0,0,0,0,0,0,0,1,0,1,0,0,1443.3333333333333,0,0,0,0,3,0,0,0,0.5225634178905207,1,1,0,0,0,0,0,0,0,0,0
2018-11-26,35,78902,513,0,2,12,177711,240,1,3,2,689,0.1819624704145127,2,1,0,3,0,97,21,1059,158,194245,177335,6575.166666666667,0.96068214151975,7,16910,0.2815219798853517,0.25,3728.7610775496255,0.1047722837519324,0.671783624332761,0,2.3721096180865504,1,1,49,0,0,0.9129402922067893,0,1217,0.006848158818762942,1,1,0,0,0,0,0,0,0,1,1,0,0,1,5886.166666666667,0,1,1,0,5,1,1,1,2.252271776738527,0,1,0,0,0,0,0,0,0,0,1
2018-11-29,41,32860,555,0,3,22,229149,300,2,3,0,437,0.2139770300015567,2,1,0,3,0,97,14,4634,760,65548,13412,2738.333333333333,0.84569141511608,7,52136,0.2805855330224843,0.25,4783.784837936967,0.1595278656607447,1.905859639061925,0,5.316405080691579,1,1,49,0,0,0.20461029153762833,0,5394,0.023539166484835262,1,1,0,0,0,0,0,0,0,1,0,1,0,0,2301.333333333333,0,1,1,1,1,0,1,1,6.973281397401174,0,1,0,0,0,0,0,0,0,0,0
2018-11-29,47,25531,609,0,1,26,30842,72,0,3,1,89,0.2586144227480961,1,0,0,0,0,100,9,505,587,57081,1701,2127.583333333333,0.4137767057375828,8,55380,0.1770841662748027,0.160259174986338,669.459925269539,0.0418118466898954,0.3563214619752757,1,2.046628841291734,1,1,64,0,0,0.029799236186538663,0,1092,0.035405116233829394,1,1,0,0,0,0,0,0,0,1,0,0,0,0,2038.583333333333,0,1,1,0,3,0,1,0,1.2079743067523108,0,1,0,0,0,0,1,0,0,0,0
2018-12-01,59,52886,562,0,1,34,27117,36,2,1,2,224,0.2886591645280605,1,0,0,1,0,100,10,4108,1386,83899,9141,4407.166666666667,0.6101328083729477,2,74758,0.1885519882482555,0.1917912260944311,996.4588275611676,0.050814775605883,0.2768631315122313,0,2.4604836082392394,0,0,4,0,0,0.10895113230035756,0,5494,0.20259606165646435,1,1,0,0,0,0,0,0,0,1,1,0,0,0,4183.166666666667,0,1,0,1,3,0,0,0,0.51273469850814,1,1,0,0,0,0,1,0,0,0,0
2018-12-01,25,19631,485,0,0,4,15010,24,2,3,0,160,0.147231691803995,3,0,0,0,0,94,20,762,1140,40245,25918,1635.9166666666667,0.9222988383445606,6,14327,0.222904134636165,0.2110730446261301,772.0899600823651,0.0977447436745914,0.5694180889369435,0,4.05741726515348,1,1,36,0,0,0.6439894647915321,0,1902,0.12670708147358603,1,1,0,0,0,0,0,0,0,1,0,1,0,0,1475.9166666666667,0,1,1,1,2,0,0,0,0.7645680521597392,0,1,0,0,0,0,0,0,1,0,0
2018-12-05,65,8665,637,2,3,43,5337,12,3,2,3,164,0.270978906685951,1,1,0,4,1,95,22,2039,46,20220,15669,722.0833333333334,0.8342286125284994,5,4551,0.1426456515824911,0.1569184170737763,483.45265294231217,0.2268064999423764,0.8954053054405607,1,4.591597365372754,1,1,25,0,0,0.7748874932001385,0,2085,0.3905957287373548,1,1,0,0,0,0,0,0,0,1,0,0,1,0,558.0833333333334,1,1,0,0,1,0,0,0,0.6158550657742903,1,2,0,0,1,1,0,0,0,0,0
2018-12-08,18,2977,544,2,2,0,16138,120,1,1,2,157,0.0835351336965303,2,1,0,2,0,99,28,709,259,114716,36760,248.08333333333331,0.942424592032554,5,77956,0.2254222484955089,0.2304368401343738,345.1094744556652,0.6303111408497825,2.015829271819332,0,5.28644552455186,1,1,25,0,1,0.32044073676961565,0,968,0.05997893301939401,1,0,0,0,0,0,0,0,0,1,1,0,0,0,91.08333333333331,1,1,0,0,5,1,1,0,5.419073203492276,0,2,0,0,0,0,0,0,1,0,1
2018-12-09,38,68979,570,0,4,14,162144,240,0,3,0,417,0.3452643625077521,1,2,0,3,0,98,11,57129,526,311308,23041,5748.25,0.9041308647995188,3,288267,0.2529990615689035,0.2174102414071656,2977.676563677329,0.0725311997217028,0.5904555487545904,1,1.8598089423758155,1,0,9,0,0,0.07401327941048925,0,57655,0.35557679854451263,1,1,0,0,0,0,0,0,0,1,0,1,0,1,5331.25,0,1,1,0,4,1,1,1,2.350594375181212,0,1,0,0,0,0,0,0,0,0,0
2018-12-11,47,28192,627,1,0,25,81144,300,1,5,2,169,0.1121606257335616,3,0,0,3,0,95,27,9819,161,179807,16599,2349.333333333333,0.6666277765626236,4,163208,0.2443259982391875,0.25,1693.9870428828283,0.0719046943695929,0.792648011437879,0,3.180714381777825,1,0,16,0,0,0.09231513614522156,0,9980,0.12298970977879105,1,0,0,0,0,0,0,0,0,1,1,0,0,0,2180.333333333333,0,1,1,0,2,0,1,0,2.878161245699287,0,0,0,0,0,0,1,0,0,0,1
2018-12-11,43,46818,617,0,1,22,8386,36,1,3,3,400,0.1588105861715497,3,0,0,1,0,97,10,1782,836,175320,8377,3901.5,0.8680720759727216,3,166943,0.1607586095417461,0.1720386816355586,299.8353250719809,0.102498398462524,0.1793300000184448,1,0.8192842137611136,1,0,9,0,0,0.047780927555740614,0,2618,0.3121497555741028,1,1,0,0,0,0,0,0,0,1,0,0,1,0,3501.5,0,1,1,0,3,0,0,0,0.17911531643136333,1,1,0,0,0,0,0,0,0,0,1
2018-12-12,32,39770,567,0,3,7,40453,120,2,3,2,495,0.3018337658672833,3,1,0,2,0,99,23,1320,1540,12779,49573,3314.1666666666665,0.7397958428478324,6,4588,0.2141519802012782,0.1958635822904387,770.7149988340167,0.1493137599919561,0.38179528394772,1,3.1889573852267548,1,1,36,0,0,3.8789514866979657,0,2860,0.07069758243931379,1,1,0,0,0,0,0,0,0,1,1,0,0,0,2819.1666666666665,0,1,1,1,1,0,1,0,1.0171481732920973,0,1,0,0,0,0,0,0,0,0,0
2018-12-12,37,30777,568,0,1,11,26576,60,1,2,0,170,0.2955678805448047,3,1,0,2,0,100,3,36828,798,135608,6699,2564.75,0.9070715465669904,6,128909,0.19354695036477,0.1925271815358006,693.0968868347097,0.066257429601481,0.3363916542276955,1,1.3475659121063794,1,1,36,0,0,0.04939937614760082,0,37626,1.4157354103171915,1,1,0,0,0,0,0,0,0,1,0,1,0,0,2394.75,0,1,0,0,3,0,1,0,0.8634739099356683,0,1,0,0,0,0,0,0,0,0,1
2018-12-13,34,48085,616,1,1,10,10104,12,2,2,3,1149,0.1748271147979784,3,0,0,1,0,100,28,853,464,37114,9714,4007.0833333333335,0.7883541765152037,6,27400,0.1533051964074594,0.1727245175750112,922.8397353078147,0.2866706863213922,0.5169153340893149,1,1.53934618766773,1,1,36,0,0,0.2617270645291661,0,1317,0.13033151904997525,1,0,0,0,0,0,0,0,0,1,0,0,1,0,2858.0833333333335,0,1,0,1,3,0,0,0,0.21012352867778564,1,0,0,0,0,0,0,0,0,0,0
2018-12-15,32,20736,492,0,1,9,5684,48,3,3,1,430,0.3114151994319752,6,1,0,1,0,91,16,1024,344,33062,96526,1728.0,0.8592882463144155,4,6809,0.2271613966015461,0.2174219751019406,178.2859627913514,0.2486986697513013,0.3518137436618573,1,2.0674545233523083,1,0,16,0,0,2.9194567946042405,0,1368,0.24063324538258576,1,1,0,0,1,0,0,0,0,1,0,0,0,0,1298.0,0,1,1,0,3,0,1,0,0.274099435791098,1,1,0,0,0,0,0,0,0,0,0
2018-12-16,50,94767,635,0,2,29,207090,120,2,1,0,1301,0.3154492073133224,7,2,0,3,0,99,22,5058,4611,56853,15723,7897.25,0.7734418042835011,5,41130,0.1805602283972931,0.1874641672673916,3831.5394913488894,0.1647200329186845,0.6498324934446098,1,1.968219454532444,1,1,25,0,0,0.2765504625883843,0,9669,0.04668961953923637,1,1,0,0,1,0,0,0,0,1,0,1,0,1,6596.25,0,1,0,1,5,1,1,1,2.1852313017052167,0,1,0,0,0,0,0,0,0,0,0
2018-12-16,44,127378,585,0,1,23,17856,36,2,0,2,1228,0.516884898960789,3,1,0,1,0,95,14,6632,4842,240926,2262,10614.833333333334,0.9684375005819024,5,238664,0.1769475377167993,0.1447460926141733,614.3998846251698,0.1156762697228981,0.1735520732828482,1,0.7873622416997197,1,1,25,0,0,0.009388736007172297,0,11474,0.6425491403931232,1,1,0,0,0,0,0,0,0,1,1,0,0,1,9386.833333333334,0,0,0,0,3,0,0,0,0.14018009247992214,1,1,0,0,0,0,0,0,0,0,0
2018-12-17,31,222539,574,0,0,7,27780,120,0,3,3,2752,0.297753003066101,2,0,0,2,0,100,13,1571,1892,24174,47321,18544.916666666668,0.6872412672754057,7,7116,0.2105580269031952,0.25,631.97541621521,0.1483884592745033,0.1824647159284052,1,1.3531788733217878,1,1,49,0,0,1.957435367114788,0,3463,0.12465354018933804,1,1,0,0,0,0,0,0,0,1,0,0,1,1,15792.916666666668,0,1,1,0,2,0,1,0,0.12483149096791588,0,1,0,0,0,0,1,0,0,0,0
2018-12-17,50,52773,642,0,1,27,26591,72,1,4,1,322,0.2108029177734547,4,0,0,0,0,92,13,4525,546,41330,115153,4397.75,0.7216499775948276,3,5842,0.1605470914244137,0.1637980186121064,582.3824459038349,0.0732026143790849,0.2055998740332673,1,1.5545809489772895,1,0,9,0,0,2.7861169582153833,0,5071,0.19069645006016847,1,1,0,0,0,0,0,0,0,1,0,0,0,0,4075.75,0,1,1,0,3,0,1,0,0.5038655398491682,0,1,0,0,0,0,0,0,0,0,1
2018-12-19,43,115327,568,1,3,18,23655,84,1,1,0,339,0.2336889189586134,3,0,0,2,1,94,3,1439,251,14917,5409,6064.666666666667,0.9537260263421566,2,9508,0.201517843015383,0.1824277488892279,500.54868871907655,0.0558883332417431,0.1384099613209446,0,3.021678690052566,0,0,4,0,0,0.3625821155650892,0,1690,0.07144064930672979,1,1,0,0,0,0,0,0,0,1,0,1,0,1,5725.666666666667,0,1,0,0,1,0,1,0,0.205110640954495,0,1,0,0,1,1,0,0,0,0,1
2018-12-20,49,19615,619,0,0,25,23904,36,1,3,0,124,0.190759883436921,7,1,0,2,0,96,28,4303,245,9739,20462,1634.5833333333333,0.6605778933879307,3,3931,0.160020460730265,0.1488171008545098,827.2559938911818,0.0758139297905945,0.5816004446270027,1,1.9604420519793493,1,0,9,0,0,2.1008213552361394,0,4548,0.19025308512863418,1,0,0,0,1,0,0,0,0,1,0,1,0,0,1510.5833333333333,0,1,1,0,2,0,0,0,1.2185970636215335,0,0,0,0,0,0,1,0,0,0,1
2018-12-21,47,104059,603,0,0,28,343705,240,2,0,0,445,0.4464583453794728,3,1,0,3,0,99,22,1266,352,41663,191684,8671.583333333334,0.8994851223846929,2,7319,0.2366868854799425,0.1763387594227422,5207.796251727645,0.0513111241364068,0.6518007420004779,0,1.8392442476697823,0,0,4,0,0,4.60071044546851,0,1618,0.004707511652400598,1,1,0,0,0,0,0,0,0,1,0,1,0,1,8226.583333333334,0,0,0,0,2,0,1,1,3.302950221026331,0,1,0,0,0,0,0,0,0,0,0
2018-12-21,30,61477,533,0,0,5,27151,36,2,4,3,461,0.1709196536097812,4,0,0,0,0,95,17,3405,9326,180003,89183,5123.083333333333,0.8024970128324402,3,90820,0.2030523014968685,0.21295513143267,1027.039935661784,0.0899673112263982,0.2904011974164714,1,2.7704356841695303,1,0,9,0,0,0.4954501011088642,0,12731,0.4688789039481438,1,1,0,0,0,0,0,0,0,1,0,0,1,0,4662.083333333333,0,1,1,1,2,0,0,0,0.4416376589999675,0,1,0,0,0,0,0,0,0,0,0
2018-12-24,33,34490,609,0,1,12,13579,60,0,2,0,283,0.4366163379947986,1,2,0,0,0,94,9,196,281,197678,124333,2874.1666666666665,0.8848408971261079,7,73345,0.1728790883502781,0.189367547807557,351.7743637289687,0.098429076575271,0.2207782842950444,1,1.2687950015105256,1,1,49,0,0,0.6289641287137228,0,477,0.03512518409425626,1,1,0,0,0,0,0,0,0,1,0,1,0,0,2591.1666666666665,0,1,0,0,3,0,1,0,0.393696906439361,0,1,0,0,0,0,0,0,0,0,0
2018-12-25,48,101703,607,0,0,26,31883,36,2,2,0,794,0.3085198871722843,2,1,0,0,0,91,22,615,5919,73655,12597,8475.25,0.7934055077432469,4,61058,0.1660924648988869,0.2136356321713092,1207.1538991933553,0.0936734994838519,0.2360895324221625,1,0.9361193253145657,1,0,16,0,0,0.17102476376669926,0,6534,0.20493037260067745,1,1,0,0,0,0,0,0,0,1,0,1,0,1,7681.25,0,1,0,1,2,0,0,0,0.3134881617242193,0,1,0,0,0,0,0,0,0,0,0
2018-12-25,47,49818,539,0,1,24,125572,360,1,3,2,349,0.2175664480958907,4,1,0,3,0,95,6,1123,5892,62750,14993,4151.5,0.9193691539791964,3,47757,0.3084351606354386,0.25,2617.647084831797,0.0840457555689343,0.7144243431262606,0,2.8086283809904167,1,0,9,0,0,0.23892846329142164,0,7015,0.05586391979167496,1,1,0,0,0,0,0,0,0,1,1,0,0,0,3802.5,0,1,1,0,3,0,1,1,2.5205644432846905,0,1,0,0,0,0,0,0,0,0,1
2018-12-27,39,36761,620,0,1,13,175166,180,1,3,1,277,0.2411920273320726,3,2,0,3,0,99,29,954,876,31496,81383,3063.4166666666665,0.7614480827811634,5,3423,0.2080183737708947,0.2122604980896503,3236.241624603749,0.0903924074728741,1.1464634241221818,1,3.6020951458638217,1,1,25,0,0,2.5838333809569165,0,1830,0.010447173268937642,1,0,0,0,0,0,0,0,0,1,0,0,0,0,2786.4166666666665,0,1,1,0,3,0,1,1,4.764865894129808,0,0,0,0,0,0,0,0,0,0,1
2018-12-27,41,61980,626,0,0,12,228351,240,2,3,3,1043,0.410003673221782,0,0,0,3,0,100,20,14009,1076,15085,27990,5165.0,0.9462284592870428,7,4248,0.2250846608942649,0.2299112726697894,4421.541905802536,0.2018970189701897,1.0577897610922449,0,2.5695575050520723,1,1,49,0,0,1.855362587829776,0,15085,0.06606029288116592,1,1,0,0,0,0,0,0,0,1,0,0,1,0,4122.0,0,1,1,1,2,0,1,1,3.6842096771591293,0,1,0,0,0,0,0,0,0,0,0
2018-12-30,55,30630,639,0,4,31,20390,36,1,4,3,294,0.1369591036857301,4,2,0,0,1,93,14,1535,156,14783,79228,2552.5,0.5365567101733724,3,9911,0.1499807122265037,0.1381970121475897,695.0976626326886,0.1151360877227335,0.3873497797660813,1,3.609057844522693,1,0,9,0,0,5.359036796536796,0,1691,0.08292874307292433,1,1,0,0,0,0,0,0,0,1,0,0,1,0,2258.5,0,1,1,0,4,1,0,0,0.6656655022689433,0,1,0,0,1,1,1,0,0,0,1
2018-12-31,32,75434,536,0,3,10,8411,24,1,0,2,845,0.4807486845105533,2,1,0,1,1,94,21,14336,874,217446,16628,6286.166666666667,0.9433083011843916,3,200818,0.1972593536342056,0.1909359246858534,424.3694430375291,0.1344007634599581,0.2018984878780896,1,3.2329885360162782,1,0,9,0,0,0.07646920858875957,0,15210,1.8081312410841655,1,1,0,0,0,0,0,0,0,1,1,0,0,1,5441.166666666667,0,0,0,0,1,0,0,0,0.11149996685888514,1,1,0,0,1,1,0,0,0,0,1
2019-01-03,46,25340,608,0,3,22,72185,180,0,0,0,196,0.177445677473748,1,1,0,3,1,94,20,904,2419,15116,54524,2111.6666666666665,0.8254879362321196,7,10534,0.2137967503500654,0.203832010479906,1288.2657084019847,0.0927737456610918,0.7025555577794185,0,4.7650305426303134,1,1,49,0,0,3.6068002910630415,0,3323,0.04603385698057795,1,1,0,0,0,0,0,0,0,1,0,1,0,0,1915.6666666666665,0,0,0,0,1,0,1,0,2.8485458348131485,0,1,0,0,1,1,0,0,0,0,0
2019-01-04,37,24305,558,0,1,13,26455,48,2,3,3,76,0.2301368027717608,3,1,0,0,0,96,22,2325,663,10357,13020,2025.4166666666667,0.6585519126290127,7,5870,0.1945458095636654,0.1770120954242745,772.9912654760011,0.0375046263930583,0.4189618450348321,1,2.9245925044335177,1,1,49,0,0,1.256999420737594,0,2988,0.11294224372543091,1,1,0,0,0,0,0,0,0,1,0,0,1,0,1949.4166666666667,0,1,1,1,3,0,1,0,1.0884143832798485,0,1,0,0,0,0,1,0,0,0,0
2019-01-07,37,3913,579,2,3,15,26149,36,2,4,3,65,0.2176999148816663,3,0,0,0,0,97,23,432,338,26484,7943,326.0833333333333,0.6702682776016812,4,18541,0.1800429011173732,0.1826152074883064,948.7830581340392,0.1987261146496815,3.0,0,6.974527303429302,1,0,16,0,0,0.29990560694732865,0,770,0.029445506692160613,1,1,0,0,0,0,0,0,0,1,0,0,1,0,261.0833333333333,1,1,1,1,1,0,0,0,6.680889115993868,0,2,0,0,0,0,1,0,0,0,0
2019-01-09,53,73126,562,0,3,27,10426,36,0,1,1,1463,0.6354742624309568,2,0,0,1,0,96,17,1726,5214,8247,26438,6093.833333333333,0.8450170456249457,7,9545,0.1883130384686974,0.2052580919708446,390.2664359221889,0.2400393776149197,0.3040717169059349,0,1.8251694780503471,1,1,49,0,0,3.2053831231813774,0,6940,0.665579744893066,1,1,0,0,0,0,0,0,0,1,0,0,0,1,4630.833333333333,0,1,0,0,1,0,0,0,0.1425738783212767,1,1,0,0,0,0,0,0,0,0,0
2019-01-10,49,82961,488,0,1,26,74954,240,1,0,3,226,0.035456396727627,4,2,1,3,0,92,14,353,1613,168712,10571,3490.833333333333,0.927059841244282,5,158141,0.2938061608031115,0.2450463743428331,1542.658197303905,0.0647224476158655,0.5065127766609436,1,4.214928199148552,1,1,25,0,0,0.0626567010248173,0,1966,0.026229070775798814,1,1,0,0,0,0,0,0,0,1,0,0,1,1,3264.833333333333,0,0,0,0,3,0,1,0,0.9034738796075311,0,1,0,1,0,1,0,0,0,0,1
2019-01-13,49,23963,596,0,1,26,86306,120,1,1,3,124,0.159749440454075,4,1,0,3,0,90,3,1749,396,55113,4910,1996.9166666666667,0.8842098672797055,4,50203,0.1998414164965452,0.1995642313010301,1665.419567284311,0.0620646506777893,0.8956427448346915,0,2.665609915309108,1,0,16,0,0,0.08908807199622601,0,2145,0.024853140533212834,1,1,0,0,0,0,0,0,0,1,0,0,1,0,1872.9166666666667,0,1,0,0,3,0,1,0,3.601485561675847,0,1,0,0,0,0,0,0,0,0,1
2019-01-16,55,37772,651,0,0,31,127332,300,1,1,3,301,0.5177102754696072,1,2,0,3,0,95,2,2562,900,37494,4340,3147.6666666666665,0.7775221007720066,8,33154,0.232438640245279,0.2499426616191138,2657.619934229924,0.0955960194791446,0.9396421556944496,0,3.523209030653032,1,1,64,0,0,0.1157487665022003,0,3462,0.02718855284961479,1,1,0,0,0,0,0,0,1,0,0,0,1,0,2846.6666666666665,0,1,0,0,2,0,1,1,3.3709792709077915,0,1,0,0,0,0,0,0,0,0,1
2019-01-17,40,8717,513,2,2,17,14129,48,1,3,2,212,0.386125785705096,4,1,0,4,0,98,27,1945,152,87961,39705,726.4166666666666,0.8619268612824141,6,48256,0.2168890138689196,0.2245465107850578,448.64411190948897,0.2914423187077558,0.9082059047902244,1,3.261855707541896,1,1,36,0,0,0.45138809940656194,0,2097,0.1484076433121019,1,0,0,0,0,0,0,0,0,1,1,0,0,0,514.4166666666666,1,1,1,0,5,1,1,0,1.62066987841248,1,1,0,0,0,0,0,0,0,0,1
2019-01-17,48,26348,628,0,1,24,10418,60,1,0,3,261,0.2068606612942103,5,0,0,2,1,97,28,1704,288,126393,20723,2195.6666666666665,0.7004980752720597,7,105670,0.163312846585353,0.1710817763053686,259.5204997437895,0.1188163884673748,0.2369592563325293,1,2.4222109334517943,1,1,49,0,0,0.16395556751111603,0,1992,0.19118917362510798,1,0,0,0,0,0,0,0,0,1,0,0,1,0,1934.6666666666665,0,0,0,0,3,0,1,0,0.3953850240995863,0,0,0,0,1,1,0,0,0,0,1
2019-01-22,36,27908,481,0,4,15,221403,360,2,0,3,478,0.7698782886495021,9,0,0,3,0,100,5,11048,435,62899,8977,2325.6666666666665,0.7966945012872296,2,53922,0.3375769360914852,0.25,4615.319637522812,0.2054441260744985,2.1891058613994896,0,6.051513218167217,0,0,4,0,0,0.14271860095389508,0,11483,0.051864464959982655,1,1,0,1,1,0,0,0,0,1,0,0,1,0,1847.6666666666665,0,0,0,0,4,1,1,1,7.933032355154252,0,2,0,0,0,0,0,0,0,0,0
2019-01-23,43,165697,492,0,3,22,356892,240,1,3,3,2135,0.4713486155873268,3,3,0,3,0,92,24,10312,5555,59154,25781,13808.083333333334,0.842993628757055,7,33373,0.2921962978239872,0.25,7488.365933953672,0.1546083797500437,0.6968866579814256,0,2.693713371473432,1,1,49,0,0,0.43582114783196685,0,15867,0.04445870330883486,1,0,1,0,0,0,0,0,0,1,0,0,1,1,11673.083333333334,0,1,1,0,1,0,1,1,2.1538702941495975,0,1,0,0,0,0,0,0,0,0,1
2019-01-24,38,26849,591,0,1,18,218492,360,2,0,0,126,0.5846817104266723,4,1,0,3,0,97,5,3778,148,16024,41557,2237.4166666666665,0.944580122264887,4,1289,0.2825736273140978,0.2396610254184867,4367.203732193759,0.0562897881687204,2.00731338320707,0,5.237359261103742,1,0,16,0,0,2.593260530421217,0,3926,0.017968539037863912,1,1,0,0,0,0,0,0,0,1,0,1,0,0,2111.4166666666665,0,0,0,0,3,0,1,1,8.137504655493482,0,1,0,0,0,0,0,0,0,0,0
2019-01-24,41,55095,572,1,4,18,113538,300,0,3,2,631,0.3277952160244234,4,1,0,3,0,100,9,2079,1141,30181,33870,4591.25,0.9850642600386574,2,5553,0.2719099754173043,0.25,2370.2541269204203,0.1374054112907616,0.6535476350199619,0,3.691281346348151,0,0,4,0,0,1.122192034987741,0,3220,0.02836029910427254,1,1,0,0,0,0,0,0,0,1,1,0,0,0,3960.25,0,1,1,0,4,1,1,1,2.060730361550748,0,1,0,0,0,0,0,0,0,0,0
2019-01-26,47,35004,612,0,1,23,18830,24,2,1,0,204,0.3306281632848027,5,2,0,1,0,96,17,736,455,117315,36301,2917.0,0.618159185782294,2,81014,0.1594608149317464,0.1499166491096421,912.9290153651403,0.069910897875257,0.3827721094465868,1,1.8422228071556277,0,0,4,0,0,0.30942923386409354,0,1191,0.06324677393659392,1,1,0,0,0,0,0,0,0,1,0,1,0,0,2713.0,0,1,0,1,3,0,0,0,0.5379231538351664,1,1,0,0,0,0,1,0,0,0,0
2019-01-27,30,33732,607,0,1,7,19938,36,0,2,2,222,0.0267201874887076,6,0,0,0,0,93,11,3608,263,57526,35727,2811.0,0.6268254022939463,6,21799,0.1659751082229517,0.1623385921279418,703.2650772055711,0.0789473684210526,0.3290416348526213,1,1.4142097044457724,1,1,36,0,0,0.6210475081266188,0,3871,0.19414213350719695,1,1,0,0,1,0,0,0,0,1,1,0,0,0,2589.0,0,1,0,0,3,0,0,0,0.5910532712773842,0,1,0,0,0,0,1,0,0,0,0
2019-01-28,65,79853,617,0,0,39,19351,60,1,0,3,326,0.1270213414096899,6,0,0,2,0,88,6,3812,1043,204801,12511,6654.416666666667,0.8523547287307702,3,192290,0.1689676377630724,0.1761982863492506,487.39496800043673,0.0489826582357728,0.1222154838290269,1,1.3370727336201558,1,0,9,0,0,0.0610882706223572,0,4855,0.25087846217445225,1,1,0,0,1,0,0,0,0,1,0,0,1,1,6328.416666666667,0,0,0,0,2,0,1,0,0.2423297517970296,0,1,0,0,0,0,0,0,0,0,1
2019-01-29,27,70128,597,0,3,5,24282,48,2,0,3,212,0.2350251946812818,6,0,0,0,0,96,3,8410,132,143567,41609,5844.0,0.6884284716670344,5,101958,0.1750243829490062,0.173959676803059,705.6424261840727,0.0362703165098374,0.1569961379271296,1,0.3792652984035111,1,1,25,0,0,0.28982085144321856,0,8542,0.35176872709302803,1,1,0,0,1,0,0,0,0,1,0,0,1,1,5632.0,0,0,0,0,1,0,1,0,0.34624762936873477,0,1,0,0,0,0,1,0,1,0,0
2019-01-29,25,40816,584,1,0,1,24919,60,1,1,2,283,0.3172416993504315,3,1,0,2,0,95,15,3031,367,8030,6979,3401.333333333333,0.6373103324868988,6,1051,0.1855308564932253,0.1662863166372868,614.3363315888607,0.0831782110316449,0.2637414514320155,1,1.0963005923286344,1,1,36,0,0,0.8690075955671772,0,3398,0.13635634028892457,1,1,0,0,0,0,0,0,0,1,1,0,0,0,3118.333333333333,0,1,0,0,2,0,1,0,0.6105054266604601,0,1,0,0,0,0,1,0,1,0,1
2019-01-29,53,20599,517,0,0,33,84716,180,2,3,0,100,0.1090953091099988,4,0,0,3,0,95,18,486,131,92932,30355,1716.5833333333333,0.7290742521763572,7,62577,0.2593367678922209,0.25,1809.134679481684,0.0582213381204211,1.1115237569152496,1,4.786582249047955,1,1,49,0,0,0.32663316582914576,0,617,0.007283071874594238,1,1,0,0,0,0,0,0,0,1,0,1,0,0,1616.5833333333333,0,1,1,1,2,0,1,0,4.11242718446602,0,1,0,0,0,0,0,0,0,0,0
2019-02-02,49,122264,540,0,4,27,33781,24,2,2,3,1373,0.0783623767041225,6,2,0,0,1,97,4,18684,1774,58330,9386,10188.666666666666,0.9052343893053294,3,48944,0.19560692084881,0.1774045068154929,1682.2527128317647,0.1347443488501423,0.2998383374822629,1,3.804289237912394,1,0,9,0,0,0.16090929351459773,0,20458,0.6055887750873246,1,1,0,0,1,0,0,0,0,1,0,0,1,1,8815.666666666666,0,1,0,1,4,1,0,0,0.27629329734592895,0,1,0,0,1,1,0,0,0,0,0
2019-02-02,47,33212,587,0,3,23,11671,24,2,0,1,203,0.1292519799493655,3,0,0,1,0,100,19,725,65,8867,3753,2767.6666666666665,0.6817753984194305,3,5114,0.1718412370225506,0.1654818789651095,574.5101554123883,0.0733204912111726,0.2808247611650812,1,1.3234541762998522,1,0,9,0,0,0.4232070365358593,0,790,0.06768334475668265,1,1,0,0,0,0,0,0,0,1,0,0,0,0,2564.6666666666665,0,0,0,0,1,0,0,0,0.35139854876102733,1,1,0,0,0,0,1,0,0,0,0
2019-02-05,47,177164,598,0,2,23,213848,180,0,3,0,1176,0.2468898249659973,4,1,0,3,0,92,27,16712,3981,20693,3815,14763.666666666666,0.8476094396186755,7,16878,0.2190682563593673,0.2388758985297746,4383.089909741213,0.0796496139431977,0.3765130656347054,1,2.774412528115951,1,1,49,0,0,0.18435295254663187,0,20693,0.09676453946476252,1,0,0,0,0,0,0,0,0,1,0,1,0,1,13587.666666666666,0,1,1,0,5,1,1,1,1.207055569666695,0,0,0,0,0,0,0,0,0,0,0
2019-02-06,39,15881,620,0,2,17,18677,180,2,0,3,319,0.4483034357517093,0,1,0,2,0,94,25,3221,816,28832,3225,1323.4166666666667,0.6989873559658216,6,25607,0.2074587754099174,0.188815659611225,312.6983832781529,0.2408607563078084,0.4769634807360369,1,2.179257962200042,1,1,36,0,0,0.11185100405785038,0,4037,0.21613663133097763,1,0,0,0,0,0,0,0,0,1,0,0,1,0,1004.4166666666667,0,0,0,0,5,1,1,0,1.1759853922679764,0,0,0,0,0,0,1,0,0,0,0
2019-02-07,29,50641,484,0,3,7,14976,36,3,4,2,170,0.3524886159831111,3,1,0,1,0,96,14,1799,864,39488,37928,4220.083333333333,0.9097498617327326,7,1560,0.2274035677424981,0.25,595.4431526972041,0.0402740212820563,0.1813380813054794,1,1.450536611851674,1,1,49,0,0,0.9604700043049963,0,2663,0.1778059691527008,1,1,0,0,0,0,0,0,0,1,1,0,0,0,4050.083333333333,0,1,1,0,1,0,0,0,0.29572291773626636,1,1,0,0,0,0,0,0,1,0,0
2019-02-09,40,154675,601,0,0,21,196023,240,2,0,2,702,0.0276351588445785,1,1,0,3,0,99,28,25648,4890,126504,79380,12889.583333333334,0.8282244906660435,4,47124,0.2375464980949239,0.2185891437921072,3618.235383667746,0.054458357845197,0.3351466160958125,1,1.6004059500177388,1,0,16,0,0,0.6274850796411209,0,30538,0.155787046484104,1,0,0,0,0,0,0,0,0,1,1,0,0,1,12187.583333333334,0,0,0,0,2,0,1,1,1.2673136103855802,0,0,0,0,0,0,0,0,0,0,0
2019-02-10,31,45976,531,0,4,9,5501,36,1,1,2,355,0.0859923632031087,5,1,0,1,0,95,25,3571,528,19779,76774,3831.3333333333335,0.9463925015382284,6,7825,0.2036532167353711,0.1923406922569941,202.2963735676552,0.0926328607462816,0.145419598217184,1,1.645138962215497,1,1,36,0,0,3.8813953488372093,0,4099,0.7450018175209014,1,0,0,0,0,0,0,0,0,1,1,0,0,0,3476.3333333333335,0,1,0,0,4,1,0,0,0.11964677991169498,1,0,0,0,0,0,0,0,0,0,1
2019-02-11,51,59690,660,0,2,27,111723,180,0,0,0,492,0.6952477504176134,2,1,0,3,0,98,8,7302,242,317752,42571,4974.166666666667,0.8624764629789555,5,275181,0.1879059467058033,0.1918436426629816,1895.2038037981529,0.0988911594251448,0.4798238860603971,1,1.2739778483006732,1,1,25,0,0,0.13397513162739613,0,7544,0.06752354015251871,1,1,0,0,0,0,0,0,1,0,0,1,0,0,4482.166666666667,0,0,0,0,5,1,1,1,1.8716891993767906,0,1,0,0,0,0,0,0,0,0,0
2019-02-12,38,7801,540,2,0,14,17049,60,0,2,0,280,0.3013685279661381,5,1,0,0,0,92,23,387,329,114580,18491,650.0833333333334,0.328842243811695,3,96089,0.2074359763706779,0.1750724125476939,428.3753964249794,0.4300524766414949,1.0879949772302258,0,3.7915144673911376,1,0,9,0,1,0.1613792862691022,0,716,0.0419941348973607,1,1,0,0,0,0,0,0,0,1,0,1,0,0,370.08333333333337,1,1,0,0,2,0,1,0,2.1852089207895413,0,3,1,0,0,0,1,0,0,0,0
2019-02-12,30,26015,458,0,0,6,18735,84,2,1,2,283,0.5476053942241036,3,1,0,2,0,97,26,1682,986,50668,5213,2167.9166666666665,0.7674812431937298,4,45455,0.2564595505214593,0.2187909747306171,437.4873645466375,0.1304798862719483,0.3321876656763995,1,2.430555046861505,1,0,16,0,0,0.10288341984250725,0,2668,0.142399658411614,1,0,0,0,0,0,0,0,0,1,1,0,0,0,1884.9166666666665,0,1,0,1,2,0,1,0,0.7201337638376384,0,0,0,0,0,0,0,0,0,0,0
2019-02-15,36,41958,607,0,1,13,21481,120,1,1,3,311,0.354344248901279,1,0,0,2,0,96,19,535,214,86043,34381,3496.5,0.855988277626015,7,51662,0.1939937426635395,0.2328120055894686,462.8924500533876,0.0889206576125804,0.2212701787143352,1,1.9240198737887992,1,1,49,0,0,0.3995746362326252,0,749,0.034866399776557117,1,1,0,0,0,0,0,0,0,1,0,0,1,0,3185.5,0,1,0,0,3,0,1,0,0.5119521437593841,0,1,0,0,0,0,0,0,0,0,1
2019-02-16,44,36631,613,0,1,21,105585,360,2,0,3,301,0.3025863960495711,3,1,0,3,0,100,14,10584,441,390003,47517,3052.583333333333,0.7606475747229563,4,342486,0.2713918202664269,0.25,2201.0023528490856,0.0985727151161204,0.819365997166963,0,3.1678787940813926,1,0,16,0,0,0.12183721192603153,0,11025,0.10441725228723504,1,1,0,0,0,0,0,0,0,1,0,0,1,0,2751.583333333333,0,0,0,0,3,0,1,1,2.8823160078619785,0,1,0,0,0,0,0,0,0,0,0
2019-02-19,33,31529,629,0,3,12,7709,12,1,3,0,262,0.1826820207734346,1,0,0,1,0,100,27,219,472,47044,19415,2627.4166666666665,0.7544770997648114,5,27629,0.1467375683666393,0.1601856206068506,699.5119004392442,0.0996797818712152,0.3658141087876393,1,1.8856554249337136,1,1,25,0,0,0.4126899776809438,0,691,0.08962386511024643,1,0,0,0,0,0,0,0,0,1,0,1,0,0,2365.4166666666665,0,1,1,0,1,0,0,0,0.24449730415477322,1,0,0,0,0,0,0,0,0,0,1
2019-02-19,30,94993,481,0,1,6,16640,36,1,3,2,321,0.2103478562839258,4,3,0,4,0,97,3,3477,31575,48218,61394,7916.083333333333,0.884506792910868,5,2095,0.2289299062021808,0.2468041078178254,658.7941472374513,0.0405452344613441,0.123756957705904,1,2.3409297405066587,1,1,25,0,0,1.2732325431883698,0,35052,2.106363800252389,1,1,1,0,0,0,0,0,0,1,1,0,0,1,7595.083333333333,0,1,1,0,3,0,0,0,0.17516895803945512,1,2,0,0,0,0,0,0,0,0,1
2019-02-19,42,63799,580,0,3,19,174956,180,1,2,1,416,0.2113895936398359,3,1,0,3,0,94,13,1311,1531,97792,10138,5316.583333333333,0.9037245401826892,12,87654,0.2280180738771068,0.2314858439928944,3486.8792407437663,0.0782310259986522,0.7339573253659275,1,2.430966105893879,1,1,144,0,0,0.10366795169388401,0,2842,0.016243991380739266,1,1,0,0,0,0,0,0,0,1,0,0,0,0,4900.583333333333,0,1,0,0,1,0,1,1,2.742257053291536,0,1,0,0,0,0,0,0,0,0,1
2019-02-20,42,47816,524,0,3,19,8774,60,1,2,0,382,0.2349865524089412,5,1,0,1,0,89,23,4899,136,18324,53184,3984.6666666666665,0.5810762484788179,5,1895,0.2152699155120835,0.2132769391576322,238.9864037307221,0.0958434389897131,0.1558049018309079,1,2.296411622789285,1,1,25,0,0,2.9022646657571625,0,5035,0.5737891737891738,1,1,0,0,0,0,0,0,0,1,0,1,0,0,3602.6666666666665,0,1,0,0,1,0,1,0,0.18349122696948783,1,1,0,0,0,0,1,0,0,0,1
2019-02-22,33,74631,592,0,0,12,24447,180,2,2,1,662,0.2032218386233696,1,2,0,2,0,94,4,26673,166,56681,14715,6219.25,0.8810951914673625,6,41966,0.2215260759229915,0.2015747540029294,432.2087254988695,0.1064265905711185,0.1759107311601414,1,1.8232823762521255,1,1,36,0,0,0.25960622419815815,0,26839,1.0977994109947644,1,1,0,0,0,0,0,0,0,1,0,0,0,1,5557.25,0,1,0,1,2,0,1,0,0.32756726337228,0,1,0,0,0,0,0,0,0,0,0
2019-02-26,34,40369,598,0,0,16,15176,36,2,0,3,179,0.0329635335410019,7,2,0,4,0,100,24,4055,1609,30403,45690,3364.083333333333,0.7736099330753813,5,2734,0.17040688410074,0.1936060975627218,559.0625809041038,0.0531933334984274,0.2193296592667156,1,2.2934196856166613,1,1,25,0,0,1.502762794369162,0,5664,0.37319628385056336,1,0,0,0,1,0,0,0,0,1,0,0,1,0,3185.083333333333,0,0,0,0,2,0,0,0,0.37592271488729256,1,0,0,0,0,0,0,0,0,0,0
2019-02-26,42,29239,578,0,0,17,95677,240,2,4,0,109,0.1767942797106413,3,0,0,3,0,91,1,29487,6737,137687,78231,2436.583333333333,0.6583898079858654,5,59456,0.248867185916489,0.2371158305450851,1907.96606308101,0.0447164199514546,0.8274449679317671,0,2.9203170558496145,1,1,25,0,0,0.5681758758933241,0,36224,0.3786032316729029,1,1,0,0,0,0,0,0,0,1,0,1,0,0,2327.583333333333,0,1,1,1,2,0,1,0,3.272127222982216,0,1,0,0,0,0,1,0,0,0,0
2019-02-27,22,26622,600,0,0,0,17164,60,0,0,0,167,0.1433926061593807,3,1,0,1,0,94,17,350,385,55258,8706,2218.5,0.9477884857436906,4,46552,0.1774376569264729,0.1679704894024694,424.698815443935,0.0752421716602838,0.2665910409749651,1,1.9534415192045629,1,0,16,0,0,0.15754899654354948,0,735,0.04281969123215846,1,1,0,0,0,0,0,0,0,1,0,1,0,0,2051.5,0,0,0,0,2,0,1,0,0.6447057055929084,1,1,0,0,0,0,0,0,1,0,0
2019-02-27,23,42390,600,0,0,2,142322,180,2,2,0,800,0.0655620085323572,4,0,0,3,0,97,7,602,578,134272,14024,3532.5,0.91220621066535,7,120248,0.2179664636003438,0.1604362221420281,2094.614468960791,0.2264044148860902,0.8191918689573485,0,2.9403074507628726,1,1,49,0,0,0.10444393139350427,0,1180,0.008291000049183898,1,1,0,0,0,0,0,0,0,1,0,1,0,0,2732.5,0,1,0,1,2,0,1,1,3.357363591328348,0,1,0,0,0,0,0,0,1,0,0
2019-02-28,31,35579,581,0,3,7,9234,48,1,2,2,107,0.1960173655293487,2,2,0,1,0,100,9,399,551,45940,11719,1556.25,0.8299259379682045,3,34221,0.1827826889731583,0.2093776392724504,285.62821358365875,0.0687108685182212,0.2521292108419706,1,3.127313335485164,1,0,9,0,0,0.2550880477133715,0,950,0.10286951813752031,1,1,0,0,0,0,0,0,0,1,1,0,0,0,1449.25,0,1,0,0,1,0,1,0,0.25952782462057333,1,1,0,0,0,0,0,0,0,0,1
2019-03-01,37,29911,564,0,0,15,6491,36,1,2,1,379,0.1711612420511039,4,1,0,1,0,93,18,1762,258,13657,68199,2492.583333333333,0.8969590651480326,1,9050,0.1871945814821586,0.1845260041996452,236.1415876506272,0.1519901079437222,0.2466898055611912,1,2.149403774392222,0,0,1,0,0,4.993337238248645,0,2020,0.3111521873074553,1,1,0,0,0,0,0,0,0,1,0,0,0,0,2113.583333333333,0,1,0,0,2,0,0,0,0.2170032094142819,1,1,0,0,0,0,0,0,0,0,1
2019-03-04,43,49486,539,0,2,18,45962,24,1,3,1,772,0.0677549114372811,2,2,0,0,0,98,21,924,74,281427,66432,4123.833333333333,0.9718556651368276,5,214995,0.1961838980009959,0.1810155059706633,2296.8674260617363,0.1871590771344297,0.7439979213855274,1,2.1554096550885924,1,1,25,0,0,0.23605327117415467,0,998,0.02171311707242782,1,1,0,0,0,0,0,0,0,1,0,0,0,0,3351.833333333333,0,1,1,0,5,1,0,0,0.9287691717016591,0,1,0,0,0,0,0,0,0,0,1
2019-03-04,57,203906,582,0,0,33,279489,300,1,0,2,1031,0.0588632046169875,1,0,0,3,0,94,2,4217,9282,24166,16237,16992.166666666668,0.964555952784784,6,7929,0.2671351804481905,0.25,5834.698124670695,0.060671446365696,0.4040269985780967,0,2.5838644891943847,1,1,36,0,0,0.671866594943518,0,13499,0.048298686893985476,1,1,0,0,0,0,0,0,0,1,1,0,0,1,15961.166666666668,0,0,0,0,2,0,1,1,1.3706689814474247,0,1,0,0,0,0,0,0,0,0,1
2019-03-05,50,15000,559,0,0,26,4678,36,1,2,0,114,0.4364002366881062,2,3,0,1,0,93,12,1663,178,63540,40660,1250.0,0.8517222362491524,6,22880,0.1896127099227165,0.1519589699983696,162.61353418941766,0.0911270983213429,0.2211139362025721,1,1.9564932423926984,1,1,36,0,0,0.6399017956909712,0,1841,0.39346014105578114,1,1,1,0,0,0,0,0,0,1,0,1,0,0,1136.0,0,1,0,0,2,0,0,0,0.3118458769415372,1,2,0,0,0,0,0,0,0,0,1
2019-03-05,38,92435,641,0,1,18,28464,84,1,2,3,491,0.3636466574351913,2,3,0,2,0,95,25,814,2955,79442,13564,4488.0,0.8340318757584331,4,65878,0.1650641076353463,0.1443580896786299,540.2917999772942,0.1093784807306749,0.2297375361945409,1,1.0490770783893837,1,0,16,0,0,0.170738768676913,0,3769,0.13240822062181626,1,0,1,0,0,0,0,0,0,1,0,0,1,1,3997.0,0,1,0,0,3,0,1,0,0.307931974555368,0,1,0,0,0,0,0,0,0,0,1
2019-03-06,39,158859,636,0,2,14,44503,48,1,0,0,1111,0.2964256282822838,3,0,0,0,0,96,25,2669,1425,138396,10061,13238.25,0.8901995858285326,4,128335,0.1556758335879388,0.1347872677386374,1204.5052565877834,0.0839171403213928,0.1748970112799277,1,0.2329685368355579,1,0,16,0,0,0.07269666249990968,0,4094,0.09199173108035233,1,0,0,0,0,0,0,0,0,1,0,1,0,1,12127.25,0,0,0,0,5,1,1,0,0.2801397456880272,0,0,0,0,0,0,0,0,0,0,1
2019-03-07,27,46007,590,0,3,4,22557,48,0,1,0,211,0.0985828004380565,1,1,0,0,0,93,1,1611,997,260046,37180,3833.9166666666665,0.8735969318102631,2,222866,0.1785059612622999,0.1866791684852667,670.5105458655391,0.0550207522979638,0.2298643288725628,1,1.867531083732654,0,0,4,0,0,0.14297415467204005,0,2608,0.11561308626651298,1,1,0,0,0,0,0,0,0,1,0,1,0,0,3622.9166666666665,0,1,0,0,1,0,1,0,0.49028429838288995,0,1,0,0,0,0,0,0,1,0,0
2019-03-08,39,81534,590,0,1,17,20840,24,3,3,3,414,0.4436132876934354,5,1,0,1,0,100,11,3138,3680,42491,40438,6794.5,0.9542450931416744,6,2053,0.1704861693698402,0.1715313502861415,1031.910865380347,0.0609226694135825,0.2127747576161205,1,1.6273121165901,1,1,36,0,0,0.9516614892215005,0,6818,0.3271436111510964,1,1,0,0,0,0,0,0,0,1,0,0,1,1,6380.5,0,1,1,0,3,0,0,0,0.25559575642362176,1,1,0,0,0,0,0,0,0,0,0
2019-03-08,36,46925,469,0,1,13,17686,24,1,1,2,415,0.5023339013617252,1,2,0,0,0,100,16,6724,2627,23152,8421,3910.4166666666665,0.8759097964328413,4,14731,0.2309451462963587,0.2350967035664634,930.7555704351718,0.1060996655090866,0.3440583515184622,0,1.9930827731505063,1,0,16,0,0,0.36371096618148835,0,9351,0.5286933906258834,1,1,0,0,0,0,0,0,0,1,1,0,0,0,3495.4166666666665,0,1,0,0,3,0,0,0,0.3768912756254528,0,1,0,0,0,0,0,0,0,0,1
2019-03-09,43,42899,604,0,1,24,119389,180,2,1,3,483,0.3802063990580555,2,3,0,3,0,94,23,909,1039,5848,20716,3574.9166666666665,0.9526164153560168,10,7719,0.2159225376810848,0.2375860835295623,2435.20058858526,0.135070261704458,0.8160706360379185,0,3.402108803626787,1,1,100,0,0,3.5418020174388785,0,1948,0.01631627439484044,1,1,1,0,0,0,0,0,0,1,0,0,1,0,3091.9166666666665,0,1,0,1,3,0,1,1,2.782960372960373,0,2,0,0,0,0,0,0,0,0,0
2019-03-10,30,15000,587,0,3,7,7468,24,1,1,2,137,0.3340286125426314,5,1,0,4,0,99,15,435,395,49311,17525,1250.0,0.909281177584109,10,31786,0.1717296291000892,0.1742283870511637,370.7539131690366,0.1095123900879296,0.4058784277929949,1,3.053796536928751,1,1,100,0,0,0.35539016872160933,0,830,0.11112598741464721,1,1,0,0,0,0,0,0,0,1,1,0,0,0,1113.0,0,1,0,0,1,0,0,0,0.4978334777681488,1,1,0,0,0,0,0,0,0,0,1
2019-03-10,46,61361,613,0,1,26,22529,36,1,2,2,418,0.4314090742020179,3,0,0,0,0,92,27,5729,2189,7918,3347,5113.416666666667,0.7564503638238813,6,4571,0.1630056507583565,0.1649441293686962,797.5629422493055,0.0817297508676453,0.2376738192200424,1,1.8089511368734903,1,1,36,0,0,0.42265437555246876,0,7918,0.35144252108300045,1,0,0,0,0,0,0,0,0,1,1,0,0,0,4695.416666666667,0,1,0,0,3,0,0,0,0.36714904990058994,0,0,0,0,0,0,0,0,0,0,1
2019-03-11,58,33756,622,0,3,38,16724,48,1,3,0,333,0.3211321543111996,4,2,0,0,0,96,16,3926,1030,20303,13008,2813.0,0.8066650461193678,6,7295,0.1624311649712491,0.1288716858772469,447.72704579203753,0.1183368869936034,0.2774438684406672,0,1.520742805141725,1,1,36,0,0,0.640661938534279,0,4956,0.29632286995515694,1,1,0,0,0,0,0,0,0,1,0,1,0,0,2480.0,0,1,1,0,1,0,1,0,0.49542317149035753,0,1,0,0,0,0,0,0,0,0,1
2019-03-11,38,30787,598,0,1,19,133604,300,1,0,0,199,0.2226222123746505,2,3,0,3,1,99,14,6705,162,52690,25541,2565.583333333333,0.5676310501359294,6,27149,0.2589506607411335,0.25,2789.1581001345435,0.0775349849021072,1.1642552421057346,0,5.1061943344992615,1,1,36,0,0,0.4847317378679471,0,6867,0.051397777029302795,1,1,1,0,0,0,0,0,0,1,0,1,0,0,2366.583333333333,0,0,0,0,3,0,1,1,4.339482915421593,0,2,0,0,1,1,1,0,0,0,1
2019-03-12,44,43709,569,1,1,19,7678,12,1,1,3,265,0.1345177502632348,5,1,1,1,1,99,1,3646,235,249425,10695,3642.4166666666665,0.8846006855352488,3,238730,0.1767365611523326,0.1585261298331023,696.0961253791652,0.0727339264884151,0.2637897921948259,0,5.018601231470413,1,0,9,0,0,0.04287844891871737,0,3881,0.5054043495246777,1,1,0,0,0,0,0,0,0,1,0,0,1,0,3377.4166666666665,0,1,0,0,3,0,0,0,0.17565774422328986,1,1,0,1,1,1,0,0,0,0,1
2019-03-14,48,99974,562,0,3,27,110252,240,1,1,0,484,0.2140590526742107,2,0,0,3,0,97,7,5944,232,47515,9530,8331.166666666666,0.8915172341969494,6,37985,0.2569026332509558,0.25,2313.3253784065214,0.0580881323385274,0.3357260470553703,1,1.2416517183079387,1,1,36,0,0,0.20056402054044953,0,6176,0.05601661632790037,1,1,0,0,0,0,0,0,0,1,0,1,0,1,7847.166666666666,0,1,0,0,1,0,1,1,1.1027956989247312,0,1,0,0,0,0,0,0,0,0,1
2019-03-14,35,195610,548,0,4,9,29042,84,2,0,2,685,0.033741484736707,3,0,0,2,0,100,8,15893,7080,124872,21815,16300.833333333334,0.9727411113480589,5,103057,0.211569133192347,0.2207265995716276,681.6399056112529,0.0420198137223829,0.0838335098676786,1,1.5350686512697762,1,1,25,0,0,0.17469749265253498,0,22973,0.7909995523878387,1,1,0,0,0,0,0,0,0,1,1,0,0,1,15615.833333333334,0,0,0,0,4,1,1,0,0.14846813318269422,0,1,0,0,0,0,0,0,0,0,0
2019-03-19,42,54960,563,0,3,21,29453,24,1,4,3,1474,0.7266806578210946,0,0,0,1,1,94,16,2195,710,59954,22085,4580.0,0.9504093612017596,5,37869,0.1840726462508215,0.1977440989188834,1495.7902077944268,0.3217638070290329,0.6482842627798355,0,4.529708704124078,1,1,25,0,0,0.36835960303561005,0,2905,0.09862836966116656,1,1,0,1,0,0,0,0,0,1,0,0,1,0,3106.0,0,1,1,0,1,0,0,0,0.5358890849875366,1,2,0,0,1,1,0,0,0,0,1
2019-03-19,40,42143,590,0,4,21,231830,240,2,0,0,269,0.1335717479359451,5,2,0,3,0,97,1,1671,1837,56186,26489,3511.9166666666665,0.7285491565547972,6,29697,0.2430884409842313,0.25,4864.294729129483,0.0765745463171628,1.4612628810236936,0,4.19149939583894,1,1,36,0,0,0.47144357235659495,0,3508,0.015131712324926347,1,1,0,0,0,0,0,0,0,1,0,1,0,0,3242.9166666666665,0,0,0,0,4,1,1,1,5.500901670463174,0,1,0,0,0,0,0,0,0,0,0
2019-03-20,41,24346,574,0,0,21,12532,36,1,0,3,340,0.7099599018543088,4,0,0,1,0,97,19,215,699,154283,22080,2028.8333333333333,0.8858212978478476,7,132203,0.1823590301111529,0.2125518324032967,473.7874878943212,0.1675014368995812,0.400913451627057,0,2.7632012221218485,1,1,49,0,0,0.14311270125223613,0,914,0.07292747147530519,1,1,0,1,0,0,0,0,0,1,0,0,1,0,1688.8333333333333,0,0,0,0,2,0,0,0,0.5147246067277282,1,2,0,0,0,0,0,0,0,0,1
2019-03-20,30,43706,560,0,3,5,13430,36,2,2,3,716,0.1852261532303013,2,0,0,0,0,98,26,5573,307,76042,46174,3642.1666666666665,0.9182025084062788,7,29868,0.1893763301867272,0.2141775405027636,508.8613357978687,0.1965323207832014,0.3362078784385018,1,2.0855965117136117,1,1,49,0,0,0.607209079073682,0,5880,0.43779316506589233,1,0,0,0,0,0,0,0,0,1,0,0,1,0,2926.1666666666665,0,1,0,1,1,0,0,0,0.3072734344612991,0,0,0,0,0,0,0,0,0,0,0
2019-03-21,40,147978,408,0,3,18,17579,60,2,0,2,920,0.2181143225649378,1,1,0,1,0,98,5,9541,2519,36767,46086,12331.5,0.9555251775906458,3,7902,0.2734436292928098,0.25,515.966913635253,0.0745996351104804,0.1164376171607746,1,1.7654587365467516,1,0,9,0,0,1.2534268929503916,0,12060,0.6860068259385665,1,1,0,0,0,0,0,0,0,1,1,0,0,1,11411.5,0,0,0,0,1,0,1,0,0.11879388291581913,1,1,0,0,0,0,0,0,0,0,0
2019-03-21,45,60819,557,0,2,24,23026,36,2,2,0,516,0.0873547197094256,3,0,0,0,0,93,26,6904,741,197725,50921,5068.25,0.7530454117988421,6,146804,0.1910111056798644,0.2351423553301213,897.5132526209944,0.1017902056517236,0.2788407067359066,1,1.1825859679248565,1,1,36,0,0,0.25753315193752974,0,7645,0.33200156338211667,1,0,0,0,0,0,0,0,0,1,0,1,0,0,4552.25,0,1,0,1,5,1,0,0,0.3785925682341335,0,0,0,0,0,0,0,0,0,0,0
2019-03-21,57,15000,631,0,3,34,8263,48,0,3,0,169,0.535090825301765,4,2,0,1,0,99,23,53,178,32843,67594,1250.0,0.6557401258409515,5,8995,0.1577549160026999,0.1637916741122549,235.78344826760627,0.1350919264588329,0.3235679042906525,1,1.592872391504289,1,1,25,0,0,2.0580319084155403,0,231,0.027952565343659246,1,1,0,0,0,0,0,0,0,1,0,1,0,0,1081.0,0,1,1,0,1,0,1,0,0.5508299446703553,1,1,0,0,0,0,1,0,0,0,0
2019-03-21,51,66153,596,0,3,27,264256,180,1,0,3,208,0.4644157797586909,6,0,0,3,0,93,21,3293,3172,20186,58851,5512.75,0.8061632955307081,5,5624,0.2201211693483619,0.25,5643.263301632654,0.0377238721378372,1.061213022286584,1,3.2063022572967865,1,1,25,0,0,2.915292019616585,0,6465,0.02446482023181978,1,1,0,0,1,0,0,0,0,1,0,0,1,1,5304.75,0,0,0,0,1,0,1,1,3.994558152190344,0,1,0,0,0,0,0,0,0,0,1
2019-03-24,65,111415,666,0,0,40,119364,360,1,0,2,362,0.1657521873358535,3,2,0,3,0,99,15,2470,26342,28812,10933,9284.583333333334,0.6837874361845496,5,17879,0.2449224853261601,0.25,2488.236443107243,0.0389851651754063,0.3069528688494432,0,0.8816665852619419,1,1,25,0,0,0.37944677749626904,0,28812,0.24137728814979265,1,1,0,0,0,0,0,0,1,0,1,0,0,1,8922.583333333334,0,0,0,0,2,0,1,1,1.0713362533208874,0,1,0,0,0,0,1,0,0,0,1
2019-03-25,30,21172,605,0,1,5,4928,48,1,0,0,165,0.2437591355800556,3,1,0,4,0,100,3,4959,1241,38852,6460,1764.3333333333333,0.9345011983116852,3,32392,0.1706257228516763,0.1262735213897121,131.29626541054824,0.0934667673716012,0.167841540073951,1,1.2095884464580826,1,0,9,0,0,0.16626772707384244,0,6200,1.2578616352201257,1,1,0,0,0,0,0,0,0,1,0,1,0,0,1599.3333333333333,0,0,0,0,3,0,1,0,0.23274925612808767,1,1,0,0,0,0,0,0,0,0,1
2019-03-25,50,67925,624,0,1,28,202106,300,1,0,2,387,0.4876392473150682,3,1,0,3,0,95,24,6552,1269,62225,42617,5660.416666666667,0.891238134129883,5,19608,0.2460541381347776,0.25,4219.226871843598,0.0683574488128707,0.8136173581718824,0,2.7200628999082728,1,1,25,0,0,0.6848744897631215,0,7821,0.0386973236948745,1,0,0,0,0,0,0,0,0,1,1,0,0,1,5273.416666666667,0,0,0,0,3,0,1,1,2.975384977769926,0,0,0,0,0,0,0,0,0,0,1
2019-03-28,42,70694,606,0,3,22,8391,24,1,0,3,1285,0.2097333785958825,3,1,0,1,0,94,22,4663,4782,78952,85075,5891.166666666667,0.8626234711205819,5,7462,0.162258758537519,0.1681246625034767,414.1143262731925,0.2180861595904166,0.2883683409509562,1,1.838919552307462,1,1,25,0,0,1.0775398021607792,0,9445,1.1254766444232602,1,1,0,0,0,0,0,0,0,1,0,0,1,1,4606.166666666667,0,0,0,0,1,0,0,0,0.11869297687248037,1,1,0,0,0,0,0,0,0,0,1
2019-03-29,66,45433,584,0,3,44,106806,240,1,3,3,285,0.2851384945030673,1,1,0,3,0,100,1,1539,4837,46165,11237,3786.0833333333335,0.9582694456405144,5,34928,0.2458946946866078,0.2343021751216087,2105.725026608092,0.0752558037187809,0.6312839766596348,0,2.335277841249081,1,1,25,0,0,0.24340423688428714,0,6376,0.05969646184238861,1,1,0,0,0,0,0,0,0,1,0,0,1,0,3501.0833333333335,0,1,1,0,1,0,1,1,2.3507945591407315,0,1,0,0,0,0,0,0,0,1,1
2019-03-30,30,22196,531,0,3,7,17929,36,2,3,1,428,0.2912475489917258,2,0,0,0,0,96,7,1723,105,41085,49228,1849.6666666666667,0.9479183397123504,2,2301,0.2039485576416498,0.2145278808318224,679.6515578445146,0.2312680115273775,0.5985148907661282,1,3.5968485462533497,0,0,4,0,0,1.19816969283941,0,1828,0.10195203569436698,1,1,0,0,0,0,0,0,0,1,0,0,0,0,1421.6666666666667,0,1,1,1,1,0,0,0,0.8077217642023697,0,1,0,0,0,0,0,0,0,0,0
2019-03-30,29,63573,537,0,3,8,5333,36,2,0,0,353,0.0552596549968001,3,6,0,1,0,92,9,1311,4154,77992,125277,5297.75,0.7124026154762141,1,6275,0.2006454641761855,0.199550474935136,198.0712614647594,0.0666194857277659,0.1040002380683669,1,0.716511102632533,0,0,1,0,0,1.6062595361122152,0,5465,1.024559430071241,1,1,1,0,0,0,0,0,0,1,0,1,0,0,4944.75,0,0,0,0,1,0,0,0,0.08388649447887501,1,2,0,0,0,0,0,0,1,0,0
2019-03-31,32,36347,566,0,0,11,155366,180,2,3,0,667,0.230887514914048,4,0,0,3,1,94,1,1716,1506,163081,19272,3028.9166666666665,0.8230076830706031,7,143809,0.2349883863347881,0.2455581206383607,3264.452480292654,0.2201380676036194,1.297544755452896,1,5.974520614901645,1,1,49,0,0,0.11817367949865712,0,3222,0.020737994554828245,1,1,0,0,0,0,0,0,0,1,0,1,0,0,2361.9166666666665,0,1,1,1,2,0,1,1,4.274402993287113,0,1,0,0,1,1,0,0,0,0,0
2019-04-03,18,19099,507,1,1,0,8844,48,1,0,0,207,0.1909920457996712,3,0,0,1,0,94,23,559,1203,2365,5849,1591.5833333333333,0.9242549412342038,5,4833,0.2197719019016485,0.2112988658051956,274.4788366380876,0.1299774998691853,0.3023256783871619,1,3.7974189905626634,1,1,25,0,0,2.4721048182586642,0,1762,0.19920859242509892,1,1,0,0,0,0,0,0,0,1,0,1,0,0,1384.5833333333333,0,0,0,0,3,0,1,0,0.4630366492146597,1,1,0,0,0,0,0,0,1,0,1
2019-04-03,33,1741,580,2,3,11,15685,36,2,2,0,213,0.1474594830061051,1,2,0,0,0,100,2,8625,741,9366,89596,145.08333333333334,0.9454753319528736,8,3256,0.1794151309684431,0.1784512223202466,565.8324333704577,1.458071876782658,3.0,0,8.153874801756118,1,1,64,0,1,9.565068858759474,0,9366,0.5970929491266097,1,1,0,0,0,0,0,0,0,1,0,1,0,0,-67.91666666666666,1,1,0,1,1,0,0,0,9.004018369690012,0,3,1,0,0,0,0,0,0,0,0
2019-04-04,30,98449,580,0,0,7,20909,48,1,0,2,538,0.2428959284804186,3,3,0,0,0,93,17,22346,1505,148839,41444,8204.083333333334,0.911813283254846,5,107395,0.1834869956981056,0.1741540555488316,607.8331299497904,0.0655691085810625,0.1396491764190642,1,0.4937713992552492,1,1,25,0,0,0.27844665412523517,0,23851,1.140650406504065,1,1,1,0,0,0,0,0,0,1,1,0,0,1,7666.083333333334,0,0,0,0,2,0,1,0,0.21238191975622142,0,2,0,0,0,0,0,0,0,0,1
2019-04-05,41,77951,538,0,0,20,25501,24,1,0,0,734,0.1262533019947536,4,1,0,1,0,89,29,11778,11428,38598,27094,6495.916666666667,0.942986416774848,4,11504,0.1965366280398608,0.1862415252939525,1280.818320949479,0.1129766684196349,0.3101191571821729,1,1.9019133195362268,1,0,16,0,0,0.7019352832974948,0,23206,0.909967845659164,1,0,0,0,0,0,0,0,0,1,0,1,0,1,5761.916666666667,0,0,0,0,2,0,0,0,0.3271372126436782,1,0,0,0,0,0,0,0,0,0,1
2019-04-05,44,55412,616,0,2,22,28096,36,2,3,3,912,0.3851606659890209,5,1,0,0,0,96,17,651,1494,132655,46783,4617.666666666667,0.7681497180785417,5,85872,0.1615608545220141,0.1635509148272101,992.704558551776,0.197459584295612,0.4123927306333234,1,2.398714109758966,1,1,25,0,0,0.35266403328910867,0,2145,0.0763426700359469,1,1,0,0,0,0,0,0,0,1,0,0,1,0,3705.666666666667,0,1,1,1,5,1,0,0,0.5070290365076787,0,1,0,0,0,0,0,0,0,0,0
2019-04-07,62,51758,647,0,2,41,24817,36,3,1,0,340,0.4688883849296243,6,0,0,0,1,97,3,6410,643,14803,17198,4313.166666666667,0.9442794587051676,3,6697,0.1460298311188336,0.1555890341386144,867.097320639332,0.0788101216920996,0.2797984903935094,1,2.1701610211841285,1,0,9,0,0,1.1617130505268847,0,7053,0.28418889515674106,1,1,0,0,1,0,0,0,0,1,0,1,0,0,3973.166666666667,0,1,0,0,5,1,0,0,0.47947216909136575,0,1,0,0,1,1,0,0,0,0,0
2019-04-07,51,47231,565,0,4,27,8125,36,0,2,2,281,0.3842388131184412,1,0,0,1,0,98,17,2973,1504,55970,104896,3935.9166666666665,0.6856389915624715,3,10788,0.1867507060191369,0.1642635769387067,287.3640998512731,0.0713756535359735,0.144367825883523,1,0.8704318568676195,1,0,9,0,0,1.8741133801432885,0,4477,0.5509475756829929,1,1,0,0,0,0,0,0,0,1,1,0,0,0,3654.9166666666665,0,1,0,0,4,1,0,0,0.17202320460704607,1,1,0,0,0,0,1,0,0,0,0
2019-04-07,33,19606,557,0,3,8,22035,24,2,1,2,142,0.5748018386769753,2,2,0,0,0,88,10,3478,995,15712,20690,1633.8333333333333,0.92702024402308,6,5580,0.1870001081896481,0.1811111962911496,1101.2610219353458,0.0868590070343562,0.7604818158438246,1,4.480880103721794,1,1,36,0,0,1.31674409724432,0,4473,0.20298602287166456,1,1,0,0,0,0,0,0,0,1,1,0,0,0,1491.8333333333333,0,1,0,1,1,0,0,0,1.1238333248329677,0,1,0,0,0,0,0,0,0,0,0
2019-04-09,29,29793,482,1,3,10,157178,180,0,0,0,473,0.2064679339571688,2,0,0,3,0,96,2,2146,628,82605,3391,2482.75,0.732211159676333,3,79214,0.2769912851405668,0.25,3356.5816451623323,0.1904378459989934,1.541854713704009,0,5.081020348163194,1,0,9,0,0,0.041050286904098975,0,2774,0.017648668079069087,1,1,0,0,0,0,0,0,0,1,0,1,0,0,2009.75,0,0,0,0,1,0,1,1,5.2754917097402165,0,1,0,0,0,0,0,0,1,0,0
2019-04-10,45,15296,575,0,0,24,31685,36,1,2,3,247,0.433531651683434,2,2,0,1,0,95,7,888,487,41183,14878,1274.6666666666667,0.9641606171894956,2,26305,0.1820909075554837,0.2015578495939024,1180.04469345652,0.1936242487588189,1.1186658166630676,0,3.6076141640494166,0,0,4,0,0,0.3612567987567988,0,1375,0.04339455911127943,1,1,0,0,0,0,0,0,0,1,0,0,1,0,1027.6666666666667,0,1,0,0,2,0,0,0,2.0713211740864224,1,1,0,0,0,0,0,0,0,0,1
2019-04-11,24,21152,559,0,3,4,5835,24,1,3,3,332,0.2507229445662213,7,0,0,1,0,98,24,1394,443,12781,3266,1762.6666666666667,0.868679951227552,9,9515,0.1856679502274106,0.1907551044885555,294.348393679619,0.1882441882441882,0.3551398943562383,1,1.679218290445923,1,1,81,0,0,0.25551556876858084,0,1837,0.31477039067854695,1,0,0,0,1,0,0,0,0,1,0,0,1,0,1430.6666666666667,0,1,1,0,1,0,0,0,0.27584739753226495,1,0,0,0,0,0,0,0,1,0,1
2019-04-11,61,49099,588,0,1,40,19565,48,2,0,3,405,0.2832176178193277,4,3,0,0,0,91,3,421,487,102921,23474,4091.5833333333335,0.6991645725564262,3,79447,0.1794703871612543,0.1579494714569453,552.4250622828408,0.0989594999083708,0.2339414947240758,1,1.9369691925131092,1,0,9,0,0,0.2280756300888051,0,908,0.04640703260758459,1,1,1,0,0,0,0,0,0,1,0,0,1,0,3686.5833333333335,0,0,0,0,3,0,1,0,0.3984725050916497,0,2,0,0,0,0,1,0,0,0,0
2019-04-11,54,85666,568,0,1,32,22747,120,2,1,0,617,0.260345579250866,2,3,0,2,0,97,23,2075,723,98874,193453,7138.833333333333,0.8896240606808944,3,1135,0.2135080581271066,0.2197139382026625,469.7304266941285,0.0864165830201452,0.1522066939042641,1,1.230178148747304,1,0,9,0,0,1.9565410872313527,0,2798,0.12299982416036574,1,1,1,0,0,0,0,0,0,1,0,1,0,1,6521.833333333333,0,1,0,1,3,0,1,0,0.2655281496959156,0,2,0,0,0,0,0,0,0,0,0
2019-04-14,34,49530,539,0,4,14,14765,24,0,2,2,432,0.5264474481978292,3,2,0,1,1,97,12,3754,233,42836,6844,4127.5,0.8820377505284078,7,35992,0.1959000206299047,0.2048317034523906,754.9662065575139,0.1046384885551653,0.2875054393986954,0,3.3655665158565715,1,1,49,0,0,0.15976842449284498,0,3987,0.27001219016659894,1,1,0,0,0,0,0,0,0,1,1,0,0,0,3695.5,0,1,0,0,4,1,0,0,0.29809614181017946,1,1,0,0,1,1,0,0,0,0,0
2019-04-15,19,82019,574,0,4,0,15996,120,0,2,3,989,0.1497942171458723,2,0,0,2,0,100,7,13376,7186,33713,13266,6834.916666666667,0.8399216544135025,2,20447,0.2104200391209104,0.2267375327391404,338.00107910641594,0.14467701234899,0.1941218923245723,1,1.98094868072682,0,0,4,0,0,0.39348638547784304,0,20562,1.2853660061261487,1,1,0,0,0,0,0,0,0,1,0,0,1,1,5845.916666666667,0,1,0,0,4,1,1,0,0.19502560351133869,0,1,0,0,0,0,0,0,1,0,0
2019-04-15,56,115117,602,0,0,36,33836,60,1,2,0,718,0.0791000354382591,3,2,0,0,0,98,10,3464,1767,147350,5100,9593.083333333334,0.6459793687722588,8,142250,0.176607327539327,0.1659205450127091,833.507670592056,0.0748377906522248,0.1617150504834114,1,0.5632087879084435,1,1,64,0,0,0.03461123439949508,0,5231,0.15459408339982858,1,1,0,0,0,0,0,0,0,1,0,1,0,1,8875.083333333334,0,1,0,0,2,0,1,0,0.29392449486613736,0,1,0,0,0,0,1,0,0,0,1
2019-04-17,38,107879,579,0,1,15,5650,12,0,2,3,1510,0.2692635569412496,2,1,0,4,0,99,4,5405,67,81841,19788,8989.916666666666,0.9377579515187454,5,62053,0.1716598969499074,0.1772588438449037,517.2551728973841,0.1679472801253116,0.2254781406676053,1,1.3382342902717406,1,1,25,0,0,0.2417829476308008,0,5472,0.9683241904087772,1,1,0,0,0,0,0,0,0,1,0,0,1,1,7479.916666666666,0,1,0,0,3,0,0,0,0.05237300704486467,1,1,0,0,0,0,0,0,0,0,0
2019-04-17,54,68527,578,0,0,31,190772,240,1,4,0,581,0.1889043705827187,1,2,0,3,0,93,27,721,1956,56337,27400,5710.583333333333,0.7300716069421411,6,28937,0.2490397098796372,0.25,4002.809101779277,0.1017231065524737,0.8025461302521387,1,2.152872023211714,1,1,36,0,0,0.4863502431751216,0,2677,0.014032384037573451,1,0,0,0,0,0,0,0,0,1,0,1,0,1,5129.583333333333,0,1,1,0,2,0,1,1,2.7838547746906372,0,0,0,0,0,0,0,0,0,0,1
2019-04-17,20,39030,547,0,3,0,20993,84,2,1,2,82,0.2637408087869639,1,0,1,2,0,96,1,8765,1091,17161,3098,3252.5,0.4375796781812056,5,14063,0.2119879979903989,0.2157495492320647,486.2851417967086,0.0252036268633779,0.1746688617786103,1,4.022925454049728,1,1,25,0,0,0.18051509148117936,0,9856,0.46946746689530344,1,1,0,0,0,0,0,0,0,1,1,0,0,0,3170.5,0,1,0,1,1,0,1,0,0.5378545258896774,0,1,0,1,0,1,1,0,1,0,0
2019-04-18,32,28338,533,0,1,9,7770,48,1,2,0,311,0.3592788995034868,5,2,0,1,0,100,14,4504,84,418294,44346,2361.5,0.782844147138625,5,373948,0.2067395385338023,0.2076633190788704,239.6279749664216,0.1316402116402116,0.2330700423138292,1,2.3110471019868437,1,1,25,0,0,0.10601608912370457,0,4588,0.5904002058937073,1,1,0,0,0,0,0,0,0,1,0,1,0,0,2050.5,0,1,0,0,3,0,1,0,0.27418045802604185,1,1,0,0,0,0,0,0,0,0,1
2019-04-18,40,63140,591,0,3,19,8163,48,2,2,0,236,0.6502007559446986,3,1,0,1,0,95,4,6325,527,54762,17465,5261.666666666667,0.9396885652342348,2,37297,0.1777518723809824,0.2161772841235057,255.49301064950157,0.0448441854573093,0.0933923886463456,1,1.1748710510192084,0,0,4,0,0,0.31891970856235047,0,6852,0.8392944634982852,1,1,0,0,0,0,0,0,0,1,0,1,0,0,5025.666666666667,0,1,0,1,1,0,1,0,0.12928208295719104,1,1,0,0,0,0,0,0,0,0,0
2019-04-19,40,102623,556,0,0,18,11565,48,1,2,3,1113,0.3744885343731964,6,1,0,1,0,99,27,8044,820,312637,18199,8551.916666666666,0.8383425101183901,1,294438,0.1953389562596795,0.2419513323722674,378.2889050613062,0.1301310469138208,0.1743602753518358,1,0.387489631697464,0,0,1,0,0,0.058211093980898035,0,8864,0.7663842296385959,1,0,0,0,1,0,0,0,0,1,0,0,1,1,7438.916666666666,0,1,0,0,2,0,1,0,0.11269293732460244,1,0,0,0,0,0,0,0,0,0,1
2019-04-19,34,54883,513,0,0,8,19457,60,3,1,1,608,0.2045608199636637,1,0,0,0,0,94,28,13530,501,33034,7627,4573.583333333333,0.7620461471073695,8,25407,0.2209690033938838,0.2442980020309179,564.6028159964986,0.1329082794425722,0.2563299716177791,1,2.133949921347956,1,1,64,0,0,0.23087634327228695,0,14031,0.7210915818686402,1,0,0,0,0,0,0,0,0,1,0,0,0,0,3965.583333333333,0,1,0,0,2,0,1,0,0.3545113329932221,0,0,0,0,0,0,0,0,0,0,0
2019-04-20,47,169182,583,0,1,22,236519,360,1,2,0,1189,0.5344743690649626,3,0,0,3,0,96,12,3947,10923,39320,23955,14098.5,0.8456299780551041,3,15365,0.2865934470124837,0.25,4930.424544144649,0.084329231533033,0.434017131397897,0,2.655716327468697,1,0,9,0,0,0.6092164492256046,0,14870,0.06286994757314392,1,1,0,0,0,0,0,0,0,1,0,1,0,1,12909.5,0,1,0,0,3,0,1,1,1.3980068919454083,0,1,0,0,0,0,0,0,0,0,1
2019-04-23,27,20692,519,1,1,7,11492,36,1,2,1,211,0.1398385042691213,4,1,0,1,0,92,1,433,342,34545,110412,1724.3333333333333,0.9708894897695248,8,5998,0.2098373733583422,0.224026360969332,441.28203845495017,0.1222952086553323,0.3780614596918181,1,1.7292184933523282,1,1,64,0,0,3.1960863775835118,0,775,0.06743235012616375,1,1,0,0,0,0,0,0,0,1,0,0,0,0,1513.3333333333333,0,1,0,0,3,0,0,0,0.5553568839704248,1,1,0,0,0,0,0,0,1,0,1
2019-04-23,38,22268,611,0,0,14,17262,48,1,2,3,279,0.6357094971332026,4,0,0,0,1,96,14,3359,278,69728,49528,1855.6666666666667,0.8832605354055556,6,20200,0.1679390801904541,0.164903823977346,493.5561299378423,0.1502692998204667,0.4160984541855524,1,3.733863960728097,1,1,36,0,0,0.7102927046135754,0,3637,0.2106818050165093,1,1,0,0,0,0,0,0,0,1,0,0,1,0,1576.6666666666667,0,1,0,0,2,0,1,0,0.7751582917957699,0,1,0,0,1,1,0,0,0,0,1
2019-04-23,41,88299,611,0,4,17,12416,36,2,0,3,486,0.2446582273604336,2,0,0,1,0,94,26,12456,5208,57779,51983,7358.25,0.7753596637513881,2,5796,0.1638567054451042,0.1625668350798617,438.08477385984776,0.0660393382477834,0.1255677920793352,1,1.83419194055821,0,0,4,0,0,0.8996711664935964,0,17664,1.422565837158734,1,0,0,0,0,0,0,0,0,1,0,0,1,1,6872.25,0,0,0,0,4,1,0,0,0.14061155152887883,1,0,0,0,0,0,0,0,0,0,0
2019-04-25,46,64389,514,0,3,26,289391,300,1,1,0,676,0.3315378173636342,1,3,0,3,0,100,4,1018,2028,115693,5982,5365.75,0.8234330300315835,5,109711,0.3011438843623493,0.25,6041.415315080654,0.1259607770065682,1.2516728588215689,0,3.4242636328657734,1,1,25,0,0,0.051705360692862204,0,3046,0.01052551556366451,1,1,1,0,0,0,0,0,0,1,0,1,0,0,4689.75,0,1,0,0,1,0,1,1,4.494346948283895,0,2,0,0,0,0,0,0,0,0,1
2019-04-27,48,92913,578,0,0,24,20300,36,1,3,2,1173,0.3686028111279189,3,2,0,1,0,100,21,2850,312,47111,243380,7742.75,0.9216564279125716,6,4279,0.1804796063562251,0.1514707995089405,705.1691692007751,0.1514769975786924,0.242540005707929,1,0.9150250639091376,1,1,36,0,0,5.165987434199355,0,3162,0.15575587409487218,1,1,0,0,0,0,0,0,0,1,1,0,0,1,6569.75,0,1,1,0,2,0,0,0,0.21848160664700692,1,1,0,0,0,0,0,0,0,0,1
2019-04-27,26,46344,567,0,1,0,14456,180,1,3,1,789,0.178191708430392,3,2,0,2,0,91,25,13096,480,85038,13495,3862.0,0.9042781294763824,6,71543,0.233894733501327,0.1761274503169121,228.78604789660204,0.2042454051255501,0.2634703722227807,1,2.692721218604037,1,1,36,0,0,0.1586918943073178,0,13576,0.9390606626547693,1,0,0,0,0,0,0,0,0,1,0,0,0,0,3073.0,0,1,1,0,3,0,1,0,0.31192145862552595,0,0,0,0,0,0,0,0,1,0,1
2019-04-27,21,24644,561,0,1,1,112606,360,0,3,0,100,0.6745091815669775,4,0,0,3,0,93,7,1941,652,100125,40716,2053.6666666666665,0.7628985252224667,4,59409,0.2974079147899295,0.25,2347.3606188845392,0.0486696950032446,1.191122948840626,0,3.984271783689755,1,0,16,0,0,0.40664762399376786,0,2593,0.023026987665065227,1,1,0,0,0,0,0,0,0,1,0,1,0,0,1953.6666666666665,0,1,1,0,3,0,1,1,4.569121525664435,0,1,0,0,0,0,0,0,1,0,0
2019-04-27,55,57920,649,0,2,34,21010,48,2,2,0,501,0.2049632763582199,2,0,0,0,0,99,29,6641,437,13824,25451,4826.666666666667,0.8548270063993872,7,6653,0.1489882003472722,0.1383373309147058,572.3784764015612,0.1037768418145411,0.2223389787478204,1,1.4186740168470937,1,1,49,0,0,1.8409403254972876,0,7078,0.3368711627242873,1,0,0,0,0,0,0,0,0,1,0,1,0,0,4325.666666666667,0,1,0,1,5,1,1,0,0.3627354500094957,0,0,0,0,0,0,0,0,0,0,0
2019-04-28,43,16542,594,0,3,18,7415,48,1,0,1,99,0.210312119870564,6,3,0,1,1,94,25,280,2503,19519,25715,1378.5,0.6909135228379428,6,4760,0.1762278487768114,0.1631696097103976,211.34882281747915,0.0717651322943095,0.2249719628977739,1,3.5274391949464565,1,1,36,0,0,1.3173668032786885,0,2783,0.37526968716289105,1,0,1,0,1,0,0,0,0,1,0,0,0,0,1279.5,0,0,0,0,1,0,1,0,0.4482258357009007,1,1,0,0,1,1,1,0,0,0,1
2019-04-29,31,3298,514,2,1,8,109033,360,1,1,1,97,0.1626488722018383,4,0,0,3,0,96,9,1724,368,16985,53509,274.8333333333333,0.9419741389934568,4,4398,0.3208998537597944,0.25,2272.8786242192955,0.3516616314199396,3.0,0,8.302216232665382,1,0,16,0,0,3.1501825032379607,0,2092,0.01918667571583176,1,1,0,0,0,0,0,0,0,1,0,0,0,0,177.83333333333331,1,1,0,0,3,0,1,1,33.05031827826614,0,2,0,0,0,0,0,0,0,0,1
2019-04-30,58,110636,608,0,1,34,19219,36,2,0,2,935,0.1008932063829189,5,0,0,2,1,100,14,1396,1000,115623,64522,9219.666666666666,0.821183855977903,1,51101,0.165465926670631,0.1517444773714771,667.8759564841093,0.1014026462294845,0.1738351481979729,0,3.634141567519978,0,0,1,0,0,0.5580329343388916,0,2396,0.12466181061394381,1,1,0,0,0,0,0,0,0,1,1,0,0,1,8284.666666666666,0,0,0,0,3,0,0,0,0.173712230085776,0,1,0,0,1,1,0,0,0,0,0
2019-05-01,41,107125,636,0,4,18,32867,84,1,3,0,786,0.3073483024549063,3,1,0,2,0,100,24,772,669,182716,4535,8927.083333333334,0.8505416833232432,6,178181,0.1676000637047627,0.1470455012153796,628.7906586630262,0.0880368126790931,0.1584652165354295,1,0.0,1,1,36,0,0,0.02481980330237471,0,1441,0.043842034805890225,1,0,0,0,0,0,0,0,0,1,0,1,0,1,8141.083333333334,0,1,1,0,4,1,1,0,0.306806937624853,0,0,0,0,0,0,0,0,0,0,1
2019-05-03,54,61929,572,0,3,31,327728,240,2,0,0,775,0.2149701434156577,1,1,0,3,0,93,18,6685,3006,36540,5317,5160.75,0.5099976335664046,3,31223,0.2521749855815866,0.25,6876.442147211954,0.150142877899937,1.4823348955706792,1,4.361655020544325,1,0,9,0,0,0.14550778577488302,0,9691,0.02957016315309295,1,1,0,0,0,0,0,0,0,1,0,1,0,0,4385.75,0,0,0,0,1,0,1,1,5.2919102212175035,0,1,0,0,0,0,1,0,0,0,0
2019-05-04,40,18812,592,0,1,20,11442,24,1,3,3,135,0.155410227193317,1,0,0,1,0,100,5,4121,188,103622,19390,1567.6666666666667,0.632486586299371,4,84232,0.1693362833670794,0.166068012480884,563.5590148707756,0.0860603484912877,0.4453202389741451,0,3.5023139695466754,1,0,16,0,0,0.1871206199395887,0,4309,0.37656209036091937,1,1,0,0,0,0,0,0,0,1,0,0,1,0,1432.6666666666667,0,1,1,0,3,0,0,0,0.6081964598947537,1,1,0,0,0,0,1,0,0,0,1
2019-05-04,64,44034,561,0,1,39,21142,48,1,3,1,290,0.151591851056717,3,0,0,0,0,98,20,1783,1236,36916,36425,3669.5,0.921505771218726,3,8521,0.1929897660401062,0.180097014068178,621.1534243189303,0.0790083094946192,0.2482368680885248,1,1.9509521434488568,1,0,9,0,0,0.9866728065660807,0,3019,0.14278957574610981,1,1,0,0,0,0,0,0,0,1,0,0,0,0,3379.5,0,1,1,0,3,0,1,0,0.4801180878846372,0,1,0,0,0,0,0,0,0,0,1
2019-05-04,61,24906,632,0,3,36,127626,360,2,3,0,195,0.518402174693396,3,1,0,3,0,100,17,752,151,114648,23234,2075.5,0.8419023279593287,6,91414,0.2619392168065638,0.25,2660.464330015792,0.093908018300024,1.3751333156830203,0,4.386399248657338,1,1,36,0,0,0.2026533157724882,0,903,0.007075305382089996,1,1,0,0,0,0,0,0,0,1,0,1,0,0,1880.5,0,1,1,1,1,0,1,1,5.124101658168386,0,1,0,0,0,0,0,0,0,0,0
2019-05-04,37,113126,622,0,0,15,19170,36,0,3,0,519,0.2532202816544466,6,0,0,0,0,94,6,32672,2330,1111591,8690,9427.166666666666,0.7431254224892065,1,1102901,0.15846528849988,0.1726893379869004,686.0313308968368,0.0550478177093461,0.1278118401488628,1,1.3169844196834513,0,0,1,0,0,0.007817616535563407,0,35002,1.8257785196390381,1,1,0,0,1,0,0,0,0,1,0,1,0,1,8908.166666666666,0,1,1,0,2,0,0,0,0.1694555676363733,0,1,0,0,0,0,0,0,0,0,0
2019-05-04,51,34923,563,0,0,29,25581,60,1,2,3,171,0.2564455486249603,1,0,0,1,0,94,5,1500,355,283670,49826,2910.25,0.7729276620086541,5,233844,0.1960374110645398,0.1940204298134752,669.2570781030248,0.0587376556462,0.288624157356127,1,2.230868935695356,1,1,25,0,0,0.17564714052546787,0,1855,0.07251192244546947,1,1,0,0,0,0,0,0,0,1,0,0,1,0,2739.25,0,1,0,0,2,0,1,0,0.7324762341083496,1,1,0,0,0,0,0,0,0,0,1
2019-05-05,47,27984,524,0,1,28,10447,24,2,2,0,345,0.2117905473984835,3,0,0,4,0,91,29,1367,391,229787,103124,2332.0,0.6883065849716933,5,126663,0.203313541462879,0.202717224483118,533.0962257002227,0.1478782683240463,0.3763807225461735,1,3.477756259718544,1,1,25,0,0,0.4487788744407889,0,1758,0.16826186830015313,1,0,0,0,0,0,0,0,0,1,0,1,0,0,1987.0,0,1,0,1,3,0,0,0,0.3733071288190102,1,0,0,0,0,0,1,0,0,0,0
2019-05-06,56,62875,641,1,4,32,196971,240,1,1,0,337,0.2746023381932416,6,0,0,3,0,93,26,17854,544,358870,19333,5239.583333333333,0.9855014685331408,4,339537,0.2175477042164097,0.2164537410057436,3602.2702538629464,0.0643058183726366,0.7516854524202993,0,2.124456217522365,1,0,16,0,0,0.05387172549467636,0,18398,0.09340413865930183,1,0,0,0,1,0,0,0,0,1,0,1,0,0,4902.583333333333,0,1,0,0,4,1,1,1,3.1326897385329855,0,0,0,0,0,0,0,0,0,0,1
2019-05-07,28,29356,596,0,1,4,16905,36,0,0,3,374,0.3399156038166866,5,1,0,0,0,99,29,1075,1571,100568,36573,2446.333333333333,0.8500381105674512,5,63995,0.1714338559668722,0.1753991968273534,607.2616748757503,0.1528193952601471,0.4009513790012599,0,1.677995745222903,1,1,25,0,0,0.3636607702174626,0,2646,0.15651248077605584,1,0,0,0,0,0,0,0,0,1,0,0,1,0,2072.333333333333,0,0,0,0,3,0,0,0,0.5758422182103076,0,0,0,0,0,0,0,0,1,0,0
2019-05-08,48,97026,545,0,1,26,228333,180,2,0,3,928,0.0896339602012264,2,0,0,3,0,98,28,2632,1140,183995,4564,8085.5,0.6491226015996694,4,179431,0.24558464118707,0.2299865775011583,4524.557878646393,0.114759166512088,0.6742790921469601,1,1.570526374433339,1,0,16,0,0,0.024804887062762234,0,3772,0.016519659796613732,1,0,0,0,0,0,0,0,0,1,0,0,1,1,7157.5,0,0,0,0,3,0,1,1,2.3532934131736525,0,0,0,0,0,0,1,0,0,0,0
2019-05-12,52,37054,501,0,1,27,25754,60,1,0,3,120,0.2565635494613528,4,1,0,1,0,99,29,4371,616,35846,15378,3087.833333333333,0.8282291653671937,3,20468,0.2270390960154999,0.1886921235340739,666.2209500481875,0.0388496195974747,0.2545365402411442,1,1.8434978134577504,1,0,9,0,0,0.42898987362959246,0,4987,0.1936323044069113,1,0,0,0,0,0,0,0,0,1,0,0,1,0,2967.833333333333,0,0,0,0,3,0,1,0,0.6950209148562947,1,0,0,0,0,0,0,0,0,0,1
2019-05-12,18,15000,504,0,3,0,25991,36,1,4,0,210,0.455817208841508,2,0,0,0,1,97,10,438,299,123396,42727,1250.0,0.692967219007229,6,80669,0.2175413860193372,0.22166046359818,994.8421076746108,0.1678657074340527,0.9631032035768272,1,5.957358942206301,1,1,36,0,0,0.34625639197063135,0,737,0.0283548784241305,1,1,0,0,0,0,0,0,0,1,0,1,0,0,1040.0,0,1,1,0,1,0,0,0,1.7326178254783013,0,1,0,0,1,1,1,0,1,0,1
2019-05-12,25,15000,502,0,3,1,2473,12,1,0,0,209,0.1853814177395606,2,1,0,1,0,96,23,773,1649,23374,24768,1250.0,0.6735176678066277,5,7709,0.2099533978882381,0.1929508629313194,228.2516398854366,0.167066346922462,0.3495216945527071,1,2.9083691036337225,1,1,25,0,0,1.0595935828877006,0,2422,0.978981406628941,1,1,0,0,0,0,0,0,0,1,0,1,0,0,1041.0,0,0,0,0,1,0,0,0,0.16485567628824746,1,1,0,0,0,0,1,0,1,0,1
2019-05-14,18,42169,605,0,0,0,29125,48,2,2,2,367,0.2415782838002403,1,0,0,0,0,94,17,588,1972,278191,9875,3514.083333333333,0.9151982518425834,6,268316,0.1710698466312606,0.1759715913902614,849.4282015086408,0.1044071975534008,0.3460595627913916,1,2.5154184571942424,1,1,36,0,0,0.03549706677402657,0,2560,0.0878939778891712,1,1,0,0,0,0,0,0,0,1,1,0,0,0,3147.083333333333,0,1,0,1,2,0,1,0,0.6906568650699549,0,1,0,0,0,0,0,0,1,0,0
2019-05-15,36,28988,609,0,0,14,7445,24,1,0,0,190,0.5445079972020515,3,0,0,1,0,96,21,1821,1227,24264,15968,2415.6666666666665,0.6500783736168756,4,8296,0.1607288580636081,0.1407648612790413,357.724985753566,0.0786206896551724,0.2266448216911307,1,2.303483228978983,1,0,16,0,0,0.658067174943334,0,3048,0.40934730056406127,1,1,0,0,0,0,0,0,0,1,0,1,0,0,2225.6666666666665,0,0,0,0,2,0,0,0,0.25682155300286313,1,1,0,0,0,0,1,0,0,0,1
2019-05-15,48,19694,562,1,3,26,15389,60,0,5,2,100,0.2122023823217991,2,0,0,2,0,99,29,1100,78,54630,52160,1641.1666666666667,0.8154127654128596,6,2470,0.1964103683067082,0.2121438627978287,418.1821801502487,0.0608951588348726,0.3155478616564997,1,1.727764549514342,1,1,36,0,0,0.9547692701945781,0,1178,0.07654320987654321,1,0,0,0,0,0,0,0,0,1,1,0,0,0,1541.1666666666667,0,1,1,0,1,0,1,0,0.7813658288905814,0,0,0,0,0,0,0,0,0,0,0
2019-05-17,58,137695,629,0,1,35,7023,48,3,1,0,1906,0.1731166192631929,6,1,0,4,0,99,19,18920,1371,40512,16298,11474.583333333334,0.9454508958041348,3,24214,0.1587142720338287,0.146768711241526,194.3069330599506,0.1660917745648369,0.1830239798755285,1,0.9396356649953232,1,0,9,0,0,0.4022906227630637,0,20291,2.8888097949886107,1,1,0,0,1,0,0,0,0,1,0,1,0,1,9568.583333333334,0,1,0,0,3,0,1,0,0.051003660237043925,1,1,0,0,0,0,0,0,0,0,0
2019-05-17,40,60432,616,0,0,18,114723,360,2,1,0,405,0.1078755330284285,5,2,0,3,0,97,4,7433,3808,64788,12745,5036.0,0.8112341259736524,5,52043,0.2699125711306823,0.25,2391.4911486092305,0.080405002977963,0.5551898250167223,1,2.4462865606617394,1,1,25,0,0,0.19671549182731637,0,11241,0.09798298525156027,1,1,0,0,0,0,0,0,0,1,0,1,0,0,4631.0,0,1,0,1,2,0,1,1,1.8983502391077722,0,1,0,0,0,0,0,0,0,0,0
2019-05-18,59,41419,589,0,3,37,28514,180,1,1,0,188,0.3023626176320957,3,1,0,2,0,94,14,3752,246,98848,32986,3451.583333333333,0.8557108680476362,4,65862,0.2230645463858976,0.202079143530731,505.1758009411309,0.0544519804011488,0.2007701868478572,1,2.294637532306136,1,0,16,0,0,0.33370089732824815,0,3998,0.14020690864457303,1,1,0,0,0,0,0,0,0,1,0,1,0,0,3263.583333333333,0,1,0,0,1,0,1,0,0.6884113954611298,0,1,0,0,0,0,0,0,0,0,1
2019-05-19,23,97662,556,1,0,0,16089,24,2,3,0,867,0.3249774430682226,4,0,0,1,0,95,20,7560,2039,11466,20624,8138.5,0.4102286565180506,2,8051,0.1874214883099966,0.2064253729456875,823.9216014607209,0.1065175993611401,0.2077426870766903,1,1.2263272380581016,0,0,4,0,0,1.7985523676637307,0,9599,0.5965817277812305,1,1,0,0,0,0,0,0,0,1,0,1,0,1,7271.5,0,1,1,1,2,0,0,0,0.16473997317305428,1,1,0,0,0,0,1,0,1,0,0
2019-05-19,19,60254,528,0,3,0,34063,84,1,0,3,293,0.504380505893802,5,0,0,2,0,92,14,2922,398,59606,61036,5021.166666666667,0.7545603230596312,4,2506,0.2216089990967833,0.2307797668437373,820.780272126429,0.0583413533335545,0.2217728614063841,1,2.063358937951335,1,0,16,0,0,1.0239736943647557,0,3320,0.09746359793330202,1,1,0,0,0,0,0,0,0,1,0,0,1,0,4728.166666666667,0,0,0,0,1,0,1,0,0.5653140818189362,0,1,0,0,0,0,0,0,1,0,1
2019-05-19,39,4370,603,2,4,20,122304,240,2,3,2,100,0.3700377043595796,4,1,0,3,0,95,28,1645,125,223945,12953,364.1666666666667,0.9271880899143776,5,210992,0.2364285683009784,0.2103528072096443,2177.5433291363693,0.2738475581926061,3.0,0,8.447776357736078,1,1,25,0,0,0.05783983638912952,0,1770,0.014472016679612443,1,0,0,0,0,0,0,0,0,1,1,0,0,0,264.1666666666667,1,1,1,1,4,1,1,1,27.980782429649967,0,1,0,0,0,0,0,0,0,0,0
2019-05-20,44,31079,587,0,4,18,5577,24,2,2,0,181,0.2441094407830372,4,0,0,4,0,91,22,533,3204,57831,33118,2589.9166666666665,0.8118671324324053,4,24713,0.1716566463920468,0.2104775317399524,286.7086023434969,0.0698594448554244,0.1805185818443267,1,1.665820273257619,1,0,16,0,0,0.5726587356480841,0,3737,0.6699533883112226,1,1,0,0,0,0,0,0,0,1,0,1,0,0,2408.9166666666665,0,1,0,1,4,1,0,0,0.17944015444015443,1,1,0,0,0,0,0,0,0,0,0
2019-05-20,39,85872,633,0,1,14,229778,240,1,0,0,434,0.1031176947197476,1,1,0,3,0,95,29,427,3384,128736,6323,7156.0,0.756705566246602,6,122413,0.2215862183141022,0.2017631419512253,3935.3492158433737,0.060639932932793,0.6105001000200326,1,1.8007341782705877,1,1,36,0,0,0.04911563886062282,0,3811,0.016585501721219083,1,0,0,0,0,0,0,0,0,1,0,1,0,1,6722.0,0,0,0,0,3,0,1,1,2.6757886646559452,0,0,0,0,0,0,0,0,0,0,1
2019-05-20,18,36579,555,0,3,0,130525,180,2,0,3,163,0.3753014203590252,4,0,0,3,0,94,28,6101,1877,8899,25356,3048.25,0.8217324744230423,8,8937,0.2404448319299042,0.2190973597548965,2478.592652671483,0.0534557678117569,0.8663089784935584,0,2.9498666491138743,1,1,64,0,0,2.8489887640449436,0,7978,0.0611219220691663,1,0,0,0,0,0,0,0,0,1,0,0,1,0,2885.25,0,0,0,0,1,0,1,1,3.5682066703116457,0,0,0,0,0,0,0,0,1,0,0
2019-05-21,38,59398,544,0,1,14,27235,24,1,3,3,627,0.3267231348149438,2,0,0,0,1,96,4,6083,2497,23159,90510,4949.833333333333,0.8384104435571691,4,10907,0.1935530737266507,0.2013800326494722,1387.9839800769412,0.1266453459013634,0.4069989523804628,1,3.2740422251403083,1,0,16,0,0,3.9080310880829017,0,8580,0.3150242326332795,1,1,0,0,0,0,0,0,0,1,0,0,1,0,4322.833333333333,0,1,1,0,3,0,0,0,0.45850940251519384,0,1,0,0,1,1,0,0,0,0,1
2019-05-23,24,31826,577,0,4,3,25670,36,3,0,2,212,0.2076485388234321,5,0,0,2,0,94,23,1462,531,315847,2488,2652.1666666666665,0.6218179869188407,3,313359,0.1810382793072715,0.2038811261171665,959.0730991282386,0.0799045166153653,0.441386933524055,1,2.1858464785895557,1,0,9,0,0,0.00787720675768091,0,1993,0.07763624323166218,1,1,0,0,0,0,0,0,0,1,1,0,0,0,2440.1666666666665,0,0,0,0,4,1,0,0,0.8065478995821158,0,1,0,0,0,0,1,0,1,0,0
2019-05-23,48,76005,577,0,1,25,14595,12,3,3,3,1004,0.2374952364608184,2,0,0,1,0,99,3,11617,730,27795,34225,6333.75,0.8962480555582243,1,7739,0.1728971256993891,0.1746178678500857,1334.3339338153246,0.1584908638857097,0.3691280530116144,0,1.081618004994754,0,0,1,0,0,1.2312922722693913,0,12347,0.8459166895039737,1,1,0,0,0,0,0,0,0,1,0,0,1,1,5329.75,0,1,1,0,3,0,0,0,0.19202431386995764,1,1,0,0,0,0,0,0,0,0,0
2019-05-25,44,31423,560,0,3,21,34420,36,2,0,3,144,0.1850231310366401,5,1,0,0,0,92,24,789,403,36923,15412,2618.583333333333,0.6403907061620723,7,21511,0.1896116055305549,0.1952629854918606,1270.877957834104,0.0549705742007316,0.5401156511534674,0,2.502813007228361,1,1,49,0,0,0.4173978983858737,0,1192,0.03463002237006479,1,0,0,0,0,0,0,0,0,1,0,0,1,0,2474.583333333333,0,0,0,0,1,0,0,0,1.0953411405295315,0,0,0,0,0,0,1,0,0,0,0
2019-05-27,28,48389,624,0,1,6,12209,36,1,2,3,144,0.5926113875114398,6,0,0,0,0,92,2,1247,766,46900,21030,4032.4166666666665,0.5191896946377446,2,25870,0.1573525026417762,0.1601568214592758,429.32674819301405,0.0357017416995516,0.1421441907877144,1,1.134606346923633,0,0,4,0,0,0.4483912922965395,0,2013,0.16486486486486487,1,1,0,0,1,0,0,0,0,1,0,0,1,0,3888.4166666666665,0,1,0,0,3,0,0,0,0.25230419508162844,0,1,0,0,0,0,1,0,1,0,1
2019-05-27,33,127276,551,0,4,12,17318,180,1,2,0,968,0.2211400333734343,3,0,0,2,0,96,18,2855,14437,41101,15490,10606.333333333334,0.8856378495119637,9,25611,0.2419398898609322,0.2294249951387788,342.42520042548745,0.0912576205141097,0.1235395512939621,1,1.0482625776794854,1,1,81,0,0,0.3768673057272152,0,17292,0.9984410185345575,1,1,0,0,0,0,0,0,0,1,0,1,0,1,9638.333333333334,0,1,0,0,4,1,1,0,0.13606543208906557,0,1,0,0,0,0,0,0,0,0,1
2019-05-28,27,29670,463,0,1,6,15617,24,1,2,3,530,0.4433864822840264,3,1,0,0,0,97,17,2731,149,2919,22784,2472.5,0.8053759726169686,7,7162,0.2339140448435556,0.2377135162019504,823.9067829999733,0.2142712755205174,0.5473647798665751,0,3.0337064489133514,1,1,49,0,0,7.802739726027397,0,2880,0.18440261237034192,1,1,0,0,0,0,0,0,0,1,0,0,1,0,1942.5,0,1,0,0,3,0,0,0,0.526338849381551,0,1,0,0,0,0,0,0,1,0,1
2019-05-29,39,18064,583,0,1,18,13237,36,0,1,1,210,0.1266348638794765,2,0,0,4,1,95,16,193,199,126943,36423,1505.3333333333333,0.7304856391107559,7,90520,0.1778727116901697,0.1977899973386136,490.4450611570878,0.1394113741978314,0.4650000405999698,1,3.748977410828664,1,1,49,0,0,0.2869217922863625,0,392,0.029611723825351263,1,1,0,0,0,0,0,0,0,1,0,0,0,0,1295.3333333333333,0,1,0,0,3,0,0,0,0.7327428729587601,1,1,0,0,1,1,0,0,0,0,0
2019-05-30,51,27512,607,0,0,30,8910,12,1,3,3,969,0.2402902330266834,5,1,0,1,0,96,14,666,211,91131,5691,2292.6666666666665,0.7235774235012218,3,85440,0.1577737604369031,0.1827110661528405,818.0187743812905,0.4224676645836361,0.7791100600412545,0,3.030460280766945,1,0,9,0,0,0.06244787780362551,0,877,0.09841768600605992,1,1,0,0,0,0,0,0,0,1,0,0,1,0,1323.6666666666665,0,1,1,0,2,0,0,0,0.323846908734053,1,1,0,0,0,0,0,0,0,0,1
2019-05-30,28,88661,476,0,1,6,22684,36,1,3,3,739,0.3387392009185138,2,2,0,0,0,97,16,6182,4896,142542,38336,7388.416666666667,0.9046220411492534,6,104206,0.2315073647980245,0.2463570909144624,897.5471449127613,0.1000078941729726,0.2214717641103056,1,2.554720557580197,1,1,36,0,0,0.2689434065510057,0,11078,0.4883403129821468,1,1,0,0,0,0,0,0,0,1,0,0,1,1,6649.416666666667,0,1,1,0,3,0,0,0,0.25584805215312084,0,1,0,0,0,0,0,0,1,0,1
2019-05-31,46,51176,514,0,3,25,86748,180,2,1,2,406,0.1800037025750031,1,0,0,3,0,98,16,801,6272,79295,109467,4264.666666666667,0.616688815905309,4,4300,0.2608426935425913,0.25,1852.528627126837,0.095178557474408,0.5294667407502157,0,2.044136861853148,1,0,16,0,0,1.3804857748184018,0,7073,0.08153408108450817,1,1,0,0,0,0,0,0,0,1,1,0,0,0,3858.666666666667,0,1,0,1,1,0,1,0,1.6950583269828243,0,1,0,0,0,0,1,0,0,0,0
2019-05-31,33,34304,555,0,1,9,14018,36,1,2,0,82,0.1320454145648715,4,0,0,4,0,95,6,925,896,31928,17297,2858.6666666666665,0.8380844642127147,2,14631,0.1918870422078421,0.2041995890838404,523.9635306136439,0.0286746707075416,0.2119000573307998,1,1.4848602260411736,0,0,4,0,0,0.5417332205831689,0,1821,0.12989514230686924,1,1,0,0,0,0,0,0,0,1,0,1,0,0,2776.6666666666665,0,1,0,0,3,0,0,0,0.40862847981343825,1,1,0,0,0,0,0,0,0,0,1
2019-06-02,30,31659,559,0,3,5,80470,240,1,2,0,276,0.3673158377692096,4,0,0,3,1,97,27,180,898,88778,12357,2638.25,0.757445459738053,6,76421,0.2583239130375136,0.2487049265669004,1679.996454508922,0.1045751633986928,0.7411182928896171,1,3.9065170823191706,1,1,36,0,0,0.1391883215625317,0,1078,0.013396130282959079,1,0,0,0,0,0,0,0,0,1,0,1,0,0,2362.25,0,1,0,0,1,0,1,0,2.541692987997473,0,0,0,0,1,1,0,0,0,0,1
2019-06-02,38,63727,591,0,0,17,143307,300,2,4,0,489,0.3309072662189398,5,0,0,3,0,99,6,6095,1340,32050,18034,5310.583333333333,0.8084045695824505,3,14016,0.2624681878597986,0.25,2991.72090548173,0.0920629441942923,0.6553075960680393,0,2.6371980230152414,1,0,9,0,0,0.5626657514586129,0,7435,0.05188126273480894,1,1,0,0,0,0,0,0,0,1,0,1,0,0,4821.583333333333,0,1,1,1,2,0,1,1,2.2487289731358273,0,1,0,0,0,0,0,0,0,0,0
2019-06-02,27,21830,445,0,3,4,65629,360,2,3,0,131,0.0798871193275338,3,1,0,3,0,92,29,572,649,91523,28473,1819.1666666666667,0.8949183549033736,5,63050,0.3552729470468669,0.25,1368.0881130381458,0.0719714311876201,0.823599366196216,0,4.388311863702222,1,1,25,0,0,0.3110987282024387,0,1221,0.018604296815480724,1,0,0,0,0,0,0,0,0,1,0,1,0,0,1688.1666666666667,0,1,1,1,1,0,1,0,3.0062296734002105,0,0,0,0,0,0,0,0,1,0,0
2019-06-03,33,62521,553,0,1,10,225860,240,2,0,0,412,0.1394788595698212,1,4,0,3,0,100,6,1086,2600,187069,10342,5210.083333333333,0.793472335184786,3,176727,0.2615819187611973,0.25,4739.03121908806,0.0790622551292917,0.9884760786953564,0,2.731343291686984,1,0,9,0,0,0.0552841182445074,0,3686,0.016319771895103627,1,1,1,0,0,0,0,0,0,1,0,1,0,0,4798.083333333333,0,0,0,0,3,0,1,1,3.612488404081763,0,2,0,0,0,0,0,0,0,0,0
2019-06-04,25,27527,543,0,3,2,5306,36,2,0,0,187,0.1883214818918461,1,1,0,1,0,100,14,393,808,161041,39345,2293.9166666666665,0.6866093446148893,10,121696,0.1976441954957069,0.2346430675396722,206.6800319483149,0.081484440248375,0.1715443691993093,1,2.6076454588934586,1,1,100,0,0,0.24431514760124687,0,1201,0.2263048803467119,1,1,0,0,0,0,0,0,0,1,0,1,0,0,2106.9166666666665,0,0,0,0,1,0,0,0,0.19274920081371694,1,1,0,0,0,0,1,0,1,0,0
2019-06-05,63,25627,620,0,1,40,18919,60,2,5,2,165,0.115141510560246,7,2,0,2,0,94,1,880,810,46427,156562,2135.583333333333,0.696934867164875,7,1164,0.1674619937106514,0.1624581731044822,462.5479973657751,0.077226100861968,0.2937156663048207,1,2.489971209990258,1,1,49,0,0,3.372146118721461,0,1690,0.08932346723044397,1,1,0,0,1,0,0,0,0,1,1,0,0,0,1970.583333333333,0,1,1,1,3,0,1,0,0.7382160137349774,0,1,0,0,0,0,1,0,0,0,0
2019-06-05,40,35981,597,0,1,16,6743,36,2,0,3,722,0.0459177791804536,1,1,0,4,0,98,20,386,1500,16083,117441,2998.4166666666665,0.5876295424173831,10,6004,0.1707041021249204,0.1721822817902495,241.13932786551212,0.2407134720640124,0.3211088804597045,1,1.9829416730191485,1,1,100,0,0,7.301728425764735,0,1886,0.27965599051008305,1,1,0,0,0,0,0,0,0,1,0,0,1,0,2276.4166666666665,0,0,0,0,3,0,0,0,0.18739925518314712,1,1,0,0,0,0,1,0,0,0,0
2019-06-06,31,26843,416,0,3,8,167119,180,2,4,3,157,0.2220161721629462,1,1,0,3,0,92,1,9772,87,81653,57767,2236.9166666666665,0.9687705388804052,5,23886,0.3100066168490576,0.25,3568.874575054294,0.0701545336064047,1.664885306298698,0,5.009360706937007,1,1,25,0,0,0.7074607490141328,0,9859,0.05899353757778841,1,1,0,0,0,0,0,0,0,1,0,0,1,0,2079.9166666666665,0,1,1,1,1,0,1,1,6.225562509313068,0,1,0,0,0,0,0,0,0,0,0
2019-06-06,42,45173,630,0,3,22,21355,48,1,2,0,347,0.1029032086997968,4,0,0,0,0,97,18,217,869,64923,56626,3764.4166666666665,0.8906772970606734,4,8297,0.158492272002405,0.1416907298537884,585.3696861685062,0.0921544760429346,0.2476139478592912,0,1.2504013455187335,1,0,16,0,0,0.8721890210091799,0,1086,0.05085221951676344,1,1,0,0,0,0,0,0,0,1,0,1,0,0,3417.4166666666665,0,1,0,0,1,0,1,0,0.4727276752114048,0,1,0,0,0,0,0,0,0,0,1
2019-06-07,38,48291,595,0,3,14,28489,36,1,0,3,278,0.4542932779615693,2,1,0,4,0,100,8,1606,1258,31125,71214,4024.25,0.683018864553653,4,7486,0.172064327106873,0.176702440661929,1025.2390266712982,0.0690640332898577,0.3237659838944905,1,1.8007027596153224,1,0,16,0,0,2.2879264923215317,0,2864,0.10052650052650053,1,1,0,0,0,0,0,0,0,1,0,0,1,0,3746.25,0,0,0,0,1,0,0,0,0.5899320798475938,1,1,0,0,0,0,1,0,0,0,1
2019-06-07,37,15000,607,0,4,13,5640,48,1,1,0,238,0.4644040041193973,6,1,0,1,0,93,8,995,498,179377,22537,1250.0,0.792324067839906,8,156840,0.1696594541584349,0.1723980877859672,163.44302815891774,0.1902478017585931,0.3208977043636433,0,2.0127410742602274,1,1,64,0,0,0.12563971055536352,0,1493,0.2646693848608403,1,1,0,0,1,0,0,0,0,1,0,1,0,0,1012.0,0,1,0,0,4,1,1,0,0.37597493500433304,1,1,0,0,0,0,0,0,0,0,1
2019-06-08,47,32132,523,0,1,26,20003,60,0,1,3,247,0.2787056683732069,5,1,0,1,0,94,17,772,520,73404,5316,2677.6666666666665,0.7772556066750012,6,68088,0.2159759218831347,0.245454672105825,581.7961797436475,0.0922100547536087,0.3094062393268968,1,2.7846467802196853,1,1,36,0,0,0.07242013486819698,0,1292,0.06458708258348331,1,1,0,0,0,0,0,0,0,1,0,0,1,0,2430.6666666666665,0,1,0,0,3,0,1,0,0.6225064575358665,1,1,0,0,0,0,0,0,0,0,0
2019-06-10,49,32339,568,0,0,26,235870,240,1,3,3,198,0.0980655554929022,1,0,0,3,0,98,1,2086,729,124628,59245,2694.9166666666665,0.9370662743037732,4,65383,0.2540927600810981,0.2155366835144585,4296.476879676677,0.0734444066643998,1.6671423620945294,0,4.39941856142716,1,0,16,0,0,0.47537090083367434,0,2815,0.011934489615086212,1,1,0,0,0,0,0,0,0,1,0,0,1,0,2496.9166666666665,0,1,1,0,2,0,1,1,7.2934446505875075,0,1,0,0,0,0,0,0,0,0,1
2019-06-10,33,93258,546,0,3,9,34236,24,1,1,3,251,0.1295769009539951,2,1,0,1,0,95,14,2187,871,5212,4983,7771.5,0.6075475168802702,5,3222,0.1926102655523986,0.2030321177506027,1747.5440774034228,0.0322933419105821,0.2571301482667639,1,1.50713549531479,1,1,25,0,0,0.9558795319393824,0,3058,0.08931857347314309,1,1,0,0,0,0,0,0,0,1,0,0,1,1,7520.5,0,1,0,0,1,0,0,0,0.36710665994702923,1,1,0,0,0,0,1,0,0,0,1
2019-06-10,33,26332,570,0,1,11,18689,36,0,1,2,210,0.0778939542937532,1,2,0,0,0,97,11,6347,85,6432,12613,2194.333333333333,0.4091145641669374,2,3434,0.1844589359751124,0.1924638765942987,687.3947335648204,0.095657455208017,0.4087737929994626,1,2.003215646389424,0,0,4,0,0,1.9606715373853567,0,6432,0.34414125200642054,1,1,0,0,0,0,0,0,0,1,1,0,0,0,1984.333333333333,0,1,0,0,3,0,0,0,0.7097178445296776,0,1,0,0,0,0,1,0,0,0,0
2019-06-11,36,63647,581,0,4,11,16421,84,2,4,2,385,0.2386083000589106,6,1,0,2,0,100,12,1085,3266,114441,37481,5303.916666666667,0.6501127844222938,10,76960,0.1949265942945671,0.184781564742675,349.7513609558961,0.0725741843258612,0.1385038459836119,1,0.665473627086143,1,1,100,0,0,0.32751087887314095,0,4351,0.2649494580440872,1,1,0,0,1,0,0,0,0,1,1,0,0,0,4918.916666666667,0,1,1,1,4,1,1,0,0.2579971091000503,0,1,0,0,0,0,1,0,0,0,0
2019-06-12,18,15330,454,2,4,0,25507,120,1,0,3,156,0.1495090646967816,3,0,0,2,1,95,13,85,105,116780,9398,1277.5,0.9232676345168176,8,107382,0.2705366868518588,0.25,580.2662685889618,0.1220179898318341,0.5758828850910925,1,4.573110506391346,1,1,64,0,0,0.0804754198028789,0,190,0.0074486435628038266,1,1,0,0,0,0,0,0,0,1,0,0,1,0,1121.5,0,0,0,0,4,1,1,0,1.6637531798317136,0,1,0,0,1,1,0,0,1,0,1
2019-06-13,21,21857,543,0,1,0,11896,60,1,2,2,89,0.2514575558126867,2,2,0,2,0,92,13,311,357,24014,152975,1821.4166666666667,0.8383583684521108,4,10805,0.2058460103866191,0.1748366783790637,298.748783338767,0.0488362522291828,0.2127662627493348,1,2.4228506141876758,1,0,16,0,0,6.369977097647304,0,668,0.056148608892998234,1,1,0,0,0,0,0,0,0,1,1,0,0,0,1732.4166666666667,0,1,0,0,3,0,1,0,0.544240095159667,0,1,0,0,0,0,0,0,1,0,1
2019-06-13,56,106249,467,0,3,36,21286,24,1,1,0,846,0.3021616923037504,7,2,0,1,0,95,3,4494,531,188116,14470,4875.5,0.6972341600205596,7,173646,0.2319914629591832,0.2006426645164697,1084.0364530139932,0.1734850815133805,0.3957831340129177,1,1.701218630736209,1,1,49,0,0,0.07692021454732959,0,5025,0.2360595668717997,1,1,0,0,1,0,0,0,0,1,0,1,0,1,4029.5,0,1,0,0,1,0,0,0,0.20033882352941176,1,1,0,0,0,0,1,0,0,0,1
2019-06-15,59,31625,624,0,3,36,10953,24,2,0,3,342,0.5956116405804808,1,0,0,1,0,97,23,1466,2968,196704,6326,2635.4166666666665,0.9539783871514256,6,190378,0.1533253649913359,0.1250684695676005,518.1920716221615,0.1297215285899421,0.3262731883385257,1,2.5102664331890483,1,1,36,0,0,0.032159833252840546,0,4434,0.40478364067920397,1,1,0,0,0,0,0,0,0,1,0,0,1,0,2293.4166666666665,0,0,0,0,1,0,0,0,0.34632896983494593,1,1,0,0,0,0,0,0,0,0,0
2019-06-16,37,28770,604,0,3,13,155695,360,0,0,2,415,0.0397021025694029,2,0,0,3,0,93,22,3185,510,54516,29619,2397.5,0.7205309457211616,8,24897,0.2759889151667654,0.25,3245.584707362204,0.1730248071711486,1.5261975015060265,0,4.809932194625257,1,1,64,0,0,0.5432984206761193,0,3695,0.02373214469222074,1,1,0,0,0,0,0,0,0,1,1,0,0,0,1982.5,0,0,0,0,1,0,1,1,5.411525494421466,0,1,0,0,0,0,0,0,0,0,0
2019-06-23,46,28319,604,0,3,24,32639,60,2,1,3,354,0.2224202765531701,6,3,0,0,0,94,3,2441,398,145249,10472,2359.9166666666665,0.6819293408274272,11,134777,0.1755983234522695,0.1805313508437716,829.7598094887735,0.1499417599096396,0.5013983874153853,1,2.100647559852292,1,1,121,0,0,0.07209638554216867,0,2839,0.08697916666666666,1,1,1,0,1,0,0,0,0,1,0,0,1,0,2005.9166666666665,0,1,0,1,1,0,1,0,1.1525070621468927,0,2,0,0,0,0,1,0,0,0,0
2019-06-23,43,30086,562,0,3,18,12129,48,3,0,1,285,0.0247348780126469,2,1,0,1,0,100,24,831,1220,127462,14549,2507.1666666666665,0.7194883385924349,9,112913,0.1923508592504845,0.1973504275171241,367.3798084111972,0.1136288125456841,0.2601022559948956,0,1.894088878340944,1,1,81,0,0,0.11414292775158282,0,2051,0.16908491343775764,1,0,0,0,0,0,0,0,0,1,0,0,0,0,2222.1666666666665,0,0,0,0,1,0,1,0,0.40313092033104,1,0,0,0,0,0,0,0,0,0,0
2019-06-24,76,267190,514,1,3,56,155275,300,1,1,0,569,0.0432616471359178,2,1,1,3,0,100,14,5483,28426,191755,37507,22265.83333333333,0.8860821088414121,4,154248,0.3009882398643984,0.25,3241.56854583988,0.0255537009453522,0.17113203699852,1,3.8406942520436775,1,0,16,0,0,0.19559753019462234,0,33909,0.21837888662768232,1,1,0,0,0,0,0,0,0,1,0,1,0,1,21696.83333333333,0,1,0,0,1,0,1,1,0.5811385862547765,0,1,0,1,0,1,0,0,0,1,1
2019-06-24,53,79715,639,0,0,29,23003,48,1,2,1,1415,0.1977104826042862,1,0,0,0,0,95,8,2830,2296,71944,48320,6642.916666666667,0.6965969132188705,3,23624,0.1540108558482084,0.179876043020112,675.5641278852839,0.2129767832729188,0.3146583909418817,0,0.4158228953246035,1,0,9,0,0,0.6716241573424143,0,5126,0.22283081203268998,1,1,0,0,0,0,0,0,0,1,0,0,0,1,5227.916666666667,0,1,0,0,2,0,1,0,0.2885618947262783,0,1,0,0,0,0,1,0,0,0,1
2019-06-25,38,108960,586,0,4,17,157691,180,2,2,0,484,0.1944472815910358,2,0,0,3,0,95,13,37430,1434,96057,38491,9080.0,0.6928759096334748,2,57566,0.2249920997606079,0.2281752550846465,3102.9774561331938,0.0532980949234665,0.3949980680688463,1,0.780191186616934,0,0,4,0,0,0.4007058235649295,0,38864,0.2464551150343708,1,1,0,0,0,0,0,0,0,1,0,1,0,1,8596.0,0,1,0,1,4,1,1,1,1.4472242361946017,0,1,0,0,0,0,1,0,0,0,0
2019-06-26,28,74054,611,0,1,2,24901,72,1,1,1,457,0.3823611215360962,3,2,0,0,0,93,22,7712,2853,105427,20014,6171.166666666667,0.8596710562634562,3,85413,0.176030675850128,0.1425175876356366,516.4664157608041,0.0740420705856938,0.1577187506970762,1,0.8392804117554012,1,0,9,0,0,0.18983571726676024,0,10565,0.42426311139667494,1,1,0,0,0,0,0,0,0,1,0,0,0,1,5714.166666666667,0,1,0,0,3,0,1,0,0.33625008439673215,0,1,0,0,0,0,0,0,1,0,1
2019-06-26,20,16454,537,0,4,0,6948,36,2,1,3,229,0.2086077788160635,5,3,0,4,0,97,1,5929,68,28545,5587,1371.1666666666667,0.5054230213483638,4,22958,0.2007115882608286,0.2405738454220322,272.7992475696553,0.1668893477468723,0.3656984678024938,1,2.03308948125852,1,0,16,0,0,0.19571919007917046,0,5997,0.863001870772773,1,1,1,0,0,0,0,0,0,1,0,0,1,0,1142.1666666666667,0,1,0,1,4,1,0,0,0.4222424794895169,1,2,0,0,0,0,1,0,1,0,0
2019-06-28,42,80464,634,0,1,21,135877,240,2,0,3,829,0.5402719160003981,2,0,0,3,0,100,12,9735,1618,16242,37113,6705.333333333333,0.8039461956683277,5,8118,0.2209548781758241,0.25,2850.9932921102827,0.1236144937621154,0.5487340263597023,0,1.2496961231565271,1,1,25,0,0,2.2848611709659545,0,11353,0.0835528930364003,1,1,0,0,0,0,0,0,0,1,0,0,1,1,5876.333333333333,0,0,0,0,3,0,1,1,1.6886472379295345,0,1,0,0,0,0,0,0,0,0,0
2019-06-29,30,90456,620,0,3,9,29189,84,0,0,0,850,0.3540420474153185,4,1,0,2,0,95,24,4430,12755,28106,24265,7538.0,0.9745286904885212,6,3841,0.175570395365962,0.1911740084312536,632.7543066609171,0.1127470486801963,0.1966778494045519,1,0.1870906676844331,1,1,36,0,0,0.8633080727220978,0,17185,0.5887290167865707,1,0,0,0,0,0,0,0,0,1,0,1,0,1,6688.0,0,0,0,0,1,0,1,0,0.3226837060702875,0,0,0,0,0,0,0,0,0,0,0
2019-06-29,22,25861,547,0,1,0,6343,36,1,1,1,149,0.6546178573087532,2,0,0,1,0,95,5,487,581,134354,24813,2155.083333333333,0.9271290122548972,4,109541,0.1956888161908286,0.2026931592277562,236.5999204522268,0.0691067908630618,0.1788427722114451,0,0.9855252873592651,1,0,16,0,0,0.1846823713296863,0,1068,0.16834804539722573,1,1,0,0,0,0,0,0,0,1,0,0,0,0,2006.083333333333,0,1,0,0,3,0,0,0,0.24526332070218854,1,1,0,0,0,0,0,0,1,0,1
2019-06-29,32,69164,564,0,3,10,158455,300,1,4,0,360,0.299099083261532,4,1,0,3,0,98,25,4415,1479,34490,11590,5763.666666666667,0.6072650381184467,6,22900,0.2759933080578093,0.25,3307.955201616861,0.0624494044177171,0.6362822715884459,0,2.486107465847235,1,1,36,0,0,0.33602968890435186,0,5894,0.03719644570101479,1,0,0,0,0,0,0,0,0,1,0,1,0,1,5403.666666666667,0,1,1,0,1,0,1,1,2.290970866767874,0,0,0,0,0,0,1,0,0,0,1
2019-07-02,27,64990,609,0,1,5,14370,12,0,0,0,1630,0.2360506298655111,2,2,0,4,0,95,9,3191,1273,11853,27797,5415.833333333333,0.9186435633906224,7,10963,0.1568932418915185,0.1400512753706254,1290.27554942021,0.3009138180363681,0.5391112057020172,0,2.3540144483625234,1,1,49,0,0,2.344946853382824,0,4464,0.310625565374713,1,1,0,0,0,0,0,0,0,1,0,1,0,0,3785.833333333333,0,0,0,0,3,0,0,0,0.22110753796679541,1,1,0,0,0,0,0,0,1,0,0
2019-07-02,60,165132,524,0,0,37,50259,36,2,1,2,988,0.2747271404574114,5,2,0,0,1,95,2,7848,2134,9982,12250,13761.0,0.8191925973457885,3,2273,0.2077062412027744,0.2102785691612944,1894.230129845306,0.071791890713559,0.2094339579890499,1,2.428717473734321,1,0,9,0,0,1.2270860462786737,0,9982,0.19860724233983287,1,1,0,0,0,0,0,0,0,1,1,0,0,1,12773.0,0,1,0,1,2,0,0,0,0.3043546716888811,0,1,0,0,1,1,0,0,0,0,0
2019-07-02,50,44543,469,0,2,31,9413,36,1,2,3,290,0.0012241226835009,6,1,0,1,0,100,27,1886,1171,59564,28336,3711.9166666666665,0.7554505800303047,9,31228,0.2347874883054903,0.2359746396451484,367.3123004479748,0.0781057120412972,0.1770339491723869,1,2.5843855338562776,1,1,81,0,0,0.4757156048014774,0,3057,0.3247291268323773,1,0,0,0,1,0,0,0,0,1,0,0,1,0,3421.9166666666665,0,1,0,0,5,1,0,0,0.21131914511494254,1,0,0,0,0,0,0,0,0,0,1
2019-07-03,39,21824,557,0,3,17,279346,180,1,2,2,112,0.572366957546427,1,0,0,3,0,93,14,146,909,167823,3723,1818.6666666666667,0.8148898232562991,2,164100,0.2396350525039033,0.2461321658866322,5881.839246231307,0.0615497343835867,3.0,0,8.1978666736923,0,0,4,0,0,0.0221839546191248,0,1055,0.0037766648648455145,1,1,0,0,0,0,0,0,0,1,1,0,0,0,1706.6666666666667,0,1,0,0,1,0,1,1,12.799358533791523,0,1,0,0,0,0,0,0,0,0,1
2019-07-05,57,45706,593,0,3,36,169864,360,1,4,3,364,0.0988785828745366,3,0,0,3,0,93,29,8416,629,28638,106478,3808.8333333333335,0.7828892655918299,7,7661,0.2815106898207267,0.25,3540.9486543008666,0.095542237193228,1.0249657432873354,0,3.1500371569660883,1,1,49,0,0,3.7179370788086175,0,9045,0.05324816766255556,1,0,0,0,0,0,0,0,0,1,0,0,1,0,3444.8333333333335,0,1,1,0,1,0,1,1,3.7163672960378062,0,0,0,0,0,0,0,0,0,0,1
2019-07-05,40,123768,629,0,4,18,25138,36,0,0,3,965,0.1650252635983068,4,2,0,0,0,98,29,6141,196,51805,27153,10314.0,0.9486541621992934,5,24652,0.1550330439260264,0.1271761046806565,843.5834313105432,0.0935530780416868,0.1753352817557482,1,0.2836699030826536,1,1,25,0,0,0.5241284793267189,0,6337,0.25207844385218187,1,0,0,0,0,0,0,0,0,1,0,0,1,1,9349.0,0,0,0,0,4,1,0,0,0.20310416986482882,0,0,0,0,0,0,0,0,0,0,0
2019-07-06,29,15000,514,0,3,4,16430,36,0,0,3,160,0.3762626735929634,3,0,0,0,0,96,22,217,524,29290,14765,1250.0,0.7566008575603049,4,14525,0.2124267312683629,0.2323890466798437,638.0483637403476,0.1278976818545164,0.6379283483136271,0,3.4531858002099822,1,0,16,0,0,0.5040797514594927,0,741,0.045097681212342526,1,1,0,0,0,0,0,0,0,1,0,0,1,0,1090.0,0,0,0,0,1,0,0,0,1.0952603159789347,0,1,0,0,0,0,0,0,1,0,0
2019-07-08,58,15149,628,1,1,38,3625,60,1,1,0,195,0.2454754688810755,5,2,0,1,0,93,4,1447,2777,40114,15505,1262.4166666666667,0.8226739443333695,2,24609,0.1630489713478287,0.1607467524419394,88.29685212886754,0.1543433810434668,0.2242307384437972,1,1.8008786779232917,0,0,4,0,0,0.3865137729029042,0,4224,1.1649200220628793,1,1,0,0,0,0,0,0,0,1,0,1,0,0,1067.4166666666667,0,1,0,0,3,0,1,0,0.23927392739273928,1,1,0,0,0,0,0,0,0,0,1
2019-07-09,46,58193,529,0,1,22,158010,240,1,0,2,992,0.2691112877804112,6,1,0,3,1,97,23,1290,766,37412,80198,4849.416666666667,0.562203468374316,7,10785,0.2734926049824597,0.25,3315.3914944129306,0.2045185121553131,0.8880456650280072,0,4.744811726887495,1,1,49,0,0,2.143586453906396,0,2056,0.013011752346355633,1,1,0,0,1,0,0,0,0,1,1,0,0,0,3857.416666666667,0,0,0,0,3,0,1,1,2.715228374059181,0,1,0,0,1,1,1,0,0,0,1
2019-07-09,27,40965,555,1,4,5,20280,60,1,1,3,214,0.103273703194294,5,0,0,2,0,95,22,3751,180,22492,8074,3413.75,0.8727195431803831,8,14418,0.1999793599415385,0.2089879387674967,547.4882068873384,0.0626693022915294,0.2229996945273704,1,2.0158568588317114,1,1,64,0,0,0.35895611968167873,0,3931,0.19382673438193382,1,1,0,0,0,0,0,0,0,1,0,0,1,0,3199.75,0,1,0,0,4,1,1,0,0.4950446711907435,0,1,0,0,0,0,0,0,1,0,1
2019-07-09,37,59113,632,0,2,15,125347,300,1,3,3,426,0.2322407456111004,4,1,0,3,0,97,23,7450,2234,203263,12395,4926.083333333333,0.6366500482122116,4,190868,0.2419347122870335,0.25,2616.7824344897203,0.08646088794926,0.6175626082685268,0,2.5477565293964304,1,0,16,0,0,0.060979809508816124,0,9684,0.0772569167437853,1,1,0,0,0,0,0,0,0,1,0,0,1,0,4500.083333333333,0,1,1,0,5,1,1,1,2.1204283249314884,0,1,0,0,0,0,1,0,0,0,1
2019-07-10,29,92090,620,0,2,5,16431,36,1,2,3,470,0.2448011984922704,4,0,0,1,0,96,21,13324,10112,98410,6847,7674.166666666667,0.829990997040956,7,91563,0.1594267464830421,0.1473902422107435,567.4883575757818,0.061236455234414,0.135174700776415,1,0.91195902993209,1,1,49,0,0,0.06957555557813659,0,23436,1.4262414800389485,1,1,0,0,0,0,0,0,0,1,0,0,1,1,7204.166666666667,0,1,0,0,5,1,0,0,0.17842134410528715,1,1,0,0,0,0,0,0,1,0,1
2019-07-11,23,25304,570,0,3,0,4975,48,2,0,3,207,0.2368313040803165,3,0,0,1,0,92,9,1124,824,18304,25188,2108.6666666666665,0.7422041629224465,2,4923,0.1881280954086047,0.1993584998981537,151.2210653174478,0.0981197661557908,0.1697998413576147,1,1.5182724739590587,0,0,4,0,0,1.3760174815624147,0,1948,0.39147909967845657,1,1,0,0,0,0,0,0,0,1,0,0,1,0,1901.6666666666665,0,0,0,0,1,0,1,0,0.19660146216162813,1,1,0,0,0,0,0,0,1,0,0
2019-07-11,51,20466,666,0,4,27,14006,36,2,0,3,121,0.4790433663237836,2,0,0,0,0,100,17,706,2204,31287,38860,1705.5,0.8212989832589614,3,3317,0.1363868281209097,0.1441816349175373,481.54139624982895,0.0709053618517433,0.3530860804276759,1,2.5877930797410458,1,0,9,0,0,1.242009716185119,0,2910,0.20775326622403084,1,1,0,0,0,0,0,0,1,0,0,0,1,0,1584.5,0,0,0,0,4,1,0,0,0.6843211022621781,0,1,0,0,0,0,0,0,0,0,0
2019-07-12,62,204476,626,0,1,38,307694,300,0,4,1,775,0.2698710754364254,2,2,0,3,0,100,12,4784,7275,43227,27634,17039.666666666668,0.8019029091703307,5,15593,0.2451592160778961,0.25,6423.514359321564,0.0454794413364109,0.4224314987278411,1,1.55073776439626,1,1,25,0,0,0.639261589710373,0,12059,0.03919140707518809,1,1,0,0,0,0,0,0,0,1,0,0,0,1,16264.666666666668,0,1,1,0,3,0,1,1,1.5047853792847117,0,1,0,0,0,0,0,0,0,0,0
2019-07-13,23,24957,571,0,1,1,10292,120,2,1,3,84,0.6354310500280412,5,0,0,2,0,94,7,632,971,63660,35637,2079.75,0.9137174259915578,4,28023,0.2118098048328816,0.2199335219434011,212.68584461341732,0.0403700588730025,0.1425860120694063,1,1.1445049635759506,1,0,16,0,0,0.5597932800301597,0,1603,0.1557369085786457,1,1,0,0,0,0,0,0,0,1,0,0,1,0,1995.75,0,1,0,1,3,0,1,0,0.412372786280952,0,1,0,0,0,0,0,0,1,0,0
2019-07-13,46,24562,617,0,3,25,155909,240,1,4,2,182,0.105027582806344,5,2,0,3,0,100,25,1260,280,74720,63877,2046.8333333333333,0.7669265689826407,8,10843,0.2294892585491676,0.2431046063144887,3184.3715654762823,0.0888744201188247,1.6438698944296977,1,5.393675928832213,1,1,64,0,0,0.8548734626142583,0,1540,0.00987749342569431,1,0,0,0,0,0,0,0,0,1,1,0,0,0,1864.8333333333333,0,1,1,0,1,0,1,1,6.3473109962138174,0,0,0,0,0,0,0,0,0,0,1
2019-07-13,32,105277,579,0,1,12,198035,300,0,2,3,921,0.6317738724713738,3,1,0,3,0,96,8,4456,2689,41067,19255,8773.083333333334,0.8589587975967673,4,21812,0.2685490510278329,0.25,4134.239426664953,0.1049682302994614,0.5761558483790276,0,2.064282382229542,1,0,16,0,0,0.46885653063212235,0,7145,0.036079298713365245,1,1,0,0,0,0,0,0,0,1,0,0,1,1,7852.083333333334,0,1,0,0,3,0,1,1,1.8810672695149984,0,1,0,0,0,0,0,0,0,0,0
2019-07-14,34,48703,564,0,2,13,19587,84,1,5,2,872,0.1302857089044395,1,0,0,2,0,87,1,1113,907,49058,9137,4058.5833333333335,0.9189492095988188,6,39921,0.2034706681032055,0.2195541611656751,458.3048612752607,0.2148003694960484,0.3276949263122883,1,2.129282203310352,1,1,36,0,0,0.18624513341079107,0,2020,0.10312436185419645,1,1,0,0,0,0,0,0,0,1,1,0,0,0,3186.5833333333335,0,1,1,0,5,1,1,0,0.4021640932982917,0,1,0,0,0,0,0,0,0,0,1
2019-07-14,32,50586,557,1,4,4,1423,24,1,3,3,451,0.4972730136535797,4,0,0,4,0,98,16,841,911,77812,8785,4215.5,0.90474586257393,3,69027,0.1863153062729929,0.1868057906056506,71.51081916460915,0.1069607494367366,0.1239205073318176,0,1.0652672001335166,1,0,9,0,0,0.11289887293896907,0,1752,1.2303370786516854,1,1,0,0,0,0,0,0,0,1,0,0,1,0,3764.5,0,1,1,0,4,1,0,0,0.0281297566568486,1,1,0,0,0,0,0,0,0,0,1
2019-07-15,29,63931,572,0,0,4,11053,24,2,1,3,360,0.1243441986721783,6,1,0,1,0,90,8,2992,952,36045,10000,5327.583333333333,0.6606736365365581,4,26045,0.1793276369080983,0.2082309080337905,567.0056225053522,0.0675601707770983,0.1739684949105332,1,1.228407863863394,1,0,16,0,0,0.27742329245963493,0,3944,0.3567939207526687,1,1,0,0,1,0,0,0,0,1,0,0,1,0,4967.583333333333,0,1,0,1,2,0,0,0,0.17288681724332103,1,1,0,0,0,0,1,0,1,0,0
2019-07-16,40,86997,623,0,3,20,28710,36,3,3,2,311,0.3226121169237965,4,3,0,2,0,95,13,2941,2093,213054,70481,7249.75,0.8766497063758791,7,142573,0.1580662589008944,0.1797169662423655,1037.5276863042386,0.0428921146088335,0.1859845790165484,1,1.191507641529327,1,1,49,0,0,0.3308112928586515,0,5034,0.17533349587266206,1,1,1,0,0,0,0,0,0,1,1,0,0,1,6938.75,0,1,1,0,1,0,0,0,0.3300075863812961,0,2,0,0,0,0,0,0,0,0,0
2019-07-19,30,40668,414,0,0,10,28764,60,2,1,0,155,0.346004798938102,4,2,0,2,0,99,19,677,213,156082,46237,3389.0,0.9044126653597948,4,109845,0.2705667286623243,0.25,844.2614656012526,0.0457227138643067,0.2947673939826704,1,1.9692143363625745,1,0,16,0,0,0.2962334142731752,0,890,0.030940378932730748,1,1,0,0,0,0,0,0,0,1,0,1,0,0,3234.0,0,1,0,1,2,0,1,0,0.7072708942929504,0,1,0,0,0,0,0,0,0,0,0
2019-07-21,43,149579,598,0,4,20,17740,36,1,0,0,527,0.2909639155998307,2,1,0,4,0,98,13,17913,6467,48544,1831,12464.916666666666,0.7435863020780068,3,46713,0.1704459084060151,0.1351469511799313,602.1380957537126,0.0422752705710905,0.0905780237383569,1,1.0976475496267022,1,0,9,0,0,0.03771758162529612,0,24380,1.3742179133081562,1,1,0,0,0,0,0,0,0,1,0,1,0,1,11937.916666666666,0,0,0,0,4,1,0,0,0.1185987431474796,1,1,0,0,0,0,0,0,0,0,1
2019-07-21,39,15000,435,0,1,15,33771,120,1,0,3,412,0.3225796006014779,5,0,0,2,0,94,10,5261,136,195196,28399,1250.0,0.7907264910711478,3,166797,0.2801068468339473,0.25,768.2664428007148,0.3293365307753797,0.9434583875305472,1,4.532717172835987,1,0,9,0,0,0.14548891632555827,0,5397,0.15980694066090254,1,1,0,0,0,0,0,0,0,1,0,0,1,0,838.0,1,0,0,0,3,0,1,0,2.2512499166722217,0,2,0,0,0,0,0,0,0,0,1
2019-07-22,37,80502,477,0,0,13,25794,36,1,1,0,656,0.250901714860356,2,0,0,0,0,98,12,11001,1203,94709,36136,6708.5,0.7753231831730005,3,58573,0.2310394839884197,0.25,1025.5649492969874,0.0977718160816752,0.2506244801098424,1,1.268268040649536,1,0,9,0,0,0.3815436595924401,0,12204,0.4731149447567358,1,1,0,0,0,0,0,0,0,1,0,1,0,1,6052.5,0,1,0,0,2,0,0,0,0.3204104194874725,0,1,0,0,0,0,0,0,0,0,1
2019-07-22,29,23798,518,0,3,7,18960,12,2,0,3,125,0.0862825817688589,1,1,0,4,1,99,22,604,635,88293,10757,1983.1666666666667,0.759695810316196,3,77536,0.2024625348792585,0.1709265146353291,1730.075868964921,0.0629987400251994,0.9349395391675368,0,5.290138282350132,1,0,9,0,0,0.1218316080367862,0,1239,0.06534465481778387,1,1,0,0,0,0,0,0,0,1,0,0,1,0,1858.1666666666667,0,0,0,0,1,0,0,0,0.7966721290810538,1,1,0,0,1,1,0,0,1,0,0
2019-07-23,33,100491,599,0,0,11,99397,300,1,0,2,439,0.1914038359131917,2,0,0,3,0,95,25,4987,763,254146,14634,8374.25,0.6695508254750869,3,239512,0.2583767218179295,0.25,2075.042271781333,0.0524163457807229,0.3001751914010129,1,1.3483179451235765,1,0,9,0,0,0.05758084887879849,0,5750,0.05784824644359041,1,0,0,0,0,0,0,0,0,1,1,0,0,1,7935.25,0,0,0,0,2,0,1,0,0.9891036102376308,0,0,0,0,0,0,1,0,0,0,1
2019-07-24,49,56353,596,0,0,26,234758,300,2,1,3,259,0.2216863825209365,4,2,0,3,0,95,7,13725,151,139836,8265,4696.083333333333,0.9012157148908276,6,131571,0.2600915786837484,0.25,4900.880043048001,0.055140601437062,1.09852852863614,0,3.1747539280337054,1,1,36,0,0,0.05910452884429729,0,13876,0.05910742506144599,1,1,0,0,0,0,0,0,0,1,0,0,1,0,4437.083333333333,0,1,0,1,2,0,1,1,4.165773503211839,0,1,0,0,0,0,0,0,0,0,0
2019-07-25,46,37441,591,0,4,23,20904,36,1,4,0,195,0.2670537303988275,2,2,0,2,0,97,13,604,490,164351,6389,3120.083333333333,0.8658163080983778,4,157962,0.1739869359109477,0.1730545031061753,748.4662683932871,0.0624783061437001,0.3022880736047698,1,1.9087878736524115,1,0,16,0,0,0.038873880451713395,0,1094,0.05233197799569481,1,1,0,0,0,0,0,0,0,1,0,1,0,0,2925.083333333333,0,1,1,0,4,1,0,0,0.5583035094279152,0,1,0,0,0,0,0,0,0,0,1
2019-07-25,28,72968,629,0,1,10,179528,360,1,2,2,995,0.2368105706055794,5,1,0,3,0,93,21,8329,334,18058,13124,6080.666666666667,0.9402104962863694,3,4934,0.2635245230084374,0.2474959283941318,3705.086501962799,0.1636064675253494,0.772828693115286,0,2.128717353348623,1,0,9,0,0,0.7267290547649371,0,8663,0.048254042522378,1,1,0,0,0,0,0,0,0,1,1,0,0,1,5085.666666666667,0,1,0,0,3,0,1,1,2.4603324699529936,0,1,0,0,0,0,0,0,1,0,1
2019-07-27,41,76432,554,0,0,19,28144,48,2,1,0,531,0.22844390488725,9,0,0,0,0,94,8,937,2991,55944,110332,6369.333333333333,0.7314616877035349,2,10155,0.1965612812494745,0.1971230178373452,852.1240220282988,0.0833551357856731,0.2171195681065824,1,1.6205308485090155,0,0,4,0,0,1.9721512199481634,0,3928,0.13956297743826612,1,1,0,0,1,0,0,0,0,1,0,1,0,1,5838.333333333333,0,1,0,1,2,0,1,0,0.3682179163450342,0,1,0,0,0,0,0,0,0,0,0
2019-07-27,49,92434,653,0,1,28,18272,72,1,0,0,316,0.3439842004733438,2,1,0,0,0,99,24,25989,559,28371,11151,7702.833333333333,0.8806010192417609,2,17220,0.1549532949598761,0.1542082628403132,390.549697285993,0.0410185405534041,0.0917140424402561,1,0.5016775509397475,0,0,4,0,0,0.39302833779782886,0,26548,1.4528539375034204,1,0,0,0,0,0,0,0,1,0,0,1,0,1,7386.833333333333,0,0,0,0,3,0,1,0,0.1976740412181533,0,0,0,0,0,0,0,0,0,0,1
2019-07-27,19,19356,531,0,3,0,19887,84,0,0,0,512,0.1316109003851537,3,3,0,2,0,100,6,656,1641,14597,17333,1613.0,0.9445830785652128,5,1210,0.2199744679534376,0.2013673170165448,443.2534429424624,0.3172242874845105,0.5918546734463831,0,3.7814141895519193,1,1,25,0,0,1.1873544321139882,0,2297,0.11549678197908286,1,1,1,0,0,0,0,0,0,1,0,1,0,0,1101.0,0,0,0,0,1,0,1,0,1.0273802758691946,0,2,0,0,0,0,0,0,1,0,0
2019-07-30,46,45313,522,1,2,18,19769,12,0,2,2,180,0.0629715707279358,0,0,0,4,0,98,22,21972,864,22836,8940,3776.0833333333335,0.8607967322175905,6,13896,0.2004729802290411,0.174937626391654,1807.6623370459815,0.0476558190843905,0.5262426485284453,1,1.9942005068079545,1,1,36,0,0,0.3914699829224504,0,22836,1.155083459787557,1,1,0,0,0,0,0,0,0,1,1,0,0,0,3596.0833333333335,0,1,0,0,5,1,0,0,0.4362669373703491,1,1,0,0,0,0,0,0,0,0,0
2019-07-31,32,39418,573,0,0,9,249822,300,1,3,2,207,0.1400856677334171,2,0,0,3,0,97,9,11582,802,122266,3137,3284.833333333333,0.7567429133648597,3,119129,0.2716071269865235,0.2366525137053645,4940.855832788243,0.0629977174740045,1.566681967878745,0,3.263138855583543,1,0,9,0,0,0.02565696385778665,0,12384,0.04957109633620604,1,1,0,0,0,0,0,0,0,1,1,0,0,0,3077.833333333333,0,1,1,0,2,0,1,1,6.33760369365027,0,1,0,0,0,0,0,0,0,0,1
2019-08-01,46,7443,639,2,0,24,13944,48,1,1,2,310,0.2321584985118518,6,1,0,0,0,100,20,803,45,73039,18419,620.25,0.8004473026321277,4,54620,0.1538857190750154,0.1737942267446357,405.0971283415078,0.4989939637826961,1.151061776002427,0,2.8728951939255896,1,0,16,0,1,0.25217688937568455,0,848,0.06081032628182144,1,1,0,0,1,0,0,0,0,1,1,0,0,0,310.25,1,1,0,0,2,0,1,0,1.8731864588930682,0,3,1,0,0,0,0,0,0,0,1
2019-08-04,30,67640,412,0,0,6,201002,240,1,2,1,587,0.2338689749013738,4,2,0,3,0,94,13,1719,1501,13875,56237,5636.666666666667,0.6319966955900294,3,9755,0.3320527687780757,0.25,4217.456624011062,0.1041210902855791,0.8522065790831422,1,2.787101667428057,1,0,9,0,0,4.052825021620063,0,3220,0.016019661398088587,1,1,0,0,0,0,0,0,0,1,0,0,0,1,5049.666666666667,0,1,0,0,2,0,1,1,2.9716000650493046,0,1,0,0,0,0,1,0,0,0,1
2019-08-05,18,15000,463,0,1,0,17921,120,3,2,0,127,0.0100227203818968,1,0,0,2,0,97,19,1086,303,57996,33011,1250.0,0.7805229597202596,7,24985,0.2659484460718611,0.25,407.6901164144268,0.1015187849720223,0.4274101649995418,0,3.055647437138637,1,1,49,0,0,0.569184612997224,0,1389,0.07750251088048209,1,1,0,0,0,0,0,0,0,1,0,1,0,0,1123.0,0,1,0,0,3,0,1,0,1.1946536897540163,0,1,0,0,0,0,0,0,1,0,0
2019-08-06,20,7168,538,2,1,0,5162,12,0,0,0,87,0.2187535186395487,1,0,0,1,0,99,24,746,89,35065,13037,597.3333333333334,0.8397622686506803,2,22028,0.1921373182712199,0.1725428778451517,471.4220886501142,0.1454038997214484,0.93329596988877,0,3.420662998041187,0,0,4,0,0,0.3717846346888724,0,835,0.16172767770675964,1,0,0,0,0,0,0,0,0,1,0,1,0,0,510.33333333333337,1,0,0,0,3,0,0,0,0.7200446366299345,1,1,0,0,0,0,0,0,1,0,0
2019-08-07,40,35676,547,0,1,16,30126,36,1,1,0,155,0.1399358035708386,2,1,0,0,0,94,9,1246,747,21009,37192,2973.0,0.7610998826578922,9,2842,0.1960782942646577,0.2040408094368413,1125.8023926184735,0.0521183591123066,0.4306665745186529,0,2.9176470708697027,1,1,81,0,0,1.770204664445502,0,1993,0.0661532844292495,1,1,0,0,0,0,0,0,0,1,0,1,0,0,2818.0,0,1,0,0,3,0,0,0,0.8444095635843821,0,1,0,0,0,0,0,0,0,0,1
2019-08-08,43,27065,472,0,3,16,96076,300,0,2,0,121,0.301595874520097,6,0,0,3,1,92,20,269,349,122042,14715,2255.4166666666665,0.9500125997200386,7,107327,0.3218682263080716,0.25,2005.7120567387683,0.0536248476566827,0.9425174384483224,0,5.58586164732074,1,1,49,0,0,0.12057225731914162,0,618,0.006432340726708786,1,1,0,0,1,0,0,0,0,1,0,1,0,0,2134.4166666666665,0,1,0,0,1,0,1,0,3.549693342200547,0,1,0,0,1,1,0,0,0,0,0
2019-08-10,29,32029,603,0,0,9,63854,84,0,2,3,227,0.1592307640220284,0,1,0,2,0,99,18,999,495,45883,5808,2669.083333333333,0.8566983914241588,6,40075,0.1842660925417326,0.177536508972959,1332.8687691433324,0.0850160731562685,0.5842022792584497,0,2.2863538105641856,1,1,36,0,0,0.12658007148461337,0,1494,0.02339675828047921,1,1,0,0,0,0,0,0,0,1,0,0,1,0,2442.083333333333,0,1,0,0,2,0,1,0,1.9935685295035903,0,1,0,0,0,0,0,0,1,0,0
2019-08-13,47,35528,563,0,3,24,14090,120,0,0,0,276,0.5480838677408015,3,0,0,2,0,99,22,610,700,152107,2553,2960.6666666666665,0.8437192347086007,6,149554,0.2158883228936737,0.2123367874368072,283.9201234843887,0.093190770962296,0.1890557535681672,1,1.978923960674271,1,1,36,0,0,0.016784127067609855,0,1310,0.09296714214747001,1,1,0,0,0,0,0,0,0,1,0,1,0,0,2684.6666666666665,0,0,0,0,1,0,1,0,0.39657744377832194,0,1,0,0,0,0,0,0,0,0,0
2019-08-13,20,15000,503,1,1,0,190072,360,1,0,0,149,0.5811782828764424,1,0,0,3,1,99,25,1552,205,34310,17587,1250.0,0.7867294621274464,4,16723,0.3265387908719697,0.25,3962.200305069199,0.1191047162270183,3.0,0,9.30349791736809,1,0,16,0,0,0.5125761417621171,0,1757,0.00924381684931579,1,0,0,0,0,0,0,0,0,1,0,1,0,0,1101.0,0,0,0,0,3,0,1,1,12.670621958536097,0,0,0,0,1,1,0,0,1,0,1
2019-08-13,39,28197,431,0,3,15,25721,48,0,2,3,195,0.2530127793463348,2,2,0,0,0,99,18,3964,692,5840,222247,2349.75,0.7276301762955009,4,3202,0.2580387754839565,0.2194308209769103,809.573246559893,0.082952249282144,0.4273415916451741,1,3.519509094548664,1,0,16,0,0,38.049477829138844,0,4656,0.18101236295777934,1,1,0,0,0,0,0,0,0,1,0,0,1,0,2154.75,0,1,0,0,1,0,1,0,0.9121568905596141,0,1,0,0,0,0,0,0,0,0,0
2019-08-14,25,26778,570,0,1,4,16452,36,0,0,3,111,0.3535317140563154,2,0,0,0,1,97,25,2931,471,64861,6713,2231.5,0.8106965113032125,12,58148,0.1844270657775966,0.2125792781419859,622.0110799853643,0.0497200447928331,0.3283364300046424,1,2.89060608350548,1,1,144,0,0,0.1034966544355709,0,3402,0.2067708016775056,1,0,0,0,0,0,0,0,0,1,0,0,1,0,2120.5,0,0,0,0,3,0,0,0,0.6143620000746853,0,0,0,0,1,1,0,0,1,0,0
2019-08-15,32,68650,610,0,4,10,12989,36,2,3,0,561,0.0814537289294917,4,2,0,4,0,97,21,5045,2114,80377,10366,5720.833333333333,0.7347317664951978,4,70011,0.1643679837774161,0.1786459891127165,468.7016740489596,0.0980454982377443,0.179960095665543,0,0.7674073956663983,1,0,16,0,0,0.12896563736345767,0,7159,0.5511162432640493,1,1,0,0,0,0,0,0,0,1,0,1,0,1,5159.833333333333,0,1,1,1,4,1,0,0,0.1892033619320913,1,1,0,0,0,0,0,0,0,0,0
2019-08-15,40,29600,604,0,4,18,9502,48,3,0,2,396,0.1023427019243236,4,3,0,1,0,97,20,658,334,50510,54621,2466.6666666666665,0.6264608487480111,5,8214,0.1712898407043028,0.1827667965413207,280.4968952268744,0.1604754829123328,0.2741443584601679,1,1.840689052014868,1,1,25,0,0,1.0813684148007365,0,992,0.1043880879722193,1,1,1,0,0,0,0,0,0,1,1,0,0,0,2070.6666666666665,0,0,0,0,4,1,1,0,0.3210026688287558,1,2,0,0,0,0,1,0,0,0,0
2019-08-15,29,40506,597,0,0,5,8225,12,1,0,0,263,0.3424590123960999,3,0,0,1,0,100,11,2596,268,75780,7762,3375.5,0.7065057989704824,3,68018,0.1627537637871976,0.1640250698351429,747.8288565904612,0.0778913075670072,0.2993717922672771,1,1.8978395145481517,1,0,9,0,0,0.10242672965519062,0,2864,0.34816435691709213,1,1,0,0,0,0,0,0,0,1,0,1,0,0,3112.5,0,0,0,0,2,0,0,0,0.2030513244624386,1,1,0,0,0,0,0,0,1,0,1
2019-08-16,35,103187,553,0,0,11,19176,24,1,0,3,665,0.2387847723602712,1,1,0,1,0,97,8,11899,975,36475,25593,8598.916666666666,0.5844860799355686,5,10882,0.1889653667308183,0.1650058290836481,943.5096450974752,0.0773263306814988,0.1870378176258462,1,1.578511016902923,1,1,25,0,0,0.7016394341484812,0,12874,0.6713250247692548,1,1,0,0,0,0,0,0,0,1,0,0,1,1,7933.916666666666,0,0,0,0,2,0,0,0,0.1858355622746831,1,1,0,0,0,0,1,0,0,0,1
2019-08-17,52,80262,590,0,3,32,20969,36,1,4,3,590,0.2146917354892946,1,1,0,1,0,97,2,2330,6521,48286,8486,6688.5,0.69982422307854,4,39800,0.174487712030974,0.1848864417039817,763.2295672297485,0.0881979221167501,0.2022915864010387,1,1.839395296458976,1,0,16,0,0,0.17574088263921966,0,8851,0.4220791607057702,1,1,0,0,0,0,0,0,0,1,0,0,1,1,6098.5,0,1,1,0,1,0,0,0,0.261253628695663,1,1,0,0,0,0,1,0,0,0,1
2019-08-18,33,90542,610,0,1,10,8178,12,1,3,0,1118,0.1979411435114429,1,1,0,4,0,98,23,5322,4521,63188,4812,7545.166666666667,0.666185436617107,5,58376,0.1562523312931837,0.1528832446194928,739.2455690631247,0.1481546922278419,0.2461177510519413,1,1.2608751867734758,1,1,25,0,0,0.07615249489626359,0,9843,1.2034478542609122,1,1,0,0,0,0,0,0,0,1,0,1,0,1,6427.166666666667,0,1,1,0,3,0,0,0,0.09032172558894669,1,1,0,0,0,0,1,0,0,0,1
2019-08-18,50,38455,519,1,4,29,241784,240,0,3,0,173,0.2736705391693573,1,2,0,3,0,98,26,1735,2484,141014,6324,3204.583333333333,0.6582599767049538,4,134690,0.2785989510451248,0.25,5073.151174515132,0.0539683364962175,1.6365667739668175,1,5.353381018687888,1,0,16,0,0,0.04484629294755877,0,4219,0.01744938685195525,1,0,0,0,0,0,0,0,0,1,0,1,0,0,3031.583333333333,0,1,1,0,4,1,1,1,6.2872893696692325,0,0,0,0,0,0,1,0,0,0,0
2019-08-20,26,76779,516,0,3,6,22120,60,1,1,3,659,0.2844890025473321,7,0,0,0,0,93,23,12435,3129,49063,22640,3766.4166666666665,0.948923686718106,8,26423,0.2195010706656427,0.2146927606489523,604.2743251126988,0.1749209228251012,0.3353157977693022,1,3.1710937037611897,1,1,64,0,0,0.4614381216370455,0,15564,0.7035848288956196,1,1,0,0,1,0,0,0,0,1,0,0,1,1,3107.4166666666665,0,1,0,0,1,0,1,0,0.28809585829643136,0,1,0,0,0,0,0,0,1,0,1
2019-08-20,46,42970,538,0,0,24,12097,24,1,3,1,374,0.4819245184251685,2,0,0,1,0,100,17,5255,517,27013,137935,3580.833333333333,0.6005506037084234,9,2751,0.1963501988571667,0.2412053506062548,640.3096511043653,0.1044158019636126,0.2831816996243168,1,2.6387750526118445,1,1,81,0,0,5.106056119049382,0,5772,0.4771036534964457,1,1,0,0,0,0,0,0,0,1,0,0,0,0,3206.833333333333,0,1,1,0,2,0,0,0,0.2815154406460171,1,1,0,0,0,0,1,0,0,0,1
2019-08-21,57,58321,624,0,4,35,26521,120,2,3,1,417,0.2253147919199481,0,1,0,2,0,95,10,5597,1505,35463,18596,4860.083333333333,0.8458367061296788,6,16867,0.1855464324640594,0.1722545646698705,464.7245438939701,0.0857833473334133,0.1813843712260237,1,1.3636839952443545,1,1,36,0,0,0.5243627340401534,0,7102,0.2677776939898952,1,1,0,0,0,0,0,0,0,1,0,0,0,0,4443.083333333333,0,1,1,1,4,1,1,0,0.45473406261788,0,1,0,0,0,0,0,0,0,0,0
2019-08-22,18,63291,544,0,4,0,267178,300,1,1,0,819,0.1849633833100289,1,0,0,3,0,97,15,593,1310,52127,54316,5274.25,0.6380910778316629,5,8998,0.2861239185311854,0.25,5577.689911063644,0.1552533055305436,1.2125851686770568,0,3.090274993740895,1,1,25,0,0,1.0419736034376919,0,1903,0.007122565770513401,1,1,0,0,0,0,0,0,0,1,0,1,0,0,4455.25,0,1,0,0,4,1,1,1,4.221354989572141,0,1,0,0,0,0,1,0,1,0,1
2019-08-23,30,26339,575,0,3,7,17040,48,1,5,0,103,0.2519955544790378,3,0,0,0,0,94,24,1634,978,16094,9484,2194.9166666666665,0.8006681251609515,3,6610,0.1859358443710268,0.1710050779294497,492.5764347013642,0.0469052407878258,0.2712199619147801,1,2.824525492404425,1,0,9,0,0,0.5892513202858031,0,2612,0.1532773898245408,1,0,0,0,0,0,0,0,0,1,0,1,0,0,2091.9166666666665,0,1,1,0,1,0,1,0,0.6469248291571754,0,0,0,0,0,0,0,0,0,0,1
2019-08-23,46,25277,654,2,1,26,17183,60,1,3,0,231,0.4048857488452676,2,1,0,0,1,96,1,1129,363,22774,21657,2106.4166666666665,0.9635843409370928,9,1117,0.1504379334993271,0.1862282676460393,442.17800868380783,0.1096128751631144,0.3194328009887973,1,4.078205517966981,1,1,81,0,0,0.9509110867178924,0,1492,0.08682495344506518,1,1,0,0,0,0,0,0,1,0,0,1,0,0,1875.4166666666665,0,1,1,0,3,0,1,0,0.6797610570456524,0,1,0,0,1,1,0,0,0,0,1
2019-08-24,37,37394,592,0,3,16,235468,180,1,5,3,327,0.4990128658754688,4,0,0,3,0,98,25,1657,787,56171,5794,3116.1666666666665,0.810231432262817,2,50377,0.2220923336372386,0.1994195606210912,4125.422320160802,0.1049029567449072,1.42835555370608,0,4.593200168370669,0,0,4,0,0,0.10314747561062451,0,2444,0.010379285595980788,1,0,0,0,0,0,0,0,0,1,0,0,1,0,2789.1666666666665,0,1,1,0,1,0,1,1,6.296777644070063,0,0,0,0,0,0,0,0,0,0,1
2019-08-25,44,61182,602,0,3,19,34169,60,2,3,1,270,0.3190046077159989,5,2,0,0,0,97,2,668,1262,326457,17251,5098.5,0.7115293617670153,7,309206,0.1766097758362773,0.2026878811261569,910.3873304512578,0.0529463672909108,0.231471189420778,0,2.4583759755233663,1,1,49,0,0,0.052842938448437474,0,1930,0.056482294410301434,1,1,0,0,0,0,0,0,0,1,0,0,0,0,4828.5,0,1,1,1,1,0,1,0,0.5584721246097772,0,1,0,0,0,0,0,0,0,0,0
2019-08-25,32,109257,579,0,4,5,48226,60,1,3,3,971,0.2442458099932667,0,1,0,2,0,95,26,1921,3572,127337,13138,9104.75,0.7749505957677089,4,114199,0.1881959185772948,0.137912933743289,1116.9233828064482,0.1066359168657167,0.2292972443572959,1,1.3756964836596357,1,0,16,0,0,0.10317422921673028,0,5493,0.11389885333941568,1,0,0,0,0,0,0,0,0,1,0,0,1,1,8133.75,0,1,1,0,4,1,1,0,0.4413955957458493,0,0,0,0,0,0,0,0,0,0,1
2019-08-27,41,108285,590,0,4,22,9214,24,2,4,2,881,0.1868222032958525,5,1,0,1,1,94,7,5279,4005,53154,71693,9023.75,0.8029199971159057,7,6945,0.170282146967526,0.1694587678597847,455.3214379049004,0.0976204326989667,0.1480729591296047,1,2.76272482341792,1,1,49,0,0,1.3487536450004702,0,9284,1.0074877916440586,1,1,0,0,0,0,0,0,0,1,1,0,0,1,8142.75,0,1,1,1,4,1,0,0,0.0850894852520178,1,1,0,0,1,1,0,0,0,0,0
2019-08-28,38,23637,599,0,1,19,27920,12,1,1,1,152,0.3429281741634304,3,1,0,1,1,97,5,3759,498,22777,16808,1969.75,0.6877824315858495,7,5969,0.1620592835932134,0.1486354061491478,2518.214630822048,0.0771279969554738,1.3549230652401612,0,6.183712578302964,1,1,49,0,0,0.737904996048819,0,4257,0.1524658858923391,1,1,0,0,0,0,0,0,0,1,0,0,0,0,1817.75,0,1,0,0,3,0,0,0,1.1811489973771048,1,1,0,0,1,1,1,0,0,0,1
2019-08-29,54,68012,648,0,3,28,14634,36,1,3,3,739,0.1417565329690591,1,2,0,1,0,100,29,1966,1478,14009,20554,5667.666666666667,0.9171634050842408,1,5397,0.1453977927997815,0.1491584318362427,506.6895292865311,0.130365753263554,0.2197500051663879,1,1.1226589415031294,0,0,1,0,0,1.4670949321912918,0,3444,0.23532627263409633,1,0,0,0,0,0,0,0,0,1,0,0,1,1,4928.666666666667,0,1,1,0,1,0,0,0,0.21516474791583962,1,0,0,0,0,0,0,0,0,0,1
2019-09-04,43,80326,528,0,4,20,14022,24,2,0,0,426,0.4280253276907754,4,0,0,1,0,100,13,2810,1933,174093,72414,6693.833333333333,0.762368576690175,4,101679,0.2013871135294316,0.2311500962079432,735.1793859107889,0.0636311583559461,0.1734441065365016,1,2.753605799376301,1,0,16,0,0,0.4159477064114789,0,4743,0.33823005063110606,1,1,0,0,0,0,0,0,0,1,0,1,0,1,6267.833333333333,0,0,0,0,4,1,0,0,0.1745614799507015,1,1,0,0,0,0,0,0,0,0,0
2019-09-05,44,85933,497,1,0,23,32987,60,0,2,3,694,0.077739516967756,1,3,0,0,0,100,28,26624,8561,131522,43010,7161.083333333333,0.9048913979846156,3,88512,0.2291009747844883,0.2112096725249346,894.6553177878606,0.0968991797079527,0.2218146932742373,1,2.7206609041155634,1,0,9,0,0,0.32701504679789845,0,35185,1.0665999757487572,1,0,1,0,0,0,0,0,0,1,0,0,1,1,6467.083333333333,0,1,0,0,2,0,1,0,0.3838643610212489,0,1,0,0,0,0,0,0,0,0,0
2019-09-05,35,23751,553,0,0,11,20717,48,1,3,1,157,0.3464116308304857,7,0,0,0,1,94,27,921,80,104981,44717,1979.25,0.6293814174103928,6,60264,0.1969846895416545,0.1961860987526835,626.2237423726311,0.0792829188233808,0.3955176075609802,1,4.094379995429535,1,1,36,0,0,0.42594921034082034,0,1001,0.04831547446664736,1,0,0,0,1,0,0,0,0,1,0,0,0,0,1822.25,0,1,1,0,2,0,1,0,0.8722212866284944,0,0,0,0,1,1,1,0,0,0,1
2019-09-06,34,37886,541,1,1,16,126691,360,1,2,0,196,0.1385988402427296,4,2,0,3,0,94,5,1738,275,47573,5250,3157.1666666666665,0.8141222530157268,3,42323,0.3074373785557592,0.25,2640.9735197689392,0.0620613224972294,0.898297594522858,0,2.819339706424123,1,0,9,0,0,0.11035439525791399,0,2013,0.01588892747766236,1,1,0,0,0,0,0,0,0,1,0,1,0,0,2961.1666666666665,0,1,0,0,3,0,1,1,3.34391743869929,0,1,0,0,0,0,0,0,0,0,1
2019-09-06,34,73258,557,0,3,11,27777,24,1,3,1,665,0.4378473204278734,2,1,0,4,0,96,21,3407,2758,27216,79304,6104.833333333333,0.6760965798210838,3,5846,0.187057999904869,0.1941325084804021,1405.7835171346346,0.108912242391156,0.3391483855004178,1,2.1368895204572285,1,0,9,0,0,2.9137671308373445,0,6165,0.22193822449420406,1,1,0,0,0,0,0,0,0,1,0,0,0,1,5439.833333333333,0,1,1,0,1,0,0,0,0.3791616047175091,1,1,0,0,0,0,1,0,0,0,1
2019-09-06,44,35196,541,0,1,21,141393,300,1,1,1,224,0.2958133694021184,2,0,0,3,0,96,25,478,885,16968,94020,2933.0,0.4577996244387859,7,5917,0.2874648263996823,0.25,2951.7636541744523,0.076346284935242,1.0824007001276252,0,4.087300370037514,1,1,49,0,0,5.5406918498438325,0,1363,0.0096397301158465,1,0,0,0,0,0,0,0,0,1,0,0,0,0,2709.0,0,1,0,0,3,0,1,1,4.0171889649686054,0,0,0,0,0,0,1,0,0,0,1
2019-09-08,34,36807,546,0,1,10,12570,36,1,1,2,124,0.2200397835047074,3,0,0,1,0,92,11,3402,919,70984,59363,3067.25,0.8552052410960843,7,11621,0.1963597869632287,0.1945527080573731,463.6647060358616,0.0404139167277764,0.1915309072063429,0,2.4108842318979145,1,1,49,0,0,0.8362752694231176,0,4321,0.3437276270781959,1,1,0,0,0,0,0,0,0,1,1,0,0,0,2943.25,0,1,0,0,3,0,0,0,0.3415018474244729,1,1,0,0,0,0,0,0,0,0,1
2019-09-11,43,132896,478,0,3,23,46843,72,1,0,3,381,0.0264759002177087,2,0,0,0,0,99,10,3610,4974,14874,43909,11074.666666666666,0.8761635290442874,7,1339,0.2426886445527905,0.2208555565375379,1179.363219456833,0.0343997351551449,0.140882103661796,1,1.750580371723209,1,1,49,0,0,2.9518655462184875,0,8584,0.18324652036546837,1,1,0,0,0,0,0,0,0,1,0,0,1,1,10693.666666666666,0,0,0,0,1,0,1,0,0.3524759776368165,0,1,0,0,0,0,0,0,0,0,1
2019-09-12,64,8204,602,2,3,41,13925,36,1,0,0,239,0.5354775499508494,1,1,0,4,0,94,12,867,407,86041,34028,683.6666666666666,0.8291183876485956,4,52013,0.1683853782188756,0.1843621909982413,506.4745393110033,0.3490749756572541,1.0888138354104238,1,4.027491805467908,1,0,16,0,0,0.3954812765858534,0,1274,0.09148355593853225,1,1,0,0,0,0,0,0,0,1,0,1,0,0,444.66666666666663,1,0,0,0,1,0,0,0,1.6971358927483242,1,2,0,0,0,0,0,0,0,0,1
2019-09-14,50,26216,531,0,3,29,22730,36,1,2,0,100,0.3392646411772885,6,2,0,0,0,95,2,2133,287,58598,100314,2184.6666666666665,0.8916637906886177,4,10825,0.2040078712276498,0.208392166330705,854.479013362605,0.0457526307762696,0.436699258820774,1,2.3883998781640305,1,0,16,0,0,1.711872216249424,0,2420,0.10646254014341648,1,1,0,0,1,0,0,0,0,1,0,1,0,0,2084.6666666666665,0,1,0,0,1,0,0,0,0.8669946980966549,0,1,0,0,0,0,0,0,0,0,1
2019-09-15,36,21631,515,0,3,13,8982,36,2,2,3,185,0.2278445646164551,4,2,0,1,0,98,25,7876,778,57710,22468,1802.5833333333333,0.8158073601271564,7,35242,0.2117757722953073,0.2030943889590954,335.2211594151633,0.1025735803724067,0.2884375508470156,1,2.9503664247674832,1,1,49,0,0,0.38931919391450504,0,8654,0.963375264388289,1,0,0,0,0,0,0,0,0,1,0,0,1,0,1617.5833333333333,0,1,0,1,1,0,0,0,0.4152181952662722,1,0,0,0,0,0,0,0,0,0,0
2019-09-17,54,63357,562,0,1,33,190703,300,0,0,1,459,0.3000133151445273,4,1,0,3,0,93,12,885,1242,55409,59390,5279.75,0.7426072197465116,9,7394,0.2770396194416806,0.25,3981.1743448546295,0.0869194716659565,0.8408226757287562,0,1.5318751915200206,1,1,81,0,0,1.0718281898574264,0,2127,0.011153410521016864,1,1,0,0,0,0,0,0,0,1,0,0,0,0,4820.75,0,0,0,0,3,0,1,1,3.009927712364658,0,1,0,0,0,0,0,0,0,0,0
2019-09-19,35,25598,546,0,4,13,163663,240,3,0,3,150,0.154359835412591,2,2,0,3,1,96,29,3172,314,65486,46956,2133.1666666666665,0.6425768113389368,2,18530,0.2650013927061742,0.25,3434.003658946291,0.0702850449043342,1.6793457207089222,0,6.746761200123117,0,0,4,0,0,0.7170278070456731,0,3486,0.02129973604457914,1,0,0,0,0,0,0,0,0,1,0,0,1,0,1983.1666666666665,0,0,0,0,4,1,1,1,6.39333567717489,0,0,0,0,1,1,1,0,0,0,0
2019-09-21,18,27284,544,0,3,0,27612,60,1,1,0,512,0.2806054709260761,3,1,0,2,0,99,7,3394,1044,207642,33455,2273.6666666666665,0.8424289275025367,4,174187,0.2055565104888263,0.2019569334723674,734.5589451693642,0.2250879249706917,0.5480182935973171,0,3.358000632142918,1,0,16,0,0,0.16111788020785675,0,4438,0.16072139934089016,1,1,0,0,0,0,0,0,0,1,0,1,0,0,1761.6666666666665,0,1,0,0,1,0,1,0,1.011984606926883,0,1,0,0,0,0,0,0,1,0,1
2019-09-21,27,44171,559,0,3,3,9853,24,2,2,0,341,0.3428613687669856,3,1,0,4,0,97,19,1217,1626,59096,63644,3680.9166666666665,0.667453972008043,4,8635,0.1857989081857759,0.2074242872159693,505.0571528622104,0.0926148065998234,0.2297871542074219,1,1.4578432631416431,1,0,16,0,0,1.0769412998967798,0,2843,0.28851227927745077,1,1,0,0,0,0,0,0,0,1,0,1,0,0,3339.9166666666665,0,1,0,1,1,0,0,0,0.22305985692293762,1,1,0,0,0,0,1,0,1,0,0
2019-09-22,18,99337,601,0,1,0,23370,180,2,2,0,1023,0.3751274517310035,3,2,0,2,0,99,19,9442,2364,51553,24657,8278.083333333334,0.823456621520092,5,26896,0.2170148128041297,0.2081274681468737,424.54676168374255,0.1235644042718094,0.1748438448319048,1,1.480924326181385,1,1,25,0,0,0.47827520657950884,0,11806,0.50515596251765,1,1,0,0,0,0,0,0,0,1,0,1,0,1,7255.083333333334,0,1,0,1,3,0,1,0,0.2352574040145765,0,1,0,0,0,0,0,0,1,0,0
2019-09-22,35,79100,624,0,4,13,21185,24,1,0,3,644,0.3230319412763769,2,1,0,4,0,99,29,21355,8457,63268,55902,6591.666666666667,0.7282064789250738,8,7366,0.1534902739662891,0.1396181679478566,1016.7708330029816,0.0976842956820709,0.2519118464459978,1,1.0547866557232883,1,1,64,0,0,0.8835606695221989,0,29812,1.4071556688379119,1,0,0,0,0,0,0,0,0,1,0,0,1,1,5947.666666666667,0,0,0,0,4,1,0,0,0.26782215142665705,1,0,0,0,0,0,0,0,0,0,1
2019-09-23,40,31239,475,0,0,17,9263,60,2,3,2,196,0.433467948033786,3,2,0,1,0,96,2,758,2260,41823,50341,2603.25,0.7177882637797962,1,4144,0.2397834727999531,0.2362752585512876,264.4787956992517,0.0752615916290678,0.1768181993661329,1,1.7807772800580666,0,0,1,0,0,1.2036390589135424,0,3018,0.32577720207253885,1,1,0,0,0,0,0,0,0,1,1,0,0,0,2407.25,0,1,1,1,2,0,1,0,0.2965108834827145,1,1,0,0,0,0,0,0,0,0,0
2019-09-24,60,101329,580,0,0,40,16085,24,1,0,3,708,0.1977546260208403,5,1,0,1,0,86,26,6732,5298,18180,17788,8444.083333333334,0.9328192356074472,4,3217,0.175421426151866,0.147231173589275,777.7933994511576,0.083835762425869,0.1759359074156944,1,0.3659816040660884,1,0,16,0,0,0.9783840272812276,0,12030,0.7478552778813875,1,0,0,0,0,0,0,0,0,1,0,0,1,1,7736.083333333334,0,0,0,0,2,0,0,0,0.15873877430178623,1,0,0,0,0,0,0,0,0,0,1
2019-09-27,43,46677,539,0,1,21,10536,48,0,2,3,683,0.2227280502966638,4,3,0,0,0,100,13,3651,11667,101709,37725,3889.75,0.81385741229775,3,63984,0.2038156620378999,0.2214572551569806,332.782137826376,0.1755445608173231,0.2610761775560948,1,1.1413276105449548,1,0,9,0,0,0.3709074820568282,0,15318,1.4537344595235835,1,1,1,0,0,0,0,0,0,1,0,0,1,0,3206.75,0,1,0,0,3,0,1,0,0.22571661168002058,0,2,0,0,0,0,0,0,0,0,0
2019-09-28,37,18677,582,0,3,15,23613,48,3,0,3,278,0.1092821297997101,4,2,0,0,1,96,5,1663,309,8842,4657,1556.4166666666667,0.8216183484143487,3,4185,0.1825173987588667,0.2079049787395019,728.5347735660389,0.1785007223500454,0.6462848350790554,0,4.477950061237872,1,0,9,0,0,0.5266312337442045,0,1972,0.0835097823325146,1,1,0,0,0,0,0,0,0,1,0,0,1,0,1278.4166666666667,0,0,0,0,1,0,1,0,1.2642145840025698,0,1,0,0,1,1,0,0,0,0,0
2019-10-04,49,38345,505,0,3,21,107489,300,2,5,0,718,0.1925807133774908,1,2,0,3,0,99,16,4319,462,41638,42066,3195.4166666666665,0.614149166406785,4,5812,0.3053962882747417,0.25,2243.9733467962183,0.2246265349219177,0.9266543306711844,0,4.5312845795042245,1,0,16,0,0,1.0102548091933043,0,4781,0.04447855614475765,1,1,0,0,0,0,0,0,0,1,0,1,0,0,2477.4166666666665,0,1,1,1,1,0,1,1,2.8031346163876285,0,1,0,0,0,0,1,0,0,0,0
2019-10-04,18,105737,577,0,1,0,16906,36,3,0,3,834,0.1741141426684781,0,0,0,4,1,100,19,6517,4799,31018,1717,8811.416666666666,0.7384165960214295,2,29301,0.1809338707540842,0.1419214711174471,579.3860000662763,0.0946391928056057,0.1603857436079331,0,2.2546979521743475,0,0,4,0,0,0.055353170637351304,0,11316,0.6693085704146212,1,1,0,0,0,0,0,0,0,1,0,0,1,1,7977.416666666666,0,0,0,0,3,0,0,0,0.15988575535758195,1,1,0,0,1,1,0,0,1,0,0
2019-10-06,42,56881,600,0,1,17,5557,24,1,2,3,259,0.1551862030065485,1,1,0,4,0,91,2,4960,848,13624,82573,4740.083333333333,0.5815664717584671,9,3444,0.1651557484025756,0.1586634147666159,271.7332505852462,0.0546288647109486,0.1119434553815575,1,0.5925113922045206,1,1,81,0,0,6.060403669724771,0,5808,1.0449802087081683,1,1,0,0,0,0,0,0,0,1,0,0,1,0,4481.083333333333,0,1,0,0,3,0,0,0,0.09769347069371681,1,1,0,0,0,0,1,0,0,0,1
2019-10-06,49,55015,615,0,1,25,12050,24,2,1,1,311,0.0549552567545848,1,1,0,1,0,96,12,1154,1068,183355,5220,4584.583333333333,0.8297376592885846,7,178135,0.1578492257307568,0.1707013678633941,596.1854528859782,0.0678212513856834,0.1978342529055143,1,1.96589663429264,1,1,49,0,0,0.028469207443443355,0,2222,0.1843830387519708,1,1,0,0,0,0,0,0,0,1,0,0,0,0,4273.583333333333,0,1,0,1,3,0,0,0,0.21902719208957394,1,1,0,0,0,0,0,0,0,0,0
2019-10-07,22,107647,579,0,1,0,178689,300,1,0,0,419,0.1129844862297441,4,0,1,3,0,100,20,6619,771,47773,17848,8970.583333333334,0.8157093302454868,5,29925,0.2685233519349682,0.25,3730.3663943814663,0.0467030160042355,0.4625010146163125,0,3.208213089967969,1,1,25,0,0,0.3735923305563696,0,7390,0.041356539257932735,1,1,0,0,0,0,0,0,0,1,0,1,0,1,8551.583333333334,0,0,0,0,3,0,1,1,1.6599379458977408,0,1,0,1,0,1,0,0,1,0,1
2019-10-07,53,22745,582,0,1,27,99877,180,1,0,2,236,0.4636673206680069,3,1,0,3,0,96,25,737,801,90566,74982,1895.4166666666667,0.7843152853256974,6,15584,0.2268779261800411,0.2079979064468435,1813.4318870020509,0.1244452256448565,1.0806864983971791,0,3.0193275934793635,1,1,36,0,0,0.8279174533770579,0,1538,0.015398786519553856,1,0,0,0,0,0,0,0,0,1,1,0,0,0,1659.4166666666667,0,0,0,0,3,0,1,0,4.390969840851139,0,0,0,0,0,0,0,0,0,0,1
2019-10-09,44,20322,563,0,3,21,10328,12,3,1,0,120,0.2099599555062421,6,1,0,4,0,99,1,310,89,101365,37054,1693.5,0.9340684969237076,7,64311,0.1798106776880016,0.1842572770583401,948.964776068956,0.0708173502508114,0.6308437746054625,0,2.738800038602781,1,1,49,0,0,0.36554663299331136,0,399,0.038629102526866105,1,1,0,0,1,0,0,0,0,1,0,1,0,0,1573.5,0,1,0,0,1,0,0,0,0.5081926880873887,1,1,0,0,0,0,0,0,0,0,0
2019-10-10,35,15000,567,0,0,12,80647,360,2,3,1,35,0.0826900521458951,3,1,0,3,0,93,9,537,298,58033,12079,1250.0,0.8496410611359474,9,45954,0.2943244623211834,0.25,1681.1501325966774,0.0279776179056754,1.3718226479589748,0,5.373489945069468,1,1,81,0,0,0.20813660957369817,0,835,0.010353635552028569,1,1,0,0,0,0,0,0,0,1,0,0,0,0,1215.0,0,1,1,1,2,0,1,0,5.37610825944937,0,1,0,0,0,0,0,0,0,0,0
2019-10-11,47,54142,596,0,3,25,18233,48,2,0,1,1310,0.2967315271210458,3,0,0,1,0,98,23,3699,1023,292002,15221,4511.833333333333,0.6486660273526945,3,276781,0.1754527608155362,0.1723390763631453,528.3230547871796,0.2902832662407209,0.4073545196559101,1,1.6094225628285803,1,0,9,0,0,0.05212617678585494,0,4722,0.2589667653833498,1,1,0,0,0,0,0,0,0,1,0,0,0,0,3201.833333333333,0,0,0,0,1,0,1,0,0.3367563673974475,1,1,0,0,0,0,1,0,0,0,0
2019-10-13,67,59194,637,0,3,42,28091,36,1,2,0,314,0.4473610083150761,5,1,0,0,0,93,2,4776,734,92882,51536,4932.833333333333,0.8733180625238597,3,41346,0.1510608100293197,0.1414578726021976,962.0740517639208,0.0636421984258352,0.2586374458866846,1,0.3684655619048154,1,0,9,0,0,0.554848572935844,0,5510,0.19614125017798661,1,1,0,0,0,0,0,0,0,1,0,1,0,0,4618.833333333333,0,1,0,0,1,0,0,0,0.47455021538981335,0,1,0,0,0,0,0,0,0,1,1
2019-10-14,42,112228,558,0,1,17,21269,60,3,2,0,594,0.471124443594176,3,1,0,0,0,99,28,1647,371,85555,9751,9352.333333333334,0.6614252958276238,2,75804,0.1984912632270485,0.1795439049254018,539.5652313019921,0.0635067712045616,0.1211937168177468,1,2.1010506201146715,0,0,4,0,0,0.11397213520968723,0,2018,0.09487541137752703,1,0,0,0,0,0,0,0,0,1,0,1,0,1,8758.333333333334,0,1,0,0,3,0,1,0,0.18951429666129074,0,0,0,0,0,0,1,0,0,0,0
2019-10-15,42,73755,603,0,4,21,26003,12,3,0,3,1201,0.3116643133219472,3,0,0,1,0,95,2,1507,242,153685,25981,6146.25,0.9256359133608684,3,127704,0.160041501412831,0.1729869812100512,2375.28472122168,0.1953719142706088,0.5817698517583765,0,2.039076164807428,1,0,9,0,0,0.16905248363546452,0,1749,0.06725888324873096,1,1,0,0,0,0,0,0,0,1,0,0,1,1,4945.25,0,0,0,0,4,1,0,0,0.35255436845815935,1,1,0,0,0,0,0,0,0,0,0
2019-10-15,34,51253,515,0,2,14,148500,240,2,0,0,197,0.1645792502147758,2,1,0,3,0,100,21,5521,466,59654,11943,4271.083333333333,0.8038006011404428,5,47711,0.2804770867428022,0.25,3115.8511291710665,0.0461133326831171,0.7754650063406379,1,3.5473795692495385,1,1,25,0,0,0.20020115665074176,0,5987,0.040316226826755376,1,1,0,0,0,0,0,0,0,1,0,1,0,0,4074.083333333333,0,0,0,0,5,1,1,1,2.897334842158661,0,1,0,0,0,0,0,0,0,0,0
2019-10-16,29,40867,591,0,1,7,15080,60,1,4,0,509,0.3253507771919576,6,0,0,0,0,100,19,3545,1345,55326,36036,3405.583333333333,0.926144774122996,3,19290,0.1819052977380901,0.2148222200494655,412.0659343258696,0.1494165708554514,0.2703782189366284,1,1.3987948600173312,1,0,9,0,0,0.6513275615883746,0,4890,0.3242490551024468,1,1,0,0,1,0,0,0,0,1,0,1,0,0,2896.583333333333,0,1,1,0,3,0,1,0,0.3689928550455124,0,1,0,0,0,0,0,0,1,0,1
2019-10-16,49,56657,541,0,3,28,4285,36,0,1,3,298,0.1855662826006968,1,2,1,4,0,95,14,7179,1452,139172,37119,4721.416666666667,0.7371568450552523,7,102053,0.1985907772940084,0.2037426817869678,160.06427863281783,0.0631032839824242,0.0969978532106409,1,3.3826365912269503,1,1,49,0,0,0.2667112155374965,0,8631,2.01376574895007,1,1,0,0,0,0,0,0,0,1,0,0,1,0,4423.416666666667,0,1,0,0,1,0,0,0,0.07562921387976984,1,1,0,1,0,1,0,0,0,0,0
2019-10-16,29,15000,572,0,3,7,2978,24,1,0,3,83,0.1129329953706923,4,0,0,1,0,100,17,3511,323,39271,15165,1250.0,0.860733053290686,6,24106,0.1789998357381783,0.1710993870499695,147.39642420847466,0.0663469224620303,0.1841698035239605,1,1.8137727468905285,1,1,36,0,0,0.38615298431452433,0,3834,1.2870090634441087,1,1,0,0,0,0,0,0,0,1,0,0,1,0,1167.0,0,0,0,0,1,0,0,0,0.19852009866008932,1,1,0,0,0,0,0,0,1,0,1
2019-10-16,40,287599,585,0,4,15,35293,48,3,2,3,2366,0.5820205042401593,4,1,0,1,0,95,24,15313,1358,35222,9031,23966.58333333333,0.5608863844498054,10,26191,0.1811178670642008,0.1594085632398386,999.1448078985296,0.0987166693902528,0.1404040099119378,1,0.1994675562082019,1,1,100,0,0,0.2563949691962638,0,16671,0.47234657448858164,1,0,0,0,0,0,0,0,0,1,0,0,1,1,21600.58333333333,0,1,0,0,4,1,1,0,0.12271557719054242,1,0,0,0,0,0,1,0,0,0,0
2019-10-17,34,63362,579,0,1,12,9932,12,0,0,0,710,0.5856923776037272,3,2,0,1,0,99,5,2184,1711,20688,12636,5280.166666666667,0.8449429136442845,1,8052,0.1718009044565538,0.1680062837216718,904.9061436307908,0.1344399911635686,0.3057858699714313,0,1.8510839988429253,0,0,1,0,0,0.6107593407124559,0,3895,0.39212725259236886,1,1,0,0,0,0,0,0,0,1,0,1,0,0,4570.166666666667,0,0,0,0,3,0,0,0,0.15674762874232595,1,1,0,0,0,0,0,0,0,0,0
2019-10-19,45,66411,645,0,1,23,148571,240,2,1,3,743,0.5644291587019563,4,0,0,3,0,96,21,3887,210,26127,6172,5534.25,0.7593209920341238,5,19955,0.2154772062420522,0.2181319021170502,2736.9482351905403,0.1342306128901133,0.6286885389441381,0,1.8167588013442728,1,1,25,0,0,0.23622167789344764,0,4097,0.02757585547747893,1,1,0,0,0,0,0,0,0,1,0,0,1,1,4791.25,0,1,0,1,3,0,1,1,2.2371107631150995,0,1,0,0,0,0,0,0,0,0,0
2019-10-19,44,79367,610,0,1,21,151785,240,1,0,0,673,0.157369488856727,0,1,0,3,0,95,22,21783,138,67769,5476,6613.916666666667,0.957007998942764,4,62293,0.2329825567282691,0.2379758917576252,3037.3681226706963,0.1017397548469998,0.560909276660683,0,1.709555167867034,1,0,16,0,0,0.08080271506566328,0,21921,0.14442043403212418,1,1,0,0,0,0,0,0,0,1,0,1,0,1,5940.916666666667,0,0,0,0,3,0,1,1,1.9124206229210765,0,1,0,0,0,0,0,0,0,0,1
2019-10-22,52,78425,583,0,1,28,32322,36,2,5,0,747,0.1337547819284783,5,1,0,0,0,99,27,64959,1180,435448,54541,6535.416666666667,0.6782891594250873,6,380907,0.1780958835825274,0.1708457894866619,1153.728467555511,0.1142828002090849,0.2907905913110666,1,1.5412842201678505,1,1,36,0,0,0.12525232576030718,0,66139,2.046190019490765,1,0,0,0,0,0,0,0,0,1,0,1,0,1,5788.416666666667,0,1,1,1,3,0,0,0,0.4121337311605845,0,0,0,0,0,0,1,0,0,0,0
2019-10-22,33,44086,588,0,4,15,24159,48,0,1,3,168,0.5232505355278213,1,1,0,0,0,95,8,3656,490,28284,32609,3673.8333333333335,0.9129396563018172,8,7143,0.1795231134130122,0.2103290705968644,748.5278936655848,0.0457163590185495,0.2494066561745888,1,2.0564605698172462,1,1,64,0,0,1.1528725472865475,0,4146,0.17160596026490066,1,1,0,0,0,0,0,0,0,1,0,0,1,0,3505.8333333333335,0,1,0,0,4,1,1,0,0.5479846666817882,0,1,0,0,0,0,0,0,0,0,0
2019-10-22,36,24420,577,0,3,15,19453,48,1,5,1,182,0.6843121433134508,6,3,0,0,0,95,20,2177,1291,69723,11158,2035.0,0.8772308257891043,11,58565,0.1849689519958573,0.209651398767464,602.0109798570946,0.0893909626719057,0.3850741551360975,0,2.5599326511385136,1,1,121,0,0,0.16003097928977109,0,3468,0.1782666803742161,1,1,1,0,1,0,0,0,0,1,0,0,0,0,1853.0,0,1,1,0,1,0,1,0,0.7965685270873428,0,2,0,0,0,0,0,0,0,0,1
2019-10-23,28,66796,546,0,1,5,4938,48,3,1,3,296,0.2995857347330132,4,0,0,1,0,97,28,7203,1501,91284,84780,5566.333333333333,0.7851605322975987,3,6504,0.2001262295401351,0.2274214620425706,157.57336997354432,0.0531672853550473,0.0814704891582225,1,1.1555207113055643,1,0,9,0,0,0.9287396614996988,0,8704,1.7623000607410406,1,0,0,0,0,0,0,0,0,1,0,0,1,1,5270.333333333333,0,1,0,0,3,0,1,0,0.07392547569501624,1,0,0,0,0,0,0,0,1,0,0
2019-10-23,34,68571,637,0,4,9,106733,180,3,1,2,241,0.6691738473157129,5,0,0,3,0,99,13,3665,6860,30913,40313,5714.25,0.772057078664324,6,3116,0.1993945237592383,0.1936271056470282,1824.492373783887,0.0421678841695463,0.3614001791319517,1,0.8693054744245451,1,1,36,0,0,1.3040370058873003,0,10525,0.09860962767253172,1,1,0,0,0,0,0,0,0,1,1,0,0,1,5473.25,0,1,0,0,4,1,1,1,1.556509945750452,0,1,0,0,0,0,0,0,0,0,0
2019-10-26,44,29027,603,0,3,22,24250,12,2,4,2,251,0.4640031642659619,0,1,0,1,0,97,19,4851,322,107191,35363,2418.9166666666665,0.6244674161177065,5,71828,0.1600240532831572,0.1640739124348451,2204.901071555058,0.1037225799786494,1.0148701008526704,0,3.860631773339724,1,1,25,0,0,0.329903350996343,0,5173,0.21331079130757494,1,1,0,0,0,0,0,0,0,1,1,0,0,0,2167.9166666666665,0,1,1,1,1,0,0,0,0.8354003031555739,1,1,0,0,0,0,1,0,0,0,0
2019-10-28,49,137727,564,1,1,30,117424,360,2,1,3,1735,0.2650432453536898,1,0,0,3,0,95,28,19697,4302,23999,64441,11477.25,0.925469060046925,11,10824,0.2959183887777238,0.25,2447.795617568319,0.1511554461699301,0.3644105693436124,1,0.9358681895067096,1,1,121,0,0,2.6850416666666668,0,23999,0.20437726208218013,1,0,0,0,0,0,0,0,0,1,0,0,1,1,9742.25,0,1,0,1,3,0,1,1,0.8525789962825279,0,0,0,0,0,0,0,0,0,0,0
2019-10-28,28,43808,574,0,0,4,184534,240,1,1,3,255,0.1700041649317293,2,0,0,3,0,95,23,3258,653,22705,57868,3650.6666666666665,0.7628813017336686,8,1432,0.2510313986065921,0.2459628141678911,3811.637290005128,0.0698311273391145,1.1136386919229015,0,3.706687675211768,1,1,64,0,0,2.548577468510526,0,3911,0.021193811472078466,1,1,0,0,0,0,0,0,0,1,0,0,1,0,3395.6666666666665,0,1,0,0,2,0,1,1,4.212239494167865,0,1,0,0,0,0,0,0,1,0,1
2019-10-29,50,94689,550,0,2,29,30297,36,0,0,0,601,0.2448079369997999,2,0,0,0,0,96,1,3595,7239,50328,43131,7890.75,0.7455069073772151,5,7197,0.1945797092456795,0.2193735954028572,1156.0745918367638,0.0761554788228213,0.2226470164205358,1,1.5629739772735014,1,1,25,0,0,0.8569810645949651,0,10834,0.3575813585055119,1,1,0,0,0,0,0,0,0,1,0,1,0,1,7289.75,0,0,0,0,5,1,0,0,0.3199598690463618,0,1,0,0,0,0,0,0,0,0,0
2019-10-29,56,126969,577,0,3,36,9985,36,0,4,0,507,0.3216680385014824,6,2,0,1,0,98,18,1448,1987,18597,20511,10580.75,0.883834878588377,4,1817,0.1808022348477651,0.1652830681505582,353.6528807335608,0.0479126798497413,0.0813337000716857,1,0.4535452893283962,1,0,16,0,0,1.1028605226368426,0,3435,0.3439815742038854,1,1,0,0,1,0,0,0,0,1,0,1,0,1,10073.75,0,1,1,0,1,0,0,0,0.07864062376939435,1,1,0,0,0,0,0,0,0,0,0
2019-10-30,44,51678,608,0,1,23,60000,360,3,0,0,366,0.4221120828891147,4,2,0,3,0,93,3,5610,2331,14112,21882,4306.5,0.7920759832942919,9,8941,0.273750529126933,0.25,1250.7471816161872,0.0849680789320951,0.375333065958488,1,1.5712393984367583,1,1,81,0,0,1.550485368100333,0,7941,0.13234779420342993,1,1,0,0,0,0,0,0,0,1,0,1,0,0,3940.5,0,0,0,0,3,0,1,0,1.1610131774995647,0,1,0,0,0,0,0,0,0,0,0
2019-10-30,62,9355,518,2,3,40,13881,60,1,3,0,235,0.185511572028283,1,2,0,2,0,95,14,1106,111,9830,3855,779.5833333333334,0.7802682793805327,10,5975,0.2183845870789748,0.2147048712991448,379.2107659841522,0.3010569018896124,0.7868612353805728,1,4.075716215107866,1,1,100,0,0,0.3921269453768691,0,1217,0.08766748307160352,1,1,0,0,0,0,0,0,0,1,0,1,0,0,544.5833333333334,1,1,1,0,1,0,1,0,1.4836468576314665,0,2,0,0,0,0,0,0,0,0,1
2019-10-30,30,68920,552,0,1,9,14482,24,2,1,3,723,0.4389556298834642,1,1,0,1,0,99,5,1720,873,39878,30343,5743.333333333333,0.9015881214421088,6,9535,0.1893951827067002,0.1818197534416759,724.2748372420042,0.1258631695003771,0.2519482685386185,1,1.1478902596389735,1,1,36,0,0,0.7608766518719126,0,2593,0.17903749223227233,1,1,0,0,0,0,0,0,0,1,0,0,1,1,5020.333333333333,0,1,0,1,3,0,0,0,0.21012463545218438,1,1,0,0,0,0,0,0,0,0,0
2019-10-31,25,25999,576,0,3,7,145266,180,2,0,3,241,0.0493903091379802,1,3,0,3,0,94,10,438,458,513611,39629,2166.583333333333,0.7554471377878313,2,473982,0.2299715821768631,0.2478688113473877,3078.2054742744763,0.1111837299604013,1.5312931333394992,1,4.843428605467748,0,0,4,0,0,0.0771574651682593,0,896,0.006167952804146847,1,1,1,0,0,0,0,0,0,1,0,0,1,0,1925.583333333333,0,0,0,0,1,0,1,1,5.587153846153846,0,2,0,0,0,0,0,0,1,0,0
2019-10-31,18,37585,551,1,3,0,16960,84,2,0,0,194,0.2474236825673133,3,1,0,2,0,95,4,3800,2552,173383,20808,3132.083333333333,0.7461253362689053,3,152575,0.2099346679674679,0.2079371043343998,384.7643027811624,0.0619198340293108,0.1847267503623679,1,1.395551598490386,1,0,9,0,0,0.12001107368615328,0,6352,0.37450622015211366,1,1,0,0,0,0,0,0,0,1,0,1,0,0,2938.083333333333,0,0,0,0,1,0,1,0,0.451231841643165,0,1,0,0,0,0,0,0,1,0,0
2019-11-01,57,62806,596,0,0,32,5715,12,1,4,0,320,0.1040304117115016,3,2,0,4,0,96,12,660,133,10009,2780,5233.833333333333,0.8125837029417109,8,7229,0.1631627561347624,0.1639442463164011,519.5941551874354,0.0611289757712757,0.1603860336567421,1,1.1839067826996206,1,1,64,0,0,0.2777222777222777,0,793,0.13873337998600418,1,1,0,0,0,0,0,0,0,1,0,1,0,0,4913.833333333333,0,1,1,0,2,0,0,0,0.09099304217682742,1,1,0,0,0,0,0,0,0,0,1
2019-11-01,47,35251,632,0,4,23,19348,60,0,2,3,370,0.1605205898657742,2,0,0,2,0,94,19,2482,485,17465,2625,2937.583333333333,0.988980777183342,4,14840,0.1614675990043839,0.1780949426675439,489.3091123380289,0.1259110115418427,0.2924229177340653,1,1.4918000345459617,1,0,16,0,0,0.15029199587770525,0,2967,0.15334125794614709,1,1,0,0,0,0,0,0,0,1,0,0,1,0,2567.583333333333,0,1,0,0,4,1,1,0,0.5488482922954726,0,1,0,0,0,0,0,0,0,0,0
2019-11-01,39,164998,610,0,3,19,213959,360,1,2,1,1513,0.2938013400113633,4,1,0,3,1,95,26,20018,2195,38095,2393,13749.833333333334,0.8222587070499312,6,35702,0.2730683860901613,0.25,4460.143603856963,0.1100296951699897,0.434384117606712,1,3.3073542282913766,1,1,36,0,0,0.062814993700126,0,22213,0.1038184707421948,1,0,0,0,0,0,0,0,0,1,0,0,0,1,12236.833333333334,0,1,0,0,1,0,1,1,1.2967290710852792,0,0,0,0,1,1,0,0,0,0,1
2019-11-02,43,18648,546,0,3,21,13121,120,0,1,0,148,0.1362862763696428,2,1,0,2,1,97,4,1686,44,70103,4960,1554.0,0.7800646805830596,5,65143,0.2243705113724762,0.25,298.49350022173394,0.095176848874598,0.2871340837438803,0,3.655855432587582,1,1,25,0,0,0.07075202556202213,0,1730,0.13183965858862978,1,1,0,0,0,0,0,0,0,1,0,1,0,0,1406.0,0,1,0,0,1,0,1,0,0.7035765992814628,0,1,0,0,1,1,0,0,0,0,0
2019-11-04,26,19653,604,0,1,4,28177,120,1,0,0,130,0.2488860175482798,1,1,0,2,0,99,11,693,237,66964,25990,1637.75,0.775799602699955,3,40974,0.1955615742026533,0.1700594702149271,489.8158308911726,0.0793287566742944,0.3782247633203189,1,2.340342027630629,1,0,9,0,0,0.38811319345926976,0,930,0.033004471573568034,1,1,0,0,0,0,0,0,0,1,0,1,0,0,1507.75,0,0,0,0,3,0,1,0,1.4336521827617787,0,1,0,0,0,0,0,0,1,0,1
2019-11-04,69,119292,625,0,1,45,257752,300,1,2,0,1510,0.1645739135756955,2,0,0,3,1,94,26,1784,490,47196,22303,9941.0,0.6632803861921105,4,24893,0.2456149392602492,0.25,5380.909842713384,0.1518809092737879,0.693111028235102,0,2.8319632629156386,1,0,16,0,0,0.47255122147594125,0,2274,0.008822399739285284,1,0,0,0,0,0,0,0,0,1,0,1,0,1,8431.0,0,1,0,0,3,0,1,1,2.1606632409277995,0,0,0,0,1,1,1,0,0,1,1
2019-11-05,41,77472,600,0,4,17,207976,300,1,2,3,457,0.317102483964463,2,1,0,3,0,94,7,7272,144,38448,22027,6456.0,0.7647594985437512,5,16421,0.2580612956939115,0.25,4341.770793041988,0.0707759021217283,0.7431889101815067,1,2.4228305235501724,1,1,25,0,0,0.5728887617363261,0,7416,0.035657789082446614,1,1,0,0,0,0,0,0,0,1,0,0,1,1,5999.0,0,1,0,0,4,1,1,1,2.6844965342764575,0,1,0,0,0,0,0,0,0,0,1
2019-11-05,41,24013,617,0,3,20,88763,300,1,2,0,246,0.2492320542771973,2,0,0,3,0,100,23,4163,354,12480,15633,2001.0833333333333,0.861507446863038,4,4891,0.249348434110344,0.25,1853.0436247585587,0.1228720083246618,1.0484296981104142,1,3.299175252038989,1,0,16,0,0,1.2525438666773496,0,4517,0.050887747284935336,1,1,0,0,0,0,0,0,0,1,0,1,0,0,1755.0833333333333,0,1,0,0,1,0,1,0,3.6963021570750394,0,1,0,0,0,0,0,0,0,0,1
2019-11-06,48,80971,561,0,1,25,146396,360,0,1,3,534,0.1604930952777662,4,0,0,3,1,95,5,2383,1156,25094,9720,6747.583333333333,0.5589833817954606,5,15374,0.297473519347124,0.25,3051.7397399980555,0.0791277181630712,0.5313322163908063,0,2.9828612051542285,1,1,25,0,0,0.3873281530185296,0,3539,0.02417399263646113,1,1,0,0,0,0,0,0,0,1,0,0,1,1,6213.583333333333,0,1,0,0,3,0,1,1,1.8079830064713729,0,1,0,0,1,1,1,0,0,0,0
2019-11-06,45,108478,572,0,3,22,259903,240,1,5,0,453,0.3949569812820137,1,0,0,3,0,94,21,9399,1630,29792,12852,9039.833333333334,0.9092083083983136,5,16940,0.2521170169027615,0.25,5453.326976598974,0.0501060005530463,0.6532945314700681,0,1.818314942183328,1,1,25,0,0,0.43137649783506193,0,11029,0.04243489903964541,1,1,0,0,0,0,0,0,0,1,0,1,0,1,8586.833333333334,0,1,1,0,1,0,1,1,2.3958830741433825,0,1,0,0,0,0,0,0,0,0,1
2019-11-08,42,40465,588,0,3,17,21488,60,2,0,3,640,0.294679694548551,2,2,0,0,0,91,23,10268,1000,11268,18275,3372.083333333333,0.889193641428708,2,1999,0.1834938241138206,0.1573202495991546,519.491803166371,0.1897373817229537,0.3437483419718964,1,2.033920454779046,0,0,4,0,0,1.6217055639364628,0,11268,0.5243613011308111,1,1,0,0,0,0,0,0,0,1,0,0,1,0,2732.083333333333,0,0,0,0,1,0,1,0,0.5310136905056096,0,1,0,0,0,0,0,0,0,0,0
2019-11-13,30,240167,505,0,1,6,49424,48,0,0,2,1070,0.3873543077427033,1,4,0,0,0,100,4,12549,1365,23412,43779,20013.916666666668,0.8646679806457148,4,10416,0.2212020529120096,0.2321760624011264,1590.0102370730017,0.0534601276547908,0.1329013895672645,1,1.0730889705848343,1,0,16,0,0,1.8698586255499081,0,13914,0.28151745068285283,1,1,1,0,0,0,0,0,0,1,1,0,0,1,18943.916666666668,0,0,0,0,3,0,1,0,0.2057892808367476,0,2,0,0,0,0,0,0,0,0,0
2019-11-16,45,18860,488,0,1,21,18839,24,3,4,3,113,0.5407065090601273,1,1,0,1,0,100,15,661,2170,222583,46864,1571.6666666666667,0.7324864715875188,8,175719,0.2214609343870326,0.2056545494586242,964.0380326782266,0.0718524798643493,0.6848482615588553,1,2.982943227350498,1,1,64,0,0,0.21054523236171513,0,2831,0.15026539278131634,1,1,0,0,0,0,0,0,0,1,0,0,1,0,1458.6666666666667,0,1,1,0,3,0,0,0,0.998833571920895,1,1,0,0,0,0,0,0,0,0,0
2019-11-26,62,14746,656,2,1,39,21539,60,1,2,3,80,0.4662382484925539,2,0,0,2,1,96,27,2532,318,43639,23894,1228.8333333333333,0.954982111845432,3,19745,0.1494944167376775,0.1634739920768645,527.7706958402343,0.0650494646971134,0.4941894802874924,0,4.517887323986047,1,0,9,0,0,0.547525206232814,0,2850,0.13231197771587744,1,0,0,0,0,0,0,0,1,0,0,0,1,0,1148.8333333333333,0,1,0,0,3,0,1,0,1.4605682511697293,0,0,0,0,1,1,0,0,0,0,1
2019-11-27,56,86681,564,0,0,31,11484,24,2,1,2,321,0.0920765989607108,1,1,0,1,0,97,17,2163,6024,83226,3498,7223.416666666667,0.9366152153979592,3,79728,0.1833371992787807,0.1592551551934738,561.8837386483734,0.0444326531553874,0.1222083082115105,1,1.2063408437334469,1,0,9,0,0,0.04202962980763454,0,8187,0.7128428384849804,1,1,0,0,0,0,0,0,0,1,1,0,0,1,6902.416666666667,0,1,0,1,2,0,0,0,0.13248425278604556,1,1,0,0,0,0,0,0,0,0,0
2019-11-28,59,56366,605,0,0,36,35594,180,2,3,0,330,0.2249236871008153,2,0,0,2,0,97,20,803,201,307794,18418,4697.166666666667,0.8462939132498974,6,289376,0.2151199901143844,0.2053513680029051,639.2535042242818,0.070240164603214,0.2063046232695622,0,1.9920587985072125,1,1,36,0,0,0.05983852889098264,0,1004,0.028206208737182187,1,1,0,0,0,0,0,0,0,1,0,1,0,0,4367.166666666667,0,1,1,1,2,0,1,0,0.6314687671864744,0,1,0,0,0,0,0,0,0,0,0
2019-12-02,33,40701,581,0,0,12,200844,240,2,1,3,752,0.1633447105588318,6,0,0,3,0,93,25,4786,339,263666,27026,3391.75,0.7050825893754216,6,236640,0.2475525721863195,0.2331786451338765,3941.591711359309,0.2216491047085697,1.383418086024408,0,3.8421590847604814,1,1,36,0,0,0.1025005025278097,0,5125,0.025517189872787473,1,0,0,0,1,0,0,0,0,1,0,0,1,0,2639.75,0,1,0,1,2,0,1,1,4.934499533192472,0,0,0,0,0,0,0,0,0,0,0
2019-12-03,28,37724,539,0,2,3,26765,72,2,0,3,198,0.2603942568488637,4,1,0,0,0,98,16,1311,1438,18539,9523,3143.6666666666665,0.6447279166534181,4,9016,0.212048721926089,0.215955435894956,666.0902182502851,0.0629637481450074,0.2747795902852295,1,2.0421448523429846,1,0,16,0,0,0.513646170442287,0,2749,0.10270492415751327,1,1,0,0,0,0,0,0,0,1,0,0,1,0,2945.6666666666665,0,0,0,0,5,1,1,0,0.7094764744864148,0,1,0,0,0,0,1,0,1,0,0
2019-12-03,38,52893,534,0,3,14,14057,60,0,2,0,770,0.41557935318705,2,0,0,1,0,100,16,2011,809,82097,155747,4407.75,0.5271132653170824,4,1574,0.2103877367269339,0.2046956146186184,376.10671772097567,0.1746526793308761,0.2599618299338759,1,1.2897602046858014,1,0,16,0,0,1.8970864089259178,0,2820,0.2005975245411865,1,1,0,0,0,0,0,0,0,1,0,1,0,0,3637.75,0,1,0,0,1,0,1,0,0.2657579309562521,1,1,0,0,0,0,1,0,0,0,0
2019-12-07,40,10169,544,2,3,18,100423,120,2,0,0,151,0.0411998897061811,6,1,0,3,0,96,10,477,112,140232,11585,847.4166666666666,0.8774653888153123,6,128647,0.2258792891253745,0.2352643892099379,2181.063593177879,0.1779785875650722,2.748724400170371,0,8.135896918301784,1,1,36,0,0,0.08261250918114851,0,589,0.005865131840994185,1,1,0,0,1,0,0,0,0,1,0,1,0,0,696.4166666666666,1,0,0,0,1,0,1,1,9.874434611602753,0,2,0,0,0,0,0,0,0,0,0
2019-12-09,53,87042,557,0,0,31,214800,360,1,0,2,340,0.2979635400865162,3,1,1,3,0,99,27,2831,265,27233,15196,7253.5,0.4885818803692396,4,12037,0.2995693668242749,0.25,4477.674910185951,0.0468674615755737,0.6640946874610174,0,3.865107902188527,1,0,16,0,0,0.5579789968421826,0,3096,0.01441334072001527,1,0,0,0,0,0,0,0,0,1,1,0,0,1,6913.5,0,0,0,0,2,0,1,1,2.467745826775272,0,0,0,1,0,1,1,0,0,0,1
2019-12-13,19,84590,558,0,1,0,28556,36,1,0,0,471,0.2225785871867197,2,1,0,0,0,94,28,17957,3381,94471,16358,7049.166666666667,0.9114181958251378,6,78113,0.1905649143422298,0.219836784902175,1090.3254799146289,0.0668069312782203,0.2214593716339512,1,1.7251536248899004,1,1,36,0,0,0.17315183334744685,0,21338,0.7472073397065518,1,0,0,0,0,0,0,0,0,1,0,1,0,1,6578.166666666667,0,0,0,0,3,0,0,0,0.3375772836353749,0,0,0,0,0,0,0,0,1,0,1
2019-12-14,58,27044,485,0,3,35,23413,48,0,1,3,100,0.2463897720308395,5,0,0,0,0,94,29,7441,996,54235,6039,2253.6666666666665,0.6040193492544814,5,48196,0.2310152723532599,0.2463526526616407,771.5525960263417,0.0443524541691306,0.386554965712452,0,2.8388509447679207,1,1,25,0,0,0.11134670698429087,0,8437,0.36033996754078756,1,0,0,0,0,0,0,0,0,1,0,0,1,0,2153.6666666666665,0,1,0,0,1,0,1,0,0.865705305971529,0,0,0,0,0,0,1,0,0,0,0
2019-12-14,38,51320,634,0,4,15,18422,48,2,0,0,236,0.0976066659023163,2,4,0,0,0,98,26,16122,1256,98778,3788,4276.666666666667,0.772644027088597,5,94990,0.1564553387907494,0.1411100779984795,504.4347789455654,0.0551702641627055,0.1730931455494971,1,2.1240570122989597,1,1,25,0,0,0.03834823191164114,0,17378,0.943277424957933,1,0,1,0,0,0,0,0,0,1,0,1,0,0,4040.666666666667,0,0,0,0,4,1,1,0,0.35895637263498376,0,1,0,0,0,0,0,0,0,0,0
2019-12-15,34,23778,604,0,3,11,71521,360,1,3,0,107,0.0419979047361059,2,1,0,3,0,100,16,3691,278,75215,12516,1981.5,0.8454126271008076,1,62699,0.2757944400934156,0.25,1490.9114862728554,0.0539722572509457,0.8060083159005575,0,3.405928208423471,0,0,1,0,0,0.1664007657945118,0,3969,0.0554934146136853,1,1,0,0,0,0,0,0,0,1,0,1,0,0,1874.5,0,1,1,0,1,0,1,0,3.007737920013457,0,1,0,0,0,0,0,0,0,0,1
2019-12-17,27,36090,579,0,4,1,171826,240,2,2,2,98,0.0440890834761429,3,1,1,3,0,95,14,3002,227,155500,1088,3007.5,0.6414750478265177,5,154412,0.2485135608589179,0.2488272784246281,3588.965008211944,0.0325743726109356,1.2255160406222183,0,5.878418684991057,1,1,25,0,0,0.006996739570806618,0,3229,0.018792157227909466,1,1,0,0,0,0,0,0,0,1,1,0,0,0,2909.5,0,1,0,1,4,1,1,1,4.760909922141254,0,1,0,1,0,1,1,0,1,0,0
2019-12-18,20,73933,560,0,3,0,7383,36,2,0,3,1112,0.1877520981240392,5,0,0,1,0,96,15,921,1346,25436,26099,6161.083333333333,0.9033841575196788,6,5569,0.1892267676940456,0.201990910153941,275.1282571747206,0.1804584488471161,0.2251070266562532,1,1.2656405038715055,1,1,36,0,0,1.026025081574085,0,2267,0.3070151679306609,1,1,0,0,0,0,0,0,0,1,0,0,1,1,5049.083333333333,0,0,0,0,1,0,0,0,0.09985933400059513,1,1,0,0,0,0,0,0,1,0,0
2019-12-20,49,52082,523,0,1,26,27176,36,1,2,0,408,0.4996992133726507,1,1,1,0,0,98,10,2253,268,76561,13906,4340.166666666667,0.7096925637508223,8,62655,0.2080525315765843,0.20637867188847,1018.8116778109628,0.0939839520866126,0.3286700989313847,0,4.768415602904678,1,1,64,0,0,0.1816305739139521,0,2521,0.09276226220701328,1,1,0,0,0,0,0,0,0,1,0,1,0,0,3932.166666666667,0,1,0,0,3,0,0,0,0.5217825394082523,0,1,0,1,0,1,0,0,0,0,1
2019-12-21,40,283651,591,1,4,16,42304,60,1,3,2,715,0.0381858787580012,5,1,0,2,0,95,2,77293,1551,315447,11554,23637.58333333333,0.6970769011494637,7,303893,0.1821631651403396,0.1879756950061174,1092.6824246628694,0.0302471594814974,0.0764716903366122,0,0.0115444882433244,1,1,49,0,0,0.036627272957825065,0,78844,1.8637040538943388,1,1,0,0,0,0,0,0,0,1,1,0,0,1,22922.58333333333,0,1,1,0,4,1,1,0,0.14914049610085597,0,1,0,0,0,0,1,0,0,0,1
2019-12-22,24,35851,541,0,3,4,18903,60,2,2,0,282,0.4499534958586713,1,1,0,2,0,98,1,1210,2429,102967,33378,2987.583333333333,0.9427579056432558,4,69589,0.2069617822047166,0.25,554.8280657857209,0.0943590887544265,0.2800082756442197,1,1.935556500682031,1,0,16,0,0,0.324158962007614,0,3639,0.1924989420228523,1,1,0,0,0,0,0,0,0,1,0,1,0,0,2705.583333333333,0,1,0,1,1,0,1,0,0.527250920450742,0,1,0,0,0,0,0,0,1,0,0
2019-12-23,24,54308,577,0,2,1,44610,84,1,0,2,252,0.3188021778089109,5,0,0,2,0,94,9,12884,163,128335,10431,4525.666666666667,0.6396282362248715,3,117904,0.1971764339360924,0.2131697748807294,1026.2948035036725,0.0556701030927835,0.2823920773572178,1,2.236414356483192,1,0,9,0,0,0.08127883056975439,0,13047,0.2924615005267759,1,1,0,0,0,0,0,0,0,1,1,0,0,0,4273.666666666667,0,0,0,0,5,1,1,0,0.8214108158868696,0,1,0,0,0,0,1,0,1,0,1
2019-12-23,35,47302,587,0,0,9,136176,240,2,0,2,87,0.1609473528544638,3,0,0,3,0,98,22,2608,1788,19971,8690,3941.8333333333335,0.8720288339867232,7,11281,0.2444554276972819,0.25,2857.2669586935967,0.0220653506361753,0.7467388828744803,0,2.453027282586277,1,1,49,0,0,0.4351091528139395,0,4396,0.032281515968188464,1,1,0,0,0,0,0,0,0,1,1,0,0,0,3854.8333333333335,0,0,0,0,2,0,1,1,2.8788026129420965,0,1,0,0,0,0,0,0,0,0,0
2019-12-24,60,51883,659,0,4,38,27671,120,3,3,2,1607,0.3068073064375456,2,0,0,2,1,96,2,186,4438,8223,3747,4323.583333333333,0.7349851581407909,3,4476,0.1680570440876542,0.1806477235277939,499.7449212489608,0.3715964929183929,0.4871555844491287,0,3.066718640334617,1,0,9,0,0,0.45561770428015563,0,4624,0.16710031801098582,1,1,0,0,0,0,0,0,1,0,1,0,0,0,2716.583333333333,0,1,1,0,4,1,1,0,0.5333243389098759,0,1,0,0,1,1,0,0,0,0,0
2019-12-24,36,40830,616,0,1,15,125219,240,1,0,0,317,0.2337166648513829,4,0,0,3,0,92,7,4043,1773,54300,4876,3402.5,0.9144195799448508,3,49424,0.2299344568673248,0.222656428239412,2351.923089523897,0.0931394153077714,0.7841701452986329,0,3.3470942274377404,1,0,9,0,0,0.08979576803373787,0,5816,0.04644625459191822,1,1,0,0,0,0,0,0,0,1,0,1,0,0,3085.5,0,0,0,0,3,0,1,1,3.0667629987019667,0,1,0,0,0,0,0,0,0,0,1
2019-12-27,21,11079,589,2,0,0,17712,48,0,0,3,120,0.0265531406697219,4,0,0,0,0,93,20,3172,489,181584,57458,923.25,0.8920014527767814,4,124126,0.1789455135280631,0.1761637131874597,516.7461290129894,0.1298350013524479,0.6889327876797289,0,4.315723394454178,1,0,16,0,0,0.31642481482501306,0,3661,0.20668435612262182,1,1,0,0,0,0,0,0,0,1,0,0,1,0,803.25,1,0,0,0,2,0,1,0,1.5985559566787004,0,2,0,0,0,0,0,0,1,0,0
2019-12-28,37,49239,606,0,3,17,31794,84,2,2,2,132,0.5224379140292209,3,0,0,2,1,97,9,2446,594,41401,10726,4103.25,0.5960831548720273,3,30675,0.1825917660809253,0.1875784577067565,682.4380035323248,0.0321617835170859,0.1984377178613205,1,2.8114330352886805,1,0,9,0,0,0.2590696101637602,0,3040,0.09561251769146092,1,1,0,0,0,0,0,0,0,1,1,0,0,0,3971.25,0,1,0,1,1,0,1,0,0.6456945572705117,0,1,0,0,1,1,1,0,0,0,0
2019-12-29,36,30969,496,1,0,15,122520,300,0,0,0,103,0.3048691123711828,2,0,0,3,0,100,27,5546,311,42758,18690,2580.75,0.8207255034437047,3,24068,0.3099290094307115,0.25,2557.7651150301213,0.0398954197734095,1.0306052541997175,0,3.3525782347754305,1,0,9,0,0,0.43710096120115066,0,5857,0.04780404991797325,1,0,0,0,0,0,0,0,0,1,0,1,0,0,2477.75,0,0,0,0,2,0,1,1,3.956086535356797,0,0,0,0,0,0,0,0,0,0,0
2019-12-30,18,21222,552,0,3,0,128068,240,1,5,3,369,0.1996496702532405,7,1,0,3,0,93,13,208,43,25778,12811,1768.5,0.7124596067732739,6,12967,0.2619400811150399,0.25,2687.143585257105,0.2085334840350381,1.7271226816937582,0,5.259486841466892,1,1,36,0,0,0.4969548857597269,0,251,0.0019598810016475494,1,1,0,0,1,0,0,0,0,1,0,0,1,0,1399.5,0,1,1,0,1,0,1,1,6.034396645149131,0,1,0,0,0,0,0,0,1,0,1
2019-12-30,39,4474,546,2,3,19,163119,300,2,3,3,341,0.1954562682885282,4,2,0,3,0,100,12,223,341,33721,40714,372.8333333333333,0.7031948784399014,5,8740,0.2850005603513121,0.25,3405.3222967564343,0.9121711992866696,3.0,0,8.07196154994895,1,1,25,0,1,1.2073423877587333,0,564,0.003457577243746935,1,1,0,0,0,0,0,0,0,1,0,0,1,0,31.833333333333314,1,1,1,1,1,0,1,1,36.45117318435754,0,3,1,0,0,0,0,0,0,0,0
2020-01-02,37,40718,487,0,3,14,79192,240,1,2,2,419,0.0904453338709786,2,0,0,3,0,98,6,2608,522,45331,9062,3393.1666666666665,0.8613117400206788,6,36269,0.2943199107975145,0.25,1661.6194115913474,0.1234470905966118,0.6129985990448361,0,2.997104464018688,1,1,36,0,0,0.19990293832171535,0,3130,0.039523695276097635,1,1,0,0,0,0,0,0,0,1,1,0,0,0,2974.1666666666665,0,1,0,0,1,0,1,0,1.9448414744959355,0,1,0,0,0,0,0,0,0,0,1
2020-01-03,48,119695,629,1,0,24,35896,48,1,3,1,484,0.1202036414010104,4,0,0,0,0,99,7,10066,1143,171044,8075,9974.583333333334,0.8131635838803659,5,162969,0.1591221022513812,0.1448586071780998,989.6822738992308,0.048518465920957,0.1477289321993765,1,0.5595411578457568,1,1,25,0,0,0.04720979859101406,0,11209,0.3122545059475722,1,1,0,0,0,0,0,0,0,1,0,0,0,1,9490.583333333334,0,1,1,0,2,0,1,0,0.2998930624248095,0,1,0,0,0,0,0,0,0,0,1
2020-01-04,62,27349,667,0,1,41,16727,36,3,1,0,410,0.1309810005065956,1,1,0,4,0,96,19,5542,514,238091,4245,2279.083333333333,0.7660297614551297,3,233846,0.1359312098102771,0.1520722205290665,581.545802540513,0.1798179891085852,0.434872615419252,1,2.0047923643791936,1,0,9,0,0,0.017829242477697696,0,6056,0.36202773792443804,1,1,0,0,0,0,0,0,1,0,0,1,0,0,1869.083333333333,0,1,0,0,3,0,0,0,0.6115904936014626,1,1,0,0,0,0,0,0,0,0,0
2020-01-08,53,39496,573,0,3,27,14971,48,1,3,0,349,0.5488460231627325,4,1,0,0,0,98,15,3905,807,29245,26835,3291.333333333333,0.6802734866109482,6,2410,0.1869034842672561,0.1796850978005217,439.5268093515615,0.1060038473220613,0.2395039412832524,1,1.6306206474125151,1,1,36,0,0,0.917561375914655,0,4712,0.3147208121827411,1,1,0,0,0,0,0,0,0,1,0,1,0,0,2942.333333333333,0,1,1,0,1,0,1,0,0.3790414461857863,0,1,0,0,0,0,1,0,0,0,1
2020-01-10,36,46033,580,1,3,12,12738,36,2,2,2,451,0.1307257779338802,0,1,1,0,0,100,6,728,468,16242,46203,3836.0833333333335,0.9714144094080664,3,8831,0.1793631058582774,0.1321016320856904,430.4841340950318,0.1175371918775111,0.2297276492374933,0,3.1248164636003004,1,0,9,0,0,2.8444868558763776,0,1196,0.09388492032341628,1,1,0,0,0,0,0,0,0,1,1,0,0,0,3385.0833333333335,0,1,0,1,1,0,0,0,0.27670851978972066,0,1,0,1,0,1,0,0,0,0,0
2020-01-10,26,15000,604,0,1,1,6191,12,1,0,0,201,0.1515153104673591,0,1,0,1,0,97,17,1106,1650,32372,37688,1250.0,0.8599390348452203,4,4972,0.1591827533538174,0.1492073062911765,558.5576644220097,0.1606714628297362,0.6071604032150357,1,2.620869331721141,1,0,16,0,0,1.1641800265653477,0,2756,0.4450904392764858,1,1,0,0,0,0,0,0,0,1,0,1,0,0,1049.0,0,0,0,0,3,0,0,0,0.41270581961202585,1,1,0,0,0,0,0,0,1,0,1
2020-01-10,70,35878,601,0,3,49,17067,84,1,4,0,119,0.3477521126942222,2,2,0,2,0,94,5,3414,1430,58907,56421,2989.833333333333,0.8373759934777473,10,2486,0.1849362401610769,0.2004334905766477,379.43880751426656,0.0397882418500975,0.1666554942928726,1,1.8207698928765368,1,1,100,0,0,0.957781625585659,0,4844,0.28380595265994846,1,1,0,0,0,0,0,0,0,1,0,1,0,0,2870.833333333333,0,1,1,0,1,0,1,0,0.4756821539061847,0,1,0,0,0,0,0,0,0,1,1
2020-01-11,40,29424,598,0,3,16,5082,36,2,3,3,114,0.2213041683069641,6,2,0,4,0,100,10,235,1384,91089,23912,2452.0,0.5603490934008977,5,67177,0.1701334142293617,0.1594637191471543,178.53351847571196,0.0464737056665307,0.1192554090810077,1,2.137029197838288,1,1,25,0,0,0.2625096058842903,0,1619,0.31851268935667915,1,1,0,0,1,0,0,0,0,1,0,0,1,0,2338.0,0,1,1,1,1,0,0,0,0.17271028037383176,1,1,0,0,0,0,1,0,0,0,0
2020-01-12,40,34926,543,1,3,20,15695,48,1,4,3,191,0.047130700636029,3,1,0,1,0,98,15,1745,604,22324,37350,2910.5,0.8684229326419518,4,7976,0.2019152902954513,0.2065427831049834,483.0928176249433,0.0656019234071784,0.2315276722050294,1,2.7992179165767594,1,0,16,0,0,1.6730123180291154,0,2349,0.1496559633027523,1,1,0,0,0,0,0,0,0,1,0,0,1,0,2719.5,0,1,1,0,1,0,1,0,0.4493658201391474,1,1,0,0,0,0,0,0,0,0,1
2020-01-12,39,54729,575,0,4,15,12428,60,1,2,0,533,0.3286307265471636,2,1,1,1,0,97,5,2042,1752,729575,50478,4560.75,0.9472674723371194,5,679097,0.1898569469326863,0.1814433269576352,316.5661332027695,0.1168411245684222,0.1862368900537665,1,3.534609789231041,1,1,25,0,0,0.06918813118852594,0,3794,0.30525384182154636,1,1,0,0,0,0,0,0,0,1,0,1,0,0,4027.75,0,1,0,0,4,1,1,0,0.22707838479809977,1,1,0,1,0,1,0,0,0,0,1
2020-01-14,42,55217,569,0,4,19,12719,24,0,1,2,195,0.239893266427716,6,1,0,4,0,100,18,1497,432,41900,7577,4601.416666666667,0.8499322286725205,3,34323,0.1808627327092235,0.1757862314040276,632.3980899603212,0.0423690452479675,0.1797747031364655,1,1.1860570272099622,1,0,9,0,0,0.18083100641989452,0,1929,0.15165094339622642,1,1,0,0,1,0,0,0,0,1,1,0,0,0,4406.416666666667,0,1,0,0,4,1,0,0,0.23034155528994169,1,1,0,0,0,0,0,0,0,0,0
2020-01-16,38,28355,611,0,0,14,197199,180,1,0,0,183,0.1211197760731337,4,0,0,3,0,100,6,2436,1059,65041,69835,2362.9166666666665,0.7360843576513132,3,2974,0.2125479934302876,0.2308141689360878,3920.070298195771,0.0774138964289491,1.7357085197006823,0,4.813411639220136,1,0,9,0,0,1.0736908459149472,0,3495,0.01772312373225152,1,1,0,0,0,0,0,0,0,1,0,1,0,0,2179.9166666666665,0,0,0,0,2,0,1,1,6.954401184934405,0,1,0,0,0,0,0,0,0,0,1
2020-01-18,33,64661,468,0,1,13,36713,84,1,0,3,418,0.5497688998962968,3,1,0,2,0,98,11,1068,1011,91692,33590,5388.416666666667,0.8058484317992604,5,58102,0.2516277283581726,0.25,929.266088539008,0.077559414284168,0.2499836572057596,0,2.3818256989600988,1,1,25,0,0,0.36633112669451323,0,2079,0.056626899820232064,1,1,0,0,0,0,0,0,0,1,0,0,1,0,4970.416666666667,0,0,0,0,3,0,1,0,0.5677677770560762,0,1,0,0,0,0,0,0,0,0,1
2020-01-18,33,150642,549,0,1,12,37733,36,2,0,0,1499,0.2540625528984446,5,0,0,1,0,94,3,11928,1040,20318,57636,12553.5,0.848362369656567,6,4270,0.1951345792059429,0.1865326384249205,1376.535618454132,0.1193994185351865,0.2290442166915553,1,0.7435917979068205,1,1,36,0,0,2.8365569171711207,0,12968,0.3436688397731489,1,1,0,0,0,0,0,0,0,1,0,1,0,1,11054.5,0,0,0,0,3,0,0,0,0.2504796107353146,1,1,0,0,0,0,0,0,0,0,0
2020-01-20,39,106237,454,0,1,15,51544,60,2,0,2,1051,0.1360424170803778,2,1,0,2,0,95,4,9702,1993,178449,46009,8853.083333333334,0.7863873265686078,2,132440,0.2507125526228826,0.2304027428127417,1454.242573846656,0.1187022936686462,0.2829477066716851,0,2.0027312574670906,0,0,4,0,0,0.2578257214906136,0,11695,0.22688912600640218,1,1,0,0,0,0,0,0,0,1,1,0,0,1,7802.083333333334,0,0,0,0,3,0,1,0,0.4851747962122781,0,1,0,0,0,0,0,0,0,0,0
2020-01-22,33,15082,455,0,1,12,2055,36,0,2,3,97,0.2072772145180908,2,1,0,4,0,97,3,2643,245,340947,4477,1256.8333333333333,0.8706242025191652,5,336470,0.2414071294066437,0.25,81.70644222708029,0.0771167351265403,0.1420748182539395,1,2.412797897864202,1,1,25,0,0,0.013131034644579232,0,2888,1.404669260700389,1,1,0,0,0,0,0,0,0,1,0,0,1,0,1159.8333333333333,0,1,0,0,3,0,0,0,0.13624610488629582,1,1,0,0,0,0,0,0,0,0,0
2020-01-23,31,65929,536,1,1,8,155355,360,3,2,0,959,0.3208185442546808,3,0,0,3,0,96,1,1118,12920,25462,46423,5494.083333333333,0.8868347667690253,6,1229,0.3099883686341352,0.25,3238.4971399997125,0.1745196463505254,0.763864146433881,0,3.1671733207033563,1,1,36,0,0,1.823155166319758,0,14038,0.0903602049486341,1,1,0,0,0,0,0,0,0,1,0,1,0,1,4535.083333333333,0,1,0,0,3,0,1,1,2.356362809039891,0,1,0,0,0,0,0,0,0,0,0
2020-01-23,41,36718,577,0,3,21,22898,36,1,1,1,144,0.1701299555711269,2,1,0,0,0,95,17,425,1089,135707,28126,3059.833333333333,0.6299799940947265,3,107581,0.1810097121301166,0.1945565585471637,844.6341027552677,0.0470460114347944,0.3229950784934171,1,2.1805128613521614,1,0,9,0,0,0.20725380965013115,0,1514,0.06611642429800428,1,1,0,0,0,0,0,0,0,1,0,0,0,0,2915.833333333333,0,1,0,0,1,0,0,0,0.6236008605898854,0,1,0,0,0,0,1,0,0,0,1
2020-01-23,36,46361,546,0,3,12,24959,24,0,1,1,565,0.4015580057011271,4,1,0,4,0,96,21,3198,4320,41574,13926,3863.4166666666665,0.8716811564940278,4,27648,0.1925312574556208,0.2250930375890158,1301.112838483235,0.1462057662864166,0.4828963850041796,0,2.4729585807732413,1,0,16,0,0,0.3349609140108238,0,7518,0.30120192307692306,1,1,0,0,0,0,0,0,0,1,0,0,0,0,3298.4166666666665,0,1,0,0,1,0,0,0,0.5383503731504249,1,1,0,0,0,0,0,0,0,0,0
2020-01-24,58,48273,583,0,0,38,18868,48,1,1,3,258,0.1345882423853011,4,0,0,0,0,100,14,1892,2872,36749,36528,4022.75,0.8239141215695127,4,5273,0.1819613189106969,0.2035595914030195,577.7445291847554,0.0641192917054986,0.2077028963491159,0,2.4765185048665725,1,0,16,0,0,0.9939591836734694,0,4764,0.25247760877629977,1,1,0,0,0,0,0,0,0,1,0,0,1,0,3764.75,0,1,0,0,2,0,1,0,0.390852218585574,0,1,0,0,0,0,0,0,0,0,1
2020-01-25,18,49986,601,0,4,0,16404,24,3,2,2,383,0.1326628698382395,1,1,0,1,0,97,26,47539,996,53072,40729,4165.5,0.7580189444827315,7,12343,0.1649263353613488,0.1586237457684178,802.1125775919385,0.0919236769470778,0.2844383961579115,1,1.3836043573991643,1,1,49,0,0,0.7674146929700602,0,48535,2.9585492227979273,1,0,0,0,0,0,0,0,0,1,1,0,0,0,3782.5,0,1,0,0,4,1,0,0,0.3281653229839758,1,0,0,0,0,0,0,0,1,0,0
2020-01-28,53,62827,636,0,1,29,326921,300,2,5,0,496,0.1986227551032633,2,0,0,3,1,95,22,5186,774,59422,90362,5235.583333333333,0.915087171435836,5,2625,0.240174369222329,0.25,6824.903111090125,0.0947182482216458,1.3980304800057528,0,4.81167577086022,1,1,25,0,0,1.5206569846692357,0,5960,0.018230648289194365,1,1,0,0,0,0,0,0,0,1,0,1,0,0,4739.583333333333,0,1,1,1,3,0,1,1,5.203428407716305,0,1,0,0,1,1,0,0,0,0,0
2020-01-28,54,44870,666,0,4,33,16904,12,1,2,3,349,0.2696879638212242,7,0,0,1,0,98,5,2482,151,85557,125598,3739.1666666666665,0.7984926931781898,5,6561,0.1284338411787855,0.1293371785037715,1509.2936109998163,0.093311349761597,0.4968478082972639,1,1.980556788424398,1,1,25,0,0,1.4679866289534584,0,2633,0.15575273587695948,1,1,0,0,1,0,0,0,1,0,0,0,1,0,3390.1666666666665,0,1,0,0,4,1,0,0,0.37672438768915334,1,1,0,0,0,0,0,0,0,0,1
2020-01-29,18,29697,593,0,2,0,5602,24,1,0,0,293,0.3972700399145646,4,5,0,4,0,98,28,1303,238,126545,37072,2474.75,0.7117423318734184,7,89473,0.1686577643618913,0.1703958785280609,277.0821355344795,0.1183479753610017,0.2302664386688799,1,1.473668618256598,1,1,49,0,0,0.29295276026109085,0,1541,0.2750312332678922,1,0,1,0,0,0,0,0,0,1,0,1,0,0,2181.75,0,0,0,0,5,1,0,0,0.1886322311266752,1,1,0,0,0,0,0,0,1,0,1
2020-02-02,35,27688,528,0,3,12,11811,48,1,1,0,237,0.2851580646047197,1,2,0,0,0,96,14,427,1031,45242,35222,2307.333333333333,0.7390970958121947,3,10020,0.2093442178107159,0.2233050217571779,374.2407385387537,0.1026714801444043,0.2647974318579438,1,2.379728079561529,1,0,9,0,0,0.7785071723802577,0,1458,0.12343379613951913,1,1,0,0,0,0,0,0,0,1,0,1,0,0,2070.333333333333,0,1,0,0,1,0,1,0,0.42655928346997,0,1,0,0,0,0,0,0,0,0,1
2020-02-04,35,63514,501,0,1,14,125886,300,2,3,0,663,0.2394460099869064,3,0,0,3,0,93,4,5825,901,57230,44735,5292.833333333333,0.5296128181687803,8,12495,0.307435784989537,0.25,2628.0347638808507,0.1252400591883638,0.6216732860021127,0,3.688077310130015,1,1,64,0,0,0.7816567943946463,0,6726,0.05342886874736867,1,1,0,0,0,0,0,0,0,1,0,1,0,0,4629.833333333333,0,1,1,1,3,0,1,1,1.981988506651972,0,1,0,0,0,0,1,0,0,0,0
2020-02-04,23,66195,622,0,1,3,159135,240,1,1,0,589,0.2987100831014297,4,0,0,3,0,96,6,3191,1850,240046,12829,5516.25,0.6336836527455478,4,227217,0.2269943786153786,0.25,3338.9964272096813,0.10675608319362,0.7119482400126297,0,2.853325476869179,1,0,16,0,0,0.05344370060863081,0,5041,0.03167730746028554,1,1,0,0,0,0,0,0,0,1,0,1,0,1,4927.25,0,1,0,0,3,0,1,1,2.4039972203758535,0,1,0,0,0,0,1,0,1,0,1
2020-02-05,30,169209,621,0,2,11,35596,12,1,4,2,367,0.2535691250833859,6,1,0,1,0,96,9,4724,246,24946,57959,8157.25,0.8604336046743002,6,5864,0.1511200041609066,0.1534960901532543,3218.710102347304,0.0449851377440014,0.4395195173410111,1,1.031305056259988,1,1,36,0,0,2.3232853649737444,0,4970,0.13961850717757116,1,1,0,0,1,0,0,0,0,1,1,0,0,1,7790.25,0,1,1,0,5,1,0,0,0.2103658176230719,1,1,0,0,0,0,0,0,0,0,1
2020-02-05,26,35790,621,0,2,3,18918,24,2,0,0,289,0.0118821094303089,6,2,0,1,0,99,20,2052,1081,91942,12331,2982.5,0.8284425603032789,11,79611,0.1549619804967716,0.1568760423323813,923.4628039287642,0.0968660968660968,0.4063894097297684,1,0.9462229103862584,1,1,121,0,0,0.1341157021197916,0,3133,0.16560071885406205,1,1,0,0,1,0,0,0,0,1,0,1,0,0,2693.5,0,0,0,0,5,1,0,0,0.5285686345729373,1,1,0,0,0,0,0,0,1,0,0
2020-02-06,61,70001,629,0,1,42,149434,300,1,0,3,372,0.1671602837745165,1,0,0,3,0,94,14,4558,4023,19059,18040,5833.416666666667,0.9450702214088657,7,1019,0.2434786541986647,0.249296385247014,3110.961503049178,0.0637595875051776,0.596968249276422,1,0.9128630380088554,1,1,49,0,0,0.9464847848898216,0,8581,0.05742295981530431,1,1,0,0,0,0,0,0,0,1,0,0,1,1,5461.416666666667,0,0,0,0,3,0,1,1,2.1347104368446614,0,1,0,0,0,0,0,0,0,0,1
2020-02-07,51,81356,615,0,3,28,129711,180,1,0,0,330,0.4424992156931325,6,0,0,3,0,96,25,745,264,121814,12651,6779.666666666667,0.9457104447064963,5,109163,0.2104432679718068,0.2376097288005683,2645.975929788156,0.0486677809458263,0.4388913474272179,1,1.690000073557387,1,1,25,0,0,0.10385420514714937,0,1009,0.00777877143209572,1,0,0,0,1,0,0,0,0,1,0,1,0,1,6449.666666666667,0,0,0,0,1,0,1,1,1.5943434492422286,0,0,0,0,0,0,0,0,0,0,1
2020-02-07,55,98746,518,0,1,33,10318,36,0,3,2,603,0.3509346132898486,2,0,0,1,0,100,10,11902,2749,51280,10348,8228.833333333334,0.7926405165930093,6,40932,0.2103104355337789,0.1923679564268934,379.4532570082267,0.073270013568521,0.1193770538498017,1,0.9828355487701396,1,1,36,0,0,0.2017901366978023,0,14651,1.4198081209419517,1,1,0,0,0,0,0,0,0,1,1,0,0,1,7625.833333333334,0,1,1,0,3,0,0,0,0.10448925030633842,1,1,0,0,0,0,0,0,0,0,0
2020-02-08,48,36131,588,0,3,24,32040,36,1,1,3,279,0.169833325441301,2,1,0,1,0,96,23,808,2658,39799,57936,3010.9166666666665,0.8539587819163239,6,3802,0.1755936929029204,0.1767348199373463,1153.0814426184218,0.0926320449326287,0.4754718012179692,1,2.1997582016747104,1,1,36,0,0,1.455678391959799,0,3466,0.10817390218782186,1,1,0,0,0,0,0,0,0,1,0,0,1,0,2731.9166666666665,0,1,0,0,1,0,0,0,0.8867485885088011,1,1,0,0,0,0,0,0,0,0,1
2020-02-11,26,37310,555,0,1,4,102657,360,2,0,1,298,0.1849234969219479,3,1,0,3,0,96,13,1696,3844,14025,24368,3109.1666666666665,0.7860073482485985,9,3378,0.300384789588535,0.25,2139.9658903862155,0.0958148009217083,0.7838698538297676,0,2.8723506276695048,1,1,81,0,0,1.7373449308427207,0,5540,0.05396559449823687,1,1,0,0,0,0,0,0,0,1,0,0,0,0,2811.1666666666665,0,0,0,0,3,0,1,1,2.7513869904317763,0,1,0,0,0,0,0,0,1,0,0
2020-02-11,33,61841,596,0,4,11,28638,48,1,0,0,740,0.4470875270323935,2,2,0,0,0,100,14,11677,717,67783,35078,5153.416666666667,0.801884786478418,6,32705,0.1755656311760659,0.1662833232684448,820.8542475095362,0.1435661972741823,0.3028187956948642,1,1.514627724071269,1,1,36,0,0,0.5174967543963177,0,12394,0.4327665072104473,1,1,0,0,0,0,0,0,0,1,0,1,0,0,4413.416666666667,0,0,0,0,4,1,1,0,0.4630833414184535,0,1,0,0,0,0,0,0,0,0,1
2020-02-11,45,22664,602,0,0,21,15871,24,2,1,1,310,0.3995664346356294,3,0,0,1,0,94,20,7010,949,57124,35820,1888.6666666666667,0.8926337451158387,7,21304,0.1644180779573811,0.1738713620572332,787.653652278994,0.1640500970188745,0.5808715746757773,0,2.252738855204293,1,1,49,0,0,0.6270459518599563,0,7959,0.5014490927419355,1,1,0,0,0,0,0,0,0,1,0,0,0,0,1578.6666666666667,0,1,0,1,2,0,0,0,0.7002426649018311,1,1,0,0,0,0,0,0,0,0,0
2020-02-16,25,35543,528,0,1,2,21936,84,1,5,0,297,0.397565398086893,3,1,0,2,0,100,26,338,2851,103808,7603,2961.9166666666665,0.8114043406593869,5,96205,0.2214989824969814,0.2090798763872193,499.17870169395417,0.1002390662354099,0.2687145104859358,1,1.836703125572839,1,1,25,0,0,0.07324027781791559,0,3189,0.1453708346628983,1,0,0,0,0,0,0,0,0,1,0,1,0,0,2664.9166666666665,0,1,1,0,3,0,1,0,0.6171505739365294,0,0,0,0,0,0,0,0,1,0,1
2020-02-18,48,75283,605,1,0,25,6332,12,2,1,1,688,0.1064409341158639,3,0,0,4,0,95,4,4049,2159,21757,6004,6273.583333333333,0.5643023067464485,3,15753,0.1586883823341291,0.159866155330726,574.4676871059148,0.1096487150541204,0.2012034297798124,1,2.3654022395654244,1,0,9,0,0,0.27594448019119405,0,6208,0.9802621190588978,1,1,0,0,0,0,0,0,0,1,0,0,0,1,5585.583333333333,0,1,0,1,2,0,0,0,0.08410817703628926,1,1,0,0,0,0,1,0,0,0,0
2020-02-18,37,67083,518,1,0,14,26386,48,1,0,3,496,0.5834065430014207,2,1,0,0,0,97,19,4599,4656,241145,125289,5590.25,0.8419686125893774,2,115856,0.2145451566859028,0.2049172240421373,809.8645441137369,0.0887100380058126,0.2335550268926871,1,1.7342878553705352,0,0,4,0,0,0.519556617153094,0,9255,0.35074089513775725,1,1,0,0,0,0,0,0,0,1,0,0,1,1,5094.25,0,0,0,0,2,0,1,0,0.393327768171248,0,1,0,0,0,0,0,0,0,0,1
2020-02-20,35,38007,557,0,0,16,26505,24,2,1,2,393,0.1636670136956884,5,0,0,1,0,97,7,439,704,32518,10361,3167.25,0.8834323973459031,2,22157,0.1870462816003601,0.2059334734688994,1356.6884302726514,0.1240432415371261,0.5522570599771645,0,2.6415227452822814,0,0,4,0,0,0.3186137335096405,0,1143,0.043122311929374484,1,1,0,0,0,0,0,0,0,1,1,0,0,0,2774.25,0,1,0,1,2,0,0,0,0.6973531888023574,1,1,0,0,0,0,0,0,0,0,0
2020-02-21,48,74913,539,0,1,24,17618,36,2,1,0,675,0.1754438316897468,4,3,0,2,0,96,20,8724,2133,23144,30454,6242.75,0.9577829061747882,4,10371,0.1999441832860476,0.176495551364542,633.8399362877024,0.1081081081081081,0.2096240138198522,1,1.476268253832574,1,0,16,0,0,1.3157917476776841,0,10857,0.6162097735399285,1,1,1,0,0,0,0,0,0,1,0,1,0,1,5567.75,0,1,0,1,3,0,0,0,0.23517633553140935,0,2,0,0,0,0,0,0,0,0,0
2020-02-24,45,38501,563,0,4,21,10451,12,3,2,0,264,0.537664043577137,0,1,1,4,0,94,10,2257,397,126188,18521,3208.4166666666665,0.9098863800721972,5,107667,0.1798136371566601,0.1649057114978464,950.6560718265456,0.0822579388777815,0.3784663064917962,0,4.577344132665592,1,1,25,0,0,0.14677190563361306,0,2654,0.2539226942212017,1,1,0,0,0,0,0,0,0,1,0,1,0,0,2944.4166666666665,0,1,0,0,4,1,0,0,0.27144044465222583,1,1,0,1,0,1,0,0,0,0,0
2020-02-24,35,91288,576,0,4,15,31139,48,3,1,0,1891,0.4075709090068156,2,1,0,0,0,95,20,5785,1486,37323,20600,7607.333333333333,0.8488691902852354,5,16723,0.185586562111347,0.1704377787302751,899.2225890402207,0.2485432639649507,0.366732432294443,0,2.315819951120817,1,1,25,0,0,0.5519236952095167,0,7271,0.23349389852280025,1,1,0,0,0,0,0,0,0,1,0,1,0,1,5716.333333333333,0,1,0,0,4,1,1,0,0.34110352835500446,0,1,0,0,0,0,0,0,0,0,0
2020-02-26,53,50708,642,0,3,31,280468,300,1,2,0,272,0.3384621173776143,3,0,0,3,0,96,11,1057,1502,290734,42351,4225.666666666667,0.9296743807629316,6,248383,0.2371360546202258,0.25,5855.136029074992,0.0643533123028391,1.449637861768531,0,2.6086086984972487,1,1,36,0,0,0.14566873613428036,0,2559,0.009124003009245228,1,1,0,0,0,0,0,0,0,1,0,1,0,0,3953.666666666667,0,1,0,0,1,0,1,1,5.5309313928493955,0,1,0,0,0,0,0,0,0,0,1
2020-02-28,27,37810,528,0,4,5,11677,24,2,4,1,552,0.2024577435525307,2,0,0,0,0,94,7,2982,361,14063,8672,3150.833333333333,0.8498872100783617,7,5391,0.2013413655022108,0.193374237314751,590.5374997232185,0.1751361641372746,0.3624993389212262,1,2.004469920121341,1,1,49,0,0,0.6166097838452788,0,3343,0.28626477136495976,1,1,0,0,0,0,0,0,0,1,0,0,0,0,2598.833333333333,0,1,1,1,4,1,0,0,0.3088254740683928,0,1,0,0,0,0,0,0,1,0,0
2020-02-28,47,38486,533,0,1,25,15781,48,0,0,2,138,0.6558785024872328,4,1,0,1,0,96,23,4644,590,50197,15198,3207.1666666666665,0.8379947893356635,6,34999,0.2069166563322702,0.2098812267550885,488.56882271975087,0.0430152215699516,0.1953043241892308,1,2.2072774100225967,1,1,36,0,0,0.30276106617793536,0,5234,0.3316436446584717,1,1,0,0,0,0,0,0,0,1,1,0,0,0,3069.1666666666665,0,0,0,0,3,0,1,0,0.41003455712318443,1,1,0,0,0,0,0,0,0,0,0
2020-02-28,47,38563,579,0,3,24,32808,48,0,3,0,409,0.3069105877527814,4,0,0,0,0,94,12,2285,1584,238164,77010,3213.583333333333,0.8711976343150907,6,161154,0.1840996145367445,0.2084310112463952,1013.1558840105153,0.1272326636422553,0.4424075335871985,1,2.9327323323426797,1,1,36,0,0,0.32334725925303887,0,3869,0.11792495961473985,1,1,0,0,0,0,0,0,0,1,0,1,0,0,2804.583333333333,0,1,1,0,1,0,1,0,0.8507416243128306,0,1,0,0,0,0,0,0,0,0,0
2020-02-29,36,34922,502,0,3,11,25385,60,0,4,2,505,0.1937637340568491,1,0,0,0,0,94,18,1090,5221,65577,21324,2910.1666666666665,0.7079316220314994,4,44253,0.226535488279987,0.219425419001503,700.2770363093628,0.1734699719471002,0.4140185617367709,1,1.8676866493942788,1,0,16,0,0,0.3251700265332886,0,6311,0.24860159142834634,1,1,0,0,0,0,0,0,0,1,1,0,0,0,2405.1666666666665,0,1,1,0,1,0,1,0,0.72688486097987,0,1,0,0,0,0,0,0,0,0,0
2020-02-29,43,60121,490,0,3,18,21359,120,1,1,2,163,0.0560847820221063,2,0,0,2,0,92,8,2028,148,24613,84929,5010.083333333333,0.9795078987197552,3,1114,0.2524923188232685,0.25,485.9021927624431,0.0325278964961003,0.1294933948605477,1,1.6111472837966558,1,0,9,0,0,3.450434711952547,0,2176,0.10187265917602996,1,1,0,0,0,0,0,0,0,1,1,0,0,0,4847.083333333333,0,1,0,0,1,0,1,0,0.3552609693622967,0,1,0,0,0,0,0,0,0,0,1
2020-03-01,24,33885,597,0,4,4,152233,240,2,0,3,256,0.0171785434081586,4,1,0,3,0,100,23,2204,4696,64127,41854,2823.75,0.956640632411328,7,22273,0.2394832935224344,0.1885120789258569,2449.6139970950885,0.0906274891583326,0.9578242312045628,0,3.225758660058229,1,1,49,0,0,0.6526634231536926,0,6900,0.04532496025854934,1,1,0,0,0,0,0,0,0,1,0,0,1,0,2567.75,0,0,0,0,4,1,1,1,4.492504279053296,0,1,0,0,0,0,0,0,1,0,0
2020-03-04,51,137731,582,0,1,27,309168,360,2,3,0,1391,0.091883857813782,5,3,0,3,0,96,16,7547,2039,55271,46229,11477.583333333334,0.875404769454141,6,9042,0.2871604108329842,0.25,6444.850077431889,0.1211822016363807,0.6826495787748391,0,1.9081247707163596,1,1,36,0,0,0.8363909393544652,0,9586,0.031005695913885287,1,1,1,0,0,0,0,0,0,1,0,1,0,1,10086.583333333334,0,1,1,1,3,0,1,1,2.24470711236314,0,2,0,0,0,0,0,0,0,0,0
2020-03-05,37,114763,614,0,1,12,294146,360,0,2,0,919,0.5203667950111287,4,0,0,3,0,94,15,14803,5783,177348,30964,9563.583333333334,0.7747210557276702,9,146384,0.2711479587303406,0.25,6131.704674727916,0.096083641908081,0.7371679903875843,0,2.900750613981228,1,1,81,0,0,0.1745935979340171,0,20586,0.06998541545553753,1,1,0,0,0,0,0,0,0,1,0,1,0,1,8644.583333333334,0,1,0,0,3,0,1,1,2.563051131016695,0,1,0,0,0,0,0,0,0,0,0
2020-03-06,33,24025,498,0,3,10,31612,84,0,0,1,205,0.079390998211621,2,1,0,2,0,94,1,775,1473,342085,386783,2002.0833333333333,0.9417898455381036,7,1137,0.2365903309268453,0.2024933778876274,706.7360938746773,0.1023422224071223,0.4551663321752351,1,3.2886365109662608,1,1,49,0,0,1.1306601264009635,0,2248,0.07110998639800083,1,1,0,0,0,0,0,0,0,1,0,0,0,0,1797.0833333333333,0,0,0,0,1,0,1,0,1.315741280279697,0,1,0,0,0,0,0,0,0,0,0
2020-03-08,52,59156,592,0,1,27,5572,60,1,1,2,447,0.3183706026808259,3,2,0,1,0,95,15,912,5429,48348,10919,4929.666666666667,0.7269951556441087,5,37429,0.1811564221968923,0.194972057719481,146.0694185386581,0.0906571119524067,0.1202817912125455,1,2.109542014744956,1,1,25,0,0,0.22583714244348382,0,6341,1.1378072851247085,1,1,0,0,0,0,0,0,0,1,1,0,0,0,4482.666666666667,0,1,0,0,3,0,1,0,0.09419003668204946,1,1,0,0,0,0,0,0,0,0,1
2020-03-08,31,23444,527,0,3,4,12537,12,1,2,3,95,0.1414946546200033,2,1,0,1,0,91,10,1752,217,46644,4265,1953.6666666666667,0.7967997310952608,5,42379,0.1978591298279584,0.2076339208368474,1165.9441877949369,0.0486016371077762,0.6450942297723073,0,3.4118561582831943,1,1,25,0,0,0.09143530925072355,0,1969,0.1570425905248046,1,1,0,0,0,0,0,0,0,1,0,0,1,0,1858.6666666666667,0,1,0,0,1,0,0,0,0.5347408829174665,1,1,0,0,0,0,0,0,0,0,1
2020-03-09,23,35088,545,0,0,0,9418,36,1,0,2,809,0.197751725860959,2,0,0,4,0,95,9,1135,537,39537,9386,2924.0,0.6871322297446538,5,30151,0.1967876210512057,0.2074793410643879,353.60607236664634,0.2765811965811965,0.3974721614928705,1,3.8920478991290968,1,1,25,0,0,0.23739187616976073,0,1672,0.17751353646883958,1,1,0,0,0,0,0,0,0,1,1,0,0,0,2115.0,0,0,0,0,2,0,0,0,0.26840320328308015,1,1,0,0,0,0,1,0,1,0,1
2020-03-12,21,135635,575,0,1,0,41534,24,0,2,2,744,0.0606449470061479,3,0,0,0,0,99,24,15499,2468,76694,17452,11302.916666666666,0.9437314668957834,5,59242,0.1781585729310683,0.1540609730808159,2021.867362464124,0.0658178949774045,0.244682214494751,1,1.5863290185129524,1,1,25,0,0,0.22755068778929527,0,17967,0.4325749368002889,1,0,0,0,0,0,0,0,0,1,1,0,0,1,10558.916666666666,0,1,0,0,3,0,0,0,0.30621663865050575,0,0,0,0,0,0,0,0,1,0,0
2020-03-12,47,36263,570,0,3,22,15024,12,1,2,3,318,0.6315388327578397,4,2,0,1,0,95,15,1906,487,102256,284924,3021.9166666666665,0.8651616381048561,7,7529,0.1764043676898508,0.1730169948700094,1372.412205351372,0.105196416264645,0.5591990755125146,0,2.5891348193782937,1,1,49,0,0,2.7863520345795396,0,2393,0.15926788685524126,1,1,0,0,0,0,0,0,0,1,0,0,1,0,2703.9166666666665,0,1,0,0,1,0,0,0,0.414295168762409,1,1,0,0,0,0,0,0,0,0,1
2020-03-15,24,66413,525,1,4,1,178551,300,1,3,3,339,0.6019711888256986,1,1,0,3,0,98,17,6671,4767,82455,47451,5534.416666666667,0.8230480639710226,5,35004,0.295523158788576,0.25,3727.485464036428,0.0612420022581859,0.7346304187946877,0,3.555400811156386,1,1,25,0,0,0.5754705539924323,0,11438,0.06405976970294368,1,1,0,0,0,0,0,0,0,1,0,0,1,1,5195.416666666667,0,1,1,0,4,1,1,1,2.6884542415755712,0,1,0,0,0,0,0,0,1,0,1
2020-03-15,61,64896,588,0,3,38,131841,360,2,2,3,146,0.0911316257843807,2,4,0,3,0,99,16,1228,1153,15744,67367,5408.0,0.9044220678739524,4,8291,0.2839473398787328,0.25,2748.329319524329,0.0269920502865594,0.5350950858798907,0,1.9677084157009512,1,0,16,0,0,4.278628135916164,0,2381,0.018059495456683,1,1,1,0,0,0,0,0,0,1,0,0,1,0,5262.0,0,1,0,1,1,0,1,1,2.031542290090451,0,2,0,0,0,0,0,0,0,0,0
2020-03-17,18,22546,539,0,1,0,106033,240,2,2,2,101,0.1723878717338701,1,0,0,3,1,98,21,1358,85,20537,2523,1878.8333333333333,0.7862805385953943,4,18014,0.2683928787690951,0.25,2224.801634878085,0.0537281673907261,1.23723821342925,0,5.435885789148642,1,0,16,0,0,0.12284545720128542,0,1443,0.01360884244676236,1,1,0,0,0,0,0,0,0,1,1,0,0,0,1777.8333333333333,0,1,0,1,3,0,1,1,4.702754246684703,0,1,0,0,1,1,0,0,1,0,0
2020-03-17,60,33941,661,0,0,34,19458,24,1,2,3,116,0.2566231454268721,2,1,0,0,0,97,22,880,346,219227,14103,2828.4166666666665,0.7031614782135912,7,205124,0.1349690162417395,0.127834299262453,923.0906678956732,0.0409978499690749,0.3672455457470056,1,1.3447333642473882,1,1,49,0,0,0.06433028627730035,0,1226,0.0630042653784881,1,1,0,0,0,0,0,0,1,0,0,0,1,0,2712.4166666666665,0,1,0,0,2,0,0,0,0.5732720523245537,0,1,0,0,0,0,0,0,0,0,1
2020-03-18,42,24549,602,1,1,21,173926,360,0,0,1,299,0.1210333943967848,2,1,0,3,0,100,24,378,97,16418,42203,2045.75,0.4589843925844362,1,1838,0.2770165977374838,0.25,3625.6242384962825,0.1460852571149383,1.9174907724423025,0,5.000754107330804,0,0,1,0,0,2.5703757841525063,0,475,0.0027310308347755093,1,0,0,0,0,0,0,0,0,1,0,0,0,0,1746.75,0,0,0,0,3,0,1,1,7.084562118126273,0,0,0,0,0,0,1,0,0,0,0
2020-03-19,38,22982,557,0,3,12,167917,240,2,3,0,119,0.0787694511244684,5,2,0,3,0,100,10,507,351,37274,26592,1915.1666666666667,0.9340791820333167,1,10682,0.2595078077609975,0.25,3523.261778161737,0.0621031573453944,1.9008063554814665,0,4.932101749347753,0,0,1,0,0,0.7134004024144869,0,858,0.005109636846556057,1,1,0,0,0,0,0,0,0,1,0,1,0,0,1796.1666666666667,0,1,1,1,1,0,1,1,7.306139320367228,0,1,0,0,0,0,0,0,0,0,0
2020-03-20,33,15000,610,1,3,10,26663,36,2,2,0,124,0.3172884581787739,5,1,0,2,0,94,23,518,644,396855,4582,1250.0,0.6847321573476899,6,392273,0.1645477674049969,0.142521349159716,914.5466891521062,0.0991207034372502,0.8301732127514838,0,3.112035709216286,1,1,36,0,0,0.011545749591791481,0,1162,0.04357935793579358,1,1,0,0,0,0,0,0,0,1,0,1,0,0,1126.0,0,1,0,1,1,0,0,0,1.7774148390107327,0,1,0,0,0,0,1,0,0,0,0
2020-03-20,44,97835,596,0,4,24,26682,36,1,3,0,405,0.2897023259482359,4,0,0,0,0,94,16,17728,976,66964,32530,8152.916666666667,0.90605106158043,3,34434,0.1715479454843716,0.147769776240905,922.0288794304788,0.0496693817899373,0.1627474174289017,1,1.2780089822453404,1,0,9,0,0,0.4857761517210483,0,18704,0.7009706554735224,1,1,0,0,0,0,0,0,0,1,0,1,0,1,7747.916666666667,0,1,1,0,4,1,0,0,0.2727216975346498,0,1,0,0,0,0,0,0,0,0,1
2020-03-21,39,153233,539,0,3,16,57612,60,1,3,3,1057,0.4515410859289411,5,0,0,2,0,95,5,4518,1966,67065,10536,12769.416666666666,0.5105163255541781,2,56529,0.2082403758789158,0.25,1690.98844236613,0.0827694215145681,0.2151839297098995,0,1.813077317145068,0,0,4,0,0,0.1570989771270092,0,6484,0.11254404387898564,1,1,0,0,0,0,0,0,0,1,0,0,1,1,11712.416666666666,0,1,1,0,1,0,1,0,0.3759740005481812,0,1,0,0,0,0,1,0,0,0,1
2020-03-21,53,10940,642,2,4,35,25477,60,1,2,0,112,0.5463467623542847,4,0,0,0,0,96,1,250,249,38887,30982,911.6666666666666,0.6239746783464265,8,7905,0.1565363926534174,0.1876861956272121,657.6480675493717,0.1227173119065011,0.8432959103901079,1,2.9179108599236763,1,1,64,0,0,0.7966982102448056,0,499,0.019585524766465186,1,1,0,0,0,0,0,0,0,1,0,1,0,0,799.6666666666666,1,1,0,0,4,1,1,0,2.328580568503793,0,2,0,0,0,0,1,0,0,0,1
2020-03-21,41,26780,657,0,2,17,97461,300,1,0,0,310,0.1032215174333795,4,0,0,3,0,100,4,1594,591,90728,5911,2231.6666666666665,0.7360348711260091,9,84817,0.2293718044593566,0.25,2034.6257417233971,0.1388474171394446,1.0501458980546718,1,2.2322870743021057,1,1,81,0,0,0.06515006227336353,0,2185,0.02241899406948349,1,1,0,0,0,0,0,0,1,0,0,1,0,0,1921.6666666666665,0,0,0,0,5,1,1,0,3.639184496471379,0,1,0,0,0,0,0,0,0,0,1
2020-03-22,41,25791,477,0,3,17,116093,300,1,4,3,211,0.4947940473040245,0,3,0,3,0,99,25,1385,829,157132,21177,2149.25,0.8551443817734556,3,135955,0.319415538871691,0.25,2423.593090917335,0.0981281246366701,1.2252496644191768,0,4.696913975341846,1,0,9,0,0,0.13477118110136,0,2214,0.0190707530104915,1,0,1,0,0,0,0,0,0,1,0,0,1,0,1938.25,0,1,1,0,1,0,1,1,4.501124379652605,0,1,0,0,0,0,0,0,0,0,1
2020-03-24,35,31799,587,0,3,14,304616,240,0,1,0,168,0.1694742841903312,1,2,0,3,1,97,8,1014,1368,89610,80683,2649.9166666666665,0.8589297720391416,4,8927,0.2446567026321963,0.2208497030094454,5677.534286048353,0.0633743044858696,2.205099224563209,0,7.3656757362856915,1,0,16,0,0,0.9003693742955664,0,2382,0.007819655501826884,1,1,0,0,0,0,0,0,0,1,0,1,0,0,2481.9166666666665,0,1,0,0,1,0,1,1,9.579119496855347,0,1,0,0,1,1,0,0,0,0,0
2020-03-24,39,27370,592,0,1,16,135732,120,2,4,3,295,0.4608386477696727,2,3,1,3,0,97,26,1215,5013,48127,15011,2280.833333333333,0.934155630097207,9,33116,0.2019546112499379,0.1858375030618832,2496.928547988673,0.1292820100796143,1.2235462192631683,0,5.255679136270345,1,1,81,0,0,0.3118974401595745,0,6228,0.04588419912622575,1,0,1,0,0,0,0,0,0,1,0,0,1,0,1985.833333333333,0,1,1,1,3,0,1,1,4.958971173870155,0,1,0,1,0,1,0,0,0,0,0
2020-03-27,43,102871,560,0,2,17,31122,84,1,1,2,729,0.2160076534125505,3,1,0,2,0,93,26,14251,2234,42322,89524,8572.583333333334,0.9737744066686396,7,3685,0.2055864255936685,0.2068933913131187,704.076945433359,0.0850286247485007,0.1671502905747335,1,1.0721262634372848,1,1,49,0,0,2.1152564799281715,0,16485,0.5296725894033352,1,0,0,0,0,0,0,0,0,1,1,0,0,1,7843.583333333334,0,1,0,0,5,1,1,0,0.30253130103429504,0,0,0,0,0,0,0,0,0,0,1
2020-03-28,19,77660,624,0,4,0,10280,24,2,0,0,554,0.0885868702772728,2,1,0,1,0,100,2,7926,3112,57957,6756,6471.666666666667,0.7134879098595913,3,51201,0.1533095132026357,0.1602694998048993,503.4731611807479,0.0855906890513956,0.1633751922722341,1,1.171780814062311,1,0,9,0,0,0.11656716932951447,0,11038,1.0736309697500244,1,1,0,0,0,0,0,0,0,1,0,1,0,1,5917.666666666667,0,0,0,0,4,1,0,0,0.13237017293107223,1,1,0,0,0,0,0,0,1,0,0
2020-03-29,23,23292,583,0,1,3,25751,36,0,3,0,79,0.3031901453362507,9,1,0,0,0,97,2,2180,91,90033,14509,1941.0,0.7817882632594603,6,75524,0.1780390668932446,0.1549262761961437,898.8916014440284,0.0406797116374871,0.5035487134109312,0,2.91224095149801,1,1,36,0,0,0.16115023213452695,0,2271,0.08818732525629078,1,1,0,0,1,0,0,0,0,1,0,1,0,0,1862.0,0,1,1,0,3,0,0,0,1.1055252651011034,0,1,0,0,0,0,0,0,1,0,0
2020-03-29,48,80237,585,0,1,23,50508,36,0,3,0,546,0.0866070045134616,2,0,0,0,0,93,8,1282,1054,7080,34908,6686.416666666667,0.8787822805839504,7,1966,0.1772074767043016,0.1709440571944397,1803.12193512908,0.0816458772071926,0.3512749469968343,1,0.6810839322625697,1,1,49,0,0,4.929812173421833,0,2336,0.04624918331386486,1,1,0,0,0,0,0,0,0,1,0,1,0,1,6140.416666666667,0,1,1,0,3,0,0,0,0.6294773050175727,0,1,0,0,0,0,0,0,0,0,0
2020-03-29,42,111206,581,1,3,16,11677,24,2,3,3,922,0.4675646853624569,3,2,0,1,0,91,12,104074,1629,105703,11451,9267.166666666666,0.8910922615248834,3,94252,0.1748413655022108,0.1687191359423343,576.6189125447319,0.0994802999514467,0.1616952916842308,1,1.8953629825049216,1,0,9,0,0,0.1083308105653523,0,105703,9.051464291830793,1,1,0,0,0,0,0,0,0,1,0,0,1,1,8345.166666666666,0,1,1,1,1,0,0,0,0.10500238294351974,1,1,0,0,0,0,0,0,0,0,0
2020-03-31,37,159218,620,0,2,14,349212,360,2,0,3,1964,0.0302284072164271,6,5,0,3,0,93,13,23776,1105,142170,15840,13268.166666666666,0.7249641756607196,5,126330,0.268190859332551,0.25,7279.598746442532,0.1480123092382088,0.6966224012893952,1,2.517075265223472,1,1,25,0,0,0.11141512685428111,0,24881,0.07124877939824692,1,1,1,0,1,0,0,0,0,1,0,0,1,1,11304.166666666666,0,0,0,0,5,1,1,1,2.1932809526501233,0,2,0,0,0,0,0,0,0,0,0
2020-04-01,40,300000,529,0,2,15,178027,360,2,3,3,692,0.2867091575631392,7,1,0,3,0,97,19,14997,1924,47272,6758,25000.0,0.7892650052121714,7,40514,0.3135224240300685,0.25,3711.112808359749,0.0276788928442862,0.1761174676356845,1,1.648148137485103,1,1,49,0,0,0.14295686755653333,0,16921,0.09504684656346193,1,1,0,0,1,0,0,0,0,1,0,0,1,1,24308.0,0,1,1,1,5,1,1,1,0.5934213552621491,0,1,0,0,0,0,0,0,0,0,0
2020-04-02,44,28652,572,0,3,19,34473,84,1,2,1,632,0.1476223201182545,3,2,0,2,0,89,5,466,494,30385,4090,2387.6666666666665,0.913127819476557,6,26295,0.1996119901739285,0.2027813043815967,771.2979627838569,0.2645827518838962,0.5874817036493958,0,2.494016299786604,1,1,36,0,0,0.1346014611992365,0,960,0.027847073156581772,1,1,0,0,0,0,0,0,0,1,0,0,0,0,1755.6666666666665,0,1,0,0,1,0,1,0,1.203120092136949,0,1,0,0,0,0,0,0,0,0,1
2020-04-03,33,228489,607,0,3,12,28349,120,2,1,0,1332,0.2594866769654627,4,3,0,2,0,93,25,23071,1986,25057,30381,19040.75,0.8102365448279966,7,3552,0.1940630955772889,0.2359761561035107,617.105286739209,0.0699515538225215,0.1023595670954197,1,1.6023894325445656,1,1,49,0,0,1.2124271689679942,0,25057,0.8838447971781305,1,0,1,0,0,0,0,0,0,1,0,1,0,1,17708.75,0,1,0,1,1,0,1,0,0.12407107532058295,0,1,0,0,0,0,0,0,0,0,0
2020-04-05,30,31645,503,0,3,8,11279,60,1,4,0,104,0.2929430493309459,5,0,0,2,0,98,18,1000,8195,9195,15763,2637.083333333333,0.7291705217120366,1,8693,0.2258326966312629,0.2077189151936817,303.6893440714695,0.0394225605711217,0.1545399794313306,1,1.692659380049989,0,0,1,0,0,1.7141148325358853,0,9195,0.8151595744680851,1,1,0,0,0,0,0,0,0,1,0,1,0,0,2533.083333333333,0,1,1,0,1,0,1,0,0.3564115528028819,0,1,0,0,0,0,0,0,0,0,1
2020-04-06,42,5313,603,2,3,17,26710,36,1,2,2,105,0.1680020640553697,1,0,1,1,0,95,24,736,549,60284,70801,442.75,0.9066673143254363,5,2393,0.1680482076861411,0.173100924025343,956.4115547318518,0.2366197183098591,2.391913362776004,0,8.59501553294202,1,1,25,0,0,1.17443808575931,0,1285,0.048107521245928646,1,0,0,0,0,0,0,0,0,1,1,0,0,0,337.75,1,1,0,0,1,0,0,0,5.026345502446368,1,1,0,1,0,1,0,0,0,0,1
2020-04-07,28,50621,532,0,4,2,136059,300,1,0,3,727,0.3779595782896574,1,1,0,3,0,91,18,492,7189,79044,7048,4218.416666666667,0.9886042062054152,2,71996,0.2919552128109748,0.25,2840.409433446648,0.1722986984772776,0.8454745561463822,0,2.7676856496589304,0,0,4,0,0,0.08916440002530204,0,7681,0.056453035425547554,1,1,0,0,0,0,0,0,0,1,0,0,1,0,3491.416666666667,0,0,0,0,4,1,1,1,2.6877444589308994,0,1,0,0,0,0,0,0,1,0,1
2020-04-08,44,30055,571,0,0,20,12784,48,0,1,3,395,0.1330618543743315,3,0,0,0,0,95,3,453,2567,135957,14236,2504.583333333333,0.7366258162201906,6,121721,0.1878640069719313,0.2277177138383704,408.1491159196148,0.1576479196461236,0.320543765292027,1,1.7141589532321877,1,1,36,0,0,0.10470880713161418,0,3020,0.23621431364880718,1,1,0,0,0,0,0,0,0,1,0,0,1,0,2109.583333333333,0,1,0,0,2,0,1,0,0.4253393665158371,0,1,0,0,0,0,0,0,0,0,0
2020-04-08,19,54041,486,0,3,0,173054,300,1,2,3,385,0.3290859087909573,1,0,0,3,0,96,7,4373,547,731975,10772,4503.416666666667,0.6940809840849571,6,721203,0.3150153411855074,0.25,3612.7284052923815,0.0854716666975006,0.887513012478652,0,2.53125143345851,1,1,36,0,0,0.014716329497141982,0,4920,0.028430267833925632,1,1,0,0,0,0,0,0,0,1,0,0,1,0,4118.416666666667,0,1,0,0,1,0,1,1,3.202213093519855,0,1,0,0,0,0,1,0,1,0,1
2020-04-09,52,22901,576,0,0,26,15180,24,0,3,2,174,0.1883484250331716,3,1,0,1,0,99,23,3269,456,65514,8431,1908.4166666666667,0.7175328080120312,5,57083,0.1774069499812332,0.161943563346416,744.6704833162544,0.0911273076419499,0.4811262514640183,1,2.683553087569674,1,1,25,0,0,0.12868808669770282,0,3725,0.24537250510506553,1,1,0,0,0,0,0,0,0,1,1,0,0,0,1734.4166666666667,0,1,1,0,2,0,0,0,0.6628242074927954,1,1,0,0,0,0,0,0,0,0,0
2020-04-10,45,55969,597,1,2,24,22532,60,2,0,0,220,0.0447923985727953,3,0,0,1,1,98,5,5794,695,172905,83075,4664.083333333333,0.662558712363423,4,89830,0.1790056840450885,0.1635467943439136,552.1897277504426,0.0471588574694985,0.1655253877745183,1,2.542237852303208,1,0,16,0,0,0.48046337316229626,0,6489,0.287977632805219,1,1,0,0,0,0,0,0,0,1,0,1,0,0,4444.083333333333,0,0,0,0,5,1,1,0,0.4025728068608183,1,1,0,0,1,1,1,0,0,0,0
2020-04-10,43,100362,579,0,1,21,182195,240,2,3,3,1372,0.4100860518858925,3,1,0,3,0,98,1,10041,1639,11931,8154,8363.5,0.714819058623375,7,3777,0.2485282095774175,0.2426946242824245,3715.221083904482,0.1640265407376412,0.6081918923909955,0,1.7653623290118257,1,1,49,0,0,0.6833724438484747,0,11680,0.06410678609848734,1,1,0,0,0,0,0,0,0,1,0,0,1,1,6991.5,0,1,1,1,3,0,1,1,1.815360242320377,0,1,0,0,0,0,0,0,0,0,0
2020-04-10,51,51623,567,0,0,28,146488,240,1,3,0,222,0.1642136994989163,1,0,0,3,0,99,18,2525,373,37406,22076,4301.916666666667,0.6978725370559861,4,15330,0.254473676404824,0.25,3073.6350182492333,0.0515929117846422,0.7659072377068035,0,2.9787742852913563,1,0,16,0,0,0.5901569225011362,0,2898,0.01978305538299804,1,1,0,0,0,0,0,0,0,1,0,1,0,0,4079.916666666667,0,1,1,0,2,0,1,1,2.837594917092825,0,1,0,0,0,0,1,0,0,0,1
2020-04-11,59,55445,597,0,3,33,139644,180,1,0,2,597,0.1509921288246749,4,0,0,3,0,91,7,1926,684,164603,26139,4620.416666666667,0.91016400456224,2,138464,0.2194617146917342,0.2082109558384747,2537.6863623681948,0.1291811673909515,0.6782955505782559,1,3.271680313583616,0,0,4,0,0,0.15879930013851426,0,2610,0.01869025027748935,1,1,0,0,0,0,0,0,0,1,1,0,0,0,4023.416666666667,0,0,0,0,1,0,1,1,2.518558597554377,0,1,0,0,0,0,0,0,0,0,1
2020-04-13,52,77077,574,0,2,28,184146,240,2,0,3,1070,0.38178145875519,3,1,0,3,0,100,24,5370,2120,69233,8007,6423.083333333333,0.4829796265771144,6,61226,0.2510308724076683,0.25,3863.7812931470394,0.1665607285086069,0.76801327709225,1,2.420772436506094,1,1,36,0,0,0.11565126960741832,0,7490,0.04067402672864614,1,0,0,0,0,0,0,0,0,1,0,0,1,1,5353.083333333333,0,0,0,0,5,1,1,1,2.3890863800306184,0,0,0,0,0,0,1,0,0,0,0
2020-04-14,18,93960,581,0,4,0,32126,60,1,2,0,679,0.0857555825246751,2,1,0,0,0,100,22,11150,2517,184098,49552,7830.0,0.9328386800962656,5,134546,0.1870943630192672,0.1965353095608338,844.9610962365598,0.0867066785851104,0.1946061928536023,1,1.0923108295839548,1,1,25,0,0,0.26915952829727485,0,13667,0.42540542223052263,1,1,0,0,0,0,0,0,0,1,0,1,0,1,7151.0,0,1,0,0,4,1,1,0,0.34190781281595556,0,1,0,0,0,0,0,0,1,0,1
2020-04-14,24,15000,563,0,3,1,25450,60,1,3,0,261,0.5050143139838732,0,3,1,2,0,95,3,898,423,179338,7052,1250.0,0.9272645363664151,2,172286,0.1960361275784843,0.2048713248002932,681.1860313528912,0.2086330935251798,0.7531463080358842,1,5.23479447871821,0,0,4,0,0,0.03932217755201044,0,1321,0.05190365800950847,1,1,1,0,0,0,0,0,0,1,0,1,0,0,989.0,1,1,1,0,1,0,1,0,1.6965535630957935,0,3,1,1,0,1,0,0,1,0,1
2020-04-14,32,57651,487,0,3,9,8545,24,0,2,0,1025,0.3273008388030791,2,2,0,4,0,88,19,10092,1042,329456,68149,4804.25,0.940720161549204,6,261307,0.221763304654051,0.1936323297396142,432.2511372713808,0.2133083606472088,0.3032622937976964,1,2.4819378052147023,1,1,36,0,0,0.20685248757804509,0,11134,1.3028317341446292,1,1,0,0,0,0,0,0,0,1,0,1,0,0,3779.25,0,1,0,0,1,0,0,0,0.1482168875320891,1,1,0,0,0,0,0,0,0,0,0
2020-04-16,40,31851,588,0,3,16,19964,60,1,3,0,257,0.1806391217594305,2,1,0,0,0,100,9,1340,1446,126131,11241,2654.25,0.808679644338262,1,114890,0.1834754340048743,0.1913336868850525,519.3433157736667,0.0967893795311176,0.2923804974197031,1,2.078421183855836,0,0,1,0,0,0.08912092093996765,0,2786,0.1395442023541197,1,1,0,0,0,0,0,0,0,1,0,1,0,0,2397.25,0,1,1,0,1,0,1,0,0.6267738289589351,0,1,0,0,0,0,0,0,0,0,1
2020-04-16,46,57803,568,0,3,28,108300,240,1,2,0,374,0.2597456648274888,3,1,0,3,0,88,3,1131,858,51839,33416,4816.916666666667,0.789176978319294,3,18423,0.2538981674166392,0.25,2272.3681972338486,0.0776269134307705,0.549276457092557,0,2.986176952926319,1,0,9,0,0,0.6445987654320988,0,1989,0.018365481389830195,1,1,0,0,0,0,0,0,0,1,0,1,0,0,4442.916666666667,0,1,0,0,1,0,1,1,1.8735727631305792,0,1,0,0,0,0,0,0,0,0,1
2020-04-16,31,14690,568,2,1,9,125967,180,0,2,2,156,0.3046734780517429,1,2,0,3,0,98,22,885,1322,145187,188904,1224.1666666666667,0.8908824500683062,5,3317,0.233935945796356,0.25,2690.061714083164,0.1273296150183648,2.3229996305943383,0,5.914484176264979,1,1,25,0,0,1.3010992644020167,0,2207,0.01752032262161819,1,1,0,0,0,0,0,0,0,1,1,0,0,0,1068.1666666666667,0,1,0,0,3,0,1,1,8.574433326526444,0,1,0,0,0,0,0,0,0,0,0
2020-04-17,42,27766,634,1,4,19,128576,240,1,0,3,135,0.2576064553574705,2,1,1,3,0,95,3,1611,84,22338,60090,2313.833333333333,0.7262775205397513,2,10578,0.2209410708064114,0.2257106597467045,2446.354797170854,0.0583195334437324,1.1151363512869985,1,4.747146166537879,0,0,4,0,0,2.689914499306146,0,1695,0.013182762080309853,1,1,0,0,0,0,0,0,0,1,0,0,1,0,2178.833333333333,0,0,0,0,4,1,1,1,4.630532646666906,0,1,0,1,0,1,0,0,0,0,1
2020-04-19,30,23415,593,0,0,10,60000,360,1,0,0,112,0.3974920621708425,4,0,0,3,0,95,13,1125,867,499767,6093,1951.25,0.7421465656612944,4,493674,0.281250529126933,0.25,1250.7471816161872,0.0573697016263285,0.6980392785842936,0,2.5765203319892622,1,0,16,0,0,0.01219165692881497,0,1992,0.033199446675888734,1,1,0,0,0,0,0,0,0,1,0,1,0,0,1839.25,0,0,0,0,2,0,1,0,2.5623505295524427,0,1,0,0,0,0,0,0,0,0,1
2020-04-20,32,15891,597,0,4,9,18636,48,1,2,1,201,0.3969217081703249,2,1,0,1,0,95,26,3218,536,36843,1680,1324.25,0.6093761087866172,3,35163,0.1749582260327701,0.1911124606228843,558.3131858482286,0.1516694963214487,0.5729584499892312,1,2.539553577344092,1,0,9,0,0,0.045597654977744005,0,3754,0.20142726833717872,1,0,0,0,0,0,0,0,0,1,0,0,0,0,1123.25,0,1,0,0,4,1,1,0,1.1726654920714825,1,0,0,0,0,0,1,0,0,0,1
2020-04-21,23,26762,444,0,0,1,152189,300,1,3,0,174,0.1837568603431186,2,1,0,3,0,97,13,3125,261,58838,88439,2230.1666666666665,0.887186807265695,4,2874,0.3359832212548072,0.25,3177.14426290662,0.0779861059236572,1.5019694911062764,0,4.588663679446803,1,0,16,0,0,1.5030676931966893,0,3386,0.022248505158026153,1,1,0,0,0,0,0,0,0,1,0,1,0,0,2056.1666666666665,0,1,1,0,2,0,1,1,5.686544856705153,0,1,0,0,0,0,0,0,1,0,1
2020-04-23,28,94374,576,0,1,2,11832,24,2,1,3,785,0.486207223369232,5,0,0,4,0,90,19,1177,1270,80989,27228,7864.5,0.9694766657443752,6,53761,0.1773446618793461,0.2226634498717634,615.3796858455347,0.0998029368762316,0.1780407711964318,1,1.9202694253789137,1,1,36,0,0,0.3361896530435856,0,2447,0.20679455759317164,1,1,0,0,0,0,0,0,0,1,0,0,1,1,7079.5,0,1,0,1,3,0,0,0,0.12537218543046358,1,1,0,0,0,0,0,0,1,0,0
2020-04-23,23,39441,556,0,1,0,24813,60,2,2,2,132,0.0973211403498955,3,1,0,2,0,96,28,9548,1205,118100,102860,3286.75,0.6389357730168803,3,15240,0.1995297908222507,0.1835977052019836,634.9534377395884,0.0401490380959622,0.2332760817396664,1,2.271702408487277,1,0,9,0,0,0.8709494415796649,0,10753,0.4333440799548642,1,0,0,0,0,0,0,0,0,1,1,0,0,0,3154.75,0,1,0,1,3,0,1,0,0.6291009583692511,0,0,0,0,0,0,1,0,1,0,0
2020-04-23,28,20004,570,0,3,6,21257,120,1,2,3,154,0.2036705307627289,4,0,0,2,0,92,25,67,959,206276,50805,1667.0,0.9627246068624672,5,155471,0.2124911221435234,0.2067459586288747,420.355722108302,0.092326139088729,0.3443379628946654,1,2.088062677224423,1,1,25,0,0,0.24629503046873863,0,1026,0.04826418289585097,1,0,0,0,0,0,0,0,0,1,0,0,1,0,1513.0,0,1,0,0,1,0,1,0,1.062584353911522,0,0,0,0,0,0,0,0,1,0,1
2020-04-24,52,42476,647,0,0,30,15245,72,1,0,3,502,0.2284532962036921,1,2,0,0,0,95,24,19051,141,27347,21485,3539.6666666666665,0.811736609880896,3,5862,0.157908018113137,0.1408143997314263,314.79969621748813,0.1417812088118998,0.2306909328424463,1,1.208238329476382,1,0,9,0,0,0.7856150358344303,0,19192,1.2588219860947134,1,0,0,0,0,0,0,0,0,1,0,0,1,0,3037.6666666666665,0,0,0,0,2,0,1,0,0.35890011064811544,0,0,0,0,0,0,0,0,0,0,1
2020-04-24,28,3102,602,2,1,6,14230,48,2,2,0,92,0.3400966031547033,7,0,0,1,0,97,7,670,616,18395,75795,258.5,0.6958412324594042,10,5500,0.1723907944906709,0.1424299463377878,390.592529442548,0.3545279383429672,1.8597014622063504,0,4.629661003390383,1,1,100,0,0,4.120189171559034,0,1286,0.09036610217131615,1,1,0,0,1,0,0,0,0,1,0,1,0,0,166.5,1,1,0,1,3,0,1,0,4.585884627779568,1,2,0,0,0,0,1,0,1,0,0
2020-04-26,71,28566,613,0,3,49,10022,36,2,1,3,203,0.3877914520463031,4,3,0,0,1,99,3,1233,347,25623,15334,2380.5,0.8806980135967009,1,10289,0.1628031594327562,0.1568199383346513,350.7723504499977,0.0852403947092168,0.2325309050808304,1,2.304201239943147,0,0,1,0,0,0.5984233531064627,0,1580,0.15763743390202534,1,1,1,0,0,0,0,0,0,1,0,0,1,0,2177.5,0,1,0,1,1,0,0,0,0.3508243777785557,0,2,0,0,1,1,0,0,0,1,0
2020-04-26,45,54664,591,0,0,22,19108,60,2,2,3,152,0.3727735093164877,1,1,0,0,0,94,11,2686,3233,72517,124187,4555.333333333333,0.8394690394414485,5,4362,0.1819644786768103,0.1773295462144524,482.4460280146134,0.0333601580218011,0.1392448667820499,1,1.0805189048362411,1,1,25,0,0,1.7124989657740148,0,5919,0.3097493327751321,1,1,0,0,0,0,0,0,0,1,0,0,1,0,4403.333333333333,0,1,0,1,2,0,1,0,0.3495472422939724,0,1,0,0,0,0,0,0,0,0,0
2020-04-27,42,25963,604,0,1,21,109330,180,1,2,2,95,0.2126880394225176,6,3,0,3,0,100,21,1991,79,117101,13832,2163.583333333333,0.927207939657644,5,103269,0.2159005338142517,0.2010227340834186,1928.4249555634651,0.0438883541867179,0.9347872749475103,0,2.8520381151200063,1,1,25,0,0,0.11811924646889037,0,2070,0.01893333089425689,1,1,1,0,1,0,0,0,0,1,1,0,0,0,2068.583333333333,0,1,0,0,3,0,1,1,4.210830380526883,0,2,0,0,0,0,0,0,0,0,1
2020-04-27,29,118522,643,0,2,9,11038,36,1,3,2,1253,0.0172447115813516,4,0,0,4,0,94,1,6184,26247,110760,14614,9876.833333333334,0.9327246331294472,3,96146,0.1478272974340046,0.1246292387840641,369.0648577914916,0.1268496802605159,0.164212616578348,0,0.2731196241101848,1,0,9,0,0,0.13194174844936393,0,32431,2.937856689917565,1,1,0,0,0,0,0,0,0,1,1,0,0,1,8623.833333333334,0,1,1,0,5,1,0,0,0.09312960353686627,1,1,0,0,0,0,0,0,1,0,1
2020-04-27,48,41492,599,0,0,24,75033,360,1,1,3,251,0.1581438762555588,3,0,0,3,0,94,2,1895,328,84346,39552,3457.6666666666665,0.8480765548231974,3,44794,0.2783064241557818,0.25,1564.121887970123,0.0725713184271395,0.5248039383105598,0,2.9053701631194677,1,0,9,0,0,0.4689200564335424,0,2223,0.029626569288589172,1,1,0,0,0,0,0,0,0,1,0,0,1,0,3206.6666666666665,0,1,0,0,2,0,1,0,1.8083291157544645,0,1,0,0,0,0,0,0,0,0,1
2020-04-27,33,57619,478,0,4,9,27360,36,1,1,3,1012,0.138092882502935,4,1,0,0,1,100,9,11133,4622,82060,16144,4801.583333333333,0.6004337225977009,7,65916,0.230554218480194,0.214320413652557,1036.8689716399658,0.2107199250403429,0.426618098934247,1,3.846457763254588,1,1,49,0,0,0.1967316995893299,0,15755,0.5758195972369431,1,1,0,0,0,0,0,0,0,1,0,0,1,0,3789.583333333333,0,1,0,0,4,1,0,0,0.4748351266921208,0,1,0,0,1,1,1,0,0,0,1
2020-04-28,41,52483,635,1,0,20,20798,36,0,1,0,460,0.1257621984361943,4,2,0,0,0,96,3,4822,940,179493,47552,4373.583333333333,0.6703094802598372,4,131941,0.1519856650469026,0.1425863759270799,713.4417406545697,0.1051528717020668,0.2682408017497826,0,1.0888771853276085,1,0,16,0,0,0.26492250437340525,0,5762,0.2770325496418097,1,1,0,0,0,0,0,0,0,1,0,1,0,0,3913.583333333333,0,1,0,0,2,0,0,0,0.39627314991235424,0,1,0,0,0,0,1,0,0,0,0
2020-04-28,70,111902,667,0,1,46,202781,180,1,3,0,1030,0.7823962446178189,5,1,0,3,0,97,5,2238,947,140229,17410,9325.166666666666,0.5562217072101826,1,122819,0.1845549716973409,0.1923813213173502,3447.8344345347728,0.1104419464946298,0.4801366514861168,1,1.049162372868104,0,0,1,0,0,0.12415317692362547,0,3185,0.015706522275152627,1,1,0,1,0,0,0,0,1,0,0,1,0,1,8295.166666666666,0,1,1,0,3,0,1,1,1.8121140630724824,0,2,0,0,0,0,1,0,0,1,1
2020-04-30,38,93104,533,0,1,17,236803,300,1,1,2,383,0.6912048825073518,3,1,0,3,0,95,4,10191,2330,14533,34761,7758.666666666667,0.8601438335968327,8,4634,0.2915937470184352,0.25,4943.572090552381,0.0493577902830877,0.686443415595908,0,2.5187974339742505,1,1,64,0,0,2.391702215494702,0,12521,0.05287495143663114,1,1,0,0,0,0,0,0,0,1,1,0,0,1,7375.666666666667,0,1,0,0,3,0,1,1,2.543397239675635,0,1,0,0,0,0,0,0,0,0,1
2020-04-30,53,76677,598,0,4,30,216119,360,0,0,3,446,0.1013688451161761,2,2,0,3,0,95,8,6759,4120,94787,78603,6389.75,0.8915978868853252,2,16184,0.2790708972719895,0.25,4505.170502395145,0.0697883659977311,0.7747401325971358,0,1.6997666129769091,0,0,4,0,0,0.8292505380427903,0,10879,0.050337775310012954,1,1,0,0,0,0,0,0,0,1,0,0,1,1,5943.75,0,0,0,0,4,1,1,1,2.8185268264691308,0,1,0,0,0,0,0,0,0,0,0
2020-04-30,31,65790,525,0,0,7,17354,36,3,5,0,322,0.4613671048625234,3,0,0,1,0,98,27,1990,267,109629,25020,5482.5,0.979922785953906,3,84609,0.206940408982074,0.2125400779195727,656.0785634699238,0.0587216194036655,0.1783675687918161,1,1.9188478911464628,1,0,9,0,0,0.22822220195202042,0,2257,0.13004897723998848,1,0,0,0,0,0,0,0,0,1,0,1,0,1,5160.5,0,1,1,0,2,0,0,0,0.2637746804274141,1,0,0,0,0,0,0,0,0,0,0
2020-05-01,39,41671,601,0,1,17,20725,48,1,1,3,172,0.4796812493485894,4,1,0,0,0,100,17,4802,1613,29149,17752,3472.583333333333,0.877249415531803,7,11397,0.172984786057436,0.1777285296681382,606.3396890287415,0.0495165894969172,0.2240739934348511,1,1.3643454734845235,1,1,49,0,0,0.6089879931389366,0,6415,0.3095146193187301,1,1,0,0,0,0,0,0,0,1,0,0,1,0,3300.583333333333,0,1,0,0,3,0,1,0,0.4973363409483586,0,1,0,0,0,0,0,0,0,0,1
2020-05-04,61,94380,629,1,1,38,25622,48,0,0,0,929,0.1028169738114706,2,2,0,1,0,97,22,4207,1790,133610,17530,7865.0,0.9698553730688232,3,116080,0.1590378114161535,0.142490484162808,703.3641509979303,0.1181032290872107,0.2075215040678782,1,1.1884777475266102,1,0,9,0,0,0.13120177230916616,0,5997,0.23404753541739842,1,1,0,0,0,0,0,0,0,1,0,1,0,1,6936.0,0,0,0,0,3,0,1,0,0.2714741314459478,1,1,0,0,0,0,0,0,0,0,0
2020-05-04,32,38573,579,0,0,11,8767,24,1,2,3,419,0.6245303745509134,7,1,0,1,0,98,6,1612,1318,56804,48618,3214.4166666666665,0.8942327078294672,3,8186,0.1757697160022969,0.1876883306278803,440.9483262174192,0.13030970584424,0.2674453781160821,1,1.6038525570307014,1,0,9,0,0,0.8558753630842355,0,2930,0.3341697080291971,1,1,0,0,1,0,0,0,0,1,0,0,1,0,2795.4166666666665,0,1,0,0,2,0,0,0,0.22727744076320838,1,1,0,0,0,0,0,0,0,0,1
2020-05-04,61,52011,588,0,3,39,151998,300,1,2,3,448,0.1834208431073621,2,3,0,3,0,99,24,2116,1009,124902,69101,4334.25,0.929273290523913,1,55801,0.2639829073052148,0.25,3173.156888298632,0.1033389077907848,0.8352821378925395,0,3.11126920397435,0,0,1,0,0,0.5532373121542317,0,3125,0.02055934578516964,1,0,1,0,0,0,0,0,0,1,0,0,1,0,3886.25,0,1,0,0,1,0,1,1,2.922364069830039,0,1,0,0,0,0,0,0,0,0,1
2020-05-06,48,43912,570,0,3,26,21670,60,1,1,2,205,0.2338589125173502,4,3,0,2,0,95,17,202,475,16455,3628,3659.3333333333335,0.6398168761088042,9,12827,0.1924959325600531,0.2199319641153724,598.4180007956464,0.0560058282487933,0.2194931247051215,1,2.3360033531464324,1,1,81,0,0,0.22046669907632474,0,677,0.03123990586498085,1,1,1,0,0,0,0,0,0,1,1,0,0,0,3454.3333333333335,0,1,0,0,1,0,1,0,0.4934757361145902,0,2,0,0,0,0,1,0,0,0,1
2020-05-08,33,29249,579,0,3,12,10052,12,1,2,2,243,0.4516167721351004,3,1,0,1,0,94,20,901,184,20470,42240,2437.4166666666665,0.8735125747810905,4,10142,0.1718039065941013,0.192868552078545,927.7346345186908,0.0996548306619732,0.4801208302595362,1,2.6435876709443065,1,0,16,0,0,2.063406770553466,0,1085,0.10792798169700586,1,1,0,0,0,0,0,0,0,1,1,0,0,0,2194.4166666666665,0,1,0,0,1,0,0,0,0.34365811965811965,1,1,0,0,0,0,0,0,0,0,1
2020-05-08,47,40213,529,1,4,25,17624,36,1,0,2,109,0.065850239109426,0,0,0,2,0,93,17,4282,1512,163447,7757,3351.083333333333,0.8584297930624328,6,155690,0.2049442684069201,0.2192821873604665,672.4142624280087,0.0325170913610938,0.2331130180021405,1,1.62224051654754,1,1,36,0,0,0.04745851891733151,0,5794,0.32873758865248226,1,1,0,0,0,0,0,0,0,1,1,0,0,0,3242.083333333333,0,0,0,0,4,1,0,0,0.43825533396329636,0,1,0,0,0,0,0,0,0,0,1
2020-05-11,51,64070,520,0,3,32,39306,84,1,1,0,876,0.2031692836714198,4,1,0,2,0,94,14,3269,2397,134608,13759,5339.166666666667,0.6580039212610612,7,120849,0.2256447894747612,0.2348335529486635,957.1061770293472,0.1640398239755313,0.3432675965848782,1,0.8405030119126857,1,1,49,0,0,0.1022145621763775,0,5666,0.14414735288879843,1,1,0,0,0,0,0,0,0,1,0,1,0,0,4463.166666666667,0,1,0,0,1,0,1,0,0.6134756754225781,0,1,0,0,0,0,1,0,0,0,1
2020-05-13,47,89397,568,0,3,25,20023,24,0,0,3,329,0.1831364769133363,2,1,0,1,0,93,25,1290,3328,7404,22738,7449.75,0.6853861757298587,3,3873,0.1814761717082779,0.1698048199965166,989.7946815579464,0.0441566285273294,0.1770016013901884,1,0.0828007831102435,1,0,9,0,0,3.0706279540850776,0,4618,0.23062325209748302,1,0,0,0,0,0,0,0,0,1,0,0,1,1,7120.75,0,0,0,0,1,0,0,0,0.22397592787310677,1,0,0,0,0,0,1,0,0,0,0
2020-05-13,21,89987,441,0,1,0,176130,240,1,1,1,362,0.1008886677096694,2,0,0,3,0,100,6,12322,2649,50244,21662,7498.916666666667,0.8381169974437138,3,28582,0.3175197458288337,0.25,3695.588278659259,0.0482672029689218,0.5410177817965878,1,2.8012508170533463,1,0,9,0,0,0.43112747537068363,0,14971,0.0849992335250467,1,1,0,0,0,0,0,0,0,1,0,0,0,1,7136.916666666667,0,1,0,0,3,0,1,1,1.9572609681290838,0,1,0,0,0,0,0,0,1,0,1
2020-05-15,31,16965,570,0,0,9,13399,48,2,2,0,170,0.3056104355248504,1,0,0,1,0,91,23,663,846,5397,19302,1413.75,0.843518839858266,6,4910,0.1883757524964847,0.1592433111332768,379.2123582136658,0.1201625728927372,0.3882045295731866,1,1.6332570954215178,1,1,36,0,0,3.5757688032604666,0,1509,0.11261194029850746,1,1,0,0,0,0,0,0,0,1,0,1,0,0,1243.75,0,1,0,1,2,0,1,0,0.789755982553342,1,1,0,0,0,0,0,0,0,0,0
2020-05-16,37,119991,645,0,1,15,288302,240,2,1,0,938,0.4686643979595034,2,0,0,3,0,98,29,1845,9399,441785,29985,9999.25,0.9095056130367806,5,411800,0.2156429418223499,0.1889825031695913,4649.664228358964,0.0937976550586235,0.5587524540245458,1,1.5834992356430797,1,1,25,0,0,0.067872227730168,0,11244,0.039000634748857975,1,0,0,0,0,0,0,0,0,1,0,1,0,1,9061.25,0,1,0,1,3,0,1,1,2.402676845123008,0,0,0,0,0,0,0,0,0,0,0
2020-05-18,39,35269,483,0,3,17,45806,120,3,2,0,240,0.2989076385806031,3,2,0,2,0,93,17,16713,103,35252,12524,2939.083333333333,0.6575754265381678,3,22728,0.2561830480492129,0.25,1042.054208608852,0.0816303392760976,0.4360605000795391,0,2.8370654478000965,1,0,9,0,0,0.3552605452018268,0,16816,0.3671054642303578,1,1,0,0,0,0,0,0,0,1,0,1,0,0,2699.083333333333,0,1,0,0,1,0,1,0,1.2987241281542388,0,1,0,0,0,0,1,0,0,0,0
2020-05-19,47,85693,631,0,2,24,117860,300,0,1,2,347,0.2360802662073884,1,1,0,3,0,100,26,1560,158,44546,37989,7141.083333333333,0.8992979122224449,4,6557,0.2424193153107497,0.25,2460.48152511794,0.0485852634035353,0.3930899982663238,0,1.2350938600862893,1,0,16,0,0,0.8527846993063506,0,1718,0.014576492648119395,1,0,0,0,0,0,0,0,0,1,1,0,0,1,6794.083333333333,0,1,0,0,5,1,1,1,1.3753588349242654,0,0,0,0,0,0,0,0,0,0,0
2020-05-21,42,29644,639,0,4,18,11260,36,1,1,0,369,0.0778748441404212,1,0,0,1,0,98,4,3728,3172,28985,18251,2470.333333333333,0.964767771727996,2,10734,0.1498322751769242,0.149822060794142,390.2334891819434,0.149312112220124,0.3072161407534165,0,1.3544158768192378,0,0,4,0,0,0.6296487959704685,0,6900,0.612734215433798,1,1,0,0,0,0,0,0,0,1,0,1,0,0,2101.333333333333,0,1,0,0,4,1,0,0,0.37982796424354864,1,1,0,0,0,0,0,0,0,0,1
2020-05-23,23,51206,573,0,4,2,31109,72,0,0,1,155,0.144516919291868,4,0,0,0,0,94,27,1238,257,42853,31166,4267.166666666667,0.9430526162736492,4,11687,0.1950863211474729,0.1957161309090569,737.4438107371105,0.0363153578819946,0.2090930088805757,0,1.2141636699333418,1,0,16,0,0,0.7272599990665982,0,1495,0.04805528768884603,1,0,0,0,0,0,0,0,0,1,0,0,0,0,4112.166666666667,0,0,0,0,4,1,1,0,0.6075145976136075,0,0,0,0,0,0,0,0,1,0,0
2020-05-23,44,63909,578,0,0,24,66758,120,0,0,2,215,0.4983098588374409,3,3,0,2,0,95,23,3820,414,33353,13921,5325.75,0.5224716124143659,6,19432,0.2087772110996585,0.2114378360641333,1341.1614867599224,0.0403623222415168,0.2921408901787999,1,2.0887525118908794,1,1,36,0,0,0.41737122983750075,0,4234,0.06342216030797346,1,1,1,0,0,0,0,0,0,1,1,0,0,0,5110.75,0,0,0,0,2,0,1,0,1.0445626662494132,0,2,0,0,0,0,1,0,0,0,0
2020-05-25,47,23954,634,0,1,27,13328,24,0,0,3,160,0.2370029113302117,4,1,0,1,0,96,20,507,344,197886,9288,1996.1666666666667,0.705606555594251,3,188598,0.148374424347901,0.1462912481993858,643.8840150892077,0.0801134941166652,0.4025122332083156,1,1.9587562264978888,1,0,9,0,0,0.04693587754627641,0,851,0.06384574986870734,1,1,0,0,0,0,0,0,0,1,0,0,1,0,1836.1666666666667,0,0,0,0,3,0,0,0,0.5563765393446045,1,1,0,0,0,0,0,0,0,0,0
2020-05-25,46,60289,476,0,3,24,19785,12,1,2,2,226,0.1352430573852696,2,1,0,1,0,98,14,911,221,50632,7829,5024.083333333333,0.8453091176040057,8,42803,0.2234731824739708,0.2423414205157968,1873.1041996169056,0.0449743785343526,0.4177252515779651,1,2.955171623853501,1,1,64,0,0,0.15462247941066104,0,1132,0.057212170221368645,1,1,0,0,0,0,0,0,0,1,1,0,0,0,4798.083333333333,0,1,0,0,1,0,0,0,0.32816387460607066,1,1,0,0,0,0,0,0,0,0,1
2020-05-25,52,96908,604,0,3,30,5049,36,1,3,0,1261,0.3732794921160747,2,0,0,1,1,98,27,8526,1270,33987,15216,8075.666666666667,0.922154443120122,8,18771,0.1671317858805673,0.1798954637408988,182.50696893165824,0.1561287659925712,0.1787255842672296,1,2.6434660501861083,1,1,64,0,0,0.44768741908909027,0,9796,1.9398019801980197,1,0,0,0,0,0,0,0,0,1,0,1,0,1,6814.666666666667,0,1,1,0,1,0,0,0,0.052100424109215865,1,0,0,0,1,1,0,0,0,0,1
2020-05-26,50,44957,507,0,3,29,177045,180,2,2,2,176,0.1748289295137325,4,0,0,3,0,96,21,3518,334,92251,7959,3746.4166666666665,0.6647409930954964,5,84292,0.2645210412161992,0.25,3780.847175608324,0.0469656874735929,1.0558866353999397,1,3.727251567670524,1,1,25,0,0,0.08627455231322897,0,3852,0.021757057487884503,1,1,0,0,0,0,0,0,0,1,1,0,0,0,3570.4166666666665,0,1,0,1,1,0,1,1,3.938008808221006,0,1,0,0,0,0,1,0,0,0,0
2020-05-27,45,114300,586,0,1,25,15309,36,3,2,3,1758,0.1361636294464546,1,1,0,1,0,94,17,18739,1737,20476,56561,9525.0,0.7054670885735697,3,3033,0.1764090653721629,0.1649506719131702,541.9682601005974,0.1845475540625656,0.2414411358493174,0,1.112515431572738,1,0,9,0,0,2.762172193192362,0,20476,1.337426518615284,1,1,0,0,0,0,0,0,0,1,0,0,1,1,7767.0,0,1,0,0,3,0,0,0,0.13393583608192405,1,1,0,0,0,0,0,0,0,0,0
2020-05-27,39,41959,561,0,0,17,33697,60,3,1,0,497,0.0443898830427774,4,7,0,2,0,96,14,2115,1065,32158,35022,3496.583333333333,0.9136529446563794,3,3827,0.1971062984418495,0.1857883115287615,866.3282757325751,0.1420981153653713,0.3897915062493364,1,1.9319381463334948,1,0,9,0,0,1.0890264000746293,0,3180,0.09436761825627633,1,1,1,0,0,0,0,0,0,1,0,1,0,0,2999.583333333333,0,1,0,0,2,0,1,0,0.8030743565300286,0,2,0,0,0,0,0,0,0,0,0
2020-05-27,20,73450,542,0,1,0,55886,60,1,2,2,962,0.3114648854127385,3,0,0,2,0,100,3,35308,1000,47597,6909,6120.833333333333,0.8203872444559166,3,40688,0.2067327717684894,0.2091769643975169,1509.317814619557,0.1571424682148594,0.4036891695765796,1,1.8250912889904265,1,0,9,0,0,0.1451531576957015,0,36308,0.649668080233328,1,1,0,0,0,0,0,0,0,1,1,0,0,1,5158.833333333333,0,1,0,0,3,0,1,0,0.7608609821513662,0,1,0,0,0,0,0,0,1,0,1
2020-05-27,45,15000,504,0,3,21,9020,24,1,2,0,414,0.3010057196122245,3,0,0,4,0,100,8,1169,221,19150,3880,1250.0,0.7836635707668499,3,15270,0.2132768276179141,0.1927057268265413,455.8723611699021,0.3309352517985611,0.6953416156434069,0,3.3184315034591627,1,0,9,0,0,0.20260038640279882,0,1390,0.15408491298082252,1,1,0,0,0,0,0,0,0,1,0,1,0,0,836.0,1,1,0,0,1,0,0,0,0.6012932471168588,1,2,0,0,0,0,0,0,0,0,1
2020-05-29,42,224030,608,0,0,21,241695,300,1,0,2,1050,0.0197226303506743,1,1,0,3,0,100,27,15762,4258,102854,50384,18669.166666666668,0.8307899920933725,6,52470,0.2540988590042783,0.2358849813837314,4764.879873823813,0.0562394551021683,0.3114530243699206,0,1.4861080921872143,1,1,36,0,0,0.48985464974964754,0,20020,0.08283132530120482,1,0,0,0,0,0,0,0,0,1,1,0,0,1,17619.166666666668,0,0,0,0,2,0,1,1,1.0788462311019458,0,0,0,0,0,0,0,0,0,0,1
2020-05-31,43,113006,522,0,1,21,167805,300,1,4,2,481,0.1775583977646002,3,0,0,3,1,94,13,1516,6165,56109,40500,9417.166666666666,0.6996176561951193,6,15609,0.2970076409573073,0.25,3503.148670646666,0.0510715107328036,0.4230280490520093,1,3.482276970315308,1,1,36,0,0,0.7217964712172519,0,7681,0.04577309512174773,1,1,0,0,0,0,0,0,0,1,1,0,0,1,8936.166666666666,0,1,1,0,3,0,1,1,1.4849080145477713,0,1,0,0,1,1,1,0,0,0,1
2020-06-01,24,4208,515,2,0,3,8756,120,2,0,3,153,0.0615241150242716,2,2,0,2,0,100,28,483,1634,106161,5956,350.6666666666667,0.8074673569712041,8,100205,0.2397694021648805,0.2244539293953758,183.64646103957344,0.4350710900473933,0.957288514804474,1,4.770815327294665,1,1,64,0,1,0.056102937020779564,0,2117,0.2417494575767957,1,0,0,0,0,0,0,0,0,1,0,0,1,0,197.66666666666669,1,0,0,0,2,0,1,0,2.080304110239962,0,2,0,0,0,0,0,0,1,0,0
2020-06-03,27,15000,449,0,1,5,8845,12,1,1,0,121,0.1818845569607699,2,2,0,1,0,96,14,1503,264,103483,12328,1250.0,0.9737547085356985,5,91155,0.236771930164607,0.2050262820661787,821.4814275813551,0.096722621902478,0.7533824361161912,1,4.493532916098815,1,1,25,0,0,0.11912952726991612,0,1767,0.1997513000226091,1,1,0,0,0,0,0,0,0,1,0,1,0,0,1129.0,0,1,0,0,3,0,0,0,0.5896273581761216,1,1,0,0,0,0,0,0,1,0,1
2020-06-04,52,66735,618,0,3,31,15437,24,2,1,0,330,0.0853066022924599,4,0,0,0,0,97,28,3201,7946,252019,42870,5561.25,0.7039001647200073,6,209149,0.1564111468203775,0.1488417633852314,747.6391744806089,0.0593285091464784,0.193741592787201,1,1.1163005448883725,1,1,36,0,0,0.17010554717879534,0,11147,0.7220494882756834,1,0,0,0,0,0,0,0,0,1,0,1,0,1,5231.25,0,1,0,1,1,0,0,0,0.23131443298969073,0,0,0,0,0,0,0,0,0,0,0
2020-06-04,39,27444,612,0,4,15,14309,36,3,3,3,209,0.1176822866133385,4,0,0,2,0,93,12,1728,1266,22709,1875,2287.0,0.9490617561065916,4,20834,0.1633921784681376,0.1600169394381887,503.0739524699906,0.0913461538461538,0.3112211330725484,1,1.880557048537268,1,0,16,0,0,0.08256274768824307,0,2994,0.20922431865828092,1,1,0,0,0,0,0,0,0,1,0,0,1,0,2078.0,0,1,1,0,4,1,0,0,0.5213700127527783,0,1,0,0,0,0,0,0,0,0,0
2020-06-07,48,86857,533,0,1,29,28188,60,1,4,2,524,0.5142797184857536,4,0,0,0,1,97,25,2003,486,155707,7837,7238.083333333333,0.8037089053576362,2,147870,0.2110616717774766,0.2101246218530925,762.7777257748517,0.0723848553569167,0.1777542357952574,1,2.914919633622903,0,0,4,0,0,0.050331389523980787,0,2489,0.0882968533825251,1,0,0,0,0,0,0,0,0,1,1,0,0,1,6714.083333333333,0,1,1,0,3,0,1,0,0.324529692141196,0,0,0,0,1,1,0,0,0,0,1
2020-06-08,40,53796,528,0,3,18,17024,36,0,4,0,260,0.2176294418840338,3,0,0,2,0,94,29,3171,292,35264,12074,4483.0,0.711466651901874,8,23190,0.2054356095327544,0.1884785000461587,622.7232633615713,0.0579839429081177,0.1968606742554797,1,1.1095262700164887,1,1,64,0,0,0.34237912944846166,0,3463,0.20340675477239353,1,0,0,0,0,0,0,0,0,1,0,1,0,0,4223.0,0,1,1,0,1,0,0,0,0.3164488726137145,0,0,0,0,0,0,0,0,0,0,0
2020-06-08,40,19848,546,0,3,17,11716,12,1,2,0,142,0.066079322275423,4,0,0,1,0,100,8,1166,213,66804,47903,1654.0,0.8123045694315445,5,18901,0.188342199014417,0.2123235988264545,1092.2279433008048,0.0858006042296072,0.7457570654385527,1,3.286391756625304,1,1,25,0,0,0.7170571065040042,0,1379,0.1176922420414782,1,1,0,0,0,0,0,0,0,1,0,1,0,0,1512.0,0,1,0,0,1,0,0,0,0.5902564360924983,1,1,0,0,0,0,0,0,0,0,1
2020-06-08,51,12552,566,2,1,28,267813,300,2,2,2,212,0.1350754184930675,6,3,0,3,0,100,11,274,1394,94614,16352,1046.0,0.7965552536577964,4,78262,0.275124511997173,0.25,5590.946365912193,0.2024832855778414,3.0,0,7.098637562619939,1,0,16,0,0,0.17282671880780004,0,1668,0.006228203155921647,1,1,1,0,1,0,0,0,0,1,1,0,0,0,834.0,1,1,0,1,3,0,1,1,21.334581374970128,0,3,1,0,0,0,0,0,0,0,0
2020-06-09,33,79214,628,1,4,5,12530,12,2,0,0,902,0.5651631133942254,2,0,0,1,0,96,28,7860,921,175689,48166,6601.166666666667,0.8963791216969124,8,127523,0.1473589902132913,0.1409659175807536,1125.6021289940177,0.1366218160704819,0.3071116243143439,1,0.5463974513824733,1,1,64,0,0,0.2741533382662644,0,8781,0.7007421594445774,1,0,0,0,0,0,0,0,0,1,0,1,0,1,5699.166666666667,0,0,0,0,4,1,0,0,0.15817711292053271,1,0,0,0,0,0,0,0,0,0,0
2020-06-09,41,82976,597,0,0,18,8566,36,3,1,0,262,0.1798856937674911,2,1,0,1,0,98,20,791,240,65057,10555,6914.666666666667,0.6158764202539512,2,54502,0.170763918222991,0.1808295330012851,310.03799758042925,0.0378849954210247,0.082716247782392,1,0.9733414251822992,0,0,4,0,0,0.16223984752067386,0,1031,0.12034551184778802,1,1,0,0,0,0,0,0,0,1,0,1,0,1,6652.666666666667,0,1,0,0,2,0,0,0,0.10323342613013245,1,1,0,0,0,0,1,0,0,0,0
2020-06-10,34,47033,588,0,3,14,35272,60,1,3,2,285,0.4202156553476568,4,2,0,0,1,96,12,2951,718,154353,33152,3919.4166666666665,0.5436380679965914,3,121201,0.1836177182694339,0.1910307052424028,916.9766780921018,0.0726963545541502,0.306594114934748,0,3.704767231389656,1,0,9,0,0,0.2147790144732239,0,3669,0.10401723698012644,1,1,0,0,0,0,0,0,0,1,1,0,0,0,3634.4166666666665,0,1,1,0,1,0,1,0,0.7499255857464813,0,1,0,0,1,1,1,0,0,0,1
2020-06-10,34,24577,600,0,4,12,14431,60,2,1,2,161,0.0511142671285227,4,0,0,0,0,97,26,7497,65,256411,26007,2048.083333333333,0.9213092395332922,4,230404,0.1773943008105755,0.1841669996734618,369.7316750771388,0.0785717190613689,0.2590093172119917,1,1.8354010807144576,1,0,16,0,0,0.10142661029904997,0,7562,0.5239745011086474,1,0,0,0,0,0,0,0,0,1,1,0,0,0,1887.083333333333,0,1,0,1,4,1,1,0,0.5871511107494507,0,0,0,0,0,0,0,0,0,0,0
2020-06-10,36,93763,603,0,1,17,162714,240,2,0,3,366,0.2141607859607959,1,1,0,3,1,95,1,9664,626,41551,9576,7813.583333333333,0.6166296863065193,5,31975,0.2364999388707949,0.25,3414.0915867470767,0.0468355105305252,0.4837227303755257,0,4.515968229112556,1,1,25,0,0,0.23045822102425875,0,10290,0.06323940632394064,1,1,0,0,0,0,0,0,0,1,0,0,1,1,7447.583333333333,0,0,0,0,3,0,1,1,1.7353568533765624,0,1,0,0,1,1,1,0,0,0,0
2020-06-12,42,37131,512,0,0,20,19463,36,1,0,0,247,0.3609201296290836,1,1,0,1,0,97,20,3803,396,45150,13873,3094.25,0.961660297963454,7,31277,0.2134690804711158,0.2114186521212421,734.6882651033268,0.0797996930781035,0.3171596042656738,1,2.558184013136953,1,1,49,0,0,0.30725786804278976,0,4199,0.21573160706946157,1,1,0,0,0,0,0,0,0,1,0,1,0,0,2847.25,0,0,0,0,2,0,0,0,0.5241570612948401,1,1,0,0,0,0,0,0,0,0,1
2020-06-12,34,17723,475,0,0,13,13356,60,1,1,2,173,0.4957410302120926,3,0,0,0,0,98,22,377,395,26463,31280,1476.9166666666667,0.7745337192670206,4,2397,0.2398749489677442,0.2359747746431924,381.1108161600606,0.1170566676064279,0.3749269689270215,0,3.0298090864053435,1,0,16,0,0,1.1819830713422008,0,772,0.05779740959796362,1,1,0,0,0,0,0,0,0,1,1,0,0,0,1303.9166666666667,0,1,0,0,2,0,1,0,0.7535545023696683,0,1,0,0,0,0,0,0,0,0,1
2020-06-13,55,109792,626,0,3,31,23275,36,2,0,0,1005,0.2576919291654581,2,0,0,0,0,97,2,33609,5870,39479,21947,9149.333333333334,0.8375247371573659,5,17532,0.1565137945164441,0.1288002249323775,782.8823782335883,0.1098320644056682,0.1953898631999112,1,0.9215909558055132,1,1,25,0,0,0.555901722391084,0,39479,1.696124763705104,1,1,0,0,0,0,0,0,0,1,0,1,0,1,8144.333333333334,0,0,0,0,1,0,0,0,0.2119898354175585,0,1,0,0,0,0,0,0,0,0,0
2020-06-13,29,177426,635,0,1,8,23847,48,1,1,0,1048,0.176935145596865,8,1,0,0,1,99,23,35430,6586,75726,33847,14785.5,0.8167749713003953,5,41879,0.1560198639088395,0.1679886084933442,685.6271262263297,0.0708754607243093,0.1172439134498583,1,2.0483112626233946,1,1,25,0,0,0.44696079337620664,0,42016,1.7618248909761824,1,1,0,0,1,0,0,0,0,1,0,1,0,1,13737.5,0,1,0,0,3,0,1,0,0.13440457202116926,0,1,0,0,1,1,0,0,1,0,1
2020-06-16,37,46572,623,0,0,15,28562,24,1,1,0,211,0.526862000142254,3,1,0,0,0,95,29,1045,274,51803,50205,3881.0,0.8365585421281183,4,1598,0.1540649668632384,0.1623688436711814,1401.7193234086262,0.0543534260690365,0.4154351683175235,1,1.873851980816008,1,0,16,0,0,0.9691336576326153,0,1319,0.04617862269369464,1,0,0,0,0,0,0,0,0,1,0,1,0,0,3670.0,0,1,0,0,2,0,0,0,0.6132737852403753,0,0,0,0,0,0,0,0,0,0,1
2020-06-16,34,197548,626,1,2,13,12084,12,1,1,2,2758,0.260886618856413,3,1,0,1,0,100,19,5562,2268,49739,17473,16462.333333333332,0.964199828727228,6,32266,0.1483499300732844,0.1651624091231862,1099.34592596341,0.1675237902409394,0.2342992058694114,1,1.6238203722360232,1,1,36,0,0,0.351286690792119,0,7830,0.6479106330161357,1,1,0,0,0,0,0,0,0,1,1,0,0,1,13704.333333333332,0,1,0,0,5,1,0,0,0.06116963386299096,1,1,0,0,0,0,0,0,0,0,1
2020-06-18,57,58874,490,0,0,31,17225,48,0,0,1,629,0.2076161406479093,3,1,0,1,0,95,24,10774,1220,81892,1420,4906.166666666667,0.9502735009525054,3,80472,0.2284385437873372,0.1991003838401316,523.3377334947205,0.1281798729749006,0.2348275108164358,1,1.8962064716318008,1,0,9,0,0,0.017339699363803987,0,11994,0.6962730755834204,1,0,0,0,0,0,0,0,0,1,0,0,0,0,4277.166666666667,0,0,0,0,2,0,1,0,0.29256900212314224,1,0,0,0,0,0,0,0,0,0,0
2020-06-19,42,39777,600,0,0,20,19868,72,1,3,3,370,0.1163685540029649,2,1,0,0,0,95,4,12510,587,48305,6829,3314.75,0.9303484891367269,3,41476,0.1814742290017882,0.2055576961957753,482.316934728122,0.1115886300233733,0.2570510245730595,1,1.4364101570924062,1,0,9,0,0,0.14136960211981947,0,13097,0.6591675474357038,1,1,0,0,0,0,0,0,0,1,0,0,1,0,2944.75,0,1,1,0,2,0,1,0,0.4994720699884358,0,1,0,0,0,0,0,0,0,0,1
2020-06-19,52,33587,438,0,1,26,9311,24,0,2,3,392,0.2802861081410955,5,2,0,1,0,89,25,494,492,14662,4769,2798.9166666666665,0.9345175187229372,5,9893,0.2462847647924928,0.25,496.9422254689536,0.1400041667906783,0.3174888153107962,0,1.9505882772857095,1,1,25,0,0,0.32524040100934326,0,986,0.10588487972508591,1,0,0,0,0,0,0,0,0,1,0,0,1,0,2406.9166666666665,0,1,0,0,3,0,0,0,0.27721209955936643,1,0,0,0,0,0,0,0,0,0,0
2020-06-20,22,116184,568,0,4,0,16053,36,2,2,1,927,0.2553886973961521,2,2,0,1,0,99,12,2222,398,25014,5030,9682.0,0.9144252310592804,7,19984,0.1854209283296728,0.1972663005681895,594.3533453641797,0.0957347929360735,0.1571159088468635,0,1.627548299370425,1,1,49,0,0,0.20107935238856686,0,2620,0.16319920269091814,1,1,0,0,0,0,0,0,0,1,0,0,0,1,8755.0,0,1,0,1,4,1,0,0,0.13816757757025433,1,1,0,0,0,0,0,0,1,0,0
2020-06-20,43,37918,641,0,4,20,129052,180,2,2,0,509,0.1740584285397169,3,2,0,3,0,88,1,1713,229,88898,18778,3159.833333333333,0.617717957521997,3,70120,0.19744199461292,0.2045231268695251,2309.7774447507213,0.1610334827313472,0.8917830038757883,0,3.667230670692226,1,0,9,0,0,0.21122847276122342,0,1942,0.015048081020975879,1,1,0,0,0,0,0,0,0,1,0,1,0,0,2650.833333333333,0,1,0,1,4,1,1,1,3.4033597932434927,0,1,0,0,0,0,1,0,0,0,0
2020-06-22,50,77015,595,0,0,27,135999,300,2,1,3,559,0.2106514257359637,7,1,0,3,0,95,10,458,988,80531,33552,6417.916666666667,0.9622836730120444,3,46979,0.2604551025411795,0.25,2839.156855035761,0.0870863463460864,0.5293972536958357,1,2.7478080011103927,1,0,9,0,0,0.41662941439427803,0,1446,0.010632352941176471,1,1,0,0,1,0,0,0,0,1,0,0,1,1,5858.916666666667,0,1,0,1,2,0,1,1,1.7658538485509505,0,1,0,0,0,0,0,0,0,0,0
2020-06-23,40,42247,629,0,1,17,5636,36,1,3,3,298,0.5276109094655828,4,0,0,1,0,94,1,2247,36,25842,6190,3520.583333333333,0.836903880883846,8,19652,0.1546592768220204,0.1425229641209666,193.31646670011213,0.0846210274734376,0.1395157859959143,1,1.3457345228816098,1,1,64,0,0,0.23952327516155245,0,2283,0.40500266098988824,1,1,0,0,0,0,0,0,0,1,0,0,1,0,3222.583333333333,0,1,1,0,3,0,0,0,0.13340276462791137,1,1,0,0,0,0,0,0,0,0,1
2020-06-24,52,46175,573,0,1,33,7911,36,3,4,2,448,0.0889378712892621,2,3,0,1,0,92,5,7888,1682,31757,45820,3847.9166666666665,0.8177972627872412,6,7181,0.1827440339683256,0.1857208813958316,288.2770770932021,0.1163963885941931,0.1912946267373595,1,1.5809765598642818,1,1,36,0,0,1.4427860696517414,0,9570,1.2095551061678462,1,1,1,0,0,0,0,0,0,1,1,0,0,0,3399.9166666666665,0,1,1,0,3,0,0,0,0.17132276507276506,1,2,0,0,0,0,0,0,0,0,0
2020-06-25,33,78271,447,0,0,11,32000,36,3,0,1,1215,0.2310488320491738,1,2,0,2,0,97,25,969,380,29963,48919,6522.583333333333,0.8135959073914084,6,1386,0.2460933806078234,0.25,1272.3144288401795,0.1862473333929461,0.3812803947994093,1,2.8518682096727503,1,1,36,0,0,1.632592444266453,0,1349,0.042154932658354426,1,0,0,0,0,0,0,0,0,1,0,0,0,1,5307.583333333333,0,0,0,0,2,0,0,0,0.4088307440719542,0,0,0,0,0,0,0,0,0,0,0
2020-06-28,56,38123,468,0,3,32,135170,240,1,0,0,573,0.1595321759408066,1,1,1,3,0,100,22,2259,1454,43456,157077,3176.9166666666665,0.7973603464343173,1,7829,0.3039535739806354,0.25,2836.15890323268,0.1803068047725187,1.072765355678305,0,6.022415515810404,0,0,1,0,0,3.6145385093310627,0,3713,0.02746890975135199,1,1,0,0,0,0,0,0,0,1,0,1,0,0,2603.9166666666665,0,0,0,0,1,0,1,1,3.5455356206064423,0,1,0,1,0,1,0,0,0,0,1
2020-06-29,67,45721,622,0,0,45,16090,36,1,2,3,434,0.3589387019365429,4,1,0,1,0,99,11,1333,1597,145517,55704,3810.0833333333335,0.6048582049795289,6,89813,0.1584215038471148,0.1825290846379485,583.7354387923094,0.1138783810377626,0.2670462306323161,0,1.0707236336562351,1,1,36,0,0,0.3827980043705933,0,2930,0.18208936672674167,1,1,0,0,0,0,0,0,0,1,0,0,1,0,3376.0833333333335,0,1,0,0,2,0,0,0,0.35190936529460654,1,1,0,0,0,0,1,0,0,1,1
2020-07-02,35,76406,535,0,3,15,30375,60,1,0,0,698,0.391283999314423,1,1,0,2,0,94,2,20556,851,294212,61787,6367.166666666667,0.6900618911297244,5,232425,0.2100803520254779,0.2120382298317028,825.2322999485483,0.1096076840534952,0.2391947917948988,1,2.0586787146582406,1,1,25,0,0,0.21000771549863534,0,21407,0.7047340005267316,1,1,0,0,0,0,0,0,0,1,0,1,0,1,5669.166666666667,0,0,0,0,1,0,1,0,0.397542110016098,0,1,0,0,0,0,1,0,0,0,1
2020-07-02,34,125296,600,0,4,12,5737,36,1,4,0,1253,0.2017638027193869,1,2,0,1,0,100,9,3698,6543,76496,26244,10441.333333333334,0.8660342214421575,3,50252,0.1691637164991353,0.1741199923006038,205.7179771600673,0.119992338877007,0.1396927229380471,1,0.1365067624152164,1,0,9,0,0,0.3430722773442096,0,10241,1.7847682119205297,1,1,0,0,0,0,0,0,0,1,0,1,0,1,9188.333333333334,0,1,1,0,4,1,0,0,0.04578720959001412,1,1,0,0,0,0,0,0,0,0,1
2020-07-03,57,82449,619,0,0,31,15256,12,2,2,3,953,0.3242548206233051,5,0,0,4,0,94,12,19655,3328,272096,8608,6870.75,0.9340796314461132,6,263488,0.1519081984232783,0.1537951529454069,1379.714372822913,0.1386837414050278,0.3394643828461328,1,2.22369026983686,1,1,36,0,0,0.03163577694719163,0,22983,1.5063905092744314,1,1,0,0,0,0,0,0,0,1,0,0,1,1,5917.75,0,1,0,1,2,0,0,0,0.1850333535476046,1,1,0,0,0,0,0,0,0,0,0
2020-07-04,58,49510,634,0,2,33,5481,36,1,1,0,669,0.0904316467022501,5,0,0,4,0,100,7,1421,697,41854,16634,4125.833333333333,0.909191852742092,4,25220,0.1521523063192157,0.1798075205594327,198.09836097815733,0.1621097693954202,0.2101122800318623,1,0.5965280088966957,1,0,16,0,0,0.39741966312268545,0,2118,0.3863553447646844,1,1,0,0,0,0,0,0,0,1,0,1,0,0,3456.833333333333,0,1,0,0,5,1,0,0,0.1107026721334653,1,1,0,0,0,0,0,0,0,0,1
2020-07-04,33,39645,518,1,1,11,12353,36,1,1,3,248,0.3645679330225824,3,1,0,1,0,91,16,4474,499,85577,62954,3303.75,0.8600034787801452,9,22623,0.210355433794064,0.2038571518781684,461.51310812219776,0.0750434979953097,0.2146949415605409,0,2.690840255903489,1,1,81,0,0,0.7356329897870948,0,4973,0.4025416869030274,1,1,0,0,0,0,0,0,0,1,0,0,1,0,3055.75,0,1,0,0,3,0,0,0,0.31158250517076125,1,1,0,0,0,0,0,0,0,0,1
2020-07-05,34,57911,610,0,1,10,95225,120,2,2,0,790,0.0381856139207025,3,0,0,3,0,96,21,3888,3331,47683,18348,4825.916666666667,0.854245234933138,6,29335,0.1928660020731839,0.1590309631115334,1589.3978766171583,0.1636655559967543,0.4929436410304352,1,1.0056410565300338,1,1,36,0,0,0.3847831557755222,0,7219,0.07580912775922542,1,1,0,0,0,0,0,0,0,1,0,1,0,0,4035.916666666667,0,1,0,1,3,0,1,0,1.6443051526453931,0,1,0,0,0,0,0,0,0,0,0
2020-07-06,36,56965,521,0,1,14,20708,36,2,0,2,477,0.300345915991507,2,1,0,1,1,93,7,2589,1379,119030,26725,4747.083333333333,0.8373512646842939,4,92305,0.2089845809168429,0.2022345442814681,771.943240647102,0.1004615897642908,0.2630415586599018,1,3.603119212855464,1,0,16,0,0,0.22452134317950787,0,3968,0.19160751364141196,1,1,0,0,0,0,0,0,0,1,1,0,0,0,4270.083333333333,0,0,0,0,3,0,0,0,0.36351507917003123,1,1,0,0,1,1,0,0,0,0,0
2020-07-06,23,24374,593,0,3,4,181910,120,2,3,0,238,0.439132470260246,6,0,0,3,0,100,27,577,1330,140403,52368,2031.1666666666667,0.6932876164241584,9,88035,0.2015278182088662,0.218926023835468,3746.730075024317,0.1171163782498154,1.960828381050267,0,4.602867913538156,1,1,81,0,0,0.37298082675707245,0,1907,0.010483148352765913,1,0,0,0,1,0,0,0,0,1,0,1,0,0,1793.1666666666667,0,1,1,1,1,0,1,1,7.462974358974359,0,0,0,0,0,0,1,0,1,0,0
2020-07-07,28,60016,496,0,0,7,12166,12,1,0,3,845,0.1881694039253983,5,1,0,1,0,94,9,4327,105,34237,24886,5001.333333333333,0.8723550068142284,3,9351,0.2133516206619468,0.17722023578874,1113.7699526254366,0.1689211701206104,0.3915712572716939,1,2.217681058246486,1,0,9,0,0,0.7268532040422921,0,4432,0.36426399276732147,1,1,0,0,0,0,0,0,0,1,0,0,1,0,4156.333333333333,0,0,0,0,2,0,0,0,0.20270923238415783,1,1,0,0,0,0,0,0,1,0,1
2020-07-09,27,34699,556,0,3,1,188690,360,2,5,2,356,0.218043156269625,1,0,0,3,0,93,24,1165,735,179548,17320,2891.583333333333,0.7827571460477346,5,162228,0.3000369665088664,0.25,3933.3914283193058,0.1230733773155483,1.4828929486281488,0,4.691049919702402,1,1,25,0,0,0.09646391792769662,0,1900,0.010069372678082155,1,0,0,0,0,0,0,0,0,1,1,0,0,0,2535.583333333333,0,1,1,1,1,0,1,1,5.437752161383285,0,0,0,0,0,0,0,0,1,0,0
2020-07-11,30,2077,581,2,1,8,13731,36,1,0,2,255,0.1772826646728683,3,1,0,2,0,98,8,448,67,35529,11593,173.08333333333334,0.7949520160083466,5,23936,0.1788818710386444,0.1549496507977579,479.32456801864174,1.4648157012924845,3.0,0,7.450274102680142,1,1,25,0,1,0.32628764424430057,0,515,0.037503641130206815,1,1,0,0,0,0,0,0,0,1,1,0,0,0,-81.91666666666666,1,0,0,0,3,0,0,0,6.607795957651588,0,3,1,0,0,0,0,0,0,0,1
2020-07-12,39,25574,526,0,0,17,112406,300,1,2,0,148,0.541202494761666,4,0,1,3,0,96,9,5820,478,19641,168235,2131.1666666666665,0.8920553810353378,8,9632,0.2949074703730207,0.25,2346.6221475683624,0.0694129602126162,1.1699939721261765,0,6.271478069213002,1,1,64,0,0,8.565064657366866,0,6298,0.05602853914791783,1,1,0,0,0,0,0,0,0,1,0,1,0,0,1983.1666666666665,0,1,0,0,2,0,1,1,4.3951515151515155,0,1,0,1,0,1,0,0,0,0,1
2020-07-14,42,36698,581,0,1,20,18601,48,1,0,3,548,0.3207661575758598,3,2,0,1,0,100,27,3311,1438,176688,31410,3058.1666666666665,0.7611706803515392,8,145278,0.1829577560952006,0.2176797998418193,583.7040358478458,0.17913375102152,0.3699386660357981,1,2.5970727345498803,1,1,64,0,0,0.17776998002139352,0,4749,0.25529512955596173,1,0,0,0,0,0,0,0,0,1,0,0,1,0,2510.1666666666665,0,0,0,0,3,0,1,0,0.5068530477669692,1,0,0,0,0,0,0,0,0,0,1
2020-07-15,58,48299,627,0,3,32,60000,120,0,1,0,483,0.3314821535046511,3,3,0,3,0,97,19,4798,5278,83706,7162,4024.9166666666665,0.9499966590196032,9,76544,0.184250529126933,0.1580272774993612,997.7148863938124,0.1199726770300759,0.367795711881885,1,1.5011462458514253,1,1,81,0,0,0.08556034740224831,0,10076,0.16793053449109183,1,1,1,0,0,0,0,0,0,1,0,1,0,0,3541.9166666666665,0,1,0,0,1,0,1,0,1.2422360248447204,0,2,0,0,0,0,0,0,0,0,0
2020-07-15,28,117885,563,0,3,2,26268,48,1,2,3,886,0.3918420772702067,3,0,0,0,0,97,17,4159,885,70538,10775,9823.75,0.5528147506767858,5,59763,0.1920440362039299,0.1979884372838505,796.5321912182783,0.0901804117153108,0.1712544534179779,1,1.274087008263247,1,1,25,0,0,0.15275237811707,0,5044,0.19201339982488866,1,1,0,0,0,0,0,0,0,1,0,0,1,1,8937.75,0,1,0,0,1,0,1,0,0.22282544152825612,0,1,0,0,0,0,1,0,1,0,1
2020-07-15,51,52842,554,1,0,24,15252,24,1,0,0,647,0.2347460175732533,0,1,0,1,0,99,12,2289,599,82246,21401,4403.5,0.9647673537893195,5,60845,0.1884081328709999,0.2081416989062568,782.3425135278926,0.1468952207969122,0.3245186771547037,1,2.817936045412571,1,1,25,0,0,0.26020401959949907,0,2888,0.1893398020061627,1,1,0,0,0,0,0,0,0,1,0,1,0,0,3756.5,0,0,0,0,2,0,0,0,0.28862857899816435,1,1,0,0,0,0,0,0,0,0,1
2020-07-17,37,31495,604,0,4,15,9570,36,0,1,3,811,0.1746894048412364,3,2,0,1,0,96,12,1282,549,43297,41328,2624.583333333333,0.9315670271206122,4,1969,0.1672916232430489,0.1956473045312748,353.5366008385325,0.3088837401212428,0.4435344275895003,1,2.2038737289984622,1,0,16,0,0,0.954501362649545,0,1831,0.19130707345105005,1,1,0,0,0,0,0,0,0,1,0,0,1,0,1813.583333333333,0,1,0,0,4,1,0,0,0.3038481076962154,1,1,0,0,0,0,0,0,0,0,0
2020-07-19,39,55562,535,0,1,16,249215,240,1,1,3,218,0.2674335220353989,1,1,0,3,0,97,4,4062,402,110064,19022,4630.166666666667,0.938376661003912,11,91042,0.2706065188173229,0.25,5229.069623948601,0.0470723719725051,1.1761765481589088,0,3.9928626423553086,1,1,121,0,0,0.17282514877572344,0,4464,0.01791217257318952,1,1,0,0,0,0,0,0,0,1,0,0,1,0,4412.166666666667,0,1,0,0,3,0,1,1,4.485268973957489,0,1,0,0,0,0,0,0,0,0,1
2020-07-19,48,57086,575,0,0,29,31566,36,0,1,2,162,0.2863140769830241,0,0,1,0,0,94,9,3402,1752,17009,4819,2859.083333333333,0.6618881725062759,5,12190,0.1820899668875281,0.1879676713730105,1153.8429668310575,0.0566417062439905,0.4600715480892949,0,3.8379961279579824,1,1,25,0,0,0.2833039388594944,0,5154,0.1632717711534197,1,1,0,0,0,0,0,0,0,1,1,0,0,0,2697.083333333333,0,1,0,0,2,0,0,0,0.5529455042303852,0,1,0,1,0,1,1,0,0,0,0
2020-07-19,26,48236,527,0,1,1,180611,360,1,1,3,1304,0.3718280794844831,4,1,0,3,0,95,10,2442,863,413856,3275,4019.6666666666665,0.960504001818644,2,410581,0.3145260265907351,0.25,3764.9783203146862,0.3243243243243243,1.2607308042566787,0,4.89611978127783,0,0,4,0,0,0.007913361378447144,0,3305,0.018298894868558013,1,1,0,0,0,0,0,0,0,1,0,0,1,0,2715.6666666666665,0,1,0,0,3,0,1,1,3.744241971930261,0,1,0,0,0,0,0,0,1,0,1
2020-07-20,44,58878,490,0,3,24,7890,24,2,3,0,514,0.3614521604759322,4,0,0,1,0,94,17,1390,1277,24921,3684,4906.5,0.9233260271507556,6,21237,0.2202433695371302,0.2446475635898222,418.9853935877623,0.1047376464595007,0.1901141912557844,0,1.9918933167312072,1,1,36,0,0,0.1478212021507102,0,2667,0.33797997718920286,1,1,0,0,0,0,0,0,0,1,0,1,0,0,4392.5,0,1,1,1,1,0,0,0,0.13400363457259803,1,1,0,0,0,0,0,0,0,0,0
2020-07-20,41,141704,657,0,2,18,22486,12,1,0,0,1101,0.0575361196952581,3,2,0,4,0,98,10,15823,5058,20881,36543,11808.666666666666,0.8376989076039477,4,4014,0.1330051731608592,0.1365093427429941,2015.2618360337012,0.0932287109430127,0.26387381828731,1,0.7622880936382337,1,0,16,0,0,1.7499760559333397,0,20881,0.9285809578867791,1,1,0,0,0,0,0,0,1,0,0,1,0,1,10707.666666666666,0,0,0,0,5,1,0,0,0.15868176846265128,1,1,0,0,0,0,0,0,0,0,1
2020-07-21,45,54713,613,0,1,25,32225,36,2,0,2,364,0.3794449771594682,2,1,0,1,0,95,12,2952,977,114174,26046,4559.416666666667,0.8247364792908269,4,88128,0.1630951322147834,0.1457413113343424,1110.3814066723792,0.0798172681589766,0.3232997145741169,1,1.4543485139826575,1,0,16,0,0,0.22812349463542808,0,3929,0.12192018866753553,1,1,0,0,0,0,0,0,0,1,1,0,0,0,4195.416666666667,0,0,0,0,3,0,0,0,0.5889717439777753,1,1,0,0,0,0,0,0,0,0,0
2020-07-22,43,126290,549,0,3,22,215871,240,2,1,0,1632,0.0829950583207968,3,1,0,3,0,99,17,1560,1070,23234,10872,10524.166666666666,0.6320331896113677,1,12362,0.2635706102296053,0.25,4529.440398015403,0.1550569270478694,0.5854007440593565,0,1.5808324040589548,0,0,1,0,0,0.46791478373143963,0,2630,0.012183145567743848,1,1,0,0,0,0,0,0,0,1,0,1,0,1,8892.166666666666,0,1,0,1,1,0,1,1,1.7093142029123216,0,1,0,0,0,0,1,0,0,0,0
2020-07-22,69,94543,638,0,1,48,24502,24,2,3,2,2464,0.2198558404632446,1,1,0,0,0,94,6,583,1704,147456,163196,7878.583333333333,0.687268247921293,5,7957,0.146526637709504,0.169429671932374,1210.7630067006758,0.3127068901697425,0.4663651428312422,1,0.1790212302228273,1,1,25,0,0,1.1067362010620045,0,2287,0.09333550993755867,1,1,0,0,0,0,0,0,0,1,1,0,0,1,5414.583333333333,0,1,1,1,3,0,0,0,0.2591597563039431,0,1,0,0,0,0,1,0,0,1,0
2020-07-22,32,29516,604,0,3,11,5760,24,2,3,3,149,0.5727899381037456,1,3,0,4,0,94,4,2075,240,123276,20871,2459.6666666666665,0.895585113954445,5,102405,0.1631647165874331,0.1414114214787376,276.9384251270435,0.0605526957464101,0.1730987910296844,0,0.9633758283066434,1,1,25,0,0,0.16930165399871833,0,2315,0.40183995834056585,1,1,1,0,0,0,0,0,0,1,0,0,1,0,2310.6666666666665,0,1,1,1,1,0,0,0,0.19514178270149404,1,2,0,0,0,0,0,0,0,0,0
2020-07-22,33,242323,485,0,2,12,269477,240,1,2,0,960,0.3307268997646432,3,0,0,3,0,97,16,3901,3665,19414,4272,20193.58333333333,0.725941365255631,3,15142,0.2956260605083365,0.25,5654.2102002399415,0.0475374997420925,0.3275239746750544,0,1.8986143555657469,1,0,9,0,0,0.2200360545969611,0,7566,0.028076503462249238,1,1,0,0,0,0,0,0,0,1,0,1,0,1,19233.58333333333,0,1,0,0,5,1,1,1,1.112052458691669,0,1,0,0,0,0,0,0,0,0,1
2020-07-22,32,39246,515,0,3,11,23647,60,0,3,3,232,0.066503862760399,3,1,0,2,0,97,17,3152,2042,54102,18899,3270.5,0.8196568124874295,5,35203,0.220017758455937,0.2127052211353977,643.3345480808863,0.0709154821947119,0.2675636705122685,0,1.7738941725762345,1,1,25,0,0,0.34931519509084524,0,5194,0.2196380243572395,1,1,0,0,0,0,0,0,0,1,0,0,1,0,3038.5,0,1,1,0,1,0,1,0,0.6025173898641935,0,1,0,0,0,0,0,0,0,0,0
2020-07-23,33,26749,617,0,1,9,9696,48,0,3,0,272,0.2988338103061886,3,1,0,0,0,99,16,642,158,279446,33624,2229.083333333333,0.6793965923554168,6,245822,0.1647948929595761,0.1704220667196417,279.9902594253764,0.1219685363028287,0.2475200146894554,1,2.0841607980725008,1,1,36,0,0,0.120323352907707,0,800,0.08249974218830566,1,1,0,0,0,0,0,0,0,1,0,1,0,0,1957.083333333333,0,1,1,0,3,0,1,0,0.36246728971962616,0,1,0,0,0,0,1,0,0,0,0
2020-07-25,32,120843,596,1,3,12,23094,48,2,0,1,1572,0.193630426753562,0,0,0,1,0,93,4,7205,501,36904,13226,10070.25,0.889706293249079,1,23678,0.1755118428557161,0.1676343017890551,663.5551636171783,0.1560878738984733,0.2219739519540453,1,1.4316096767865,0,0,1,0,0,0.35837962335726864,0,7706,0.3336652955185105,1,1,0,0,0,0,0,0,0,1,0,0,0,1,8498.25,0,0,0,0,1,0,1,0,0.19110588858362848,1,1,0,0,0,0,0,0,0,0,0
2020-07-26,54,211390,556,0,1,31,11200,24,1,0,2,2268,0.4914684761094909,3,2,0,1,0,92,27,6125,3455,28594,18233,17615.833333333332,0.9449984561811612,2,10361,0.1873309395847529,0.1956600038612239,567.6612127967406,0.1287405038741355,0.160963162853525,1,0.5168892788418149,0,0,4,0,0,0.6376289561112083,0,9580,0.8552807785019195,1,0,0,0,0,0,0,0,0,1,1,0,0,1,15347.833333333332,0,0,0,0,3,0,0,0,0.05298238808653159,1,0,0,0,0,0,0,0,0,0,1
2020-07-28,57,55197,644,1,1,32,42235,48,2,1,0,572,0.3511756706173692,3,1,0,0,0,100,6,16609,491,53257,40326,4599.75,0.614626324883966,10,12931,0.1516627570542316,0.1648511528354131,1207.4711319882126,0.1243275552898983,0.3867784887221024,1,1.9554889358391985,1,1,100,0,0,0.7571820196026888,0,17100,0.40486788521640305,1,1,0,0,0,0,0,0,0,1,0,1,0,0,4027.75,0,1,0,1,3,0,1,0,0.7651545345845864,0,1,0,0,0,0,1,0,0,0,0
2020-07-29,33,36725,584,1,1,12,12821,24,1,0,1,914,0.2136037730206013,1,0,0,1,0,92,8,4957,727,100940,26887,3060.4166666666665,0.923010482669258,3,74053,0.1733647294311368,0.164094144921931,630.2670000990117,0.2985545907395813,0.5044288864411395,1,2.6655268446540235,1,0,9,0,0,0.26636351928354185,0,5684,0.44330057713305254,1,1,0,0,0,0,0,0,0,1,0,0,0,0,2146.4166666666665,0,0,0,0,3,0,0,0,0.3490987311441486,1,1,0,0,0,0,0,0,0,0,1
2020-07-31,30,40274,535,0,1,9,22712,60,0,2,2,213,0.5001559921987097,2,1,0,2,0,99,9,8086,1065,37331,41322,3356.1666666666665,0.854403398550821,5,8983,0.2100076731816928,0.2034124877225596,606.0496667361602,0.0634463585364642,0.2439705108681408,1,1.9856829752554948,1,1,25,0,0,1.1068788171006108,0,9151,0.4028970193281381,1,1,0,0,0,0,0,0,0,1,1,0,0,0,3143.1666666666665,0,1,0,0,3,0,1,0,0.5639230291744258,0,1,0,0,0,0,0,0,0,0,0
2020-08-01,45,90147,507,0,4,23,190900,300,2,2,3,419,0.1430369955756155,3,1,0,3,0,89,26,4819,202,28049,44646,7512.25,0.6934120951474062,3,2553,0.3045398775620112,0.25,3985.2869773037055,0.0557681429474594,0.5862026389782992,1,3.427746016639646,1,0,9,0,0,1.591657754010695,0,5021,0.02630159087694669,1,0,0,0,0,0,0,0,0,1,0,0,1,1,7093.25,0,1,0,1,4,1,1,1,2.1176287882149354,0,0,0,0,0,0,1,0,0,0,0
2020-08-02,33,144434,586,0,3,8,189847,300,3,2,2,1392,0.3849463805656081,0,0,0,3,0,98,28,11229,3618,120142,4652,7878.083333333333,0.9184966720752183,6,115490,0.265038494757743,0.25,3963.30422619265,0.1766702979407503,0.679686202014953,1,2.3554022139460757,1,1,36,0,0,0.03872052470805623,0,14847,0.07820466899835658,1,0,0,0,0,0,0,0,0,1,1,0,0,1,6486.083333333333,0,1,0,0,1,0,1,1,1.3144113268944508,0,0,0,0,0,0,0,0,0,0,0
2020-08-03,47,64374,570,0,0,24,23562,120,0,0,0,483,0.5065517666409433,2,0,0,2,0,96,6,3682,383,415715,38826,5364.5,0.7176320151408907,4,376889,0.2125168582410311,0.2450701104590242,527.8512063345112,0.0900195694716242,0.1883983237973182,1,1.7391276072648352,1,0,16,0,0,0.09339549115261381,0,4065,0.17251623307728217,1,1,0,0,0,0,0,0,0,1,0,1,0,0,4881.5,0,0,0,0,2,0,1,0,0.3660116504854369,0,1,0,0,0,0,0,0,0,0,0
2020-08-04,42,51381,522,0,3,21,89781,240,1,3,0,182,0.6022975227044893,5,0,0,3,0,98,14,11658,964,59673,40579,4281.75,0.8562732763719146,4,19094,0.2768512849471911,0.2324529683040147,1756.7322692993955,0.0424960597746774,0.4526839692485893,1,2.1640992329095856,1,0,16,0,0,0.6800113952475115,0,12622,0.1405849724889176,1,1,0,0,0,0,0,0,0,1,0,1,0,0,4099.75,0,1,1,0,1,0,1,0,1.747323965591063,0,1,0,0,0,0,0,0,0,0,1
2020-08-06,21,115138,541,0,2,0,29569,36,1,1,0,694,0.4015115824777774,2,3,0,1,0,99,13,5588,1143,32902,27976,9594.833333333334,0.8081725284456551,11,4926,0.1990736289032116,0.2041446315434076,1105.1443303083902,0.0723230568823273,0.1874922445827241,1,1.5616051371790256,1,1,121,0,0,0.8502568154879494,0,6731,0.2276293540750761,1,1,1,0,0,0,0,0,0,1,0,1,0,1,8900.833333333334,0,1,0,0,5,1,0,0,0.25681133238954656,1,2,0,0,0,0,0,0,1,0,1
2020-08-07,58,41819,556,0,0,38,154850,300,1,1,0,335,0.3295539263668475,5,0,0,3,0,99,18,539,462,46396,30353,3484.9166666666665,0.9008435410375584,7,16043,0.2799875546608107,0.25,3232.696115429434,0.0961009777437785,1.0234599551804453,0,3.073206374409632,1,1,49,0,0,0.6542017802875186,0,1001,0.006464278564555605,1,1,0,0,0,0,0,0,0,1,0,1,0,0,3149.9166666666665,0,1,0,0,2,0,1,1,3.7027737924438067,0,1,0,0,0,0,0,0,0,0,1
2020-08-08,61,119894,611,0,1,37,298035,240,3,5,0,613,0.1277655148357779,1,1,0,3,0,98,29,848,12525,13373,8891,9991.166666666666,0.7806047014559307,3,4482,0.23265124239089,0.2201645493174993,5538.596984774224,0.0613480559771821,0.6156419513393049,0,2.1420547977485667,1,0,9,0,0,0.6647973680275161,0,13373,0.04487041833872418,1,0,0,0,0,0,0,0,0,1,0,1,0,1,9378.166666666666,0,1,1,0,3,0,1,1,2.4858000750656823,0,0,0,0,0,0,0,0,0,0,0
2020-08-08,32,43645,459,0,1,9,13166,60,1,0,2,185,0.2731267490503563,5,1,0,0,0,99,28,12080,1153,57344,101247,3637.0833333333335,0.8314143870440123,5,10003,0.247871367244589,0.25,386.4395235748189,0.0508509517374075,0.157071587211623,1,2.392198380668597,1,1,25,0,0,1.765576772168454,0,13233,1.005012531328321,1,0,0,0,0,0,0,0,0,1,1,0,0,0,3452.0833333333335,0,0,0,0,3,0,1,0,0.3016542180268524,0,0,0,0,0,0,0,0,0,0,1
2020-08-08,35,57672,600,0,3,13,123686,240,1,1,1,367,0.3033256273688853,2,2,0,3,0,100,22,4857,2736,102853,39133,4806.0,0.6894034365407438,2,63720,0.2379313773649727,0.2381481330228658,2476.79504998781,0.0763469939671312,0.5915945600141066,0,2.537840999400697,0,0,4,0,0,0.38047134773562524,0,7593,0.06138882825195857,1,1,0,0,0,0,0,0,0,1,0,0,0,0,4439.0,0,1,0,0,1,0,1,1,2.1446083956097306,0,1,0,0,0,0,1,0,0,0,1
2020-08-08,43,35940,603,0,3,22,17247,60,1,2,3,149,0.2118991659489449,2,2,0,0,0,100,17,3232,802,31933,43205,2995.0,0.8015907267925332,5,9686,0.1759388628684271,0.2029856464057595,459.8099045066655,0.0497329773030707,0.2032075782732528,1,1.514859448647382,1,1,25,0,0,1.352946702574059,0,4034,0.2338821892393321,1,1,0,0,0,0,0,0,0,1,0,0,1,0,2846.0,0,1,0,0,1,0,1,0,0.47986978659469687,0,1,0,0,0,0,0,0,0,0,1
2020-08-09,44,41183,573,0,3,23,14456,60,1,3,2,399,0.0946960648492424,4,1,0,0,0,98,17,9533,1469,11947,87886,3431.9166666666665,0.9300634534930052,3,6688,0.1908947335013271,0.1981160261840047,381.4817781458314,0.1162276975361087,0.227352381059594,0,1.8373727203394357,1,0,9,0,0,7.355708068295949,0,11002,0.7610154250536072,1,1,0,0,0,0,0,0,0,1,1,0,0,0,3032.9166666666665,0,1,1,0,1,0,1,0,0.351010101010101,0,1,0,0,0,0,0,0,0,0,1
2020-08-09,47,42403,623,0,0,23,16879,12,3,0,1,113,0.1907951933402717,1,1,0,1,0,94,17,424,1235,148749,51495,3533.583333333333,0.6231843086406395,3,97254,0.1499334711920375,0.1376915224819961,1513.684000504966,0.031969821996935,0.4602194508089023,1,1.930736301733197,1,0,9,0,0,0.3461848739495798,0,1659,0.09828199052132701,1,1,0,0,0,0,0,0,0,1,0,0,0,0,3420.583333333333,0,0,0,0,2,0,0,0,0.3980520705593812,1,1,0,0,0,0,1,0,0,0,0
2020-08-10,64,113591,475,0,3,39,11750,12,0,2,0,839,0.1703759130196801,2,0,0,4,0,96,29,4141,2812,13189,52965,9465.916666666666,0.8150125914762817,1,3365,0.2238429234055834,0.2213023138015251,1100.470548606992,0.0886244201297501,0.2048682392479415,1,1.50528314867968,0,0,1,0,0,4.015542077331312,0,6953,0.5916943238873288,1,0,0,0,0,0,0,0,0,1,0,1,0,1,8626.916666666666,0,1,0,0,1,0,0,0,0.10344038312557223,1,0,0,0,0,0,0,0,0,0,0
2020-08-10,37,25434,504,1,3,16,12903,36,1,4,0,232,0.0804709880627143,3,1,0,1,0,96,22,1048,1477,48234,1916,2119.5,0.7458696971852234,5,46318,0.2173663231549512,0.2033753766544671,481.7437119437277,0.109408158453195,0.3365921772901333,1,3.085977201147766,1,1,25,0,0,0.03972219342800871,0,2525,0.19567575945443275,1,1,0,0,0,0,0,0,0,1,0,1,0,0,1887.5,0,1,1,0,1,0,0,0,0.5072931000589739,1,1,0,0,0,0,0,0,0,0,1
2020-08-11,30,33883,595,0,4,7,116445,300,1,1,2,228,0.2140140775976707,6,1,0,3,0,94,15,3714,760,282906,1272,2823.583333333333,0.9772971681498112,6,281634,0.2604162957313041,0.25,2430.941550927869,0.0807198701873432,0.9413570913448716,0,2.963279041439748,1,1,36,0,0,0.004496177188970227,0,4474,0.038421242464318224,1,1,0,0,1,0,0,0,0,1,1,0,0,0,2595.583333333333,0,1,0,0,4,1,1,1,3.4365777358045095,0,1,0,0,0,0,0,0,0,0,1
2020-08-14,23,176962,566,0,2,5,29765,12,0,0,0,1742,0.0651683478382982,4,1,0,4,0,93,15,4473,32330,86908,18941,14746.833333333334,0.9098917985967592,2,67967,0.1785752805203822,0.1848624927452447,2735.74771345542,0.1181190457355317,0.3036207158196404,1,2.0567893234556114,0,0,4,0,0,0.2179406045403813,0,36803,1.236410669891823,1,1,0,0,0,0,0,0,0,1,0,1,0,1,13004.833333333334,0,0,0,0,5,1,0,0,0.16819900205127625,1,1,0,0,0,0,0,0,1,0,0
2020-08-15,31,93188,616,0,0,10,32365,48,2,2,0,331,0.2959761893475001,2,1,0,0,0,99,28,1462,4675,8602,28288,7765.666666666667,0.8773938152600848,5,2709,0.1655962159420192,0.1816335106153004,953.4867046840512,0.0426180257510729,0.1653845542511654,1,1.0058152674165657,1,1,25,0,0,3.288155294664652,0,6137,0.18961255638633134,1,0,0,0,0,0,0,0,0,1,0,1,0,1,7434.666666666667,0,1,0,1,2,0,1,0,0.34730493942418095,0,0,0,0,0,0,0,0,0,0,0
2020-08-16,39,15000,584,0,0,17,21725,36,1,0,0,113,0.1929814745958701,1,1,0,0,0,97,11,266,105,18128,30782,1250.0,0.8237144641004268,7,4857,0.1774965662447484,0.1545738034782164,757.9793483778736,0.0903277378097522,0.6962264975042954,0,3.4299497025841097,1,1,49,0,0,1.6979425230294005,0,371,0.017076314093712602,1,1,0,0,0,0,0,0,0,1,0,1,0,0,1137.0,0,0,0,0,2,0,0,0,1.4482367842143857,0,1,0,0,0,0,0,0,0,0,1
2020-08-17,61,38406,524,0,3,40,20927,24,1,1,1,230,0.2115446211414783,3,1,0,0,1,94,7,6326,618,26476,29195,3200.5,0.9440300790361228,1,5985,0.2034872108135642,0.200496043493272,1065.6036465763293,0.0718413243791972,0.4046864427850474,1,3.285586036669214,0,0,1,0,0,1.1026551346451636,0,6944,0.3318042813455658,1,1,0,0,0,0,0,0,0,1,0,0,0,0,2970.5,0,1,0,0,1,0,0,0,0.5448746322285,0,1,0,0,1,1,0,0,0,0,1
2020-08-17,33,2804,472,2,1,12,193054,240,1,3,2,230,0.289006287466594,2,2,0,3,0,97,17,425,489,19007,29305,233.66666666666663,0.7812499031748237,4,10556,0.3020426826003457,0.25,4050.69039657233,0.9801136363636364,3.0,0,8.504921935346259,1,0,16,0,1,1.5417192760942762,0,914,0.004734402113387376,1,1,0,0,0,0,0,0,0,1,1,0,0,0,3.6666666666666288,1,1,1,0,3,0,1,1,68.82495543672015,0,3,1,0,0,0,0,0,0,0,1
2020-08-18,42,32501,644,0,4,21,17142,36,1,2,0,256,0.1500214580818021,4,3,0,1,0,97,12,976,652,14810,25151,2708.4166666666665,0.968533509824979,4,1910,0.1474373363015018,0.1319785750080559,579.2167203270103,0.0944852828099529,0.308264406358199,1,2.5115680193191388,1,0,16,0,0,1.698129768415367,0,1628,0.09496587528437263,1,1,1,0,0,0,0,0,0,1,0,1,0,0,2452.4166666666665,0,1,0,0,4,1,0,0,0.5274136976186081,1,2,0,0,0,0,0,0,0,0,1
2020-08-18,39,1034,603,2,3,16,16181,24,1,0,0,471,0.3763226289866483,3,1,1,0,0,93,19,1686,653,21072,10356,86.16666666666667,0.8023049896405193,5,10716,0.1639229136980919,0.1629500991585022,794.5548340909377,2.0,3.0,0,9.273491237196886,1,1,25,0,1,0.4914345370853699,0,2339,0.14454331973798049,1,1,0,0,0,0,0,0,0,1,0,1,0,0,-384.8333333333333,1,0,0,0,1,0,0,0,15.633816425120774,0,3,1,1,0,1,0,0,0,0,1
2020-08-18,54,50678,523,0,3,32,20915,120,1,1,3,239,0.1007758507331912,4,2,0,2,0,94,19,1314,2159,111583,5376,4223.166666666667,0.8695492125699862,10,106207,0.235987067423827,0.2326926545605905,450.52314143873497,0.0565792069441704,0.1632329393818271,1,1.6423685202999898,1,1,100,0,0,0.04817895038715228,0,3473,0.16604513291260278,1,1,0,0,0,0,0,0,0,1,0,0,1,0,3984.166666666667,0,1,0,0,1,0,1,0,0.412695593835711,0,1,0,0,0,0,0,0,0,0,1
2020-08-19,70,34204,641,0,1,52,132951,300,2,2,2,120,0.4439776978592162,6,3,1,3,0,96,7,324,168,143612,19203,2850.333333333333,0.8903971902248772,4,124409,0.2374494358599518,0.217264494740334,2418.2367768823524,0.0420855740004676,0.8901929308682555,1,4.744041039769238,1,0,16,0,0,0.13371352175638695,0,492,0.003700583669294181,1,1,1,0,1,0,0,0,0,1,1,0,0,0,2730.333333333333,0,1,0,1,3,0,1,1,3.8868878818886126,0,2,0,1,0,1,0,0,0,1,0
2020-08-20,33,50623,590,0,1,15,15958,12,2,1,2,874,0.3429216315142115,0,2,0,1,0,96,20,543,3499,11386,11591,4218.583333333333,0.717721896750384,5,2782,0.1664194445530998,0.1690415443631548,1454.719679147802,0.2071294559099437,0.5518837987513305,0,2.4155503653558847,1,1,25,0,0,1.017915166417845,0,4042,0.2532740146625728,1,1,0,0,0,0,0,0,0,1,1,0,0,0,3344.583333333333,0,1,0,1,3,0,0,0,0.31522597977243993,1,1,0,0,0,0,0,0,0,0,0
2020-08-20,34,15000,477,0,3,13,5499,24,2,2,0,78,0.0119094800868678,4,2,0,1,0,92,9,844,200,499832,14365,1250.0,0.7521192441067022,4,485467,0.2266531258428051,0.2429223356272274,291.5408451078268,0.0623501199040767,0.2953963589990622,1,2.639109554826298,1,0,16,0,0,0.02873959902607471,0,1044,0.18981818181818183,1,1,0,0,0,0,0,0,0,1,0,1,0,0,1172.0,0,1,0,1,1,0,0,0,0.3665755616292247,1,1,0,0,0,0,0,0,0,0,0
2020-08-21,52,58592,574,0,1,29,122406,300,2,3,3,582,0.1164996242927381,4,1,0,3,1,99,25,5028,619,147881,4111,4882.666666666667,0.8967275448382892,4,143770,0.2709287767092419,0.25,2555.385216049437,0.1191727527131253,0.642424110855799,1,4.1206518093498765,1,0,16,0,0,0.02779919124707537,0,5647,0.0461329825908649,1,0,0,0,0,0,0,0,0,1,0,0,1,0,4300.666666666667,0,1,1,1,3,0,1,1,2.0890891403409966,0,0,0,0,1,1,0,0,0,0,0
2020-08-23,48,43820,604,0,0,30,22040,60,1,1,2,189,0.2130423649260127,6,3,0,1,0,97,26,1868,462,353097,18325,3651.6666666666665,0.8099214584126262,8,334772,0.1755001649085721,0.1659349692348163,542.944930491252,0.0517430187990509,0.2003864566046501,1,2.067000534813812,1,1,64,0,0,0.05189777342267586,0,2330,0.10571208202894605,1,0,1,0,1,0,0,0,0,1,1,0,0,0,3462.6666666666665,0,1,0,0,2,0,1,0,0.5029552041258757,1,1,0,0,0,0,0,0,0,0,1
2020-08-26,62,150739,658,0,0,40,29200,60,1,5,3,358,0.334764445043036,3,0,0,1,0,96,4,12099,6496,19610,28152,12561.583333333334,0.5810749072290683,10,2413,0.1485704895585613,0.1505615542398892,695.5269741652713,0.0284973234008397,0.0838622874142344,1,1.1722046497349403,1,1,100,0,0,1.4355208811381368,0,18595,0.6367932605047772,1,1,0,0,0,0,0,0,1,0,0,0,1,1,12203.583333333334,0,1,1,0,2,0,1,0,0.19371102560700543,1,1,0,0,0,0,1,0,0,0,1
2020-08-28,47,134517,646,0,1,26,32353,60,2,4,3,787,0.5592751611102431,5,2,0,2,0,94,19,1399,1977,17253,5176,11209.75,0.900506628523366,8,12077,0.1545961232349724,0.1385725187914097,750.4055494236495,0.0702004772205249,0.1371367258589879,1,0.602028550023965,1,1,64,0,0,0.299988408484989,0,3376,0.10434567595969586,1,1,0,0,0,0,0,0,0,1,0,0,1,1,10422.75,0,1,1,1,3,0,1,0,0.24051056364204046,0,1,0,0,0,0,0,0,0,0,0
2020-08-29,35,78686,630,0,4,10,97705,120,1,0,2,871,0.3262310460884591,4,0,0,2,1,93,13,875,778,141510,33664,6557.166666666667,0.8943272788212977,7,107846,0.1828724295621581,0.1574560140703655,1621.2306519699112,0.1328115072809982,0.3800194137543385,1,2.869335096838853,1,1,49,0,0,0.2378896340213835,0,1653,0.01691810124250302,1,1,0,0,0,0,0,0,0,1,1,0,0,1,5686.166666666667,0,0,0,0,4,1,1,0,1.2416917661113018,0,1,0,0,1,1,0,0,0,0,1
2020-08-30,47,34579,552,1,0,25,32683,60,1,0,2,132,0.1863906358143491,2,2,0,2,0,97,29,17190,434,96011,5652,2881.583333333333,0.5646815237105415,6,90359,0.2015986602351261,0.1966332297743693,859.7884145128864,0.0457922581018183,0.3440623565133889,1,2.9637246189334823,1,1,36,0,0,0.0588676415448069,0,17624,0.5392240851792927,1,0,0,0,0,0,0,0,0,1,1,0,0,0,2749.583333333333,0,0,0,0,2,0,1,0,0.9451417004048583,0,0,0,0,0,0,1,0,0,0,1
2020-08-31,53,191983,588,0,4,30,249825,240,2,1,0,1345,0.4564906418022055,5,0,0,3,1,97,22,30680,546,86458,35634,15998.583333333334,0.8459470305500714,4,50824,0.244107129988631,0.2282136582775949,4803.352992782231,0.0840646891846141,0.3842820693944466,0,2.051673918800064,1,0,16,0,0,0.41214911113938396,0,31226,0.12499099373163722,1,1,0,0,0,0,0,0,0,1,0,1,0,1,14653.583333333334,0,1,0,1,4,1,1,1,1.3012803150262522,0,1,0,0,1,1,0,0,0,0,0
2020-09-01,49,19219,597,0,0,26,17436,12,1,0,2,236,0.2851131448676521,3,2,0,1,0,100,15,2164,158,43426,9838,1601.5833333333333,0.6881755529938148,1,33588,0.1629415874160793,0.1328807360896837,1559.6935444946096,0.1472622328532057,1.1204993257727272,0,3.5382249174896523,0,0,1,0,0,0.226541091947406,0,2322,0.1331651086769513,1,1,0,0,0,0,0,0,0,1,1,0,0,0,1365.5833333333333,0,0,0,0,2,0,0,0,0.9071800208116545,1,1,0,0,0,0,1,0,0,0,1
2020-09-02,46,23277,638,0,1,28,15682,48,1,1,0,87,0.0293096570334881,2,0,0,0,0,100,9,628,129,47657,62149,1939.75,0.831606406326625,6,3619,0.1544150831505336,0.1650253274940326,448.4787563689668,0.0448280304006183,0.2759133099930267,0,1.910252743874437,1,1,36,0,0,1.304062277057367,0,757,0.04826882611745202,1,1,0,0,0,0,0,0,0,1,0,1,0,0,1852.75,0,1,0,0,3,0,1,0,0.6736833061259558,0,1,0,0,0,0,0,0,0,0,1
2020-09-02,52,51633,645,0,0,28,17175,48,2,1,0,325,0.2930182630992402,2,0,0,0,0,95,10,2124,757,141556,10147,4302.75,0.7498860040723788,3,131409,0.1509378170848896,0.1482892153654251,476.5049922270491,0.0755155387743247,0.1862340963641124,1,0.5980217257059692,1,0,9,0,0,0.0716813721681019,0,2881,0.1677340475081509,1,1,0,0,0,0,0,0,0,1,0,1,0,0,3977.75,0,1,0,1,2,0,1,0,0.3326296626254019,0,1,0,0,0,0,0,0,0,0,0
2020-09-03,54,286628,539,0,4,31,18927,36,2,0,0,2219,0.0160120053414952,4,1,0,1,0,94,8,8927,6392,31400,7646,23885.666666666668,0.7560503322402436,5,23754,0.1999620993965545,0.2070220116509086,710.185313569822,0.0928970136756907,0.1226284669370564,1,1.1611255597451318,1,1,25,0,0,0.24349543008184452,0,15319,0.8093300929839391,1,1,0,0,0,0,0,0,0,1,0,1,0,1,21666.666666666668,0,0,0,0,4,1,0,0,0.06603309504620956,1,1,0,0,0,0,0,0,0,0,0
2020-09-04,56,55874,613,0,4,32,162831,360,3,0,3,546,0.1519400557022024,2,0,0,3,0,93,7,10854,1866,13154,20935,4656.166666666667,0.890747470598978,8,6818,0.2715001185683579,0.25,3394.3402388290897,0.117238664424006,0.8460810017884457,1,2.917686249524655,1,1,64,0,0,1.5914101102242493,0,12720,0.07811732337624054,1,1,0,0,0,0,0,0,0,1,0,0,1,0,4110.166666666667,0,0,0,0,4,1,1,1,2.914201342281879,0,1,0,0,0,0,0,0,0,0,0
2020-09-04,47,37240,477,0,3,17,114444,360,1,0,0,230,0.2022465924518617,4,1,0,3,0,97,7,2907,2512,82550,30832,3103.333333333333,0.752639895883443,4,51718,0.3394119624093067,0.25,2385.6751742147158,0.0740899817459465,0.842588373525625,0,3.501958366067285,1,0,16,0,0,0.37349032719167546,0,5419,0.047350255581283585,1,1,0,0,0,0,0,0,0,1,0,1,0,0,2873.333333333333,0,0,0,0,1,0,1,1,3.073064633065707,0,1,0,0,0,0,0,0,0,0,1
2020-09-05,37,23038,621,0,4,19,226227,240,1,0,3,200,0.4043254923943024,4,0,0,3,0,93,21,2034,1243,234991,56059,1919.8333333333333,0.8759091075196667,6,178932,0.2275823246548163,0.2352024865624181,4476.534804592826,0.1041214750542299,2.43463850998325,0,6.836656999636711,1,1,36,0,0,0.2385570572615238,0,3277,0.014485386424315292,1,1,0,0,0,0,0,0,0,1,0,0,1,0,1719.8333333333333,0,0,0,0,4,1,1,1,9.819306393506663,0,1,0,0,0,0,0,0,0,0,1
2020-09-05,41,101807,570,1,4,15,545047,360,1,1,2,510,0.4464298095761525,0,0,0,3,0,92,9,4493,1152,13438,39173,8483.916666666666,0.695012078169045,8,3922,0.2933021572857904,0.25,11361.933318305964,0.0601066598571975,1.3991808976681326,0,3.6525126203239537,1,1,64,0,0,2.9148746186472207,0,5645,0.010356885999031278,1,1,0,0,0,0,0,0,0,1,1,0,0,1,7973.916666666666,0,1,0,0,4,1,1,1,5.353675546126041,0,1,0,0,0,0,1,0,0,0,1
2020-09-06,54,14020,585,2,1,32,116450,120,0,1,3,281,0.4696808570563715,3,2,0,3,0,94,18,1975,335,58059,8176,1168.3333333333333,0.7645798510782753,6,49883,0.205416306465663,0.1985791254815139,2239.5027662872862,0.2403078677309008,2.155504076072366,0,5.757877113097712,1,1,36,0,0,0.14081984154323113,0,2310,0.019836669500476595,1,1,0,0,0,0,0,0,0,1,0,0,1,0,887.3333333333333,1,1,0,0,3,0,1,1,8.305399044290708,0,2,0,0,0,0,0,0,0,0,0
2020-09-10,30,63136,580,0,3,7,4353,24,0,4,2,778,0.1899098828009036,7,2,0,4,0,95,13,4458,1173,6888,28014,5261.333333333333,0.905620180718581,9,3641,0.1750947125604486,0.1820827615069357,217.75793014685388,0.1478431620953949,0.189223651766679,1,1.4018477264203786,1,1,81,0,0,4.066482798664538,0,5631,1.2932935231970601,1,1,0,0,1,0,0,0,0,1,1,0,0,0,4483.333333333333,0,1,1,0,1,0,0,0,0.06894530940652865,1,1,0,0,0,0,0,0,0,0,0
2020-09-10,44,41265,499,0,4,22,157787,300,1,0,3,309,0.2753491471608539,2,4,0,3,0,94,27,2250,92,189567,6483,3438.75,0.6996060769252131,3,183084,0.3084922519097187,0.25,3294.0098286423254,0.0898321098917072,1.0474627018365652,0,4.002198179942671,1,0,9,0,0,0.03419880992572586,0,2342,0.01484270033209116,1,0,1,0,0,0,0,0,0,1,0,0,1,0,3129.75,0,0,0,0,4,1,1,1,3.823656278776717,0,1,0,0,0,0,1,0,0,0,1
2020-09-10,35,37425,567,1,4,13,11130,36,1,4,3,296,0.0668193015485857,5,0,0,1,0,92,16,929,212,24466,58439,3118.75,0.6850643896183136,7,6174,0.1858293723218733,0.1596845939178178,391.12448712334486,0.0948793973876111,0.2202498556369404,1,1.0849607985130292,1,1,49,0,0,2.388482445743246,0,1141,0.10250651334111939,1,1,0,0,0,0,0,0,0,1,0,0,1,0,2822.75,0,1,1,0,4,1,0,0,0.2973868433709186,1,1,0,0,0,0,1,0,0,0,1
2020-09-11,40,20802,484,0,3,19,185309,120,1,0,3,97,0.2600233059223084,5,4,0,3,0,96,21,969,337,60689,82441,1733.5,0.9358572166148224,4,8513,0.2560324463443395,0.25,4215.649114594109,0.0559238973767656,2.486393262954228,0,7.307022947215327,1,0,16,0,0,1.3583951227549844,0,1306,0.007047649883978198,1,1,1,0,0,0,0,0,0,1,0,0,1,0,1636.5,0,0,0,0,1,0,1,1,8.90780175936163,0,2,0,0,0,0,0,0,0,0,1
2020-09-11,55,73635,587,0,2,32,22814,60,2,2,0,264,0.1632835826212643,2,1,0,2,0,96,5,1305,1189,63389,24492,6136.25,0.7721855355118519,1,38897,0.1840087933733403,0.1814291202531397,581.1007623561542,0.043016008798729,0.1377002342019885,1,0.4801159261362543,0,0,1,0,0,0.3863700899195457,0,2494,0.10931404777558623,1,1,0,0,0,0,0,0,0,1,0,1,0,1,5872.25,0,1,0,1,5,1,1,0,0.30982128306806456,0,1,0,0,0,0,0,0,0,0,0
2020-09-12,42,20181,585,1,3,23,13312,12,0,0,1,133,0.0789671356571415,4,2,0,4,0,100,5,1011,646,65599,16083,1681.75,0.6415567103146176,4,49516,0.168874124070108,0.1696439903087085,1213.892763772462,0.079037290150052,0.8004116854984173,1,3.066078057052116,1,0,16,0,0,0.24516768292682928,0,1657,0.12446480883347104,1,1,0,0,0,0,0,0,0,1,0,0,0,0,1548.75,0,0,0,0,1,0,0,0,0.6595976612823308,1,1,0,0,0,0,1,0,0,0,0
2020-09-12,40,22108,604,0,3,16,151209,300,1,3,3,154,0.159416613602004,5,1,0,3,0,93,8,1261,674,101465,105309,1842.3333333333333,0.7871932411349423,8,5029,0.2559816062195267,0.2298468824195281,2906.046361834882,0.0835443037974683,1.6600613174511116,0,3.896221744110338,1,1,64,0,0,1.037874756075927,0,1935,0.012796772700218239,1,1,0,0,0,0,0,0,0,1,0,0,1,0,1688.3333333333333,0,1,1,0,1,0,1,1,6.839250983762269,0,1,0,0,0,0,0,0,0,0,1
2020-09-13,23,31843,601,0,1,1,19159,12,1,0,3,382,0.1462529365701513,4,0,0,1,0,98,15,150,104,283706,83355,2653.583333333333,0.7618275333968472,2,200351,0.1609651450128812,0.1847450639417328,1760.8264446200412,0.1439020561921205,0.8072176215803011,0,3.3762434030909323,0,0,4,0,0,0.29380663853905614,0,254,0.01325678496868476,1,1,0,0,0,0,0,0,0,1,0,0,1,0,2271.583333333333,0,0,0,0,3,0,0,0,0.6016518025373697,1,1,0,0,0,0,0,0,1,0,1
2020-09-15,48,37035,598,0,1,28,10586,24,0,4,0,414,0.6329687943811352,5,0,1,4,0,100,13,1535,1194,43265,2965,3086.25,0.8363719993047827,5,40300,0.1663168455280858,0.1348121190075176,505.67379110398906,0.1340999271196048,0.2978941747846754,1,3.0199488759173234,1,1,25,0,0,0.06852956131835622,0,2729,0.2577689619344479,1,1,0,0,0,0,0,0,0,1,0,1,0,0,2672.25,0,1,1,0,3,0,0,0,0.2858300032400907,1,1,0,1,0,1,0,0,0,0,0
2020-09-16,47,35089,597,0,1,25,17697,84,2,0,0,271,0.3264655262991824,4,0,0,2,0,92,1,565,805,47896,34642,2924.083333333333,0.6702454731190247,4,13254,0.1869453017294568,0.1926007773476503,385.1367811508384,0.092646933135808,0.2243138763513877,1,2.336515570670418,1,0,16,0,0,0.7232603294569597,0,1370,0.0774098768222398,1,1,0,0,0,0,0,0,0,1,0,1,0,0,2653.083333333333,0,0,0,0,3,0,1,0,0.5043317184383015,0,1,0,0,0,0,1,0,0,0,0
2020-09-18,65,70177,561,0,3,40,25610,36,2,0,3,898,0.4578505810489798,1,2,0,0,0,93,12,6030,2513,19433,17068,5848.083333333333,0.8474166552756303,7,2365,0.1890376943064196,0.1738117721964991,917.9321068942196,0.1535283306501018,0.3104643930349575,1,1.9514472688625704,1,1,49,0,0,0.8782546053308634,0,8543,0.3335676076685799,1,1,0,0,0,0,0,0,0,1,0,0,1,1,4950.083333333333,0,0,0,0,1,0,0,0,0.3649291800849269,0,1,0,0,0,0,0,0,0,0,0
2020-09-18,36,59943,483,0,2,15,8416,24,1,1,0,264,0.1047463655530579,1,2,0,1,0,93,27,5916,3344,10010,4666,4995.25,0.9576241646624466,5,5344,0.2237595021873029,0.2025442940329018,429.3858532703225,0.0528396297222917,0.1387812565965119,1,2.079035455088167,1,1,25,0,0,0.4660873039656378,0,9260,1.1001544493287394,1,0,0,0,0,0,0,0,0,1,0,1,0,0,4731.25,0,1,0,0,5,1,0,0,0.1403977045242226,1,0,0,0,0,0,0,0,0,0,1
2020-09-21,42,30239,532,0,3,19,4667,36,1,3,0,366,0.349558422773341,4,0,0,1,0,98,15,1030,503,33394,103168,2519.9166666666665,0.8328433380227294,9,6099,0.2031121214983516,0.25,185.55910748115997,0.1451852831311361,0.2187930742710627,0,2.800060437248243,1,1,81,0,0,3.0893247492139544,0,1533,0.32840616966580977,1,1,0,0,0,0,0,0,0,1,0,1,0,0,2153.9166666666665,0,1,1,0,1,0,0,0,0.15433201058201057,1,1,0,0,0,0,0,0,0,0,1
2020-09-23,42,51386,568,0,3,21,123234,360,1,4,0,244,0.191749630679297,6,0,0,3,0,98,4,4643,3428,92329,8546,4282.166666666667,0.9064157353931854,5,83783,0.2939304620951611,0.25,2568.9096363214867,0.0569671971672049,0.6567359748600692,0,1.9165026724397576,1,1,25,0,0,0.092559298169609,0,8071,0.06549275773927861,1,1,0,0,1,0,0,0,0,1,0,1,0,0,4038.166666666667,0,1,1,0,1,0,1,1,2.3981551754334753,0,1,0,0,0,0,0,0,0,0,1
2020-09-23,58,22978,560,0,3,34,26331,72,2,1,2,301,0.3759278682722711,4,0,0,0,0,99,17,2165,181,47316,51982,1914.8333333333333,0.9220173359429126,0,10333,0.2015446350521469,0.2024115757482953,634.3880262619099,0.1571117877337973,0.4882408140558033,1,2.387751269380979,0,0,0,1,0,1.0985903586448844,0,2346,0.08909311863891843,1,1,0,0,0,0,0,0,0,1,1,0,0,0,1613.8333333333333,0,1,0,1,1,0,1,0,1.1458723182035773,0,2,0,0,0,0,0,0,0,0,0
2020-09-23,38,53658,604,0,1,14,37838,36,1,3,3,376,0.105555522868474,1,2,0,0,0,97,21,2225,400,221005,11214,4471.5,0.9639042095107412,6,209791,0.1676352738989388,0.1813961956679391,1370.5859760136275,0.0840693124650642,0.390516707884545,1,2.2601023311535453,1,1,36,0,0,0.05074070387229306,0,2625,0.06937286926187267,1,1,0,0,0,0,0,0,0,1,0,0,1,0,4095.5,0,1,1,0,3,0,0,0,0.7051566372835871,0,1,0,0,0,0,0,0,0,0,1
2020-09-24,43,61901,598,0,4,17,97166,240,2,2,0,160,0.2001429926556902,1,0,0,3,1,100,23,14984,1824,58386,6042,5158.416666666667,0.8048109002833645,6,52344,0.2388710466066576,0.25,2038.7528001147195,0.0310112577326248,0.4261630610918003,1,4.379877935250756,1,1,36,0,0,0.10348193947282786,0,16808,0.17298053866024474,1,1,0,0,0,0,0,0,0,1,0,1,0,0,4998.416666666667,0,1,0,1,4,1,1,0,1.5696746470227134,0,1,0,0,1,1,0,0,0,0,0
2020-09-24,47,24064,555,0,1,25,17402,24,1,2,3,244,0.2974155680923895,2,2,0,1,0,98,2,608,319,249995,23120,2005.3333333333333,0.7572866978942799,8,226875,0.1879410994710335,0.2144426179293995,898.0149690912361,0.1216148861937198,0.5692050020391608,1,3.045618422468733,1,1,64,0,0,0.09248147970367526,0,927,0.05326667815893812,1,1,0,0,0,0,0,0,0,1,0,0,1,0,1761.3333333333333,0,1,0,0,3,0,0,0,0.7231248701433617,1,1,0,0,0,0,0,0,0,0,1
2020-09-24,42,125247,620,1,4,18,46757,60,2,2,3,1326,0.0391698026712232,2,2,0,0,0,100,18,28469,3123,68390,4067,10437.25,0.852814959676043,6,64323,0.1676881851607679,0.1578290765595655,1131.6531080163816,0.1270327880631332,0.2354468524912108,1,0.6847665085737361,1,1,36,0,0,0.0594668889181325,0,31592,0.6756490867872877,1,1,0,0,0,0,0,0,0,1,0,0,1,1,9111.25,0,1,0,1,4,1,1,0,0.37331534236075625,0,1,0,0,0,0,0,0,0,0,0
2020-09-25,34,20512,562,0,3,11,13377,60,1,0,3,128,0.2024469240619137,0,0,0,0,0,97,12,854,2889,34480,164195,1709.3333333333333,0.8713129753076597,5,6865,0.1963753417114195,0.2263101543638189,374.27347490576426,0.0748392126291171,0.293669932706547,1,2.21293688491819,1,1,25,0,0,4.761897856790696,0,3743,0.2797877111675886,1,1,0,0,0,0,0,0,0,1,0,0,1,0,1581.3333333333333,0,0,0,0,1,0,1,0,0.6521230439233656,0,1,0,0,0,0,0,0,0,0,1
2020-09-26,42,53543,607,0,1,17,46636,36,0,1,3,314,0.0617539693977633,3,4,0,2,0,95,23,1202,1523,16220,40247,4461.916666666667,0.7500820194855524,7,2497,0.1661875373741214,0.1542794772477374,1626.4427616700427,0.0703575763234058,0.4347925149853517,1,2.6063579611815118,1,1,49,0,0,2.481166389248505,0,2725,0.05843000192979823,1,1,1,0,0,0,0,0,0,1,0,0,1,0,4147.916666666667,0,1,0,0,3,0,0,0,0.8709846107873898,0,2,0,0,0,0,0,0,0,0,0
2020-09-27,52,102330,603,0,0,31,124937,120,0,3,3,667,0.0952354554654912,3,2,0,3,0,96,2,3757,2429,6186,11551,8527.5,0.8375624229047417,3,10259,0.1964338932233089,0.1977886384502196,2396.1886978749567,0.0782083602040218,0.359170862153363,0,1.9751190599794697,1,0,9,0,0,1.8669791498302892,0,6186,0.04951255822888152,1,1,0,0,0,0,0,0,0,1,0,0,1,1,7860.5,0,1,1,0,2,0,1,1,1.2209105745082136,0,1,0,0,0,0,0,0,0,0,0
2020-10-02,27,74812,594,0,0,3,168035,240,1,1,1,201,0.1748712103219495,2,0,0,3,0,100,12,1300,602,30437,18372,6234.333333333333,0.9334950201310886,3,12065,0.2410079833802859,0.2406518854724473,3398.783812333448,0.0322356463166898,0.5773201880145592,0,0.8226611160875628,1,0,9,0,0,0.6035876207372364,0,1902,0.011319003070770548,1,1,0,0,0,0,0,0,0,1,0,0,0,1,6033.333333333333,0,1,0,0,2,0,1,1,2.246066860037694,0,1,0,0,0,0,0,0,1,0,1
2020-10-03,41,45066,513,0,3,19,29726,84,1,3,0,97,0.3173980618457042,3,1,0,2,0,99,27,5154,158,119272,8201,3755.5,0.8020563575012409,5,111071,0.2290749527506817,0.2351170130193368,724.3616127406714,0.0258219086916012,0.2186507687317107,1,2.116644535527961,1,1,25,0,0,0.06875822692478599,0,5312,0.17869277088169006,1,0,0,0,0,0,0,0,0,1,0,1,0,0,3658.5,0,1,1,0,1,0,1,0,0.6595957130494597,0,0,0,0,0,0,0,0,0,0,1
2020-10-04,31,36868,550,0,1,9,14840,36,1,3,0,499,0.6270388089996816,2,1,0,0,0,99,18,387,658,38750,28216,3072.333333333333,0.9724333022104882,4,10534,0.1944012872249739,0.1766277822774504,533.9944514283524,0.1623644251626897,0.3361153312673598,1,2.543375612424744,1,0,16,0,0,0.7281360481019845,0,1045,0.07041304494306314,1,1,0,0,0,0,0,0,0,1,0,1,0,0,2573.333333333333,0,1,1,0,3,0,0,0,0.4025061704955383,0,1,0,0,0,0,0,0,0,0,1
2020-10-04,54,96352,518,0,1,31,305041,360,1,3,3,450,0.4903604699783628,4,1,0,3,0,99,16,20181,5376,25557,5210,8029.333333333333,0.5035221591830522,4,20347,0.3191570511877568,0.25,6358.819517123055,0.0560375243867004,0.8478875327453891,1,2.8223800597606665,1,0,16,0,0,0.2038500665153768,0,25557,0.08378190544252923,1,1,0,0,0,0,0,0,0,1,0,0,1,1,7579.333333333333,0,1,1,0,3,0,1,1,3.1658692516060736,0,1,0,0,0,0,1,0,0,0,1
2020-10-07,21,58032,573,0,1,0,162108,360,0,0,3,1036,0.4982157012893539,1,1,0,3,0,97,22,1188,806,53550,4423,4836.0,0.8580365938478449,5,49127,0.2914990060568664,0.25,3379.2687352906146,0.2141823444283647,0.9128113986542514,1,2.513901650167393,1,1,25,0,0,0.08259416257399488,0,1994,0.012300365803255834,1,1,0,0,0,0,0,0,0,1,0,0,1,0,3800.0,0,0,0,0,3,0,1,1,2.7933761825168437,0,1,0,0,0,0,0,0,1,0,0
2020-10-07,33,35300,599,1,0,11,33922,60,0,0,0,494,0.1062255049828044,4,1,0,2,0,100,5,4253,1012,55222,26622,2941.6666666666665,0.8092774973394599,8,28600,0.1781079621323477,0.1683314996324928,840.0087735240498,0.1678749433620299,0.4533332941291516,0,3.1062094361506256,1,1,64,0,0,0.4820817413034424,0,5265,0.15520443357014416,1,1,0,0,0,0,0,0,0,1,0,1,0,0,2447.6666666666665,0,0,0,0,2,0,1,0,0.9609359508229228,0,1,0,0,0,0,0,0,0,0,0
2020-10-08,44,28526,591,0,3,21,7610,24,0,0,0,441,0.1795597976445502,1,1,0,1,0,96,17,1525,2280,36922,102146,2377.1666666666665,0.944179766715712,6,7531,0.1697343374620668,0.1598657317872568,372.5604512508362,0.1854369612446562,0.3420956414258194,1,1.9602580340699447,1,1,36,0,0,2.7664599301248542,0,3805,0.4999343056103009,1,1,0,0,0,0,0,0,0,1,0,1,0,0,1936.1666666666665,0,0,0,0,1,0,0,0,0.2667648192940022,1,1,0,0,0,0,0,0,0,0,0
2020-10-09,58,18112,542,0,1,32,26388,12,0,5,0,116,0.6670910108507857,0,3,0,1,0,97,11,1239,1412,103260,8543,1509.3333333333333,0.8255478140830194,2,94717,0.1905451756339095,0.1890788329457408,2430.667832176846,0.076804237475171,1.6861627668352546,0,5.845879130793927,0,0,4,0,0,0.08273210602260292,0,2651,0.10045852438516048,1,1,1,0,0,0,0,0,0,1,0,1,0,0,1393.3333333333333,0,1,1,0,3,0,0,0,1.4568541931209629,1,2,0,0,0,0,0,0,0,0,0
2020-10-10,39,44384,578,0,3,15,183602,180,2,0,2,140,0.6242638843303133,2,0,0,3,0,95,7,1284,1308,48647,10129,3698.6666666666665,0.8715361945800641,8,38518,0.2290301327742261,0.2232874343069857,3544.6732026855834,0.0378412469591855,0.9959473473337012,0,3.017923836658551,1,1,64,0,0,0.20820999835553364,0,2592,0.01411741638208526,1,1,0,0,0,0,0,0,0,1,1,0,0,0,3558.6666666666665,0,0,0,0,1,0,1,1,4.136577672637152,0,1,0,0,0,0,0,0,0,0,0
2020-10-12,33,45751,601,0,4,9,30770,84,1,1,0,187,0.3090003297818527,1,4,0,2,0,98,18,3398,1041,278261,13689,3812.5833333333335,0.705900472756511,5,264572,0.1850835819917438,0.2087974334792073,699.6771097757348,0.0490352468151126,0.2325049781987373,1,1.5669079878082854,1,1,25,0,0,0.04919464389675917,0,4439,0.144259205095707,1,1,1,0,0,0,0,0,0,1,0,1,0,0,3625.5833333333335,0,1,0,0,4,1,1,0,0.6725389054030425,0,2,0,0,0,0,0,0,0,0,1
2020-10-13,62,113006,626,1,1,40,19607,24,0,0,1,638,0.3289680239722537,3,3,0,1,0,91,2,6750,475,36072,11797,9417.166666666666,0.9052545643725174,9,24275,0.152470923231302,0.1578072601409383,957.9667294207148,0.0677414217204339,0.1694561994819283,0,1.0079025307349394,1,1,81,0,0,0.3270312976464392,0,7225,0.3684720522235822,1,1,1,0,0,0,0,0,0,1,0,0,0,1,8779.166666666666,0,0,0,0,3,0,0,0,0.1735025263921704,1,2,0,0,0,0,0,0,0,0,0
2020-10-13,22,47129,534,0,3,1,24320,48,0,0,2,101,0.3297253309172717,2,1,0,0,0,88,28,572,481,29642,15279,3927.4166666666665,0.7371371842615682,5,14363,0.2065247738634139,0.2234018609481112,770.7264049762575,0.0257101037313591,0.2219027356168747,1,2.5249127484419813,1,1,25,0,0,0.515433660560672,0,1053,0.04329591710867152,1,0,0,0,0,0,0,0,0,1,1,0,0,0,3826.4166666666665,0,0,0,0,1,0,1,0,0.5160195204752811,0,0,0,0,0,0,0,0,1,0,0
2020-10-13,18,101439,542,0,2,0,19439,24,0,0,3,564,0.1424827326882059,3,3,0,4,0,95,3,2022,1470,44158,31501,8453.25,0.941054644545778,10,12657,0.1944687720195036,0.197658973332072,987.1418163286584,0.066712008752994,0.1834747986312988,0,1.2719910795330411,1,1,100,0,0,0.7133540161688444,0,3492,0.17962962962962964,1,1,1,0,0,0,0,0,0,1,0,0,1,1,7889.25,0,0,0,0,5,1,0,0,0.19163052050473187,1,2,0,0,0,0,0,0,1,0,0
2020-10-16,45,41116,561,0,1,21,8362,12,1,0,0,262,0.276471013621945,2,0,0,4,0,98,9,1249,336,134547,15758,3426.333333333333,0.721371695341731,4,118789,0.1807578931233453,0.1900140629494091,770.6189194032643,0.0764442715425014,0.3012893170793418,1,2.046511747761911,1,0,16,0,0,0.1171180545232928,0,1585,0.18952528996771492,1,1,0,0,0,0,0,0,0,1,0,1,0,0,3164.333333333333,0,0,0,0,3,0,0,0,0.20337086849721525,1,1,0,0,0,0,0,0,0,0,1
2020-10-17,33,67488,472,0,3,8,107090,240,1,1,0,249,0.4523763014614857,0,2,0,3,0,100,1,1655,1661,100627,3793,5624.0,0.905299972111244,7,96834,0.3018953585548228,0.25,2246.979780625788,0.0442666666666666,0.4437297387779179,1,1.401063854560039,1,1,49,0,0,0.03769328616289701,0,3316,0.03096432006424443,1,1,0,0,0,0,0,0,0,1,0,1,0,1,5375.0,0,1,0,0,1,0,1,1,1.586777104417016,0,1,0,0,0,0,0,0,0,0,1
2020-10-17,27,34552,613,0,1,6,93656,360,2,4,2,145,0.1911639930725702,1,2,0,3,0,93,28,6311,4487,34918,14340,2879.333333333333,0.8778913787426911,4,20578,0.2713618486128687,0.25,1952.332967357427,0.0503413956717972,0.7281563363120335,1,2.543962413355275,1,0,16,0,0,0.4106646811191615,0,10798,0.11529303735972751,1,0,0,0,0,0,0,0,0,1,1,0,0,0,2734.333333333333,0,1,1,1,3,0,1,0,2.7105027059879028,0,0,0,0,0,0,0,0,1,0,0
2020-10-21,48,84392,645,0,3,26,186088,180,1,2,0,533,0.199482131354578,4,0,0,3,0,92,28,4435,7392,21744,30067,7032.666666666667,0.959272169430344,4,6013,0.1955334950832192,0.1829913497987259,3036.936388530957,0.0757783991280034,0.5075498396091593,0,0.2537184232335514,1,0,16,0,0,1.3827086686594618,0,11827,0.06355561048745492,1,0,0,0,0,0,0,0,0,1,0,1,0,1,6499.666666666667,0,1,0,0,1,0,1,1,2.2050170037799344,0,0,0,0,0,0,0,0,0,0,1
2020-10-21,42,26932,530,1,4,23,253950,300,1,2,2,227,0.3322916265283253,1,0,0,3,1,94,28,645,659,15811,9268,2244.333333333333,0.6054227150849332,6,6543,0.2931112241535012,0.25,5301.538124076879,0.1010985748218527,2.462234912742078,0,8.103743193622739,1,1,36,0,0,0.586137111054895,0,1304,0.005134848848793665,1,0,0,0,0,0,0,0,0,1,1,0,0,0,2017.333333333333,0,1,0,0,4,1,1,1,9.428953328630305,0,0,0,0,1,1,1,0,0,0,1
2020-10-22,33,61403,573,0,4,11,10377,24,3,1,0,277,0.1180545346791945,0,1,0,4,0,94,24,1961,2570,18565,34298,5116.916666666667,0.7460203411360062,4,5223,0.1788118608649819,0.1578072496898477,507.0036542930088,0.0541235854432956,0.1531880461046341,1,1.2903773028440089,1,0,16,0,0,1.8473553808036196,0,4531,0.4365966467527462,1,0,0,0,0,0,0,0,0,1,0,1,0,0,4839.916666666667,0,1,0,0,4,1,0,0,0.1689955051788157,1,0,0,0,0,0,0,0,0,0,0
2020-10-23,24,15000,598,0,2,0,17198,48,0,3,2,186,0.380929929573318,0,0,0,4,0,97,18,539,158,284440,54716,1250.0,0.8878008955863759,5,229724,0.1744381516303941,0.1562820251040846,484.1275782983284,0.1486810551558753,0.5356735238196071,0,2.898128477003808,1,1,25,0,0,0.1923632668989351,0,697,0.04052561195418338,1,1,0,0,0,0,0,0,0,1,1,0,0,0,1064.0,0,1,1,0,5,1,1,0,1.1464569028731417,1,1,0,0,0,0,0,0,1,0,0
2020-10-24,50,40953,616,0,1,28,146759,300,1,4,2,309,0.2141853894886486,2,3,0,3,0,97,15,1602,3399,27376,28054,3412.75,0.8955103383048204,7,2791,0.2499741384696173,0.2468897030008376,3026.162890459624,0.0905162943976565,0.976979242902856,0,3.102064655271186,1,1,49,0,0,1.0247287869379407,0,5001,0.03407604251839738,1,1,1,0,0,0,0,0,0,1,1,0,0,0,3103.75,0,1,1,0,3,0,1,1,3.5835083264150023,0,2,0,0,0,0,0,0,0,0,1
2020-10-24,47,68921,482,0,0,23,52162,84,2,4,0,498,0.3688590722143244,2,0,0,2,0,100,11,1227,277,26902,9082,5743.416666666667,0.6977894048880612,1,17820,0.244715532177571,0.25,1320.3055514496698,0.0866928756908882,0.3165344119274663,0,3.0265064011654985,0,0,1,0,0,0.33758316916329034,0,1504,0.028832697505894983,1,1,0,0,0,0,0,0,0,1,0,1,0,1,5245.416666666667,0,1,1,1,2,0,1,0,0.756826557557819,0,1,0,0,0,0,1,0,0,0,0
2020-10-26,38,42550,600,0,1,16,30191,60,1,0,0,216,0.3450571574828757,5,3,0,2,0,95,25,984,2035,122599,89271,3545.833333333333,0.5302576857324576,5,33328,0.177578833066902,0.1693422866889305,749.2568262180263,0.0608993938254781,0.2721460907526976,1,2.421394378026192,1,1,25,0,0,0.7281484502446982,0,3019,0.09999337572866984,1,0,1,0,0,0,0,0,0,1,0,1,0,0,3329.833333333333,0,0,0,0,3,0,1,0,0.7095250405395878,0,1,0,0,0,0,1,0,0,0,1
2020-10-29,62,25697,623,0,3,39,20767,48,1,3,1,93,0.1015816886970892,1,0,0,0,0,93,5,2886,809,60066,61526,2141.4166666666665,0.8597197096930649,5,4869,0.1619852921548759,0.1794582454141559,609.4428801244712,0.043408922945272,0.3278740737287975,0,2.7207320357076683,1,1,25,0,0,1.0242895433432666,0,3695,0.17791795069337443,1,1,0,0,0,0,0,0,0,1,0,0,0,0,2048.4166666666665,0,1,1,0,1,0,1,0,0.8081173632189276,0,1,0,0,0,0,0,0,0,0,1
2020-10-29,27,68646,489,0,1,7,43537,84,2,0,2,1132,0.4263749110199983,3,1,0,2,0,97,9,4312,618,168078,26729,5720.5,0.8998412529713864,6,141349,0.2411703473497402,0.2043651115093033,978.2668522987838,0.1978502141046928,0.3688310499517231,1,2.8999564846487518,1,1,36,0,0,0.1590264101999655,0,4930,0.11323441591253618,1,1,0,0,0,0,0,0,0,1,1,0,0,1,4588.5,0,0,0,0,3,0,1,0,0.6342156248634317,0,1,0,0,0,0,0,0,1,0,0
2020-10-29,21,30888,570,0,1,0,12336,12,2,1,0,299,0.0749688843452425,2,1,0,4,0,94,14,1384,481,217884,14464,2574.0,0.5395430191082801,4,203420,0.1763550895390178,0.1741886863024731,1127.5554483604783,0.1161165048543689,0.554002115868147,1,2.6885212476990628,1,0,16,0,0,0.06638364274732084,0,1865,0.15117127340520387,1,1,0,0,0,0,0,0,0,1,0,1,0,0,2275.0,0,1,0,1,3,0,0,0,0.3993654699083816,1,1,0,0,0,0,1,0,1,0,0
2020-10-30,31,27591,563,0,3,13,179563,300,0,1,2,322,0.2708922554659402,4,1,0,3,0,94,27,1443,170,184526,59557,2299.25,0.7560690916908811,3,124969,0.2765245717423309,0.25,3748.612286566713,0.1399847842625801,1.7696390768684762,0,4.831248882754543,1,0,9,0,0,0.32275493559208135,0,1613,0.008982869617517987,1,0,0,0,0,0,0,0,0,1,1,0,0,0,1977.25,0,1,0,0,1,0,1,1,6.507792113656132,0,0,0,0,0,0,0,0,0,0,0
2020-10-30,39,47383,586,0,0,17,158101,360,2,2,2,320,0.4288018265956603,5,1,0,3,0,100,12,2362,305,36390,29224,3948.5833333333335,0.8618479419320406,7,7166,0.2849927489183347,0.25,3295.739669345013,0.0810212047684354,0.9154737004354924,0,3.256797089925254,1,1,49,0,0,0.8030557005853095,0,2667,0.016868856813955547,1,1,0,0,0,0,0,0,0,1,1,0,0,0,3628.5833333333335,0,1,0,1,2,0,1,1,3.3365904102650683,0,1,0,0,0,0,0,0,0,0,0
2020-11-01,42,300000,588,1,4,23,277428,360,2,2,2,929,0.0631256273365598,5,0,0,3,0,99,10,7255,670,7925,57432,25000.0,0.8329197204551458,3,7721,0.284133330080894,0.25,5783.204818356926,0.0371585136594536,0.2684774536361315,1,0.5797255654958122,1,0,9,0,0,7.246025738077214,0,7925,0.028565867302985628,1,1,0,0,0,0,0,0,0,1,1,0,0,1,24071.0,0,1,0,1,4,1,1,1,0.9247569174769418,0,1,0,0,0,0,0,0,0,0,0
2020-11-02,37,112751,638,0,4,12,19088,36,1,0,2,1017,0.0365879986341676,0,1,0,0,0,95,9,9869,4663,14532,16133,9395.916666666666,0.7025820600547391,6,5644,0.1504642168829752,0.1603219391986112,671.3808747276953,0.1082269893493433,0.1796739222682293,1,1.888664937641764,1,1,36,0,0,1.1100942682171608,0,14532,0.7612761276127613,1,1,0,0,0,0,0,0,0,1,1,0,0,1,8378.916666666666,0,0,0,0,4,1,0,0,0.1692918972612459,0,1,0,0,0,0,0,0,0,0,1
2020-11-03,44,90212,607,0,3,20,37544,48,0,3,0,254,0.2508663967278091,1,0,0,0,0,100,21,7333,5781,64434,14056,7517.666666666667,0.7502723892023877,5,50378,0.1701333238731334,0.1774664331387766,1097.8907592217934,0.0337825855648164,0.17980458758935,1,0.0,1,1,25,0,0,0.21814231395980446,0,13114,0.3492875216406978,1,1,0,0,0,0,0,0,0,1,0,1,0,1,7263.666666666667,0,1,1,0,1,0,1,0,0.4161706184252824,0,1,0,0,0,0,0,0,0,0,0
2020-11-04,24,45726,551,0,3,1,31527,60,0,1,2,184,0.1843680068543272,2,0,0,0,0,99,2,495,101,179860,3991,3810.5,0.7384580655426345,3,175869,0.2020896578297187,0.1877326451609502,813.8995247914203,0.0482749573658664,0.2618128098626315,0,2.043011537872665,1,0,9,0,0,0.022189357337054724,0,596,0.018903831514843948,1,1,0,0,0,0,0,0,0,1,1,0,0,0,3626.5,0,1,0,0,1,0,1,0,0.6894613685568701,0,1,0,0,0,0,0,0,1,0,0
2020-11-04,57,49505,427,0,3,31,22989,60,3,0,0,234,0.3927884520137314,5,0,0,2,0,98,9,2265,5974,23429,105099,4125.416666666667,0.8334951623552658,4,4345,0.2640107036544393,0.25,674.757573102044,0.0567077973221317,0.2202292319248849,1,2.5186326400265737,1,0,16,0,0,4.4856594110115235,0,8239,0.3583732057416268,1,1,0,0,0,0,0,0,0,1,0,1,0,0,3891.416666666667,0,0,0,0,1,0,1,0,0.46436795539934556,0,1,0,0,0,0,0,0,0,0,0
2020-11-04,39,15843,550,1,4,18,10697,24,1,1,0,128,0.3286848065949616,3,3,0,1,0,94,15,198,325,90739,79413,1320.25,0.7857689758175642,4,11326,0.1903194530217728,0.1766373811736003,532.3017513189146,0.0968779564806054,0.4997553463151671,0,3.191684915125232,1,0,16,0,0,0.875170817720961,0,523,0.048887642550009346,1,1,1,0,0,0,0,0,0,1,0,1,0,0,1192.25,0,1,0,0,4,1,0,0,0.6751451653622823,1,2,0,0,0,0,0,0,0,0,1
2020-11-05,53,31304,573,0,3,27,34539,48,1,1,2,142,0.3065405651182082,1,0,0,0,0,90,24,3084,803,39660,11621,2608.6666666666665,0.8554635081090285,6,28039,0.1871124683379251,0.176700384783015,1008.637631288298,0.0544130795759356,0.4409136408053256,1,2.8006358928164468,1,1,36,0,0,0.29300824487531835,0,3887,0.11253618992472496,1,0,0,0,0,0,0,0,0,1,1,0,0,0,2466.6666666666665,0,1,0,0,1,0,1,0,1.1033061811212266,0,0,0,0,0,0,0,0,0,0,1
2020-11-08,44,30953,598,0,1,20,17930,36,0,0,1,258,0.2460175884934881,4,1,0,0,0,94,19,3480,136,304087,25258,2579.4166666666665,0.9450355836541998,4,278829,0.1704485715843731,0.1797448864620447,647.9830114118146,0.099983852736961,0.3510995038573155,1,2.3429668306128537,1,0,16,0,0,0.08306148220252033,0,3616,0.20166192627293514,1,1,0,0,0,0,0,0,0,1,0,0,0,0,2321.4166666666665,0,0,0,0,3,0,0,0,0.5792466240227434,0,1,0,0,0,0,0,0,0,0,0
2020-11-10,45,15000,515,0,3,23,15543,24,1,0,3,168,0.3738883776990145,3,1,0,1,0,95,16,485,1232,34157,42842,1250.0,0.8987472513276401,6,8432,0.2079128574977643,0.1965650508480231,788.4677333860883,0.1342925659472422,0.764562536679527,0,3.896688806728168,1,1,36,0,0,1.2542303413548803,0,1717,0.11046062789500773,1,1,0,0,0,0,0,0,0,1,0,0,1,0,1082.0,0,0,0,0,1,0,0,0,1.0361309246050263,1,1,0,0,0,0,0,0,0,0,1
2020-11-11,46,24070,582,0,1,21,12667,12,1,5,1,341,0.2818805685963292,4,3,0,1,0,93,1,1117,564,134817,41273,2005.8333333333333,0.7409120767684467,6,93544,0.1703617086019146,0.1524241387127612,1144.7514972778142,0.1699194419068183,0.7403462323450615,0,3.3686702973335194,1,1,36,0,0,0.3061386461748431,0,1681,0.1326965582570256,1,1,1,0,0,0,0,0,0,1,0,0,0,0,1664.8333333333333,0,1,1,0,3,0,0,0,0.5262348884549873,1,2,0,0,0,0,0,0,0,0,1
2020-11-16,45,15000,596,0,0,25,79534,360,1,3,1,555,0.0897424845670367,2,1,0,3,0,97,21,108,1027,52183,29403,1250.0,0.7911963325317348,7,22780,0.2798209881138331,0.25,1657.9487723776972,0.4436450839328537,1.7689438628119083,0,4.267500082923597,1,1,49,0,1,0.5634485666104553,0,1135,0.014270446973030742,1,1,0,0,0,0,0,0,0,1,0,0,0,0,695.0,1,1,1,0,2,0,1,0,5.301913205786281,0,3,1,0,0,0,0,0,0,0,1
2020-11-17,47,56681,640,0,1,26,25500,36,0,0,1,212,0.1929848963907008,1,2,0,0,0,90,18,7825,3689,80812,13671,4723.416666666667,0.8039859657740827,4,67141,0.1495366182365159,0.1420668525629461,874.0915687841284,0.0448732647769565,0.2298890308399545,0,1.6944683438165653,1,0,16,0,0,0.1691683268781013,0,11514,0.45151170542331676,1,1,0,0,0,0,0,0,0,1,0,0,0,0,4511.416666666667,0,0,0,0,3,0,0,0,0.44987826823330157,0,1,0,0,0,0,0,0,0,0,0
2020-11-20,55,78678,550,0,3,34,7843,60,0,2,0,598,0.2999060412200414,3,4,0,1,0,100,25,8349,5739,36174,16006,6556.5,0.8236772635448648,4,20168,0.202241876046829,0.1976768643096924,206.77902282010888,0.0911932901258101,0.1227264998581942,0,0.8731375850610007,1,0,16,0,0,0.4424602626123013,0,14088,1.7960224375318714,1,0,1,0,0,0,0,0,0,1,0,1,0,1,5958.5,0,1,0,0,1,0,1,0,0.09968352419324089,1,1,0,0,0,0,0,0,0,0,0
2020-11-20,42,101649,623,0,1,21,306337,360,1,1,3,772,0.3793444551421811,6,1,0,3,0,95,5,16756,1020,83972,22082,8470.75,0.5736702994350366,5,61890,0.2666581110866259,0.25,6385.835656245965,0.0911263906512822,0.8449063837159931,0,2.079027599311535,1,1,25,0,0,0.26296547699855904,0,17776,0.05802740763470415,1,1,0,0,1,0,0,0,0,1,0,0,1,1,7698.75,0,1,0,0,3,0,1,1,3.013644859813084,0,1,0,0,0,0,1,0,0,0,1
2020-11-22,48,67449,602,0,3,28,21792,60,1,1,2,473,0.1333374647275865,2,1,0,0,0,99,7,15565,1051,16616,15052,5620.75,0.9512079987396782,6,1564,0.1764973360240739,0.1965824912313511,573.2186743243223,0.0841375016676301,0.1861019565658953,1,1.791275492326227,1,1,36,0,0,0.9058193416380815,0,16616,0.7624466571834992,1,1,0,0,0,0,0,0,0,1,1,0,0,1,5147.75,0,1,0,0,1,0,1,0,0.3230837657524092,0,1,0,0,0,0,0,0,0,0,1
2020-11-24,38,25701,571,0,1,13,13424,60,0,1,0,105,0.1114276663419089,5,3,0,0,1,99,1,394,267,16270,145273,2141.75,0.965105687459172,4,3555,0.1918762184798442,0.1979454345673602,354.1210162425918,0.0490024501225061,0.2142671876059231,0,2.9533215302395286,1,0,16,0,0,8.928338762214985,0,661,0.049236499068901304,1,1,1,0,0,0,0,0,0,1,0,1,0,0,2036.75,0,1,0,0,3,0,1,0,0.5222939849038986,0,2,0,0,1,1,0,0,0,0,0
2020-11-26,57,24908,691,1,4,35,190390,360,2,0,3,111,0.1042138210787987,1,4,0,3,0,93,17,3159,1170,22576,19171,2075.6666666666665,0.8977491375861886,5,3405,0.2325392087828286,0.2252188435060642,3577.715240972596,0.0534510433386837,1.7762673712548618,0,5.012892350415776,1,1,25,0,0,0.8491385037870399,0,4329,0.02273741931078675,1,1,1,0,0,0,0,0,1,0,0,0,1,0,1964.6666666666665,0,0,0,0,4,1,1,1,7.643422056284877,0,2,0,0,0,0,0,0,0,0,0
2020-11-27,31,15000,543,0,3,8,80616,180,1,1,0,181,0.3958760692717571,4,2,0,3,0,91,15,3925,458,111312,18771,1250.0,0.7360220331311313,1,92541,0.2463243662060922,0.25,1721.577993780342,0.1446842525979216,1.520845718449514,0,4.06514309882444,0,0,1,0,0,0.16863259457565602,0,4383,0.05436818537033132,1,1,0,0,0,0,0,0,0,1,0,1,0,0,1069.0,0,1,0,0,1,0,1,0,5.374041730551297,0,1,0,0,0,0,0,0,0,0,1
2020-11-29,61,4671,554,2,4,40,11250,24,1,0,0,100,0.3001915923670577,3,2,0,0,0,95,8,200,958,42346,15781,389.25,0.9191611953045612,7,26565,0.1883320530731427,0.19952904483514,572.3189840659467,0.25624599615631,1.7227904780677683,1,5.051644614452088,1,1,49,0,0,0.37265922025172976,0,1158,0.10292418451693183,1,1,0,0,0,0,0,0,0,1,0,1,0,0,289.25,1,0,0,0,4,1,0,0,2.4079623287671232,0,2,0,0,0,0,0,0,0,0,1
2020-11-30,39,4472,616,2,1,20,24881,36,1,1,3,174,0.3701033185850772,2,1,1,1,0,98,14,753,1001,6359,6992,372.6666666666667,0.8550648231626929,4,1108,0.1615304749823686,0.1867085375652662,907.9031659988284,0.4656556645851917,2.8953697573563657,0,9.239284436142812,1,0,16,0,1,1.09937106918239,0,1754,0.07049272566513946,1,1,0,0,0,0,0,0,0,1,0,0,1,0,198.66666666666669,1,1,0,0,3,0,0,0,5.56248602727476,1,3,1,1,0,1,0,0,0,0,1
2020-12-01,22,33403,546,0,3,0,19746,36,1,4,2,208,0.2261458288914947,5,2,0,1,0,97,8,1212,114,60961,50510,2783.583333333333,0.6055202267167002,8,10451,0.1964726892150143,0.1962054232743483,730.0199266920432,0.0746969923686966,0.3368618620471201,1,2.579303437510346,1,1,64,0,0,0.8285489321216496,0,1326,0.06714944042132982,1,1,0,0,0,0,0,0,0,1,1,0,0,0,2575.583333333333,0,1,1,0,1,0,0,0,0.59112681116034,1,1,0,0,0,0,1,0,1,0,1
2020-12-01,41,27699,579,0,0,22,10081,12,1,5,3,210,0.2939465654502572,2,1,0,4,0,100,16,3400,2053,13152,3926,2308.25,0.8188098303637895,1,9226,0.1718046267336606,0.1553013657192612,912.4177803024062,0.0909386164339071,0.4860529523881807,1,2.5494865477132893,0,0,1,0,0,0.29848703717783015,0,5453,0.5408649077563975,1,1,0,0,0,0,0,0,0,1,0,0,1,0,2098.25,0,1,1,0,2,0,0,0,0.3639350180505415,1,1,0,0,0,0,0,0,0,0,1
2020-12-02,31,50616,473,0,3,9,190177,300,1,4,0,221,0.3840633475779348,2,1,0,3,0,98,12,241,2515,141883,30990,4218.0,0.5842098322965126,7,110893,0.3215389289386713,0.25,3970.1934074525248,0.052382081061863,0.9934091982584796,0,4.071992510055981,1,1,49,0,0,0.21841786247920836,0,2756,0.014491686735584557,1,1,0,0,0,0,0,0,0,1,0,1,0,0,3997.0,0,1,1,0,1,0,1,1,3.7571764426971175,0,1,0,0,0,0,1,0,0,0,1
2020-12-03,50,45570,614,0,1,30,112928,180,0,5,2,348,0.5187628052927378,4,0,0,3,0,98,24,14619,604,99821,5903,3797.5,0.8311049802889013,7,93918,0.2109086286454088,0.2192848135687133,2146.0337110663745,0.0916151112281163,0.656583838637982,0,3.764275777742911,1,1,49,0,0,0.0591352607641602,0,15223,0.13480151245472818,1,0,0,0,0,0,0,0,0,1,1,0,0,0,3449.5,0,1,1,0,3,0,1,1,2.478067191854469,0,0,0,0,0,0,0,0,0,0,0
2020-12-05,32,41266,609,0,1,6,13688,48,1,0,0,187,0.3214697257718313,5,0,0,1,0,94,7,1924,1124,13888,34521,3438.833333333333,0.9336319349619646,9,1329,0.1688810869673988,0.1678856702118558,393.47210615928753,0.054363098987354,0.1687500672007231,1,1.5490469883196063,1,1,81,0,0,2.4854921160630714,0,3048,0.22266053035283803,1,1,0,0,0,0,0,0,0,1,0,1,0,0,3251.833333333333,0,0,0,0,3,0,1,0,0.33169360505973294,1,1,0,0,0,0,0,0,0,0,1
2020-12-05,34,98998,591,0,3,10,20776,60,0,2,0,757,0.2519099249136383,1,1,0,2,0,96,5,12914,1679,89500,63231,8249.833333333334,0.7700997786861866,3,26269,0.1819854004711611,0.1812126160480843,528.9453170942783,0.0917483082516917,0.1558564165754099,1,1.3336551275251014,1,0,9,0,0,0.7064837264388107,0,14593,0.7023631900659383,1,1,0,0,0,0,0,0,0,1,0,1,0,1,7492.833333333334,0,1,0,0,1,0,1,0,0.20986070566369358,0,1,0,0,0,0,0,0,0,0,0
2020-12-05,18,20426,511,0,1,0,13312,72,1,0,2,315,0.1510671006212921,0,0,0,0,0,96,1,1003,726,302149,40763,1702.1666666666667,0.6754821241018749,4,261386,0.2258741240701079,0.1789214154004981,302.8061960345515,0.1849496036794206,0.3627397178008913,1,3.274180973290922,1,0,16,0,0,0.1349098130067847,0,1729,0.1298730564110268,1,1,0,0,0,0,0,0,0,1,1,0,0,0,1387.1666666666667,0,0,0,0,3,0,1,0,0.6516864933666227,0,1,0,0,0,0,1,0,1,0,1
2020-12-08,34,74320,596,1,4,9,242954,360,1,3,0,598,0.2796454286744864,3,0,0,3,0,98,24,6345,984,15500,10344,6193.333333333333,0.7885365298222965,7,5156,0.2801001578799972,0.25,5064.567179372985,0.096539848248399,0.9141528029983832,0,2.8164258559255355,1,1,49,0,0,0.6673117863363653,0,7329,0.030166080138297215,1,0,0,0,0,0,0,0,0,1,0,1,0,1,5595.333333333333,0,1,1,0,4,1,1,1,3.2689818490063374,0,0,0,0,0,0,0,0,0,0,1
2020-12-09,18,39289,519,0,4,0,129319,240,1,3,0,325,0.1464393094303129,6,0,0,3,0,99,26,201,1217,65753,8133,3274.083333333333,0.8788957352691524,7,57620,0.2784425113079599,0.25,2713.392270527092,0.0992341161802498,0.9277297586912572,1,2.843648940982198,1,1,49,0,0,0.12368829272743863,0,1418,0.010965047943086916,1,0,0,0,1,0,0,0,0,1,0,1,0,0,2949.083333333333,0,1,1,0,4,1,1,1,3.2913973021124967,0,0,0,0,0,0,0,0,1,0,1
2020-12-10,20,34678,503,0,1,0,16684,36,1,1,3,368,0.074250141925111,0,0,0,0,0,96,11,1231,712,76144,19881,2889.833333333333,0.917794475455902,6,56263,0.2179305663477963,0.2264805333830407,642.7765473153987,0.1272989334102046,0.3496488488839661,1,1.953731774485966,1,1,36,0,0,0.2610939654606343,0,1943,0.11645190290680252,1,1,0,0,0,0,0,0,0,1,0,0,1,0,2521.833333333333,0,1,0,0,3,0,0,0,0.4810980708786297,0,1,0,0,0,0,0,0,1,0,1
2020-12-11,49,107574,654,0,2,26,230452,240,2,1,1,376,0.3758848254749933,7,0,0,3,0,96,23,13106,1340,32217,7005,8964.5,0.8974318877924451,4,25212,0.211086950554018,0.2457600326008857,4756.317474823836,0.0419385421895042,0.5724518961378435,0,1.97212658088576,1,0,16,0,0,0.21742504190204234,0,14446,0.06268523299761773,1,1,0,0,1,0,0,0,1,0,0,0,0,1,8588.5,0,1,0,1,5,1,1,1,2.142244945386939,0,1,0,0,0,0,0,0,0,0,0
2020-12-14,49,14616,634,2,1,26,6336,36,1,0,2,381,0.1085445189336339,2,0,0,4,0,98,12,1193,397,81401,10239,1218.0,0.9627821294129724,4,71162,0.1521885401873309,0.135541373972871,215.17992664557147,0.3125512715340443,0.4890729504885737,0,2.601814520661608,1,0,16,0,0,0.12578315029114764,0,1590,0.25090736941770553,1,1,0,0,0,0,0,0,0,1,1,0,0,0,837.0,1,0,0,0,3,0,0,0,0.43346787986590957,1,2,0,0,0,0,0,0,0,0,1
2020-12-16,45,19770,481,0,0,20,126515,360,3,0,3,95,0.125695856609771,3,0,0,3,0,100,14,200,5684,34199,14046,1647.5,0.883810667094978,8,20153,0.3374370310153413,0.25,2637.304661369532,0.0576281468001213,1.6574489908216754,0,5.5502859269905525,1,1,64,0,0,0.4107017543859649,0,5884,0.046507951563438614,1,1,0,0,0,0,0,0,0,1,0,0,1,0,1552.5,0,0,0,0,2,0,1,1,6.39901876485762,0,1,0,0,0,0,0,0,0,0,0
2020-12-17,28,44746,613,0,4,4,27424,24,1,5,0,490,0.2145669004218645,3,0,0,4,0,91,12,2483,432,15155,38787,3728.8333333333335,0.9048432032276936,7,8637,0.1590548025712858,0.152369443259668,1332.787189350057,0.1313731623396934,0.4887047292595889,1,2.6422661271256054,1,1,49,0,0,2.5591844813935074,0,2915,0.10628988149498633,1,1,0,0,0,0,0,0,0,1,0,1,0,0,3238.8333333333335,0,1,1,0,4,1,0,0,0.6128679017587771,1,1,0,0,0,0,0,0,1,0,1
2020-12-17,39,48548,603,0,0,16,6920,36,1,3,3,498,0.1402640386094102,5,0,0,1,1,94,12,1117,725,106266,193131,4045.6666666666665,0.8697331729004353,2,1176,0.1677105788867104,0.1700180166903619,246.72307943022253,0.1230642504118616,0.1840337099086217,1,2.825167252750201,0,0,4,0,0,1.817412743372825,0,1842,0.2661465106198526,1,1,0,0,0,0,0,0,0,1,0,0,1,0,3547.6666666666665,0,1,1,0,2,0,0,0,0.14253640651712704,1,1,0,0,1,1,0,0,0,0,1
2020-12-18,39,42013,629,0,0,20,32915,48,2,0,3,189,0.3778250478126904,2,2,0,0,1,94,3,886,413,34666,26100,3501.083333333333,0.805787828293865,1,8566,0.1591004285351814,0.1681280483500037,946.578955635725,0.0539678762641284,0.3242581193962807,1,2.4296572726563728,0,0,1,0,0,0.7528773761790752,0,1299,0.03946409041195771,1,1,0,0,0,0,0,0,0,1,0,0,1,0,3312.083333333333,0,0,0,0,2,0,1,0,0.7834293330794497,0,1,0,0,1,1,0,0,0,0,0
2020-12-19,26,53407,581,0,0,5,53913,36,2,0,0,624,0.1283837953308403,4,1,0,1,0,93,7,609,583,17071,11813,4450.583333333333,0.6981510636904603,4,5258,0.1792237863658575,0.1644909779525157,1907.3964229602525,0.1401748441565735,0.5686507998188478,0,2.77241767204199,1,0,16,0,0,0.6919517338331771,0,1192,0.022109285157843973,1,1,0,0,0,0,0,0,0,1,0,1,0,0,3826.583333333333,0,0,0,0,2,0,0,0,1.0094555122828042,1,1,0,0,0,0,1,0,1,0,0
2020-12-20,58,69503,588,0,4,36,7802,24,1,0,0,629,0.193471236025228,1,2,0,1,0,94,21,6734,3017,93021,69272,5791.916666666667,0.7182555905972078,5,23749,0.1712405658885292,0.1770180526543336,388.3846521228289,0.1085808818240667,0.1756256322444644,1,1.049885389042361,1,1,25,0,0,0.7446840532347186,0,9751,1.2496475714468793,1,1,0,0,0,0,0,0,0,1,0,1,0,1,5162.916666666667,0,0,0,0,4,1,0,0,0.11225253222836096,1,1,0,0,0,0,0,0,0,0,1
2020-12-23,50,175110,628,0,4,27,161181,300,2,5,2,2594,0.1525040631478637,4,0,0,3,0,98,26,27217,6731,75402,61196,14592.5,0.9462912373506938,4,14206,0.2439975723600722,0.2464677508688008,3317.9403512479475,0.1777503683146606,0.4051077775206734,1,2.1730765468922373,1,0,16,0,0,0.8115857459252285,0,33948,0.21061905175515877,1,0,0,0,0,0,0,0,0,1,1,0,0,1,11998.5,0,1,1,1,4,1,1,1,0.920450457138615,0,0,0,0,0,0,0,0,0,0,0
2020-12-25,37,16696,576,0,0,17,21805,48,2,4,3,177,0.3044435292621402,1,1,0,0,0,99,27,7451,327,277645,48834,1391.3333333333333,0.8922436725179141,5,228811,0.1854974851100665,0.1810576982056918,641.7276443436918,0.1271247306679435,0.588025600438371,1,3.5423043029126515,1,1,25,0,0,0.17588584024261109,0,7778,0.35669081904063105,1,0,0,0,0,0,0,0,0,1,0,0,1,0,1214.3333333333333,0,1,1,1,2,0,1,0,1.305923219740073,0,0,0,0,0,0,0,0,0,0,0
2020-12-26,40,39948,613,0,0,13,10592,120,1,2,3,267,0.3451411275556539,3,1,0,2,0,97,10,477,2140,97910,62831,3329.0,0.7305323705284135,9,35079,0.1908169871711491,0.1886442337424143,196.7857354815635,0.0801801801801801,0.1392749956401091,0,1.466198394817905,1,1,81,0,0,0.6417154354464769,0,2617,0.24704993863872368,1,1,0,0,0,0,0,0,0,1,0,0,1,0,3062.0,0,1,0,0,2,0,1,0,0.2651380510150442,0,1,0,0,0,0,0,0,0,0,1
2020-12-27,42,3549,568,2,0,16,21665,84,1,2,0,124,0.3604482997020082,4,1,0,2,1,97,10,1926,727,39376,137346,295.75,0.8236676777339068,4,9655,0.2014958748726263,0.194969958574211,474.5571291932786,0.4178601516427969,2.017041715899844,0,7.985844407004047,1,0,16,0,0,3.487975213957386,0,2653,0.12244992153604727,1,1,0,0,0,0,0,0,0,1,0,1,0,0,171.75,1,1,0,0,2,0,1,0,6.102816901408451,0,2,0,0,1,1,0,0,0,0,1
2020-12-28,18,51137,508,0,1,0,19421,60,2,2,0,151,0.1645283367864962,4,2,0,2,0,94,4,6140,834,116275,1845,4261.416666666667,0.6588718680006541,6,114430,0.2234685404307885,0.1952519288432358,509.4203542417567,0.0354259125300592,0.1549403556452927,0,1.9208425448135624,1,1,36,0,0,0.015867418899858956,0,6974,0.35907733498094946,1,1,0,0,0,0,0,0,0,1,0,1,0,0,4110.416666666667,0,1,0,1,3,0,1,0,0.37977629160311316,0,1,0,0,0,0,1,0,1,0,0
2020-12-29,37,2592,495,2,3,14,25035,36,2,0,0,137,0.231794318607316,5,0,0,0,0,89,17,500,70,21810,19622,216.0,0.988850783062828,4,2188,0.2220320175170111,0.2394880973343499,981.5217066852844,0.631336405529954,3.0,0,7.983581215478391,1,0,16,0,1,0.8996377974416578,0,570,0.02276721521009746,1,1,0,0,0,0,0,0,0,1,0,1,0,0,79.0,1,0,0,0,1,0,0,0,9.654839953721558,0,3,1,0,0,0,0,0,0,0,0
2020-12-31,31,50892,593,0,1,9,19282,60,2,4,0,313,0.0968952428620141,3,3,0,0,0,98,10,1061,2240,258419,7050,4241.0,0.7706837042623587,9,251369,0.1809667447894299,0.1656160410782134,474.6738996376227,0.0737859500235737,0.1856845590847766,1,1.6006679762656255,1,1,81,0,0,0.027281170188065938,0,3301,0.17118705595602343,1,1,1,0,0,0,0,0,0,1,0,1,0,0,3928.0,0,1,1,1,3,0,1,0,0.37887332246084926,0,2,0,0,0,0,0,0,0,0,0
2021-01-02,27,28496,559,0,0,6,21009,60,2,1,3,229,0.498346537658713,2,1,0,0,1,100,2,502,648,33298,37375,2374.6666666666665,0.9484552373165296,3,8958,0.1979881884484597,0.2093544640596525,567.6014014169216,0.0963939946681633,0.3353169923180532,1,3.7446889379407255,1,0,9,0,0,1.1224060782606085,0,1150,0.05473584007615421,1,1,0,0,0,0,0,0,0,1,0,0,1,0,2145.6666666666665,0,1,0,1,2,0,1,0,0.7372354984735235,0,1,0,0,1,1,0,0,1,0,0
2021-01-05,36,31245,601,0,0,13,24527,48,2,0,3,108,0.310223576490911,5,2,0,0,0,99,18,962,613,11222,31793,2603.75,0.9944026530129314,4,4069,0.1730268926502778,0.1414856720469253,672.0658184763777,0.041462712352433,0.2994781911801046,1,2.1371985019234683,1,0,16,0,0,2.8328432682883364,0,1575,0.0642123287671233,1,1,0,0,0,0,0,0,0,1,0,0,1,0,2495.75,0,0,0,0,2,0,1,0,0.784964475452858,0,1,0,0,0,0,0,0,0,0,0
2021-01-05,61,19746,580,0,3,38,27693,60,1,1,3,143,0.3463087872548378,3,2,0,2,1,96,26,1262,237,32841,32305,1645.5,0.9047290248703974,9,9251,0.1875572427655536,0.1972929105803808,729.530058825573,0.0868508958396598,0.5299301906016234,1,4.0493206366982335,1,1,81,0,0,0.9836489860544425,0,1499,0.054127247779302376,1,0,0,0,0,0,0,0,0,1,0,0,1,0,1502.5,0,1,0,0,1,0,1,0,1.402390236491619,0,0,0,0,1,1,0,0,0,0,1
2021-01-06,47,32011,458,0,3,27,12042,24,1,2,3,301,0.208333940333374,1,0,0,1,0,97,28,6510,1294,35374,13606,2667.583333333333,0.6512523068480313,3,21768,0.2363490597143151,0.1949574924641993,609.9249604760448,0.1127939293632701,0.3413515137779888,1,2.526523300128084,1,0,9,0,0,0.3846219081272085,0,7804,0.6480112928672258,1,0,0,0,0,0,0,0,0,1,0,0,1,0,2366.583333333333,0,1,0,0,1,0,0,0,0.37617143571160816,1,0,0,0,0,0,1,0,0,0,1
2021-01-06,33,101798,595,0,4,10,44473,60,1,1,0,1007,0.1234174406834874,3,1,0,2,0,100,2,16046,2769,150470,30245,8483.166666666666,0.8816061311403894,4,120225,0.1801756650069348,0.1995860026607087,1177.2382691023836,0.1186916805814753,0.2574487695631923,1,0.6007878061666473,1,0,16,0,0,0.20100218646782436,0,18815,0.4230561676485137,1,1,0,0,0,0,0,0,0,1,0,1,0,1,7476.166666666666,0,1,0,0,4,1,1,0,0.4368706961757974,0,1,0,0,0,0,0,0,0,0,1
2021-01-07,46,54245,639,0,0,24,6711,60,0,2,0,151,0.2220104797812773,2,1,0,1,0,94,9,562,821,21246,35779,4520.416666666667,0.856983501194139,5,10097,0.1577029130620367,0.1453841711492229,158.03282488398187,0.033396612418674,0.0683486720350882,1,1.522759014176271,1,1,25,0,0,1.6839553819362734,0,1383,0.20604886769964242,1,1,0,0,0,0,0,0,0,1,0,1,0,0,4369.416666666667,0,1,0,0,2,0,1,0,0.12371419090808539,1,1,0,0,0,0,0,0,0,0,0
2021-01-07,56,64027,574,0,3,37,43136,60,1,3,3,643,0.6529077009050143,0,0,0,2,0,95,22,1518,360,36995,14462,5335.583333333333,0.6259729491401284,4,22533,0.1906680340941239,0.2061998291639529,1157.7715279090633,0.1204890769687221,0.3374390345712575,0,0.9442640335923612,1,0,16,0,0,0.39090712509460485,0,1878,0.04353571180193337,1,1,0,0,0,0,0,0,0,1,0,0,1,0,4692.583333333333,0,1,1,0,1,0,1,0,0.6737052539513962,0,1,0,0,0,0,1,0,0,0,1
2021-01-09,51,138875,615,0,0,30,32645,60,2,3,0,867,0.2243260696043598,2,2,0,2,0,91,13,26586,7757,62240,7444,11572.916666666666,0.6236965484129189,6,54796,0.1700983694039284,0.1816346033284863,831.874034324637,0.0749098187735353,0.1467847128377432,1,0.7237670213542191,1,1,36,0,0,0.1195996208287142,0,34343,1.0519818660785394,1,1,0,0,0,0,0,0,0,1,0,1,0,1,10705.916666666666,0,1,1,1,2,0,1,0,0.23506581410754918,0,1,0,0,0,0,1,0,0,0,0
2021-01-10,40,45653,548,0,0,18,33465,60,2,2,3,293,0.3295862073747488,5,2,0,2,0,98,5,1146,1605,59625,97923,3804.4166666666665,0.9106868261841646,4,3651,0.2036045713192636,0.195328227362705,877.9412457819985,0.0769955107850651,0.3077038201989266,1,1.3470486552223615,1,0,16,0,0,1.6422869218126321,0,2751,0.0822028327257515,1,1,0,0,0,0,0,0,0,1,0,0,1,0,3511.4166666666665,0,1,0,1,2,0,1,0,0.7330135366013931,0,1,0,0,0,0,0,0,0,0,0
2021-01-10,32,26446,582,0,3,6,140185,300,3,1,2,57,0.4199810182654423,7,1,0,3,0,95,26,1303,655,292110,50016,2203.833333333333,0.928158475331271,1,242094,0.2669626813478125,0.25,2926.5450755019383,0.0258522942021316,1.3531839483718822,0,4.679411468744394,0,0,1,0,0,0.1712225831961138,0,1958,0.01396715791876507,1,0,0,0,1,0,0,0,0,1,1,0,0,0,2146.833333333333,0,1,0,0,1,0,1,1,5.30060120240481,0,0,0,0,0,0,0,0,0,0,0
2021-01-13,48,65787,606,0,0,24,8260,24,3,0,3,980,0.0555446128203558,0,1,0,4,0,96,20,623,88,112696,522,5482.25,0.937259470113909,4,112174,0.1622548252311406,0.1453418251886289,398.6740550810303,0.1787261204577577,0.2514337400412219,0,1.7090408711129583,1,0,16,0,0,0.004631889047623273,0,711,0.08606706209901949,1,1,0,0,0,0,0,0,0,1,0,0,1,1,4502.25,0,0,0,0,2,0,0,0,0.1255548124277984,1,1,0,0,0,0,0,0,0,0,0
2021-01-14,44,35650,619,0,1,24,142779,180,2,1,0,275,0.3000417525228976,4,1,1,3,0,99,9,5894,659,26455,6975,2970.833333333333,0.7156301218270141,4,19480,0.2084672650657641,0.193716217197805,2441.5947871621665,0.0925354719309068,0.9141141115457908,1,5.407391194363056,1,0,16,0,0,0.26364529785303903,0,6553,0.045895783723210536,1,1,0,0,0,0,0,0,0,1,0,1,0,0,2695.833333333333,0,1,0,1,3,0,1,1,4.004908698213234,0,1,0,1,0,1,0,0,0,0,0
2021-01-14,50,39023,600,0,1,27,22322,48,2,0,3,128,0.5690083506109538,5,2,0,0,0,94,15,300,588,114999,14268,3251.9166666666665,0.900708065924916,6,100731,0.1735033432040163,0.1374607093272657,607.1420701323395,0.0393493019085436,0.2259947442446029,1,2.294816955255539,1,1,36,0,0,0.1240695652173913,0,888,0.03977959951619406,1,1,0,0,0,0,0,0,0,1,0,0,1,0,3123.9166666666665,0,0,0,0,3,0,1,0,0.5720069700697007,0,1,0,0,0,0,0,0,0,0,0
2021-01-16,47,17649,555,0,0,28,159519,300,1,4,0,194,0.2062940397888549,4,1,0,3,0,98,25,178,182,42047,44153,1470.75,0.7608566434792318,6,4096,0.2804949811462989,0.25,3330.1675921032474,0.1318158654662816,2.394542274233564,0,5.7949556185456,1,1,36,0,0,1.0500618340943684,0,360,0.0022567703109327986,1,0,0,0,0,0,0,0,0,1,0,1,0,0,1276.75,0,1,1,0,2,0,1,1,9.037903682719547,0,0,0,0,0,0,0,0,0,0,1
2021-01-17,52,89121,594,0,0,27,208840,360,1,4,3,747,0.7105935518604913,3,1,0,3,0,98,26,13302,3637,346791,3016,7426.75,0.8545204881482763,4,343775,0.281062332118967,0.25,4353.434023478742,0.10056881289758,0.6866728179433533,1,1.7991275330177283,1,0,16,0,0,0.008696855752151145,0,16939,0.08110955224309403,1,0,0,1,0,0,0,0,0,1,0,0,1,1,6679.75,0,1,1,0,2,0,1,1,2.3433046834676063,0,1,0,0,0,0,0,0,0,0,1
2021-01-18,33,49493,628,0,2,11,9652,48,1,0,1,644,0.4597340789623336,5,2,0,1,0,95,28,17620,1942,46606,6112,4124.416666666667,0.7170419871549306,5,40494,0.1592937560067122,0.1587425871926019,272.9192131439917,0.1561054438945561,0.2222609950051086,1,1.442261422279575,1,1,25,0,0,0.13113909927693265,0,19562,2.026520252771159,1,0,0,0,0,0,0,0,0,1,0,0,0,0,3480.416666666667,0,0,0,0,5,1,1,0,0.19501353699438315,1,0,0,0,0,0,0,0,0,0,1
2021-01-19,55,52761,584,0,0,33,16069,48,1,3,2,319,0.5497004985825258,3,2,0,0,0,99,23,2059,1567,127950,17354,4396.75,0.826628631772985,4,110596,0.1814211773646828,0.1842629094322316,475.613858609031,0.0725370928315616,0.1806864552575819,1,0.9879439643559552,1,0,16,0,0,0.13563004587693728,0,3626,0.22563783447417549,1,1,0,0,0,0,0,0,0,1,1,0,0,0,4077.75,0,1,1,0,2,0,1,0,0.3045563094651454,0,1,0,0,0,0,0,0,0,0,1
2021-01-20,42,21399,515,0,3,17,7513,60,2,2,0,162,0.4290720093701502,4,0,0,1,0,96,21,1065,1159,178553,25872,1783.25,0.9167267857460334,8,152681,0.2197311308065334,0.22153163411521,208.1556751145383,0.0907944514501891,0.2074572930444379,0,2.2558964767328304,1,1,64,0,0,0.1448973419805773,0,2224,0.2959808357732233,1,1,0,0,0,0,0,0,0,1,0,1,0,0,1621.25,0,1,0,1,1,0,1,0,0.3510747663551402,1,1,0,0,0,0,0,0,0,0,0
2021-01-20,64,71342,624,0,3,44,160098,360,2,5,0,365,0.2547984898093041,5,0,0,3,0,99,22,9234,492,43845,11121,5945.166666666667,0.7768841313328115,6,32724,0.2659958869132173,0.25,3337.3687047064723,0.061384084984724,0.6226479868889995,1,2.3386002752431496,1,1,36,0,0,0.25363773206221774,0,9726,0.06074991099257335,1,1,0,0,0,0,0,0,0,1,0,1,0,1,5580.166666666667,0,1,1,1,1,0,1,1,2.2440603843404396,0,1,0,0,0,0,0,0,0,0,0
2021-01-21,31,31473,536,0,0,11,181905,360,1,1,3,299,0.6067217362818697,4,1,0,3,1,95,19,2194,383,52397,29861,2622.75,0.958188563697716,6,22536,0.3100278113372797,0.25,3791.952767864876,0.1139590281086231,1.5592006737931874,0,6.28545596025536,1,1,36,0,0,0.5698881636703691,0,2577,0.014166657504425362,1,1,0,0,0,0,0,0,0,1,0,0,1,0,2323.75,0,1,0,0,2,0,1,1,5.779532312384825,0,1,0,0,1,1,0,0,0,0,1
2021-01-22,60,7099,561,2,1,39,164228,240,0,2,2,109,0.3587973626823629,6,0,0,3,0,98,18,615,354,38929,12739,591.5833333333334,0.867473456892696,6,26190,0.2575022542685728,0.25,3445.858580750881,0.1839403740683448,3.0,0,8.12339056017246,1,1,36,0,0,0.3272283585923452,0,969,0.005900297754964105,1,1,0,0,1,0,0,0,0,1,1,0,0,0,482.58333333333337,1,1,0,0,3,0,1,1,23.130704225352112,0,2,0,0,0,0,0,0,0,0,0
2021-01-22,42,70733,602,0,3,17,23064,60,2,1,3,319,0.3146587013670728,4,1,0,2,0,95,10,2271,729,112718,4785,5894.416666666667,0.9227355486631164,10,107933,0.1765115178989979,0.1520957938208817,551.2315005717956,0.0541098310834687,0.1476115344810452,0,1.3873352373203005,1,1,100,0,0,0.0424506959784952,0,3000,0.13006720138738348,1,1,0,0,0,0,0,0,0,1,0,0,1,1,5575.416666666667,0,1,0,1,1,0,1,0,0.32606667232165576,0,1,0,0,0,0,0,0,0,0,0
2021-01-22,32,81382,633,0,1,13,15002,48,1,0,1,555,0.3925980603661028,2,3,1,1,0,98,10,886,3233,713807,29894,6781.833333333333,0.6944391661179108,7,683913,0.1569040013650217,0.1435299430023341,412.6131907851002,0.0818242130869597,0.1426561944298253,1,3.243863146281679,1,1,49,0,0,0.04187960908255441,0,4119,0.27454509098180363,1,1,1,0,0,0,0,0,0,1,0,0,0,1,6226.833333333333,0,0,0,0,3,0,1,0,0.1843382524605876,1,2,0,1,0,1,1,0,0,0,1
2021-01-26,34,41148,510,0,3,16,13367,48,1,0,0,157,0.3396893435388043,1,1,0,0,1,98,4,2710,468,107304,42388,3429.0,0.9011472555517333,7,64916,0.2183751547675688,0.201940399996604,408.14586024238855,0.0457725947521865,0.1647655569219792,1,3.874247677665583,1,1,49,0,0,0.39502353105633475,0,3178,0.23773189706762418,1,1,0,0,0,0,0,0,0,1,0,1,0,0,3272.0,0,0,0,0,1,0,1,0,0.32484386011810734,0,1,0,0,1,1,0,0,0,0,1
2021-01-27,36,15000,578,0,0,14,16158,48,2,0,0,359,0.0981022527036008,5,0,0,0,0,95,3,815,1205,84694,57861,1250.0,0.5342873536552244,4,26833,0.184422558112243,0.1866618338569473,480.28448303001664,0.2869704236610711,0.6708908737250333,0,3.343170311704572,1,0,16,0,0,0.6831690182419269,0,2020,0.12500773562720466,1,1,0,0,0,0,0,0,0,1,0,1,0,0,891.0,1,0,0,0,2,0,1,0,1.077128191453903,0,2,0,0,0,0,1,0,0,0,0
2021-01-28,45,300000,568,0,1,21,12216,24,0,0,0,2643,0.0935700939969555,3,2,0,4,0,95,20,5771,1296,27214,6290,25000.0,0.8417272438262285,3,20924,0.181352645925851,0.1938553188111248,618.0822854564358,0.1057157713691452,0.1304380738953016,1,1.695206025924671,1,0,9,0,0,0.2311225427154143,0,7067,0.5784562494884178,1,1,0,0,0,0,0,0,0,1,0,1,0,1,22357.0,0,0,0,0,3,0,0,0,0.04071986426711911,1,1,0,0,0,0,0,0,0,0,0
2021-01-31,46,158718,596,0,0,21,179927,360,1,0,2,803,0.2431842133534982,1,0,0,3,0,96,26,3041,25694,175225,38295,13226.5,0.7118476560527381,0,136930,0.2800250780124628,0.25,3750.719802444262,0.0607068607068607,0.3442615613263475,1,2.11770019160597,0,0,0,1,0,0.2185463344480842,0,28735,0.15970276999688765,1,0,0,0,0,0,0,0,0,1,1,0,0,1,12423.5,0,0,0,0,2,0,1,1,1.1336197934714811,0,1,0,0,0,0,0,0,0,0,1
2021-02-01,33,11324,466,2,1,11,18361,72,1,2,3,80,0.3496295500463802,5,1,0,0,0,97,11,363,2503,71495,31541,943.6666666666666,0.8339926398896365,5,39954,0.2484545096476759,0.231081328417063,473.4947270674873,0.0846859562455892,0.58591537798252,0,3.4706792265447444,1,1,25,0,0,0.44115754727537204,0,2866,0.15608321533602004,1,1,0,0,0,0,0,0,0,1,0,0,1,0,863.6666666666666,1,1,0,0,3,0,1,0,1.621280353200883,0,2,0,0,0,0,0,0,0,0,1
2021-02-03,39,24252,598,0,3,17,32503,72,1,2,2,202,0.3497527321036779,3,1,0,0,0,98,17,2349,423,604225,136673,2021.0,0.9338126649478056,7,467552,0.1825972796094168,0.1737530246358846,729.8894738283902,0.0999010880316518,0.4608751106965332,1,2.195540793915303,1,1,49,0,0,0.22619516538513734,0,2772,0.08528181146935762,1,1,0,0,0,0,0,0,0,1,1,0,0,0,1819.0,0,1,0,0,1,0,1,0,1.3401641034098875,0,1,0,0,0,0,0,0,0,0,1
2021-02-03,65,56769,668,1,1,40,167545,300,2,5,3,315,0.1984240649976193,8,0,0,3,1,97,1,7155,3429,337679,7837,4730.75,0.7578271385529756,3,329842,0.2240072533048524,0.2285876240024851,3202.702412159797,0.0665715644317641,0.74342524692974,0,4.330839101210727,1,0,9,0,0,0.023208362947168916,0,10584,0.06317071132703854,1,1,0,0,1,0,0,0,1,0,0,0,1,0,4415.75,0,1,1,1,3,0,1,1,2.9512946979038226,0,1,0,0,1,1,0,0,0,0,0
2021-02-03,60,43499,668,0,3,41,232122,240,1,1,0,552,0.260407923168293,2,0,0,3,0,88,22,1636,559,67559,24176,3624.9166666666665,0.6033154037793921,2,43383,0.2040887556706426,0.2058015794294877,4049.308753929706,0.1522373652639562,1.2690056548265147,0,3.276321321939712,0,0,4,0,0,0.3578448786264062,0,2195,0.009456193483627215,1,1,0,0,0,0,0,0,1,0,0,1,0,0,3072.9166666666665,0,1,0,0,1,0,1,1,5.336137931034483,0,1,0,0,0,0,1,0,0,0,1
2021-02-04,45,135236,650,0,4,23,303164,300,1,4,0,644,0.4206409566595468,3,0,0,3,0,99,11,4580,7152,83086,21108,11269.666666666666,0.8022589285922367,3,61978,0.2331555081226827,0.25,6328.9446892996375,0.0571394771087188,0.6186807662338494,1,2.007539691890664,1,0,9,0,0,0.25404696282210215,0,11732,0.038698398561839265,1,1,0,0,0,0,0,0,1,0,0,1,0,1,10625.666666666666,0,1,1,0,4,1,1,1,2.241723788608147,0,1,0,0,0,0,0,0,0,0,1
2021-02-07,40,52920,531,0,3,17,10528,48,2,2,1,490,0.280588344147065,4,0,0,1,0,98,26,1176,852,59209,4261,4410.0,0.8349720009811926,9,54948,0.2078154721584642,0.2279597802513103,336.2621546500938,0.111085921559737,0.1873185569372237,0,1.20566878732025,1,1,81,0,0,0.071964195237291,0,2028,0.19261088422452274,1,0,0,0,0,0,0,0,0,1,0,0,0,0,3920.0,0,1,0,1,1,0,1,0,0.19893803971958202,1,0,0,0,0,0,0,0,0,0,0
2021-02-08,41,72027,586,0,4,18,33893,84,1,1,2,269,0.1792216784789468,0,0,0,2,0,100,4,4800,191,22405,86405,3003.333333333333,0.8700613861093902,5,9218,0.1926077483216383,0.1622601125447093,677.5550740749363,0.0895373349606124,0.3150632666398323,1,1.1733627214300524,1,1,25,0,0,3.8563331250557886,0,4991,0.1472532011565469,1,1,0,0,0,0,0,0,0,1,1,0,0,1,2734.333333333333,0,1,0,0,4,1,1,0,0.47055311823179874,0,1,0,0,0,0,0,0,0,0,1
2021-02-08,47,35439,547,0,0,26,28269,24,2,2,3,178,0.1640436636497766,6,1,0,1,0,99,16,1907,19,131955,8907,2953.25,0.7508775019028865,10,123048,0.1920623891126719,0.178036916724624,1408.624531283684,0.0602521790640602,0.5370650863277259,0,3.253584384614088,1,1,100,0,0,0.06749977265148989,0,1926,0.06812875840113194,1,1,0,0,1,0,0,0,0,1,0,0,1,0,2775.25,0,1,0,1,2,0,0,0,0.7976580135440181,1,1,0,0,0,0,0,0,0,0,0
2021-02-09,27,13054,587,2,1,4,13561,120,2,2,0,181,0.2170535248402932,6,1,0,2,0,95,2,1291,251,48576,9603,1087.8333333333333,0.5590552936215466,6,38973,0.2038787567608109,0.194956160933568,257.5550550322108,0.1662329710699525,0.4027751921312207,0,2.845655826593608,1,1,36,0,0,0.19768614776540339,0,1542,0.11370004424126236,1,1,0,0,1,0,0,0,0,1,0,1,0,0,906.8333333333333,1,1,0,1,3,0,1,0,1.0387590961317503,0,2,0,0,0,0,1,0,1,0,0
2021-02-09,36,122156,588,0,0,18,50244,84,1,0,3,1338,0.5556001291748369,2,1,0,2,0,93,3,9124,3100,503377,18237,10179.666666666666,0.850174068746988,8,485140,0.1917061665796207,0.214996228348816,1161.5358784598316,0.1314255778927378,0.2455178978252732,1,2.015417989230186,1,1,64,0,0,0.036229235286405044,0,12224,0.24328788934222312,1,1,0,0,0,0,0,0,0,1,0,0,1,1,8841.666666666666,0,0,0,0,2,0,1,0,0.4113067609715366,0,1,0,0,0,0,0,0,0,0,1
2021-02-09,19,124599,579,0,4,0,16987,36,2,3,2,919,0.2857260736903336,2,0,0,1,0,100,24,4780,9048,64119,9676,10383.25,0.8371384545088296,6,54443,0.1799350656228583,0.1790974210806547,613.3518828841668,0.0884994101644317,0.1475650030463602,1,0.7028372784030995,1,1,36,0,0,0.15090455396132252,0,13828,0.8139863433011537,1,0,0,0,0,0,0,0,0,1,1,0,0,1,9464.25,0,1,1,1,4,1,0,0,0.1363322632423756,1,0,0,0,0,0,0,0,1,0,0
2021-02-12,44,79648,590,0,3,21,8448,36,1,2,3,590,0.1317819287899831,3,1,0,4,0,100,6,1296,1586,17378,39536,6637.333333333333,0.943740731339743,6,7373,0.1742604508425382,0.192450172557915,310.717593559496,0.0888777303540045,0.1356842972974385,1,1.1854898035114718,1,1,36,0,0,2.274929512630186,0,2882,0.34110545626701383,1,1,0,0,0,0,0,0,0,1,0,0,1,1,6047.333333333333,0,1,0,0,1,0,0,0,0.10606536177478688,1,1,0,0,0,0,0,0,0,0,1
2021-02-14,47,43719,552,0,3,26,177465,300,0,5,3,199,0.1389372818647235,1,1,0,3,1,99,18,842,2288,93694,22173,3643.25,0.6475031084107868,1,71521,0.2820216335800635,0.25,3704.8137947993832,0.0546065719969815,1.071225573108152,0,5.397739123305494,0,0,1,0,0,0.23665083515662522,0,3130,0.01763718120654097,1,1,0,0,0,0,0,0,0,1,0,0,1,0,3444.25,0,1,1,0,1,0,1,1,4.05912625800549,0,1,0,0,1,1,1,0,0,0,0
2021-02-15,34,15000,535,0,0,11,20550,36,2,4,1,285,0.1845169561940952,1,1,0,0,0,94,23,2762,208,140008,2997,1250.0,0.9354239966755504,5,137011,0.2019826662201352,0.2023820623697033,766.2081268352892,0.2278177458033573,0.840294266055387,0,2.993611902429431,1,1,25,0,0,0.021405766772136077,0,2970,0.1445185149141161,1,1,0,0,0,0,0,0,0,1,0,0,0,0,965.0,1,1,1,1,2,0,0,0,1.3699086727551497,0,2,0,0,0,0,0,0,0,0,0
2021-02-15,58,59907,549,0,3,35,41188,12,1,2,3,713,0.5376514884868525,2,1,0,1,0,93,18,1513,820,103327,3674,4992.25,0.8837206845882065,5,99653,0.1871564816273495,0.1720395706813099,3760.529129257656,0.1427927702398237,0.8959153115220859,1,2.6726663315416865,1,1,25,0,0,0.035556673892846086,0,2333,0.05664133627910364,1,1,0,0,0,0,0,0,0,1,0,0,1,0,4279.25,0,1,0,0,1,0,0,0,0.6875208653268344,1,1,0,0,0,0,0,0,0,0,1
2021-02-16,25,40116,544,0,3,3,7262,36,1,2,0,230,0.2900868545731728,2,1,0,4,0,95,1,1388,2209,81929,35350,3343.0,0.787775665463858,5,46579,0.1972226370614015,0.2220168406914381,278.09734166740583,0.0687799043062201,0.1519429849483869,1,1.7118593503208537,1,1,25,0,0,0.4314658855120225,0,3597,0.4952498967368856,1,1,0,0,0,0,0,0,0,1,0,1,0,0,3113.0,0,1,0,0,1,0,0,0,0.1810205149936436,1,1,0,0,0,0,0,0,1,0,1
2021-02-16,22,54524,556,0,4,0,11335,36,1,4,0,361,0.3712214682197954,4,1,0,4,1,99,5,915,89,52754,10479,4543.666666666667,0.9366775065999412,3,42275,0.1913339346953426,0.1579964577066718,397.3846722572201,0.0794337685198767,0.1668735526457136,0,2.788874285905105,1,0,9,0,0,0.1986352004549332,0,1004,0.08856739590684545,1,1,0,0,0,0,0,0,0,1,0,1,0,0,4182.666666666667,0,1,1,0,4,1,0,0,0.20788629069234296,1,1,0,0,1,1,0,0,1,0,1
2021-02-17,42,59542,563,0,2,21,27929,180,1,4,2,852,0.3197084212473277,4,2,0,2,1,89,12,921,1158,78763,20591,4961.833333333333,0.7101648222808702,2,58172,0.2360593641647348,0.2270952203773856,547.2796355227028,0.1716761258689592,0.2819517685843509,1,3.948654899951904,0,0,4,0,0,0.26142654004367477,0,2079,0.07443609022556391,1,1,0,0,0,0,0,0,0,1,1,0,0,0,4109.833333333333,0,1,1,0,5,1,1,0,0.4690559763532237,0,1,0,0,1,1,0,0,0,0,1
2021-02-17,52,30262,656,0,0,30,116020,240,1,3,0,121,0.3325524662408081,3,0,1,3,0,94,26,731,389,71313,30597,2521.833333333333,0.7246499227616369,4,40716,0.2099153816220466,0.1921586412103696,1899.8167027327809,0.0479619475457488,0.8010107826119234,0,4.216793687196163,1,0,16,0,0,0.4290461900889026,0,1120,0.00965342481102559,1,0,0,0,0,0,0,0,1,0,0,1,0,0,2400.833333333333,0,1,1,0,2,0,1,1,3.833724349866173,0,0,0,1,0,1,0,0,0,0,1
2021-02-18,60,11737,656,2,4,36,95797,300,2,3,3,218,0.3332906253454435,1,3,0,3,1,100,25,4838,1282,19269,7128,978.0833333333334,0.7808609174860583,7,12141,0.2298674992717286,0.2075887520449268,1666.9105373179348,0.2226572474253128,1.925178861844856,0,6.67731078793205,1,1,49,0,0,0.36990140114167097,0,6120,0.06388442347439403,1,0,1,0,0,0,0,0,1,0,0,0,1,0,760.0833333333334,1,1,1,1,4,1,1,0,8.161271085363776,0,2,0,0,1,1,0,0,0,0,0
2021-02-18,34,63029,611,0,1,11,9128,24,2,0,2,336,0.1243086253445183,4,1,0,4,0,95,5,6352,713,439462,5991,5252.416666666667,0.8848296906986294,4,433471,0.1597798028596412,0.1659642827129668,449.5409269352593,0.0639583762947922,0.1495295303568012,1,2.115408061758451,1,0,16,0,0,0.013632546994855084,0,7065,0.7739073282944463,1,1,0,0,0,0,0,0,0,1,1,0,0,0,4916.416666666667,0,0,0,0,3,0,0,0,0.14481992701887988,1,1,0,0,0,0,0,0,0,0,0
2021-02-20,52,73315,596,0,3,31,23049,60,1,3,0,1259,0.1807889359508598,4,1,0,0,0,97,1,2259,2359,81873,41114,6109.583333333333,0.5775520702966586,1,40759,0.1795113552621061,0.1849755709515224,591.5496489543696,0.2060359758342766,0.3028433699381188,1,1.1166226634496057,0,0,1,0,0,0.5021618584654469,0,4618,0.2003470715835141,1,1,0,0,0,0,0,0,0,1,0,1,0,1,4850.583333333333,0,1,1,0,1,0,1,0,0.31437885318347975,0,1,0,0,0,0,1,0,0,0,1
2021-02-22,39,108087,571,0,1,16,143177,300,2,0,3,788,0.1894963530495352,1,0,0,3,0,96,18,16659,5215,61508,14699,9007.25,0.797927034243124,7,46809,0.2724679609726053,0.25,2989.006985591476,0.0874753697999056,0.419283100001829,1,2.349102954906393,1,1,49,0,0,0.2389731583995838,0,21874,0.15277486764726425,1,1,0,0,0,0,0,0,0,1,0,0,1,1,8219.25,0,0,0,0,3,0,1,1,1.3246336318555252,0,1,0,0,0,0,0,0,0,0,0
2021-02-25,37,64837,580,0,1,13,19587,36,0,2,3,860,0.2023869898541954,4,2,0,4,1,100,20,2905,279,323446,72861,5403.083333333333,0.6921900909093404,3,250585,0.1794706681032055,0.1908569687788064,718.8304144808494,0.1591389227281839,0.2921550829429936,1,2.765052951330829,1,0,9,0,0,0.22526410818464848,0,3184,0.16254849908107005,1,1,0,0,0,0,0,0,0,1,0,0,1,0,4543.083333333333,0,1,0,0,3,0,0,0,0.3020913661741571,1,1,0,0,1,1,1,0,0,0,0
2021-02-26,50,51079,573,0,2,32,192140,300,1,1,3,246,0.2440319885496052,5,2,0,3,0,96,5,10328,853,14971,41005,4256.583333333333,0.4234514750268954,3,9801,0.2715414961891221,0.25,4011.17359779536,0.0577792566205398,0.9999037633544914,0,3.251834385983295,1,0,9,0,0,2.738779054234571,0,11181,0.058191640513997535,1,1,0,0,0,0,0,0,0,1,0,0,1,0,4010.583333333333,0,1,0,0,5,1,1,1,3.7615505090054815,0,1,0,0,0,0,1,0,0,0,1
2021-03-02,47,47035,628,0,3,22,7601,48,2,1,3,177,0.4277613075485009,1,1,0,1,0,91,18,22416,586,563295,31121,3919.5833333333335,0.8597973675979623,3,532174,0.1592340416623873,0.1837080441820207,224.7548484270778,0.0451463430186834,0.1024732327486329,1,0.1692428518071507,1,0,9,0,0,0.05524804010679998,0,23002,3.0257826887661143,1,1,0,0,0,0,0,0,0,1,0,0,1,0,3742.5833333333335,0,1,0,1,1,0,1,0,0.161599625818522,1,1,0,0,0,0,0,0,0,0,0
2021-03-05,21,45945,553,0,1,0,21874,60,2,1,3,288,0.12336900193925,3,2,0,2,0,100,3,6704,2272,27352,151026,3828.75,0.7272243390147721,4,10232,0.2009982749278064,0.1634800514379215,535.9862816643879,0.0752007311182192,0.2151540653213363,1,2.181312825185718,1,0,16,0,0,5.521368771249954,0,8976,0.41033142857142857,1,1,0,0,0,0,0,0,0,1,0,0,1,0,3540.75,0,1,0,1,3,0,1,0,0.47608061637574545,0,1,0,0,0,0,0,0,1,0,0
2021-03-05,57,50174,626,0,3,34,166905,360,2,3,3,404,0.1616010411803982,3,0,0,3,0,93,22,2878,1892,254858,12460,4181.166666666667,0.8875437676706709,3,242398,0.2650062965146685,0.25,3479.265972460829,0.096600645598374,0.9285297028958264,1,3.5216412191994717,1,0,9,0,0,0.048889778269552965,0,4770,0.028578960612560364,1,1,0,0,0,0,0,0,0,1,0,0,1,0,3777.166666666667,0,1,1,1,1,0,1,1,3.326457399103139,0,1,0,0,0,0,0,0,0,0,0
2021-03-05,56,91489,628,0,3,31,31794,48,1,3,3,500,0.2216528996486001,4,1,0,0,0,92,22,9608,1391,22714,13734,7624.083333333333,0.8764648645271151,6,8980,0.1595917660809254,0.1755306366365699,926.5398518556148,0.065573053846406,0.1870851490395447,1,1.4527198227042175,1,1,36,0,0,0.6046224961479199,0,10999,0.3459348954238088,1,1,0,0,0,0,0,0,0,1,0,0,1,1,7124.083333333333,0,1,1,0,1,0,1,0,0.34751338944146903,0,1,0,0,0,0,0,0,0,0,1
2021-03-07,32,61476,564,0,3,12,161884,300,0,1,1,634,0.1889167803514343,3,1,0,3,0,100,26,3257,414,24410,41748,5123.0,0.9139934779070472,5,7769,0.2759986603713974,0.25,3379.5400577990213,0.1237314597970335,0.7832826030052735,0,2.784255893975885,1,1,25,0,0,1.7102126090696816,0,3671,0.022676591407480618,1,0,0,0,0,0,0,0,0,1,0,0,0,0,4489.0,0,1,0,0,1,0,1,1,2.6332449533972055,0,0,0,0,0,0,0,0,0,0,0
2021-03-07,44,239897,623,0,2,23,53278,84,2,2,3,908,0.4933537675388468,1,0,0,2,0,99,1,1425,9290,109229,21019,19991.416666666668,0.5285209915830442,3,88210,0.1742208243840673,0.1466553911072303,1018.1205254271272,0.0454172206961806,0.0963425561572326,1,0.6452652986803455,1,0,9,0,0,0.19242881992126706,0,10715,0.20111113196569005,1,1,0,0,0,0,0,0,0,1,0,0,1,1,19083.416666666668,0,1,0,1,5,1,1,0,0.22208605323929337,0,1,0,0,0,0,1,0,0,0,0
2021-03-08,45,246402,661,0,4,23,36816,48,2,5,2,356,0.1686483199213279,3,1,0,0,0,95,10,4647,3074,74398,10826,20533.5,0.9529934909828152,5,63572,0.1431284287435024,0.1578476915187478,1039.321974515727,0.0173366772991794,0.0679501314624523,1,0.6818868514043506,1,1,25,0,0,0.14551270850414655,0,7721,0.20971290436483148,1,1,0,0,0,0,0,0,1,0,1,0,0,1,20177.5,0,1,1,1,4,1,1,0,0.14941376525448147,0,1,0,0,0,0,0,0,0,0,0
2021-03-09,43,57480,557,0,1,22,217154,360,1,1,2,535,0.5858730522513553,3,0,0,3,0,100,24,1158,218,23618,11450,4790.0,0.6324055827406385,5,12168,0.299572091665814,0.25,4526.745891278025,0.1116677102901273,1.0565113528027603,0,3.8670555408474256,1,1,25,0,0,0.4847792031838774,0,1376,0.006336487762197509,1,0,0,0,0,0,0,0,0,1,1,0,0,0,4255.0,0,1,0,0,3,0,1,1,3.777839633966006,0,0,0,0,0,0,1,0,0,0,1
2021-03-09,33,15000,553,0,1,7,5972,12,2,2,0,103,0.5030337865518968,2,1,0,4,0,99,27,454,71,25805,5882,1250.0,0.8987373532311669,9,19923,0.184673751148183,0.2028162231496576,554.0185160888893,0.0823341326938449,0.5251946571453951,1,1.3145474856936452,1,1,81,0,0,0.22793148880105402,0,525,0.08789552988448016,1,0,0,0,0,0,0,0,0,1,0,1,0,0,1147.0,0,1,0,1,3,0,0,0,0.3981067928804746,1,0,0,0,0,0,0,0,0,0,0
2021-03-09,31,98982,524,1,0,10,31044,24,1,1,0,583,0.2136805076943215,3,1,0,0,0,94,22,31055,2943,40254,24299,8248.5,0.9017891808077458,3,15955,0.2035857982609497,0.2209449992918005,1611.954523674142,0.0706709497545305,0.2660712193071268,1,1.3151377027088915,1,0,9,0,0,0.6036268786486151,0,33998,1.0951199871154775,1,1,0,0,0,0,0,0,0,1,0,1,0,1,7665.5,0,1,0,0,2,0,0,0,0.31362961316589716,0,1,0,0,0,0,0,0,0,0,1
2021-03-10,39,32501,614,0,3,18,143337,300,1,4,1,499,0.4013434477050044,2,2,0,3,0,97,19,5210,174,179732,44050,2708.4166666666665,0.9731621143425118,11,135682,0.2509682401891528,0.237359481320363,2843.1770823795478,0.1841724848522129,1.2335411985530271,0,4.031860194302024,1,1,121,0,0,0.24508576610861668,0,5384,0.037561567762910045,1,1,0,0,0,0,0,0,0,1,0,0,0,0,2209.4166666666665,0,1,1,0,1,0,1,1,4.410097840132915,0,1,0,0,0,0,0,0,0,0,1
2021-03-10,54,29573,596,0,3,31,62927,360,1,1,0,506,0.3856003885628362,5,1,0,3,0,96,18,2398,3646,80086,20532,2464.4166666666665,0.973057192591922,8,59554,0.2797624366236679,0.25,1311.7627982926967,0.2052391414568193,0.7373044982089695,1,2.736569831569416,1,1,64,0,0,0.25637119632399763,0,6044,0.09604627510806,1,1,0,0,0,0,0,0,0,1,0,1,0,0,1958.4166666666665,0,1,0,0,1,0,1,0,2.1277811591262594,0,1,0,0,0,0,0,0,0,0,1
2021-03-12,46,39628,637,0,0,26,225283,300,1,5,2,209,0.3187484261250672,1,0,0,3,0,95,15,4660,298,104840,48086,3302.333333333333,0.9250080421965484,5,56754,0.239581279276869,0.25,4703.077035662183,0.0632694248234106,1.4870061661944045,0,4.07439669444165,1,1,25,0,0,0.4586564416592745,0,4958,0.02200777685055308,1,1,0,0,0,0,0,0,0,1,1,0,0,0,3093.333333333333,0,1,1,0,2,0,1,1,5.684801534229983,0,1,0,0,0,0,0,0,0,0,1
2021-03-13,35,42174,643,0,1,13,6766,12,1,1,2,397,0.1640838271579473,2,2,0,4,0,97,27,331,809,35136,20799,3514.5,0.8518984401387999,5,14337,0.139704953284058,0.1403542801613172,607.6124296281498,0.1129284596785663,0.2857665850172521,1,2.1078752943238186,1,1,25,0,0,0.5919401201013177,0,1140,0.16846460765479532,1,0,0,0,0,0,0,0,0,1,1,0,0,0,3117.5,0,1,0,0,3,0,0,0,0.16042679312388855,1,0,0,0,0,0,0,0,0,0,1
2021-03-14,49,13695,580,2,1,26,150583,180,1,0,0,122,0.2714268569402384,4,0,0,3,0,99,25,1852,385,96232,16429,1141.25,0.6405223328213133,6,79803,0.227980569086751,0.2195120950381462,2864.196282996265,0.1068067410811993,2.61431060012805,0,7.030901695559124,1,1,36,0,0,0.1707210624214147,0,2237,0.014855495935823195,1,0,0,0,0,0,0,0,0,1,0,1,0,0,1019.25,0,0,0,0,3,0,1,1,10.994669976635514,0,0,0,0,0,0,1,0,0,0,1
2021-03-15,18,15000,475,0,3,0,18478,48,2,0,0,139,0.3430627288722135,3,1,0,0,0,94,11,2288,158,15017,30255,1250.0,0.9650220234190484,9,5425,0.2359560975577943,0.2289772136040851,591.2121199349759,0.1111111111111111,0.5837027337609719,1,3.364056375955069,1,1,81,0,0,2.0145825009988014,0,2446,0.13236647004708046,1,1,0,0,0,0,0,0,0,1,0,1,0,0,1111.0,0,0,0,0,1,0,1,0,1.23178454769682,0,1,0,0,0,0,0,0,1,0,0
2021-03-15,53,24944,626,0,3,31,10782,36,1,1,2,130,0.3541536409410897,2,1,0,1,0,99,24,138,50,25436,17369,2078.6666666666665,0.603841683242032,5,8067,0.1563214315247205,0.1842551367186973,392.1004985101409,0.0625100176310306,0.2510500874387598,1,2.152114589983545,1,1,25,0,0,0.6828242324173448,0,188,0.017434851154595195,1,0,0,0,0,0,0,0,0,1,1,0,0,0,1948.6666666666665,0,1,0,0,1,0,0,0,0.4322309079975947,1,0,0,0,0,0,1,0,0,0,1
2021-03-16,19,41545,546,0,3,0,21808,120,1,2,0,123,0.0976317630675829,4,0,1,2,0,91,3,4660,965,156901,20746,3462.083333333333,0.696188865977392,7,136155,0.2244975195019043,0.2443122512528471,487.3984334078764,0.0355174820126573,0.1762586616188492,0,4.2542249466392486,1,1,49,0,0,0.1322226612790149,0,5625,0.25792104177174563,1,1,0,0,0,0,0,0,0,1,0,1,0,0,3339.083333333333,0,1,0,0,1,0,1,0,0.5249121455735811,0,1,0,1,0,1,1,0,1,0,1
2021-03-16,35,65245,413,0,0,16,20985,72,2,1,0,483,0.1779394843432576,3,1,0,0,0,97,7,819,589,81800,20092,5437.083333333333,0.8573955663749241,8,61708,0.2749879027069294,0.25,565.2766620681589,0.0888180578328761,0.1927658327048118,1,2.117893686114876,1,1,64,0,0,0.24562046918741826,0,1408,0.06709234727913847,1,1,0,0,0,0,0,0,0,1,0,1,0,1,4954.083333333333,0,1,0,1,2,0,1,0,0.3216289121172179,0,1,0,0,0,0,0,0,0,0,0
2021-03-17,26,11149,570,2,4,3,23181,24,2,1,0,186,0.3954980796443706,2,1,0,1,0,94,7,124,369,368328,5931,929.0833333333334,0.7507954447583826,5,362397,0.1805127828486122,0.1788976903956699,1156.056338235437,0.1999820804587402,1.4429420355546314,0,4.937869878862691,1,1,25,0,0,0.016102451884049313,0,493,0.02126649987058925,1,1,0,0,0,0,0,0,0,1,0,1,0,0,743.0833333333334,1,1,0,1,4,1,0,0,2.0790134529147983,1,2,0,0,0,0,0,0,1,0,0
2021-03-17,24,28995,552,0,1,0,10867,48,2,2,0,146,0.0214350102401901,4,1,0,1,0,100,12,5700,492,114398,29093,2416.25,0.7014428547865124,7,85305,0.1973233944926365,0.1926547827614859,326.44889938806546,0.0603992139828317,0.1954489189732404,0,1.9912156259479608,1,1,49,0,0,0.25431166356349266,0,6192,0.5697460434302539,1,1,0,0,0,0,0,0,0,1,0,1,0,0,2270.25,0,1,0,1,3,0,1,0,0.374775831149124,1,1,0,0,0,0,0,0,1,0,0
2021-03-17,53,33741,640,0,4,30,258582,360,2,3,0,410,0.2238750307085456,5,0,0,3,0,92,1,643,842,16999,7067,2811.75,0.6849886004384855,6,9932,0.2581157430011416,0.247322932689731,5332.884806708843,0.1457648209048084,2.041733110553317,1,4.935707006777536,1,1,36,0,0,0.4157058823529412,0,1485,0.005742836922767545,1,1,0,0,0,0,0,0,0,1,0,1,0,0,2401.75,0,1,1,1,4,1,1,1,7.663505423507795,0,1,0,0,0,0,1,0,0,0,0
2021-03-19,34,26458,479,0,0,11,22025,84,1,3,2,150,0.145475940529131,2,1,0,2,0,96,22,674,2422,134667,15058,2204.833333333333,0.8946337213584158,4,119609,0.2459999947131812,0.2288412852915776,528.0455742166793,0.0680015111446921,0.3073874911446977,1,1.7194989593473262,1,0,16,0,0,0.11181572459678617,0,3096,0.14056115499863797,1,1,0,0,0,0,0,0,0,1,1,0,0,0,2054.833333333333,0,1,1,0,2,0,1,0,0.8324199705204278,0,1,0,0,0,0,0,0,0,0,1
2021-03-19,44,50014,626,0,0,20,11807,36,2,2,3,256,0.4302171042549589,1,0,0,4,0,94,3,7022,556,15972,177732,4167.833333333333,0.7604144750531088,6,7863,0.15634413313671,0.1398638976422745,403.4572303662823,0.0614080678047415,0.158187477799452,1,1.1586876537598212,1,1,36,0,0,11.127026857822576,0,7578,0.6417682926829268,1,1,0,0,0,0,0,0,0,1,0,0,1,0,3911.833333333333,0,1,0,1,2,0,0,0,0.23606917924622614,1,1,0,0,0,0,0,0,0,0,0
2021-03-20,39,114817,603,0,3,19,27822,24,1,4,2,1055,0.0665841970018255,5,0,0,0,0,95,14,4416,1379,119227,65357,9568.083333333334,0.8692649932134606,6,53870,0.1640584045739381,0.1529887598259101,1352.9496078369525,0.1102508948088026,0.2516384823872316,0,1.6286760182201585,1,1,36,0,0,0.5481682155198443,0,5795,0.20828091866441434,1,1,0,0,0,0,0,0,0,1,1,0,0,1,8513.083333333334,0,1,1,0,1,0,0,0,0.24231392290407427,0,1,0,0,0,0,0,0,0,0,1
2021-03-21,45,15000,568,0,4,19,23431,24,1,2,2,74,0.5450901034903117,4,4,0,1,0,93,26,746,62,46802,10746,1250.0,0.6635920257139287,1,36056,0.1815154644721268,0.1825831680546586,1172.6982175366884,0.0591526778577138,0.9965613249693752,0,4.55031478079868,0,0,1,0,0,0.22960066662393436,0,808,0.034482758620689655,1,0,1,0,0,0,0,0,0,1,1,0,0,0,1176.0,0,1,0,0,4,1,0,0,1.5619625358309446,1,1,0,0,0,0,1,0,0,0,1
2021-03-21,40,7494,653,2,1,17,13839,36,1,0,1,253,0.3760870262121653,1,1,1,4,1,97,19,730,270,29842,8412,624.5,0.6821203115531086,2,21430,0.1428838295572929,0.1525185973027378,481.4420964839733,0.4044764188649081,1.1741680199583906,0,7.088585925546664,0,0,4,0,0,0.28187514660054286,0,1000,0.07225433526011561,1,1,0,0,0,0,0,0,1,0,0,0,0,0,371.5,1,0,0,0,3,0,0,0,1.846430953969313,1,2,0,1,1,1,1,0,0,0,1
2021-03-21,24,17174,559,0,3,0,9051,12,1,0,3,131,0.3348594419495562,2,0,0,1,0,97,21,1268,496,61149,15132,1431.1666666666667,0.9544534424291208,8,46017,0.1817776852516883,0.170603562984647,825.7534825044739,0.0914698010008146,0.6680461881795465,1,1.887385586109576,1,1,64,0,0,0.24745707277187245,0,1764,0.1948740609809987,1,1,0,0,0,0,0,0,0,1,0,0,1,0,1300.1666666666667,0,0,0,0,1,0,0,0,0.5269868995633188,1,1,0,0,0,0,0,0,1,0,1
2021-03-21,51,23789,572,0,1,30,85750,360,1,1,0,275,0.1633677643587257,5,4,0,3,1,91,29,990,281,18275,27343,1982.4166666666667,0.6116753817358661,6,1197,0.2918398007566919,0.25,1787.5261803931342,0.138649636569892,1.0398854739178025,0,5.63019179303849,1,1,36,0,0,1.496115123659444,0,1271,0.014821984583270166,1,0,1,0,0,0,0,0,0,1,0,1,0,0,1707.4166666666667,0,1,0,0,3,0,1,0,3.6044556536359815,0,1,0,0,1,1,1,0,0,0,1
2021-03-22,34,79314,608,1,0,8,154426,360,2,1,0,1066,0.4128066760389548,3,3,0,3,0,98,22,4639,2309,43621,3669,6609.5,0.6798720248709353,7,39952,0.2739868691929378,0.25,3219.1314044710216,0.1612586037364798,0.648231057328647,0,2.0227803132890245,1,1,49,0,0,0.08410893585805328,0,6948,0.04499213220486055,1,1,1,0,0,0,0,0,0,1,0,1,0,1,5543.5,0,1,0,1,2,0,1,1,1.946996154573536,0,2,0,0,0,0,1,0,0,0,0
2021-03-24,21,47965,591,0,1,0,44479,60,2,4,0,466,0.491749694410567,4,0,0,2,0,92,9,1512,771,7524,14734,3997.0833333333335,0.8943097536535183,3,2296,0.1821756987322311,0.1597655372383468,1081.0888316369144,0.1165558496779707,0.3869576251045912,1,3.1272798349356314,1,0,9,0,0,1.9580066445182724,0,2283,0.051326438848920866,1,1,0,0,0,0,0,0,0,1,0,1,0,0,3531.0833333333335,0,1,1,1,3,0,1,0,0.9273026727265146,0,1,0,0,0,0,0,0,1,0,0
2021-03-26,34,70931,520,0,4,10,117668,240,2,3,0,333,0.1869173694589715,2,1,0,3,0,97,13,5262,370,177680,71030,5910.916666666667,0.8829315826135216,8,106650,0.2779189077192698,0.25,2468.929095402701,0.0563269103364673,0.4739459727504109,1,2.36831955912804,1,1,64,0,0,0.39976137009584595,0,5632,0.04786307353678539,1,1,0,0,0,0,0,0,0,1,0,1,0,1,5577.916666666667,0,1,1,1,4,1,1,1,1.6588845654993516,0,1,0,0,0,0,0,0,0,0,0
2021-03-27,58,115267,648,0,1,35,6571,36,1,0,3,435,0.4895599997265725,2,0,0,4,1,100,5,8233,3023,80804,16220,9605.583333333334,0.8393179731465821,4,64584,0.1451976433697893,0.166321364943567,233.07282282119505,0.0452814476183866,0.0695432288088406,1,2.202369012478885,1,0,16,0,0,0.2007301528370769,0,11256,1.7127206329884357,1,1,0,0,0,0,0,0,0,1,0,0,1,1,9170.583333333334,0,0,0,0,3,0,0,0,0.05700628101467883,1,1,0,0,1,1,0,0,0,0,1
2021-03-28,50,45697,634,0,1,28,17333,60,2,1,3,157,0.3223033769194986,3,0,0,0,0,94,3,15912,714,51633,8342,3808.0833333333335,0.8134423516560955,5,43291,0.1604401062924235,0.1247416689530421,389.7290556642015,0.0412172657463519,0.1435329731118689,1,1.569737372046624,1,1,25,0,0,0.1615602122632374,0,16626,0.9591554170993424,1,1,0,0,0,0,0,0,0,1,0,0,1,0,3651.0833333333335,0,1,0,1,3,0,1,0,0.37929449866514947,0,1,0,0,0,0,0,0,0,0,0
2021-03-29,35,28772,556,0,3,10,14516,24,1,2,1,352,0.3914792266159019,2,2,0,0,0,96,17,1025,624,98577,6523,2397.6666666666665,0.7049471134256541,7,92054,0.1873957689138653,0.1943924288892033,734.8330386277701,0.1467481934408004,0.4530988209954572,1,1.4215687529945251,1,1,49,0,0,0.06617095092211243,0,1649,0.11359096232003857,1,1,0,0,0,0,0,0,0,1,0,0,0,0,2045.6666666666665,0,1,0,0,1,0,0,0,0.5045007472283043,0,1,0,0,0,0,0,0,0,0,1
2021-03-30,35,159882,436,1,3,12,13457,24,0,5,2,942,0.3152928279598662,3,2,0,1,0,94,28,6940,1741,19294,6431,13323.5,0.8942482302224206,7,12863,0.247376832250937,0.2288931556476937,704.0483106068068,0.0706968366542834,0.1235354655414317,1,2.448018315144272,1,1,49,0,0,0.33329878206789326,0,8681,0.6450438400951107,1,0,0,0,0,0,0,0,0,1,1,0,0,1,12381.5,0,1,1,0,1,0,0,0,0.08416779770206964,1,0,0,0,0,0,0,0,0,0,0
2021-03-31,36,34693,546,0,3,17,11905,120,2,0,2,181,0.5706835205908504,4,3,0,2,0,94,19,2299,345,46719,78888,2891.083333333333,0.8688778140245322,3,6133,0.2243461994384283,0.2271661382828511,251.90722906063917,0.0625846419824232,0.1496869831069779,1,2.071433854508847,1,0,9,0,0,1.688527397260274,0,2644,0.22207290441794053,1,1,1,0,0,0,0,0,0,1,1,0,0,0,2710.083333333333,0,0,0,0,1,0,1,0,0.34314290655444746,0,2,0,0,0,0,0,0,0,0,0
2021-04-01,64,74626,596,0,3,44,25289,48,0,1,3,493,0.1404422397839757,3,0,0,0,0,97,4,10217,1677,109640,27547,6218.833333333333,0.9388569444903884,6,82093,0.1755345410849159,0.1597254687693392,716.3418431181425,0.0792625740239556,0.1944331589460826,1,1.0699853868890852,1,1,36,0,0,0.2512472523964575,0,11894,0.4703044681692369,1,1,0,0,0,0,0,0,0,1,0,0,1,1,5725.833333333333,0,1,0,0,1,0,1,0,0.33887199003041796,0,1,0,0,0,0,0,0,0,0,0
2021-04-03,44,58468,639,0,1,22,188968,240,0,5,3,708,0.1577701848267001,1,2,0,3,0,100,10,1024,891,25721,20592,4872.333333333333,0.7142134973457219,5,5129,0.2185373345648562,0.2458560375736913,3901.592439475979,0.1452804377564979,0.9458808015340586,1,3.5951394873018376,1,1,25,0,0,0.8005598320503848,0,1915,0.01013393731246924,1,1,0,0,0,0,0,0,0,1,0,0,1,0,4164.333333333333,0,1,1,0,3,0,1,1,3.2319348714703517,0,1,0,0,0,0,0,0,0,0,0
2021-04-03,45,15439,508,0,1,22,20537,60,0,5,3,238,0.1662020123960402,4,0,0,2,0,96,23,991,1845,195139,51376,1286.5833333333333,0.5095764219157944,4,143763,0.2234825080269395,0.2295944408393824,578.4692734037666,0.1848424050223286,0.6341098492554009,1,3.394208462898032,1,0,16,0,0,0.26327764681766935,0,2836,0.13808550004869025,1,1,0,0,0,0,0,0,0,1,0,0,1,0,1048.5833333333333,0,1,1,0,3,0,1,0,1.3301165803108808,0,1,0,0,0,0,1,0,0,0,0
2021-04-04,52,15000,523,0,3,30,5888,24,0,1,1,200,0.5179906024846761,10,1,0,1,0,100,5,72,731,47886,49326,1250.0,0.8630410385344072,7,7915,0.2036702103707361,0.1845388698018283,295.2460215731677,0.1598721023181454,0.3958801131679998,1,2.752183119431156,1,1,49,0,0,1.0300499091611501,0,803,0.13635591781287146,1,1,0,0,1,0,0,0,0,1,0,0,0,0,1050.0,0,1,0,0,1,0,0,0,0.39250716618892073,1,1,0,0,0,0,0,0,0,0,0
2021-04-06,42,34717,508,0,4,17,9107,24,2,0,0,337,0.1987987442815781,1,2,0,1,0,94,19,1381,1149,9898,20341,2893.083333333333,0.7611463061965286,11,9159,0.2112792271067959,0.2379399271527837,480.5612097937557,0.1164444700394483,0.2824940112737213,1,2.561624022449619,1,1,121,0,0,2.0548540256591576,0,2530,0.2777777777777778,1,1,0,0,0,0,0,0,0,1,0,1,0,0,2556.083333333333,0,0,0,0,4,1,0,0,0.2623134973212743,1,1,0,0,0,0,0,0,0,0,0
2021-04-07,36,10220,580,2,3,17,19601,60,2,2,0,176,0.0909384328269099,0,2,0,0,0,100,9,2614,275,76222,37365,851.6666666666666,0.7931846130325224,4,38857,0.1874708467202072,0.1744036298582539,491.7885021259596,0.2064112587959343,0.7831765075754021,0,3.077835810219909,1,0,16,0,0,0.49020636815659313,0,2889,0.14738292011019283,1,1,0,0,0,0,0,0,0,1,0,1,0,0,675.6666666666666,1,1,0,1,1,0,1,0,1.9177184228549065,0,2,0,0,0,0,0,0,0,0,0
2021-04-07,37,74150,607,0,0,14,209380,300,2,3,3,609,0.1748664159581904,5,2,0,3,0,100,29,1872,187,44247,6278,6179.166666666667,0.8434231328011369,1,37969,0.2545629777094668,0.25,4371.081127856732,0.098541031795259,0.8058166383630535,1,2.9500447350597745,0,0,1,0,0,0.14188211896582897,0,2059,0.009833748047817137,1,0,0,0,0,0,0,0,0,1,0,0,1,1,5570.166666666667,0,1,1,1,2,0,1,1,2.8236975900527304,0,0,0,0,0,0,0,0,0,0,0
2021-04-07,39,84175,596,0,3,20,6808,12,2,1,3,664,0.2329645575830127,2,2,0,1,0,100,26,5243,720,438540,19975,7014.583333333333,0.8011425136612053,6,418565,0.1632065001363707,0.1595061865251538,617.536600442498,0.0946464418496917,0.1826699989940249,1,1.2837078816329497,1,1,36,0,0,0.045548762829473184,0,5963,0.8757526802761052,1,0,0,0,0,0,0,0,0,1,0,0,1,1,6350.583333333333,0,1,0,1,1,0,0,0,0.08087816004561871,1,0,0,0,0,0,0,0,0,0,0
2021-04-07,39,24938,488,0,0,15,9702,24,1,4,0,176,0.192121896326417,3,0,0,4,0,99,22,766,250,45399,19477,2078.1666666666665,0.8208176693584855,10,25922,0.2212950475987563,0.2425475023764795,514.1898038274029,0.0846492985971943,0.3319550158688912,1,2.4942606504959026,1,1,100,0,0,0.42900881057268725,0,1016,0.10470988354117283,1,1,0,0,0,0,0,0,0,1,0,1,0,0,1902.1666666666665,0,1,1,0,2,0,0,0,0.3890292313244316,1,1,0,0,0,0,0,0,0,0,1
2021-04-08,48,102481,510,0,3,26,21414,24,0,1,0,1054,0.5416519694607691,3,1,0,0,0,98,21,2264,1494,139062,5436,8540.083333333334,0.9402333329545866,5,133626,0.2104929617225124,0.2107793253614438,1101.192202172417,0.1234035495106982,0.2523324171023289,1,2.518138451499258,1,1,25,0,0,0.03909019652963046,0,3758,0.17548447349988325,1,1,0,0,0,0,0,0,0,1,0,1,0,1,7486.083333333334,0,1,0,0,1,0,0,0,0.20895376749087644,0,1,0,0,0,0,0,0,0,0,0
2021-04-08,40,28396,588,0,0,17,11643,24,2,2,0,240,0.355240126029575,5,1,0,1,0,94,16,3915,527,40295,14834,2366.333333333333,0.9269330719450616,8,25461,0.1713406365762164,0.2041609693050198,594.9491960471,0.1013798929878907,0.3526960839399183,0,1.9867399189080364,1,1,64,0,0,0.368125868572563,0,4442,0.3814840261078667,1,1,0,0,0,0,0,0,0,1,0,1,0,0,2126.333333333333,0,1,0,1,2,0,0,0,0.4100080994471247,1,1,0,0,0,0,0,0,0,0,0
2021-04-11,48,67359,643,0,0,27,15587,36,2,2,0,306,0.2300535905529092,3,0,0,0,0,92,23,1236,2492,12039,160997,5613.25,0.6899185851831041,3,7360,0.1479135641666146,0.1610018390899604,548.7639348631704,0.0545041635124905,0.1522489976155622,1,0.0,1,0,9,0,0,13.371843853820598,0,3728,0.23915832691814215,1,1,0,0,0,0,0,0,0,1,0,1,0,1,5307.25,0,1,0,1,2,0,0,0,0.23139845605700712,0,1,0,0,0,0,1,0,0,0,0
2021-04-11,39,53878,650,0,2,14,13883,60,1,1,1,495,0.2069616724777771,3,2,0,2,0,98,29,3769,1359,80705,34156,4489.833333333333,0.8049241175536636,6,46549,0.1523846230942454,0.1373917855521079,321.1589458313167,0.1102245314529597,0.1817388634250473,1,1.9315957712499032,1,1,36,0,0,0.42321512650856197,0,5128,0.369346009795448,1,0,0,0,0,0,0,0,1,0,0,0,0,0,3994.833333333333,0,1,0,0,5,1,1,0,0.2576699641789937,0,0,0,0,0,0,0,0,0,0,1
2021-04-11,40,35824,520,0,3,15,11086,24,2,1,3,286,0.4024534667177775,4,1,0,1,0,94,12,2545,2192,82556,19934,2985.333333333333,0.545238950314295,5,62622,0.2053283821324431,0.25,591.6766739929996,0.0957696171447706,0.2938977588993189,1,1.887368608283876,1,1,25,0,0,0.24145741729956272,0,4737,0.42725714801118425,1,1,0,0,0,0,0,0,0,1,0,0,1,0,2699.333333333333,0,1,0,1,1,0,0,0,0.30944870900209354,1,1,0,0,0,0,1,0,0,0,0
2021-04-11,18,85257,552,0,3,0,175983,180,1,1,3,817,0.3196896385484002,4,1,0,3,1,94,26,1898,1198,151812,7400,7104.75,0.8406922428708737,7,144412,0.2420195370901992,0.2362831116979188,3571.962439916633,0.1149773071104387,0.6176635034889537,0,2.9977294417266758,1,1,49,0,0,0.04874417869352427,0,3096,0.01759250840985544,1,0,0,0,0,0,0,0,0,1,0,0,1,1,6287.75,0,1,0,0,1,0,1,1,2.0641230148490464,0,0,0,0,1,1,0,0,1,0,1
2021-04-14,50,35386,622,0,3,28,17303,60,2,3,0,237,0.057422037904704,5,0,0,2,0,92,17,2157,878,10791,125372,2948.833333333333,0.863215570398203,3,8930,0.1664396732419082,0.1596384908791361,420.4430559213761,0.0803435222328945,0.2228746446425366,1,2.3801428044712654,1,0,9,0,0,11.617123795404003,0,3035,0.1753929727230698,1,1,0,0,0,0,0,0,0,1,0,1,0,0,2711.833333333333,0,1,1,1,1,0,1,0,0.48896487410631023,0,1,0,0,0,0,0,0,0,0,0
2021-04-21,44,22059,537,0,1,20,234873,180,0,0,1,242,0.1336331308293024,7,0,0,3,0,95,8,452,597,98101,60405,1838.25,0.8555374525404453,4,37696,0.2495917011197807,0.25,5015.780839202767,0.1315753703955416,2.858654799077214,0,7.049099129153997,1,0,16,0,0,0.6157366822287007,0,1049,0.004466224443744306,1,1,0,0,1,0,0,0,0,1,0,0,0,0,1596.25,0,0,0,0,3,0,1,1,10.647008159564823,0,1,0,0,0,0,0,0,0,0,0
2021-04-22,51,41413,505,0,3,30,16508,72,1,2,3,283,0.0443792624326866,1,1,0,0,0,100,23,3642,1016,91958,42464,3451.083333333333,0.4663011557555924,4,49494,0.2289279152414319,0.2133605677252212,408.30132455719246,0.0819794809897404,0.2002562678258614,1,2.530580292369077,1,0,16,0,0,0.4617710066442654,0,4658,0.28214913077715187,1,1,0,0,0,0,0,0,0,1,0,0,1,0,3168.083333333333,0,1,0,0,1,0,1,0,0.398609165982518,0,1,0,0,0,0,1,0,0,0,1
2021-04-23,18,39485,620,0,4,0,18461,120,1,2,0,400,0.4497319486075511,3,0,0,2,0,99,13,553,2731,84847,14434,3290.4166666666665,0.8070505811136877,0,70413,0.1874558674611375,0.2207044854745794,382.4689970752621,0.121528217332962,0.2377301558321681,1,1.8789668744727457,0,0,0,1,0,0.17011597209126908,0,3284,0.1778788863611743,1,1,0,0,0,0,0,0,0,1,0,1,0,0,2890.4166666666665,0,1,0,0,4,1,1,0,0.4675327964341792,0,2,0,0,0,0,0,0,1,0,1
2021-04-25,65,300000,555,0,1,39,246246,240,2,2,0,802,0.2165403265420475,3,0,0,3,0,93,21,6367,7349,13716,2322,25000.0,0.960652499785944,10,11394,0.2606035225940548,0.25,5166.773583527666,0.0320787168513259,0.2387413936853592,1,1.8522865381721385,1,1,100,0,0,0.16927899686520376,0,13716,0.05570017096654985,1,1,0,0,0,0,0,0,0,1,0,1,0,1,24198.0,0,1,0,1,3,0,1,1,0.8208172639424536,0,1,0,0,0,0,0,0,0,0,0
2021-04-25,38,73943,479,0,1,13,27727,36,0,4,3,430,0.4524124723326621,5,0,0,2,0,94,22,2997,379,166081,84244,6161.916666666667,0.9035296174840493,3,81837,0.2300575495029888,0.25,1102.4206927641144,0.0697721587451828,0.2486518600928858,1,2.1668075315647943,1,0,9,0,0,0.5072434098818656,0,3376,0.12175418349682632,1,1,0,0,0,0,0,0,0,1,0,0,1,1,5731.916666666667,0,1,1,0,3,0,0,0,0.37497295250459806,0,1,0,0,0,0,0,0,0,0,0
2021-04-26,53,42485,653,0,1,32,118407,240,1,2,0,405,0.2430459559871507,3,0,0,3,1,91,15,6748,727,20342,87833,3540.4166666666665,0.8243795413844626,2,9589,0.2114204728916792,0.2158605398016477,2159.8831326866757,0.1143610137186154,0.7242534200588301,1,3.959804781268176,0,0,4,0,0,4.317603106719756,0,7475,0.06312918046077967,1,1,0,0,0,0,0,0,1,0,0,1,0,0,3135.4166666666665,0,1,0,0,3,0,1,1,2.7869651179211976,0,1,0,0,1,1,0,0,0,0,1
2021-04-26,27,22034,549,0,3,4,13548,36,1,2,3,136,0.3119051564074327,3,1,0,1,0,98,9,1322,417,148066,21757,1836.1666666666667,0.9051411007098068,5,126309,0.1948785170057116,0.2002029450821331,503.6323326714786,0.0740270343826544,0.348162387374478,1,1.6178147728783228,1,1,25,0,0,0.14694023651455085,0,1739,0.12834895564248283,1,1,0,0,0,0,0,0,0,1,0,0,1,0,1700.1666666666667,0,1,0,0,1,0,0,0,0.6148400272294078,1,1,0,0,0,0,0,0,1,0,1
2021-04-27,47,15713,478,0,3,27,152961,360,3,2,0,486,0.319460355908218,4,0,0,3,0,97,1,2323,2828,334862,5914,1309.4166666666667,0.8511670912647206,6,328948,0.3389844862008783,0.25,3188.592327453227,0.3708744038155803,2.8041404088673274,0,7.358051629524207,1,1,36,0,0,0.0176609538826326,0,5151,0.033675030399707116,1,1,0,0,0,0,0,0,0,1,0,1,0,0,823.4166666666667,1,1,0,0,1,0,1,1,9.73405880106911,0,2,0,0,0,0,0,0,0,0,0
2021-04-27,27,20532,506,0,0,3,11449,48,1,2,0,214,0.1018651262030225,5,1,0,1,0,97,15,1866,283,133747,31610,1711.0,0.8105074008476943,2,102137,0.2203364362522455,0.1971610056913176,346.6677910721652,0.125,0.3274928686169188,0,3.223374858363355,0,0,4,0,0,0.23633998265394623,0,2149,0.18768558951965064,1,1,0,0,0,0,0,0,0,1,0,1,0,0,1497.0,0,1,0,0,2,0,1,0,0.5575902206204646,1,1,0,0,0,0,0,0,1,0,1
2021-04-29,32,51142,578,0,1,9,28443,36,1,0,0,365,0.4326909062967663,2,0,0,2,0,95,27,4618,367,77394,17847,4261.833333333333,0.9121798610118712,6,59547,0.1805639231302508,0.1853198912326245,1035.889135300172,0.08562380263518,0.328628643382767,0,2.8837004459915203,1,1,36,0,0,0.23059629175011306,0,4985,0.17525664463507243,1,0,0,0,0,0,0,0,0,1,0,1,0,0,3896.833333333333,0,0,0,0,3,0,0,0,0.5561464912109184,0,0,0,0,0,0,0,0,0,0,1
2021-05-01,62,105751,611,0,3,43,12979,12,2,3,2,1125,0.132142142965293,3,3,1,4,0,98,3,3960,3147,50073,107558,8812.583333333334,0.8676641492974818,11,5763,0.1558677912475645,0.1607111747289841,1178.0326466163335,0.1276438830214725,0.2613049153238467,0,2.0854968597885484,1,1,121,0,0,2.1479809881375562,0,7107,0.5475346687211095,1,1,1,0,0,0,0,0,0,1,1,0,0,1,7687.583333333334,0,1,1,1,1,0,0,0,0.12273053937514185,1,2,0,1,0,1,0,0,0,0,0
2021-05-04,37,88996,608,0,3,17,11817,36,1,0,2,494,0.2533450688767064,2,1,0,4,0,96,15,12892,2808,69737,21568,7416.333333333333,0.9354260561590048,7,48169,0.1653443447679764,0.1665015584036107,419.2536762767892,0.0666007549883156,0.1231242597892489,1,1.2120674647139622,1,1,49,0,0,0.3092718460523674,0,15700,1.3284819766457945,1,1,0,0,0,0,0,0,0,1,1,0,0,1,6922.333333333333,0,0,0,0,1,0,0,0,0.1327797566210097,1,1,0,0,0,0,0,0,0,0,1
2021-05-04,42,10224,542,2,2,20,82509,240,0,2,0,256,0.4312374509392829,5,1,0,3,0,99,29,626,305,21514,19479,852.0,0.9230126221449642,7,2035,0.2668301686942746,0.25,1731.2172445574108,0.3001172332942555,2.329680239809391,0,7.176191708185745,1,1,49,0,0,0.9053683476644202,0,931,0.011283480790207247,1,0,0,0,0,0,0,0,0,1,0,1,0,0,596.0,1,1,0,0,5,1,1,0,8.069339853300734,0,1,0,0,0,0,0,0,0,0,0
2021-05-04,50,36622,575,0,3,28,153352,300,2,2,3,404,0.1932361603647267,3,2,0,3,0,93,11,338,564,92199,13722,3051.833333333333,0.7465477669208367,4,78477,0.2704851244331105,0.25,3201.423407770969,0.1323360812360102,1.181008923220277,0,3.7858542548061087,1,0,16,0,0,0.14882863340563993,0,902,0.005881854283907064,1,1,0,0,0,0,0,0,0,1,0,0,1,0,2647.833333333333,0,1,0,1,1,0,1,1,4.187313983016137,0,1,0,0,0,0,0,0,0,0,0
2021-05-06,45,69113,556,0,4,25,21012,48,0,0,2,913,0.3733343852575539,5,0,0,1,0,99,29,2909,3427,50660,15575,5759.416666666667,0.9057627576529248,5,35085,0.1954882241431984,0.1842868698992317,621.9442977392574,0.1584954792043399,0.2664641095532887,1,0.5409382182201246,1,1,25,0,0,0.30743570004539983,0,6336,0.3015276257554847,1,0,0,0,0,0,0,0,0,1,1,0,0,1,4846.416666666667,0,0,0,0,4,1,1,0,0.3040194461324768,1,0,0,0,0,0,0,0,0,0,0
2021-05-06,41,37823,489,0,1,18,26761,60,1,0,2,214,0.5445011515326442,4,2,0,2,0,98,9,3106,309,18821,7296,3151.9166666666665,0.8454901752922893,5,11525,0.2330486845624662,0.25,785.4707648781504,0.0678736619532179,0.3169987889133819,1,3.3664851869160857,1,1,25,0,0,0.38763149505897354,0,3415,0.12760630745086315,1,1,0,0,0,0,0,0,0,1,1,0,0,0,2937.9166666666665,0,0,0,0,3,0,1,0,0.7075137478849408,0,1,0,0,0,0,0,0,0,0,1
2021-05-08,44,140947,565,1,3,21,200171,240,1,0,0,540,0.3976847299803048,4,1,0,3,0,98,19,1475,1924,22826,61756,11745.583333333334,0.8838295269530155,10,7727,0.2555517330689855,0.25,4200.020446985195,0.0459708142083868,0.4035233320598354,0,1.5735235939253904,1,1,100,0,0,2.7053927366714854,0,3399,0.016980396858701518,1,1,0,0,0,0,0,0,0,1,0,1,0,1,11205.583333333334,0,0,0,0,1,0,1,1,1.4201762352073104,0,1,0,0,0,0,0,0,0,0,1
2021-05-08,68,50128,613,0,3,46,211936,300,1,0,2,260,0.4548637900229765,4,0,0,3,0,96,22,1079,570,57802,6149,4177.333333333333,0.7515212687644758,2,51653,0.2515660110849197,0.25,4424.440968160494,0.0622257678500199,1.1211266776610675,0,2.6383089194202998,0,0,4,0,0,0.1063785616663495,0,1649,0.00778061405040177,1,1,0,0,0,0,0,0,0,1,1,0,0,0,3917.333333333333,0,0,0,0,1,0,1,1,4.2278122444094235,0,1,0,0,0,0,0,0,0,1,1
2021-05-08,39,40052,544,0,3,18,27060,84,2,3,0,245,0.4958542803857672,1,1,0,2,0,100,26,610,2296,16029,19454,3337.6666666666665,0.8582874005871641,0,4229,0.2135514622139892,0.2211044483654754,635.7527994527723,0.0733825878594249,0.2638037538297041,1,1.568146025991778,0,0,0,1,0,1.2135995009357454,0,2906,0.1073870145227449,1,0,0,0,0,0,0,0,0,1,0,1,0,0,3092.6666666666665,0,1,1,1,1,0,1,0,0.6756048236087184,0,1,0,0,0,0,0,0,0,0,0
2021-05-08,42,15248,547,1,1,17,5975,36,2,3,0,371,0.1748866509572406,4,1,0,4,0,94,18,1964,437,62825,30651,1270.6666666666667,0.8135595338446027,5,32174,0.1956738766817031,0.2344783879531425,232.68755326250377,0.291743119266055,0.4747215359862415,0,3.4426195688272347,1,1,25,0,0,0.48787126348963805,0,2401,0.40177376171352075,1,1,0,0,0,0,0,0,0,1,0,1,0,0,899.6666666666667,1,1,1,1,3,0,0,0,0.3918289723916322,1,2,0,0,0,0,0,0,0,0,0
2021-05-11,52,50790,567,0,1,26,16883,24,2,0,0,1075,0.2102438308286419,8,1,0,4,0,100,25,14121,336,208311,4399,4232.5,0.8575685328929246,5,203912,0.1819335304267255,0.1975561228494752,857.2595542269069,0.2539270107476084,0.4564212954356695,1,2.0904467551460564,1,1,25,0,0,0.021117362417911595,0,14457,0.8562544420753376,1,0,0,0,1,0,0,0,0,1,0,1,0,0,3157.5,0,0,0,0,3,0,0,0,0.33240140969856863,1,0,0,0,0,0,0,0,0,0,0
2021-05-12,53,90277,641,0,1,31,157207,240,1,0,1,757,0.0791650531181005,4,0,0,3,0,98,21,3820,660,72411,12494,7523.083333333333,0.8670917969230323,4,59917,0.2174913312620669,0.2032067869334917,2710.2959128091784,0.1006102626012028,0.4608263570724024,1,0.1305641836963693,1,0,16,0,0,0.17254046290670055,0,4480,0.02849727749223958,1,1,0,0,0,0,0,0,0,1,0,0,0,1,6766.083333333333,0,0,0,0,3,0,1,1,1.7413655597155453,0,1,0,0,0,0,0,0,0,0,1
2021-05-12,54,32674,590,0,4,33,14344,36,0,3,2,231,0.5162213363336525,4,0,0,0,0,100,24,2901,4084,49560,26115,2722.833333333333,0.8160544805410231,4,23445,0.1743927891821038,0.172468231312911,513.1664752139028,0.0848069509881906,0.2732055835087448,1,2.8804982693764023,1,0,16,0,0,0.5269264139141664,0,6985,0.48692924363889856,1,0,0,0,0,0,0,0,0,1,1,0,0,0,2491.833333333333,0,1,1,0,4,1,0,0,0.4389900535577659,0,0,0,0,0,0,0,0,0,0,0
2021-05-13,47,33930,545,0,1,24,108977,300,1,0,3,201,0.1727142116884648,4,3,0,3,0,100,18,2935,1924,27529,20658,2827.5,0.6545148608151301,2,6871,0.2853997253264943,0.25,2275.037291386202,0.0710624005656708,0.8753888249553481,0,3.5657296285543008,0,0,4,0,0,0.7503814021067926,0,4859,0.044586980858521905,1,1,1,0,0,0,0,0,0,1,0,0,1,0,2626.5,0,0,0,0,3,0,1,1,3.211723792402228,0,2,0,0,0,0,1,0,0,0,1
2021-05-13,26,63840,580,0,3,4,19095,48,1,5,2,681,0.2576975902384558,5,1,0,0,0,99,27,15757,2843,90711,21528,5320.0,0.7382804517421168,1,69183,0.1834643085420046,0.1470513559207834,528.5783985087711,0.1279834617553091,0.2273216309920637,1,1.1379275803048252,0,0,1,0,0,0.23732251521298176,0,18600,0.974025974025974,1,0,0,0,0,0,0,0,0,1,1,0,0,0,4639.0,0,1,1,0,1,0,1,0,0.2991024576682696,0,0,0,0,0,0,0,0,1,0,1
2021-05-13,59,19760,573,0,3,37,6141,48,2,0,0,482,0.1754912689457162,3,2,0,1,1,100,24,537,384,13603,5482,1646.6666666666667,0.6991271396497584,5,8121,0.1866807264252502,0.2399697221077778,200.19759300525087,0.2925348978353226,0.414038595795216,0,4.574545204635237,1,1,25,0,0,0.40296971478976773,0,921,0.14995115597525235,1,0,0,0,0,0,0,0,0,1,0,1,0,0,1164.6666666666667,0,0,0,0,1,0,1,0,0.31076362532260515,1,0,0,0,1,1,1,0,0,0,0
2021-05-15,26,87292,436,0,4,2,26705,12,1,2,1,1505,0.3874740490303854,2,3,0,1,1,99,28,3656,7575,54048,6353,7274.333333333333,0.972319137450874,7,47695,0.2435481608845609,0.23582741459817,2519.8246188105136,0.2068633739576652,0.5532151496578183,1,3.8642390510873534,1,1,49,0,0,0.11754149012932709,0,11231,0.4205422002546244,1,0,1,0,0,0,0,0,0,1,0,0,0,1,5769.333333333333,0,1,0,0,4,1,0,0,0.30592372813398555,1,1,0,0,1,1,0,0,1,0,1
2021-05-15,43,39165,570,0,3,24,12356,48,1,1,3,488,0.4787629290155151,4,0,0,0,0,99,21,1453,249,68396,41074,3263.75,0.905690315421488,5,27322,0.188355494495776,0.1764717480951259,360.68343387381526,0.1494754575388621,0.2599535749670925,1,1.821733493747188,1,1,25,0,0,0.6005234147696537,0,1702,0.137735696366432,1,1,0,0,0,0,0,0,0,1,0,0,1,0,2775.75,0,1,0,0,1,0,1,0,0.31547771025889804,0,1,0,0,0,0,0,0,0,0,1
2021-05-15,30,33039,570,0,3,5,174914,240,1,0,3,409,0.3573478027986875,2,2,0,3,0,98,3,1859,1346,31706,58469,2753.25,0.818935983551315,2,3363,0.2530180138551556,0.25,3670.073969076282,0.14849777616411,1.481010790260972,0,4.536392456197647,0,0,4,0,0,1.8440407480997887,0,3205,0.018323185547265815,1,1,0,0,0,0,0,0,0,1,0,0,1,0,2344.25,0,0,0,0,1,0,1,1,5.294007263922518,0,1,0,0,0,0,0,0,0,0,1
2021-05-16,39,23796,620,0,1,16,20323,60,0,0,3,254,0.2919892315484786,4,1,0,0,0,98,13,15195,293,78861,69818,1983.0,0.8652328597741279,4,9043,0.1674798894331784,0.1331036348972828,465.64599251315775,0.1280241935483871,0.3627247946134868,0,2.2476904377161198,1,0,16,0,0,0.885318657908752,0,15488,0.7620547136390474,1,1,0,0,0,0,0,0,0,1,0,0,1,0,1729.0,0,0,0,0,3,0,1,0,0.8540152120015128,0,1,0,0,0,0,0,0,0,0,0
2021-05-16,43,64105,645,0,0,21,12521,12,0,2,0,442,0.2635562183037556,2,1,0,4,0,100,6,3450,959,419234,20901,5342.083333333333,0.8900911109565477,1,398333,0.1388588105940763,0.1456539509550543,1127.558154648678,0.0827237706068593,0.2937551328943047,1,1.5598988874511148,0,0,1,0,0,0.04985509320548141,0,4409,0.3521003034659,1,1,0,0,0,0,0,0,0,1,0,1,0,0,4900.083333333333,0,1,0,0,2,0,0,0,0.1953171310017783,1,1,0,0,0,0,0,0,0,0,0
2021-05-17,43,37932,660,2,4,21,170958,240,1,1,0,185,0.0365972503989316,4,1,0,3,0,94,6,842,1504,99329,40187,3161.0,0.8660074271109264,7,59142,0.2080122947601636,0.246201915827345,3534.5234505905973,0.0585072738772928,1.1763198768471212,0,2.70565989417209,1,1,49,0,0,0.40458069062720226,0,2346,0.013722588456881474,1,1,0,0,0,0,0,0,1,0,0,1,0,0,2976.0,0,1,0,0,4,1,1,1,4.506841009147708,0,1,0,0,0,0,0,0,0,0,1
2021-05-17,45,89022,578,0,1,23,23570,72,0,2,0,622,0.1440228563438133,4,1,0,0,0,96,11,1464,1480,196281,4659,7418.5,0.7458187137270739,5,191622,0.192516943105461,0.2134175962298382,583.0487778427151,0.0838331423950401,0.1624164401701887,1,0.0654703222660428,1,1,25,0,0,0.02373625701796395,0,2944,0.12489924059225319,1,1,0,0,0,0,0,0,0,1,0,1,0,1,6796.5,0,1,0,0,3,0,1,0,0.2647630387652629,0,1,0,0,0,0,0,0,0,0,0
2021-05-18,59,30685,591,0,3,40,14987,60,1,0,2,267,0.244503479098348,4,0,0,1,0,98,24,5604,381,140317,6067,2557.083333333333,0.6488993820978622,6,134250,0.1819037512899783,0.1878215531164933,386.9768087202348,0.1043750203602957,0.2556510963495722,1,2.418404373594432,1,1,36,0,0,0.04323750338516798,0,5985,0.3993194555644516,1,0,0,0,0,0,0,0,0,1,1,0,0,0,2290.083333333333,0,0,0,0,1,0,1,0,0.4883986182623998,1,0,0,0,0,0,1,0,0,0,1
2021-05-21,45,125299,641,0,4,20,16391,36,0,1,3,427,0.2610785644696148,0,1,0,1,0,94,23,2769,1466,263940,15229,10441.583333333334,0.8262955002961094,4,248711,0.1489261371724797,0.1308323288114143,552.9349139563003,0.0408902650206286,0.0938402771303046,1,0.2244975145453047,1,0,16,0,0,0.057698500801315444,0,4235,0.25835773548072233,1,1,0,0,0,0,0,0,0,1,0,0,1,1,10014.583333333334,0,1,0,0,4,1,0,0,0.1308140462889066,1,1,0,0,0,0,0,0,0,0,0
2021-05-23,37,35418,613,0,3,14,7953,36,1,1,0,231,0.1869750849882128,6,1,0,4,0,99,9,3589,93,37369,19766,2951.5,0.8390896375569575,5,17603,0.1627453575564419,0.143991675527431,273.3590997815582,0.0782387806943268,0.1708244199090798,1,1.6352013977042852,1,1,25,0,0,0.528926946748729,0,3682,0.462911742519487,1,1,0,0,1,0,0,0,0,1,0,1,0,0,2720.5,0,1,0,0,1,0,0,0,0.22454050086111974,1,1,0,0,0,0,0,0,0,0,1
2021-05-25,51,115917,644,0,0,28,19127,48,2,1,0,541,0.3495140502652746,3,0,0,0,0,96,17,3065,4774,8079,13926,9659.75,0.8840893340623703,5,2451,0.1514647271272845,0.1428224352867143,525.3855865353868,0.0559997929767357,0.1103833125311582,0,1.1926275164097278,1,1,25,0,0,1.7235148514851486,0,7839,0.4098180677540778,1,1,0,0,0,0,0,0,0,1,0,1,0,1,9118.75,0,1,0,1,2,0,1,0,0.16500457219758796,0,1,0,0,0,0,0,0,0,0,0
2021-05-27,54,93043,597,0,0,30,35091,180,3,0,3,1091,0.1435991223834502,1,1,0,2,0,93,24,1368,652,44064,16022,7753.583333333333,0.5158246386468658,3,28042,0.219116432115812,0.2240246813401157,679.4382597910704,0.1406909891999355,0.2283086251947003,1,1.8059725871790573,1,0,9,0,0,0.36359922841257236,0,2020,0.05756297731676736,1,0,0,0,0,0,0,0,0,1,0,0,1,1,6662.583333333333,0,0,0,0,2,0,1,0,0.37714414685525127,0,0,0,0,0,0,1,0,0,0,0
2021-05-28,25,24296,574,0,3,5,19765,36,2,1,3,122,0.25020825246557,2,1,0,0,0,95,17,1637,2109,22877,6367,1250.0,0.5438377211865018,7,16510,0.182472929642234,0.1890685025655953,723.5757167547457,0.0975219824140687,0.6759198375337696,1,2.4773303113208303,1,1,49,0,0,0.27830229915202376,0,3746,0.18951735303045633,1,1,0,0,0,0,0,0,0,1,0,0,1,0,1128.0,0,1,0,1,1,0,0,0,0.8134749145985101,0,1,0,0,0,0,1,0,1,0,0
2021-05-29,47,27447,633,0,0,24,9299,12,2,2,1,228,0.1684375056986407,0,2,0,4,0,99,9,762,395,35307,12134,2287.25,0.7067144714783636,6,23173,0.1447844424197853,0.1340844396394329,832.3443419669491,0.0996394624713208,0.463386580123216,1,1.6890152960124318,1,1,36,0,0,0.34366149314602923,0,1157,0.12440860215053763,1,1,0,0,0,0,0,0,0,1,0,0,0,0,2059.25,0,1,0,1,2,0,0,0,0.3387860682016905,1,1,0,0,0,0,0,0,0,0,0
2021-05-29,48,83171,604,0,3,26,20756,24,2,4,2,413,0.3471853599433205,3,0,0,1,0,93,27,6642,5915,27960,5634,6930.916666666667,0.9390280837924284,3,22326,0.1634851597045417,0.1446063192469297,1001.078047188842,0.0595794813844174,0.2039952462193729,1,0.7495985377723962,1,0,9,0,0,0.2014949393798505,0,12557,0.6049525461290167,1,0,0,0,0,0,0,0,0,1,1,0,0,1,6517.916666666667,0,1,1,1,1,0,0,0,0.24955513874861732,1,0,0,0,0,0,0,0,0,0,0
2021-05-29,36,48544,574,0,0,12,21144,36,1,3,3,762,0.3876202790136148,3,0,1,1,0,94,26,4174,152,97789,69081,4045.3333333333335,0.8911696288641581,3,28708,0.1824897896874766,0.1466089167375216,729.4573465741375,0.1883186423922893,0.368594780436808,1,3.6957976320001,1,0,9,0,0,0.7064219245321608,0,4326,0.20458737290139514,1,0,0,0,0,0,0,0,0,1,0,0,1,0,3283.3333333333335,0,1,1,0,2,0,0,0,0.43555464002471933,1,0,0,1,0,1,0,0,0,0,1
2021-05-31,56,29853,608,0,0,38,119042,300,2,0,3,90,0.0874298783364864,3,0,0,3,0,98,19,2690,1191,247991,7584,2487.75,0.9251334963686472,5,240407,0.2539218100128406,0.2223406098584206,2214.637673494267,0.0361627322953289,0.926022169158922,1,3.292620097157688,1,1,25,0,0,0.0305816316655376,0,3881,0.03260166494459985,1,1,0,0,0,0,0,0,0,1,0,0,1,0,2397.75,0,0,0,0,2,0,1,1,3.987472365512159,0,1,0,0,0,0,0,0,0,0,0
2021-06-01,38,32536,530,0,1,16,15386,12,1,0,2,291,0.101290663031025,1,0,0,1,0,93,3,1298,1678,193037,43279,2711.333333333333,0.8455593282155369,9,149758,0.1964103195690143,0.2253856421059602,1444.0341105648797,0.1072876981688582,0.6396832163813,1,2.248313495203798,1,1,81,0,0,0.22419938043286813,0,2976,0.19341002144667577,1,1,0,0,0,0,0,0,0,1,1,0,0,0,2420.333333333333,0,0,0,0,3,0,0,0,0.4728770323016873,1,1,0,0,0,0,0,0,0,0,1
2021-06-02,41,16694,540,0,4,20,12462,24,3,0,3,85,0.2419585617744218,4,2,0,0,0,98,28,1776,1211,54277,20705,1391.1666666666667,0.6315214794398825,9,33572,0.1953576298834566,0.2101724904869606,640.4735694833769,0.0610559080569855,0.5211111477194135,1,2.243316775400684,1,1,81,0,0,0.38146210250930396,0,2987,0.2396694214876033,1,0,0,0,0,0,0,0,0,1,0,0,1,0,1306.1666666666667,0,0,0,0,4,1,0,0,0.746451033243486,0,0,0,0,0,0,1,0,0,0,0
2021-06-03,37,35341,580,0,3,14,148648,300,2,0,0,193,0.1689448825155704,3,1,0,3,0,90,28,733,147,9494,37044,2945.083333333333,0.8139937945174084,2,9101,0.267977335775298,0.25,3103.221260357472,0.0655107063049811,1.1188486160803794,0,3.694192655826162,0,0,4,0,0,3.901421800947867,0,880,0.005919986007305801,1,0,0,0,0,0,0,0,0,1,0,1,0,0,2752.083333333333,0,0,0,0,1,0,1,1,4.205987210684172,0,0,0,0,0,0,0,0,0,0,0
2021-06-05,40,151575,589,0,0,17,214344,180,1,0,3,1118,0.1187173896710243,5,0,0,3,0,98,14,679,1441,27652,23162,12631.25,0.9038040429615384,8,4490,0.2235688355363546,0.2076199745889688,3885.7295867432463,0.0885036315779057,0.3961075490702959,0,1.8999223637528284,1,1,64,0,0,0.8375944743789101,0,2120,0.009890596934848025,1,1,0,0,0,0,0,0,0,1,0,0,1,1,11513.25,0,0,0,0,2,0,1,1,1.4141024964374307,0,1,0,0,0,0,0,0,0,0,1
2021-06-05,26,62005,573,0,0,5,19289,12,2,0,3,497,0.2586820884172184,1,0,1,1,0,96,15,6561,2118,14103,13545,5167.083333333333,0.7802021344216422,5,9185,0.1749668355264749,0.1857683453432305,1773.7149764021797,0.0961671799667833,0.4393727480662747,0,3.5687660011186733,1,1,25,0,0,0.9603658536585366,0,8679,0.4499222395023328,1,1,0,0,0,0,0,0,0,1,0,0,1,0,4670.083333333333,0,0,0,0,2,0,0,0,0.3110827984388608,1,1,0,1,0,1,0,0,1,0,0
2021-06-05,22,134137,483,0,3,1,25666,36,2,0,0,1062,0.5490672283344403,1,1,0,0,0,100,19,8261,2987,56213,14374,11178.083333333334,0.8957131504818143,9,41839,0.2280382403497741,0.2349658439046273,1000.178834338186,0.0949988445683531,0.1844676144589838,1,1.5502541604745836,1,1,81,0,0,0.25570142669085993,0,11248,0.43822807496006544,1,1,0,0,0,0,0,0,0,1,0,1,0,1,10116.083333333334,0,0,0,0,1,0,0,0,0.19134026152171643,0,1,0,0,0,0,0,0,1,0,0
2021-06-07,59,107540,550,1,1,37,27534,24,1,0,1,819,0.1061849232589553,4,0,0,1,0,91,1,3049,2768,128031,57579,8961.666666666666,0.9112779306312296,4,70452,0.1905558033004241,0.1783672215565706,1372.438988064759,0.0913790538530199,0.2445074741220722,1,0.6338109157722935,1,0,16,0,0,0.44972350662334415,0,5817,0.21125839840203378,1,1,0,0,0,0,0,0,0,1,0,0,0,1,8142.666666666666,0,0,0,0,3,0,0,0,0.2560325829218624,1,1,0,0,0,0,0,0,0,0,1
2021-06-07,29,84818,617,0,1,8,13343,60,0,1,0,434,0.1217927761099407,3,1,0,1,0,95,23,1016,1135,492944,10307,7068.166666666667,0.8991673805784457,2,482637,0.1688747055311496,0.1747533262579657,335.027708339582,0.0613933749852646,0.1087861900279969,1,1.3052867853906749,0,0,4,0,0,0.02090902636196736,0,2151,0.16119604316546762,1,1,0,0,0,0,0,0,0,1,0,1,0,1,6634.166666666667,0,1,0,0,3,0,1,0,0.15731145144366238,1,1,0,0,0,0,0,0,1,0,0
2021-06-08,28,94376,396,0,3,4,122889,180,2,0,0,614,0.2155463515773573,3,1,0,3,0,98,28,642,8544,65492,16479,7864.666666666667,0.7959655377657017,5,49013,0.3199297612313196,0.25,2624.3301339395707,0.0780607704369199,0.4117044709843925,0,2.9097679732088886,1,1,25,0,0,0.25161467637762813,0,9186,0.07474977622263813,1,0,0,0,0,0,0,0,0,1,0,1,0,1,7250.666666666667,0,0,0,0,1,0,1,1,1.3021075050065165,0,0,0,0,0,0,0,0,1,0,0
2021-06-09,18,60881,563,1,0,0,6689,36,1,0,1,436,0.3943027400454024,3,0,0,1,0,96,4,3346,15872,19218,118357,5073.416666666667,0.8577659634134367,4,10683,0.1877020922882805,0.2006565239945826,248.811023713264,0.0859212060499564,0.1349536446645619,0,1.832242360817248,1,0,16,0,0,6.158332899734638,0,19218,2.872645739910314,1,1,0,0,0,0,0,0,0,1,0,0,0,0,4637.416666666667,0,0,0,0,2,0,0,0,0.10986826976774744,1,1,0,0,0,0,0,0,1,0,1
2021-06-11,32,41020,527,0,3,14,191185,240,2,2,0,319,0.2995133508136359,5,2,0,3,1,95,15,11134,873,12566,16323,3418.333333333333,0.9248602681251182,1,3877,0.2745402505137903,0.25,4011.474734885995,0.0932930395788652,1.2664675574827435,0,5.555587980144101,0,0,1,0,0,1.2988780138457865,0,12007,0.06280271568001841,1,1,0,0,0,0,0,0,0,1,0,1,0,0,3099.333333333333,0,1,0,1,1,0,1,1,4.660661612344897,0,1,0,0,1,1,0,0,0,0,0
2021-06-11,24,86277,563,0,1,2,16659,48,0,0,1,589,0.2092524801512726,5,0,0,0,0,91,15,3920,2606,49887,22345,7189.75,0.9481545285267808,6,27542,0.1919301914789302,0.214670491766134,520.0515690598629,0.0819107881653513,0.1542330868212443,0,1.1683742872591685,1,1,36,0,0,0.44790330339961515,0,6526,0.39171668667466986,1,1,0,0,0,0,0,0,0,1,0,0,0,1,6600.75,0,0,0,0,3,0,1,0,0.19308514337374533,0,1,0,0,0,0,0,0,1,0,0
2021-06-12,59,143801,666,0,3,39,44157,60,2,0,0,1452,0.2708406806116262,4,1,0,2,0,98,3,5229,2920,396974,3920,11983.416666666666,0.8658992953323418,5,393054,0.1446738823475175,0.1300892142128969,1004.909121337188,0.1211573362630638,0.2050086532931394,1,0.6878424337306107,1,1,25,0,0,0.009874677246678003,0,8149,0.18454187236740793,1,1,0,0,0,0,0,0,1,0,0,1,0,1,10531.416666666666,0,0,0,0,1,0,1,0,0.3070680519047023,0,1,0,0,0,0,0,0,0,0,0
2021-06-13,52,45744,661,0,2,33,16999,36,1,0,0,338,0.5804833651687161,4,1,0,1,0,100,5,2329,3171,169414,17122,3812.0,0.9327256724332212,3,152292,0.1389352421557596,0.1443762059595419,584.6051779797596,0.088644112247574,0.2419630679202097,1,0.9772816127382604,1,0,9,0,0,0.10106543104211552,0,5500,0.3235294117647059,1,1,0,0,0,0,0,0,1,0,0,1,0,0,3474.0,0,0,0,0,5,1,0,0,0.3716034539293912,1,1,0,0,0,0,0,0,0,0,1
2021-06-14,31,37296,630,0,1,11,16083,48,0,1,0,291,0.3058064110622832,3,0,0,0,0,94,28,17206,1640,18846,19648,3108.0,0.8982517496668068,4,1948,0.1584213950670043,0.1537054143676343,450.6286013692416,0.0935992280476037,0.2385424899868901,1,1.864789552135265,1,0,16,0,0,1.0425001326471057,0,18846,1.1717234518776425,1,0,0,0,0,0,0,0,0,1,0,1,0,0,2817.0,0,1,0,0,3,0,1,0,0.4312143067807062,0,0,0,0,0,0,0,0,0,0,0
2021-06-14,67,56486,618,0,0,44,14804,24,1,3,1,329,0.4552306136387369,1,1,0,1,0,97,1,6253,373,13134,16544,4707.166666666667,0.93295934974884,3,1226,0.1564006800601339,0.132685651524771,705.6780656774514,0.0698785797727353,0.2197624126186664,1,1.432660846599576,1,0,9,0,0,1.2595355919299582,0,6626,0.4475515028706518,1,1,0,0,0,0,0,0,0,1,0,0,0,0,4378.166666666667,0,1,1,0,2,0,0,0,0.2620780002478446,1,1,0,0,0,0,0,0,0,1,1
2021-06-14,51,92589,627,0,1,26,30544,24,0,0,0,386,0.1374184176924238,4,1,0,1,0,98,16,1899,963,5207,34524,7715.75,0.8203815890525192,3,9382,0.1520817390712709,0.1282029036330815,1449.5405228706632,0.0500210580879256,0.2378644536716445,1,1.350365795749501,1,0,9,0,0,6.629032258064516,0,2862,0.09369782288426912,1,1,0,0,0,0,0,0,0,1,0,1,0,1,7329.75,0,0,0,0,3,0,0,0,0.3298844367642294,1,1,0,0,0,0,0,0,0,0,0
2021-06-15,36,75145,616,0,4,13,22515,36,0,1,0,573,0.0801266521469426,3,1,0,0,0,95,16,4033,525,117212,19257,6262.083333333333,0.8275638407192907,2,97955,0.161505495361646,0.1478199178490059,778.0883240279411,0.0914884841066035,0.2157225526342894,1,1.1363218439412466,0,0,4,0,0,0.16429065035448287,0,4558,0.2024338248356724,1,1,0,0,0,0,0,0,0,1,0,1,0,1,5689.083333333333,0,1,0,0,4,1,0,0,0.299616746067655,0,1,0,0,0,0,0,0,0,0,0
2021-06-17,18,18569,591,0,1,0,12330,84,1,2,3,295,0.5726734155424706,1,0,0,2,0,96,16,1351,5277,31506,10519,1547.4166666666667,0.7827031652675777,6,20987,0.1898549679239676,0.185972663756015,263.4842425387596,0.1905171949841235,0.3606808519705675,1,1.4831057380525663,1,1,36,0,0,0.3338623163106611,0,6628,0.5375070959370691,1,1,0,0,0,0,0,0,0,1,0,0,1,0,1252.4166666666667,0,1,0,0,3,0,1,0,0.6639741518578353,0,1,0,0,0,0,0,0,1,0,1
2021-06-17,67,171013,610,0,3,44,15232,36,1,2,1,1259,0.2674182953304329,5,2,0,1,0,93,15,3103,6197,30725,13660,14251.083333333334,0.8024988280985348,8,17065,0.1644078048515341,0.1460046068819628,525.0469228428856,0.0883379622862154,0.1251779744137677,1,0.2546070683967502,1,1,64,0,0,0.4445746273514288,0,9300,0.6105166415020022,1,1,0,0,0,0,0,0,0,1,0,0,0,1,12992.083333333334,0,1,0,0,1,0,0,0,0.08906873121498825,1,1,0,0,0,0,0,0,0,1,1
2021-06-17,23,27037,588,0,0,1,253170,360,2,3,3,126,0.1668340424265063,2,0,0,3,0,92,27,3014,286,158808,34152,2253.083333333333,0.9631973490980243,3,124656,0.2841104551071818,0.25,5277.5277328295015,0.0558985544752116,2.397217375649895,0,5.753128122956071,1,0,9,0,0,0.21505078427545038,0,3300,0.013034668267692588,1,0,0,0,0,0,0,0,0,1,0,0,1,0,2127.083333333333,0,1,1,1,2,0,1,1,9.363488423699978,0,0,0,0,0,0,0,0,1,0,0
2021-06-18,20,43143,607,0,4,0,17427,24,3,3,2,457,0.1305349076575759,5,0,0,1,1,100,5,993,421,21688,5963,3595.25,0.9213436066841724,6,15725,0.1619414583468093,0.170387787413476,861.9550897949182,0.127076816127911,0.3667584538880551,1,2.7932003760541737,1,1,36,0,0,0.2749319931762645,0,1414,0.0811338076658251,1,1,0,0,0,0,0,0,0,1,1,0,0,0,3138.25,0,1,1,0,4,1,0,0,0.4039263860559985,1,1,0,0,1,1,0,0,1,0,0
2021-06-18,52,33799,529,0,1,32,7203,24,2,0,0,201,0.1183744717932069,3,0,0,1,0,96,2,389,1451,22815,16946,2816.583333333333,0.8138700037745338,5,5869,0.2007205979265739,0.1864841306482294,361.8640492116263,0.0713377303244506,0.1997683768755586,1,2.226719673830877,1,1,25,0,0,0.7427244039270687,0,1840,0.25541365907828983,1,1,0,0,0,0,0,0,0,1,0,1,0,0,2615.583333333333,0,0,0,0,3,0,0,0,0.21310650887573965,1,1,0,0,0,0,0,0,0,0,0
2021-06-22,69,300000,584,0,1,50,355850,360,1,1,3,1441,0.5363222426125082,5,0,0,3,1,98,8,9650,8131,71979,24246,25000.0,0.6617794765189291,4,47733,0.2861955668457241,0.25,7417.973076302003,0.0576376944922203,0.3543447492621096,1,2.1136993877910304,1,0,16,0,0,0.3368435676576827,0,17781,0.0499675425950749,1,1,0,0,0,0,0,0,0,1,0,0,1,1,23559.0,0,1,0,0,3,0,1,1,1.1861627127909573,0,1,0,0,1,1,1,0,0,1,1
2021-06-23,56,69004,641,0,4,34,21531,12,1,2,2,405,0.4041872374723758,3,3,0,4,0,98,15,3317,2943,50341,83920,5750.333333333333,0.7573053601227128,6,4337,0.1409943238699202,0.1548484907246544,1948.2811312122456,0.0704184536918975,0.4091714033636686,0,1.4769984658240756,1,1,36,0,0,1.6669977354892536,0,6260,0.29073007616570684,1,1,1,0,0,0,0,0,0,1,1,0,0,1,5345.333333333333,0,1,0,0,4,1,0,0,0.31202086805303964,1,2,0,0,0,0,0,0,0,0,1
2021-06-25,46,37675,658,0,4,23,127330,180,1,4,3,317,0.4110337843838132,2,2,0,3,0,94,9,1964,472,147595,103097,3139.583333333333,0.923707296882992,7,44498,0.1889386363185363,0.1676405398643365,1938.3615024016965,0.1009366625096186,0.7181345829814089,1,1.7346076056668167,1,1,49,0,0,0.698508089650126,0,2436,0.019131240624828204,1,1,0,0,0,0,0,0,1,0,0,0,1,0,2822.583333333333,0,1,1,0,4,1,1,1,3.3796050536150335,0,1,0,0,0,0,0,0,0,0,1
2021-06-25,47,92619,578,0,4,25,6302,48,2,3,2,504,0.3435022417531874,1,1,0,4,0,93,9,2250,2414,20647,35905,7718.25,0.9284314799468482,4,2373,0.1841871952473782,0.1661934087143666,180.6057367927788,0.0652913171616413,0.0886881156579692,1,1.109479249148257,1,0,16,0,0,1.7389093374660984,0,4664,0.7399650959860384,1,1,0,0,0,0,0,0,0,1,1,0,0,1,7214.25,0,1,1,1,4,1,1,0,0.06804145972792054,1,1,0,0,0,0,0,0,0,0,0
2021-06-25,50,80493,564,0,3,28,32559,48,1,0,2,444,0.4780024101493999,4,0,0,0,1,95,3,2248,1726,78862,20129,6707.75,0.8354412831086516,9,58733,0.1915977099550291,0.2182500632866622,1022.7156789220212,0.0661822247065399,0.2186272672140147,0,2.586811183594941,1,1,81,0,0,0.25524009992011465,0,3974,0.12205159705159706,1,1,0,0,0,0,0,0,0,1,1,0,0,1,6263.75,0,0,0,0,1,0,1,0,0.4044897756354511,0,1,0,0,1,1,0,0,0,0,1
2021-06-26,49,55932,634,0,1,28,30158,48,2,0,0,180,0.5525260358228231,3,0,0,1,0,97,15,9022,421,37477,73698,4661.0,0.9730770170539104,4,9133,0.1565785596662684,0.1546614872840251,846.4630888765398,0.0386100386100386,0.2201765527405705,1,1.4241882242064463,1,0,16,0,0,1.9664336410694274,0,9443,0.3131071985145396,1,1,0,0,0,0,0,0,0,1,0,1,0,0,4481.0,0,0,0,0,3,0,1,0,0.539180805606708,1,1,0,0,0,0,0,0,0,0,0
2021-06-28,43,71544,446,0,1,19,18855,48,2,3,0,652,0.2973616178624562,1,1,0,0,1,94,24,5804,543,49496,58376,5962.0,0.9336096377879916,7,9353,0.250461146611154,0.25,625.1776525348171,0.1093409357705852,0.2141837418304238,1,3.742327010809553,1,1,49,0,0,1.1793846091682325,0,6347,0.33660373355960965,1,0,0,0,0,0,0,0,0,1,0,1,0,1,5310.0,0,1,1,1,3,0,1,0,0.2635404291005661,0,0,0,0,1,1,0,0,0,0,0
2021-06-28,41,35778,607,0,1,21,16364,24,2,1,3,304,0.212190251515364,5,0,0,1,0,95,18,717,1037,49179,32473,2981.5,0.6609259427777513,4,16706,0.1619257250467338,0.1829719536299019,819.3097796493031,0.1019279128248114,0.3766336226820798,1,2.1920591198551227,1,0,16,0,0,0.6602887352582351,0,1754,0.10717995722578674,1,1,0,0,0,0,0,0,0,1,0,0,1,0,2677.5,0,1,0,1,3,0,0,0,0.4573632577769082,1,1,0,0,0,0,1,0,0,0,0
2021-06-29,39,44966,555,0,1,15,120623,180,2,1,0,393,0.5935775524676434,4,0,0,3,0,90,17,333,1050,35368,49794,3747.1666666666665,0.8676674981000414,3,2291,0.2404251083871128,0.2268832626178045,2361.7101927372846,0.1048512606163013,0.7349486929798439,0,3.4037099073497883,1,0,9,0,0,1.4078430263790325,0,1383,0.011465380023875846,1,1,0,0,0,0,0,0,0,1,0,1,0,0,3354.1666666666665,0,1,0,1,3,0,1,1,2.682478261836458,0,1,0,0,0,0,0,0,0,0,0
2021-06-29,30,15000,563,0,3,10,102517,360,1,2,0,185,0.1259012862301707,3,2,0,3,0,96,1,358,572,137959,15023,1250.0,0.8602373519449954,1,122936,0.2963844484179747,0.25,2137.0474802957774,0.1478816946442845,1.856153061787192,0,4.952195838881568,0,0,1,0,0,0.1088938822847202,0,930,0.009071577674164538,1,1,0,0,0,0,0,0,0,1,0,1,0,0,1065.0,0,1,0,0,1,0,1,1,6.834011065928938,0,1,0,0,0,0,0,0,0,0,1
2021-06-30,36,24002,492,0,1,15,151219,300,1,0,3,115,0.4420773125705079,3,1,1,3,0,97,23,1466,1016,69177,5421,2000.1666666666667,0.8963189303395452,5,63756,0.3119816227522781,0.25,3156.894245263956,0.0574664778878987,1.6349933764956888,0,7.741015558968916,1,1,25,0,0,0.0783630634016595,0,2482,0.016413172860732708,1,1,0,0,0,0,0,0,0,1,0,0,1,0,1885.1666666666667,0,0,0,0,3,0,1,1,6.300004166145898,0,1,0,1,0,1,0,0,0,0,1
2021-06-30,19,149396,501,1,1,0,12847,36,2,3,0,1634,0.4495070682176759,2,1,0,1,0,96,11,4144,12847,16991,50700,12449.666666666666,0.859961941566433,2,8370,0.2188652358590466,0.2414314413483399,504.9905258595991,0.1312379524523452,0.1717972686222638,1,1.3859442408329157,0,0,4,0,0,2.9837570621468927,0,16991,1.3224626400996264,1,1,0,0,0,0,0,0,0,1,0,1,0,1,10815.666666666666,0,1,1,1,3,0,0,0,0.08599235593753556,1,1,0,0,0,0,0,0,1,0,0
2021-07-01,38,110627,588,0,3,17,195957,240,1,3,3,1283,0.3461028972056644,3,1,0,3,0,93,1,2839,977,73388,17039,9218.916666666666,0.79357345835919,0,56349,0.2440464139073839,0.25,4111.60161426919,0.1391552707453972,0.5851030773165907,0,2.5950975193722816,0,0,0,1,0,0.2321737590102059,0,3816,0.01947356066095796,1,1,0,0,0,0,0,0,0,1,0,0,1,1,7935.916666666666,0,1,1,0,1,0,1,1,1.7713146762121705,0,2,0,0,0,0,0,0,0,0,1
2021-07-01,28,46205,526,1,0,4,21590,24,1,1,0,220,0.2155766320448907,5,2,1,1,0,94,6,1337,1666,39687,23112,3850.4166666666665,0.7870956025354103,6,16575,0.202495007960044,0.2187970957527774,1118.7672642966056,0.0571218382846138,0.3476038507812984,1,4.725984279494879,1,1,36,0,0,0.5823422697036887,0,3003,0.13908573016534667,1,1,0,0,0,0,0,0,0,1,0,1,0,0,3630.4166666666665,0,1,0,0,2,0,0,0,0.4672553348050037,1,1,0,1,0,1,0,0,1,0,1
2021-07-02,26,13089,488,2,3,2,5680,48,1,2,3,210,0.5829951332824245,1,1,0,1,0,93,24,831,695,36987,25341,1090.75,0.8540661784182516,5,11646,0.2291612206381392,0.2194842226816444,178.7955126434813,0.1923517288756583,0.3561213763622453,0,2.70174405193627,1,1,25,0,0,0.6851140910565588,0,1526,0.268614680513994,1,0,0,0,0,0,0,0,0,1,0,0,1,0,880.75,1,1,0,0,1,0,1,0,0.43391902215431627,1,1,0,0,0,0,0,0,1,0,1
2021-07-02,42,43414,583,0,0,18,15986,24,3,2,1,474,0.2878623155356289,4,4,0,4,0,95,29,4965,610,115091,56484,3617.8333333333335,0.8942012443943685,5,58607,0.1739198827927412,0.176699234184248,795.5394886365516,0.130981439690508,0.3508145779864279,1,2.877248439953129,1,1,25,0,0,0.49077259931185485,0,5575,0.3487208356789892,1,0,1,0,0,0,0,0,0,1,0,0,0,0,3143.8333333333335,0,1,0,0,2,0,0,0,0.36821375100771625,1,1,0,0,0,0,0,0,0,0,0
2021-07-04,56,43486,612,0,3,32,161783,360,2,0,2,242,0.0833554245566168,4,2,0,3,1,94,26,2268,943,45118,11346,3623.8333333333335,0.6595713572185771,2,33772,0.2719985043478004,0.25,3372.4938547235265,0.0667616901926525,0.9971475988937956,0,4.107948614199754,0,0,4,0,0,0.25146833928056916,0,3211,0.019847450922217277,1,0,0,0,0,0,0,0,0,1,1,0,0,0,3381.8333333333335,0,0,0,0,1,0,1,1,3.720261227493274,0,0,0,0,1,1,1,0,0,0,0
2021-07-04,51,56929,602,0,0,31,16015,12,0,0,0,346,0.3059027033778717,2,1,1,1,0,100,12,3161,820,67883,5138,4744.083333333333,0.902335966930344,7,62745,0.1604203358753887,0.1622858770122575,1454.7876325819177,0.0729175813561405,0.3795060078148085,0,3.149466736386524,1,1,49,0,0,0.07568793824759884,0,3981,0.24856393606393606,1,1,0,0,0,0,0,0,0,1,0,1,0,0,4398.083333333333,0,0,0,0,2,0,0,0,0.28131038116985774,1,1,0,1,0,1,0,0,0,0,0
2021-07-08,21,46976,524,1,1,0,159100,360,1,0,3,433,0.5014004222966032,3,1,0,3,0,100,20,1958,7429,112562,28203,3914.6666666666665,0.9382010857810168,3,84359,0.3159943236249153,0.25,3316.5646099189225,0.1105814250446922,0.9575801336304391,0,3.6490999938838753,1,0,9,0,0,0.2505530236400949,0,9387,0.0590002576979403,1,1,0,0,0,0,0,0,0,1,0,0,1,0,3481.6666666666665,0,0,0,0,3,0,1,1,3.386763735445005,0,1,0,0,0,0,0,0,1,0,1
2021-07-08,28,37805,486,0,1,7,22235,36,1,4,0,125,0.3273262574510933,3,1,0,1,0,99,18,1197,806,58064,72531,3150.4166666666665,0.8605319235163562,3,4254,0.2265023669690183,0.2235861023266609,853.2953105437281,0.0396647010603696,0.3104303283318279,1,2.371623814163574,1,0,9,0,0,1.2491345905450788,0,2003,0.09007915092642561,1,1,0,0,0,0,0,0,0,1,0,1,0,0,3025.4166666666665,0,1,1,0,3,0,0,0,0.5881341585991642,1,1,0,0,0,0,0,0,1,0,1
2021-07-09,51,15484,618,2,1,26,12773,12,1,1,3,93,0.261454523052731,4,2,0,1,0,97,14,2186,516,5677,5490,1290.3333333333333,0.8359852722185326,8,3848,0.1523637917835304,0.1625871404085258,1160.469605848744,0.0720185854414042,0.9706785796453876,0,4.643702554818686,1,1,64,0,0,0.9668897499119409,0,2702,0.21152340692030688,1,1,0,0,0,0,0,0,0,1,0,0,1,0,1197.3333333333333,0,1,0,0,3,0,0,0,0.8248627704229899,1,1,0,0,0,0,0,0,0,0,1
2021-07-10,28,66368,583,0,4,8,148834,360,1,0,3,285,0.3042128830268777,1,0,0,3,0,96,13,7277,978,163573,26262,5530.666666666667,0.9628141082751828,1,137311,0.286477648397194,0.25,3102.561767144393,0.0515215426333232,0.6123944140664765,1,2.559101002093959,0,0,1,0,0,0.1605511878415885,0,8255,0.055464104545301846,1,1,0,0,0,0,0,0,0,1,0,0,1,1,5245.666666666667,0,0,0,0,4,1,1,1,2.2425228645903963,0,1,0,0,0,0,0,0,1,0,1
2021-07-12,37,61979,574,0,3,13,175941,120,1,1,3,178,0.1628939915322632,1,0,0,3,0,94,27,25009,736,25745,29248,5164.916666666667,0.9188660190758386,3,4469,0.2110194774185634,0.2006222685492129,3407.4217332682783,0.0344566146698714,0.6940533432146495,0,3.1986113199723905,1,0,9,0,0,1.136021129495844,0,25745,0.14632663036682544,1,0,0,0,0,0,0,0,0,1,0,0,1,0,4986.916666666667,0,1,0,0,1,0,1,1,2.838673765730881,0,0,0,0,0,0,0,0,0,0,1
2021-07-12,46,83908,526,0,3,22,21697,48,1,0,2,1019,0.1536391811589844,0,1,0,0,0,97,11,8064,438,19320,133349,6992.333333333333,0.7624733606140204,5,2409,0.2104962438423456,0.1991537647128312,659.2697153343428,0.1457102001906577,0.2399813701622034,1,1.579478986857204,1,1,25,0,0,6.901764919000052,0,8502,0.39183334869573233,1,1,0,0,0,0,0,0,0,1,1,0,0,1,5973.333333333333,0,0,0,0,1,0,1,0,0.25857774493796853,0,1,0,0,0,0,0,0,0,0,1
2021-07-13,28,60376,597,0,4,2,18235,72,2,0,0,157,0.0480917173211442,3,2,0,0,0,96,20,1914,3482,40203,37419,5031.333333333333,0.6895539423966405,3,2784,0.1829527882353333,0.1980826341660084,434.7554994157857,0.0311982513082069,0.1175906801515107,1,0.3491775338592585,1,0,9,0,0,0.9307282857427122,0,5396,0.29589822329458215,1,1,0,0,0,0,0,0,0,1,0,1,0,0,4874.333333333333,0,0,0,0,4,1,1,0,0.3020189807376981,0,1,0,0,0,0,1,0,1,0,0
2021-07-13,41,22160,573,0,3,19,16632,24,1,1,3,191,0.1620296528678946,1,1,0,4,1,93,25,468,917,56894,7354,1846.6666666666667,0.9679974391052516,6,49540,0.1789297859881976,0.1992883927206957,845.9209184254368,0.1033736243911239,0.5612056206524103,1,3.4983212618975106,1,1,36,0,0,0.129255646366113,0,1385,0.0832682017675705,1,0,0,0,0,0,0,0,0,1,0,0,1,0,1655.6666666666667,0,1,0,0,1,0,0,0,0.7505076485718154,1,0,0,0,1,1,0,0,0,0,1
2021-07-13,23,26244,592,0,2,0,16820,36,1,1,0,278,0.5958644272836959,5,1,0,0,0,94,18,3552,372,11507,33582,2187.0,0.8313316904981077,6,5354,0.1734325958461979,0.1524181916143195,585.0646169769618,0.1270566727605118,0.3944536640662531,0,2.529258050196441,1,1,36,0,0,2.9181438998957248,0,3924,0.23327982878544676,1,1,0,0,0,0,0,0,0,1,0,1,0,0,1909.0,0,1,0,0,5,1,0,0,0.6408839779005525,0,1,0,0,0,0,0,0,1,0,1
2021-07-14,32,53906,594,1,4,5,4408,24,1,2,3,328,0.2615212993022953,7,0,0,4,1,91,21,1245,420,73660,25113,4492.166666666667,0.8640750223339422,8,48547,0.1680978507963395,0.1632043123448081,216.50488670446896,0.072999740346452,0.1211851077646356,1,2.537258759922893,1,1,64,0,0,0.3409266776177353,0,1665,0.3776366523021093,1,1,0,0,1,0,0,0,0,1,0,0,1,0,4164.166666666667,0,1,0,0,4,1,0,0,0.08177045652698166,1,1,0,0,1,1,0,0,0,0,1
2021-07-14,43,42566,498,0,1,22,23362,36,2,2,2,215,0.268754195945957,5,4,0,0,0,93,27,4992,978,150258,31062,3547.1666666666665,0.8979230246427741,3,119196,0.2205147272133384,0.25,928.8690527051338,0.0605946733054629,0.3223831235018461,0,2.2008955099032512,1,0,9,0,0,0.2067230581861985,0,5970,0.25553225185121775,1,0,1,0,0,0,0,0,0,1,1,0,0,0,3332.1666666666665,0,1,0,1,3,0,0,0,0.5488289050203209,0,1,0,0,0,0,0,0,0,0,0
2021-07-15,20,51675,606,0,2,1,8748,24,2,2,2,410,0.3605596568497413,5,3,1,4,0,98,18,1261,603,47255,4124,4306.25,0.7809658163906126,8,43131,0.1622691736717765,0.1656989399500246,430.7151972137176,0.0951883452318764,0.1951860693513767,1,3.375243918867721,1,1,64,0,0,0.0872693414592856,0,1864,0.21305292033375242,1,1,1,0,0,0,0,0,0,1,1,0,0,0,3896.25,0,1,0,1,5,1,0,0,0.16928554841706014,1,2,0,1,0,1,0,0,1,0,0
2021-07-16,45,36247,589,0,3,26,24318,12,2,1,0,256,0.1129808079913142,2,0,0,1,0,100,17,2682,557,41616,6798,3020.583333333333,0.8276230425367659,1,34818,0.1670247533042034,0.1611399904474239,2207.7050892171005,0.0847237927135331,0.8153689034613532,0,2.822346553574637,0,0,1,0,0,0.16334670927745873,0,3239,0.133188042271475,1,1,0,0,0,0,0,0,0,1,0,1,0,0,2764.583333333333,0,1,0,1,1,0,0,0,0.6708783932906643,1,1,0,0,0,0,0,0,0,0,0
2021-07-17,39,202373,569,0,0,15,26015,60,2,2,0,1665,0.3190945834602299,5,0,0,1,1,98,28,3099,929,192851,7766,16864.416666666668,0.5992288820249371,5,185085,0.1930416167530869,0.2092657753263911,702.7191096437508,0.0987227314277243,0.1403890076622526,1,2.4418121335424754,1,1,25,0,0,0.04026922199406799,0,4028,0.1548277982779828,1,0,0,0,0,0,0,0,0,1,0,1,0,1,15199.416666666668,0,1,0,1,2,0,1,0,0.12854912192277665,1,0,0,0,1,1,1,0,0,0,0
2021-07-17,46,22502,577,0,1,27,232147,240,2,1,2,43,0.2408191284899622,1,0,0,3,0,95,25,2561,536,36358,138283,1875.1666666666667,0.501202844254451,3,1051,0.2495887825945728,0.2458311730803083,4792.635793816153,0.0229190725770631,2.577402039877136,0,6.054685042774288,1,0,9,0,0,3.8032674165956157,0,3097,0.013340627530713165,1,0,0,0,0,0,0,0,0,1,1,0,0,0,1832.1666666666667,0,1,0,1,3,0,1,1,10.316268941918855,0,0,0,0,0,0,1,0,0,0,0
2021-07-17,42,15422,639,0,0,20,30019,60,2,1,0,101,0.052084600059603,2,1,0,2,0,92,5,260,416,5097,23114,1285.1666666666667,0.8101779556709159,3,7635,0.1580774047762968,0.1542002653695892,720.7854669560526,0.0785279253595957,0.6389416614923306,0,2.6687092801983603,1,0,9,0,0,4.533934876422126,0,676,0.02251832111925383,1,1,0,0,0,0,0,0,0,1,0,1,0,0,1184.1666666666667,0,1,0,1,2,0,1,0,1.9463787849315957,0,1,0,0,0,0,0,0,0,0,0
2021-07-19,56,71485,578,0,4,33,253689,300,2,1,0,668,0.5884966134873126,3,0,0,3,0,93,6,4901,4101,77125,8711,5957.083333333333,0.8710159571278899,4,68414,0.2691109670820442,0.2247330780786338,4769.26518508358,0.1121165923045722,0.9125862934249404,0,2.464532288556963,1,0,16,0,0,0.11294505095557918,0,9002,0.035484252434073084,1,1,0,0,0,0,0,0,0,1,0,1,0,1,5289.083333333333,0,1,0,1,4,1,1,1,3.548792770612428,0,1,0,0,0,0,0,0,0,0,0
2021-07-19,41,37224,504,0,3,18,168518,240,1,1,3,269,0.5480631729835186,1,0,0,3,0,98,22,1594,614,34723,28398,3102.0,0.7857525894655577,6,6325,0.2860087009455154,0.25,3535.872057815823,0.0866902997099581,1.226191446282895,0,4.337299249691419,1,1,36,0,0,0.8178205275889875,0,2208,0.013102380147045734,1,1,0,0,0,0,0,0,0,1,0,0,1,0,2833.0,0,1,0,0,1,0,1,1,4.527011417058429,0,1,0,0,0,0,0,0,0,0,1
2021-07-20,34,66650,614,0,1,11,39353,60,3,0,0,685,0.3337477832126704,1,1,0,2,0,98,8,3851,916,29877,27338,5554.166666666667,0.7675234147706573,3,2539,0.1706450882251304,0.1846116883134367,1009.2064385531748,0.1233086316042123,0.3049785074350919,1,0.9796096687154744,1,0,9,0,0,0.9149876163063123,0,4767,0.12113127001067236,1,1,0,0,0,0,0,0,0,1,0,1,0,1,4869.166666666667,0,0,0,0,3,0,1,0,0.590433751931704,0,1,0,0,0,0,0,0,0,0,0
2021-07-21,41,78698,616,0,1,18,10186,12,3,0,3,633,0.4323911332757947,3,1,0,1,0,95,4,2764,318,300875,34103,6558.166666666667,0.8949440456448405,7,266772,0.1533072169191475,0.1647681800324578,926.4844476669384,0.0965061618599923,0.237756490560326,1,1.61431157517734,1,1,49,0,0,0.11334569723075287,0,3082,0.30254245607146363,1,1,0,0,0,0,0,0,0,1,0,0,1,1,5925.166666666667,0,0,0,0,3,0,0,0,0.12942985298415483,1,1,0,0,0,0,0,0,0,0,0
2021-07-22,46,111483,608,0,1,21,264049,240,2,1,2,736,0.3694363823090463,5,1,0,3,0,95,1,3825,6436,22119,7350,9290.25,0.863507432498086,12,14769,0.2341209734395337,0.2132109563182897,4761.019351277761,0.079214314543253,0.5916339944870455,0,1.5474237255175127,1,1,144,0,0,0.3322784810126582,0,10261,0.038860064381745885,1,1,0,0,0,0,0,0,0,1,1,0,0,1,8554.25,0,1,0,1,3,0,1,1,2.3684923397079403,0,1,0,0,0,0,0,0,0,0,0
2021-07-23,40,17740,548,0,3,19,13335,36,2,1,3,138,0.0562682531145899,2,0,0,2,0,100,15,1080,831,31140,28133,1478.3333333333333,0.8187151209854505,4,3007,0.1953745556061076,0.1932471123095644,491.0000415463095,0.0932852636322667,0.4251915557996684,1,3.49851396326028,1,0,16,0,0,0.9034070839086734,0,1911,0.14329634073185363,1,1,0,0,0,0,0,0,0,1,0,0,1,0,1340.3333333333333,0,1,0,1,1,0,0,0,0.7516487232963193,0,1,0,0,0,0,0,0,0,0,0
2021-07-24,40,28847,552,0,0,19,22947,60,1,1,0,651,0.5654861370935735,5,0,0,2,0,91,7,552,570,22690,14579,2403.9166666666665,0.7991428601512354,8,8111,0.2015102465164304,0.1996661964005103,607.5290255856041,0.2706954502928029,0.5233150250191362,1,1.9059537081026063,1,1,64,0,0,0.6425014322859284,0,1122,0.04889314972982395,1,1,0,0,0,0,0,0,0,1,0,1,0,0,1752.9166666666665,0,1,0,0,2,0,1,0,0.7954450915141431,0,1,0,0,0,0,0,0,0,0,1
2021-07-25,31,66268,609,0,4,10,138777,300,2,5,3,1008,0.3518926047332976,3,3,0,3,0,97,16,1262,336,114714,10620,5522.333333333333,0.9642284035808556,5,104094,0.2534601577032628,0.25,2897.1512354598035,0.1824984912492456,0.7070279846939899,0,2.4500704986495268,1,1,25,0,0,0.09257725667959726,0,1598,0.01151479341105939,1,1,1,0,0,0,0,0,0,1,0,0,1,1,4514.333333333333,0,1,1,1,4,1,1,1,2.094146584375802,0,2,0,0,0,0,0,0,0,0,0
2021-07-27,32,56912,592,0,3,8,29627,36,1,2,3,515,0.3033776768355254,2,0,0,2,0,93,6,2075,324,154726,78179,4742.666666666667,0.9533686399409884,1,76547,0.1735741187847833,0.1637633067311601,1047.1103411841125,0.1085658070409669,0.3293044075295016,0,1.4760578977891672,0,0,1,0,0,0.5052705733323855,0,2399,0.08097070338868638,1,1,0,0,0,0,0,0,0,1,0,0,1,0,4227.666666666667,0,1,0,0,1,0,0,0,0.5205664786604115,0,1,0,0,0,0,0,0,0,0,1
2021-07-28,23,188256,540,0,4,0,16447,12,1,3,3,1048,0.0813399285653224,3,2,0,1,0,93,7,6009,1903,114578,85166,15688.0,0.8658463402841787,2,29412,0.1914269897920637,0.190855013927625,1516.3704611157386,0.0667983937790808,0.1634502174208514,1,1.141506722508757,0,0,4,0,0,0.7432950191570882,0,7912,0.4810311284046693,1,1,0,0,0,0,0,0,0,1,0,0,1,1,14640.0,0,1,1,0,4,1,0,0,0.08736461326803253,1,1,0,0,0,0,0,0,1,0,1
2021-07-30,60,19977,630,2,1,37,88021,180,1,2,3,211,0.0411736106513143,7,1,0,3,1,98,24,381,1007,71353,28834,1664.75,0.8274106500879963,7,42519,0.2028463355155539,0.2164984970721958,1654.2264384716832,0.1266696683175746,1.119751726532603,0,5.173170845161895,1,1,49,0,0,0.40409787818482495,0,1388,0.01576878507645816,1,0,0,0,1,0,0,0,0,1,0,0,1,0,1453.75,0,1,0,0,3,0,1,0,4.405896486134748,0,0,0,0,1,1,0,0,0,0,1
2021-07-30,25,46435,483,1,1,0,7008,36,0,0,3,495,0.175882244283722,4,1,0,1,1,100,21,6107,1191,85119,12963,3869.5833333333335,0.914123661864393,2,72156,0.227713737579125,0.2294151049111018,271.06413671340766,0.1278876999590931,0.19791955649581,1,3.736964479493099,0,0,4,0,0,0.1522908834586466,0,7298,1.04123270081324,1,1,0,0,0,0,0,0,0,1,0,0,1,0,3374.5833333333335,0,0,0,0,3,0,0,0,0.15091739167886983,1,1,0,0,1,1,0,0,1,0,0
2021-08-04,31,22705,609,0,1,11,14270,36,0,5,0,198,0.5355986596978337,5,0,0,2,0,98,6,848,97,100147,24609,1892.0833333333333,0.9236494766080936,1,75538,0.1648914961962751,0.1276344020573777,479.1883553004377,0.1045912752564159,0.3577171397457962,1,2.0168883726045745,0,0,1,0,0,0.24572632503894237,0,945,0.06621820475089342,1,1,0,0,0,0,0,0,0,1,0,1,0,0,1694.0833333333333,0,1,1,0,3,0,0,0,0.6284682462785167,0,1,0,0,0,0,0,0,0,0,0
2021-08-06,31,26197,531,0,3,5,13043,48,3,3,2,127,0.4997210900797167,2,1,0,1,0,100,13,1089,753,180587,672,2183.083333333333,0.803628204517617,4,179915,0.2078690208842273,0.2381477012625139,423.8912200610525,0.0581479644396962,0.2522299454665431,1,2.1596962583945487,1,0,16,0,0,0.0037211774868762043,0,1842,0.14121435142594296,1,1,0,0,0,0,0,0,0,1,1,0,0,0,2056.083333333333,0,1,1,0,1,0,1,0,0.4978624322467364,1,1,0,0,0,0,0,0,0,0,0
2021-08-06,50,40246,563,1,1,24,167868,240,2,1,0,693,0.2108901384156025,3,2,0,3,0,91,29,556,333,522219,98779,3353.833333333333,0.8864526600626985,4,423440,0.256507734798077,0.25,3522.233652199923,0.2065676387301902,1.2564658906651864,0,3.464525367607415,1,0,16,0,0,0.18915208149821913,0,889,0.005295796126741686,1,0,0,0,0,0,0,0,0,1,0,1,0,0,2660.833333333333,0,1,0,1,3,0,1,1,4.170944418217507,0,0,0,0,0,0,0,0,0,0,0
2021-08-06,36,79025,570,0,4,12,11998,12,0,0,2,631,0.1610729776092831,2,2,0,1,0,98,2,32739,900,92593,107420,6585.416666666667,0.5860772934104522,7,4729,0.1763481446479911,0.1862731306015889,1103.5616912444646,0.0958032313979528,0.2633543820607256,1,1.7892087255717743,1,1,49,0,0,1.1601183662008336,0,33639,2.803483623635303,1,1,0,0,0,0,0,0,0,1,1,0,0,1,5954.416666666667,0,0,0,0,4,1,0,0,0.15182345050995874,1,1,0,0,0,0,1,0,0,0,0
2021-08-07,54,55297,528,0,0,28,189011,120,1,0,0,1069,0.2582734261375897,5,1,0,3,0,99,5,32686,2805,35491,103111,4608.083333333333,0.8992464260984361,6,3594,0.2340373914460224,0.1613547898916244,3182.1587211346427,0.2319333200744906,0.922343644860976,0,3.30281327986369,1,1,36,0,0,2.9051899019497354,0,35491,0.18777114680549384,1,1,0,0,0,0,0,0,0,1,0,1,0,0,3539.083333333333,0,0,0,0,2,0,1,1,3.4180440522261204,0,1,0,0,0,0,0,0,0,0,1
2021-08-08,31,26366,642,0,2,12,18145,72,1,3,3,204,0.3888794832212897,3,1,0,0,0,96,3,630,1088,7158,9430,2197.1666666666665,0.906822636951182,8,5596,0.1604515513574324,0.1584239497579214,392.02562981040734,0.0928046099021912,0.2711466964032484,1,1.768984187644573,1,1,64,0,0,1.3172230758485821,0,1718,0.09467651273007825,1,1,0,0,0,0,0,0,0,1,0,0,1,0,1993.1666666666665,0,1,1,0,5,1,1,0,0.6881708195850874,0,1,0,0,0,0,0,0,0,0,1
2021-08-08,43,32857,566,0,0,22,165912,240,0,0,0,205,0.065388233032043,3,3,0,3,0,99,21,5844,1882,158069,21609,2738.083333333333,0.8403858740604917,4,136460,0.2550048047083916,0.25,3481.1925423773064,0.0748425568164531,1.345775974581754,0,4.126002922517309,1,0,16,0,0,0.13670525716454734,0,7726,0.04656657404784435,1,1,1,0,0,0,0,0,0,1,0,1,0,0,2533.083333333333,0,0,0,0,2,0,1,1,5.049363929636618,0,2,0,0,0,0,0,0,0,0,0
2021-08-09,29,14836,505,2,3,8,10512,48,0,2,0,322,0.5197937741106776,3,1,0,1,0,100,9,815,321,204870,78798,751.5833333333334,0.8221084978075102,6,126072,0.2208150919663939,0.2167473299934745,329.3384090162587,0.4278595947292658,0.8654701481779542,0,4.547361961348011,1,1,36,0,0,0.38462251856046,0,1136,0.1080566917150195,1,1,0,0,0,0,0,0,0,1,0,1,0,0,429.58333333333337,1,1,0,0,1,0,1,0,0.7084990227134865,1,2,0,0,0,0,0,0,1,0,0
2021-08-09,65,74048,653,0,0,41,20696,60,1,2,3,608,0.2148857265177094,1,2,0,1,1,97,3,19214,3438,34111,5243,6170.666666666667,0.8213184276836356,1,28868,0.1509844360103035,0.1465799084301722,488.6487598888687,0.0985147177963813,0.1776908603654661,1,1.3391791881017037,0,0,1,0,0,0.15369957786116323,0,22652,1.0944581340290864,1,1,0,0,0,0,0,0,1,0,0,0,1,1,5562.666666666667,0,1,0,0,2,0,1,0,0.2794906075706627,1,1,0,0,1,1,0,0,0,0,1
2021-08-10,25,67463,543,0,2,5,127740,360,1,0,0,509,0.2569248112107955,4,2,0,3,0,95,12,4928,720,67287,27497,5621.916666666667,0.9117761600525164,1,39790,0.3064394400138716,0.25,2662.8407496608625,0.090522415709522,0.5640917228000052,1,2.10032588583155,0,0,1,0,0,0.40864641540839375,0,5648,0.04421446520694217,1,1,0,0,0,0,0,0,0,1,0,1,0,1,5112.916666666667,0,0,0,0,5,1,1,1,1.8934542867307007,0,1,0,0,0,0,0,0,1,0,1
2021-08-10,43,63034,616,0,0,19,89869,240,1,2,2,244,0.2646505509670999,7,2,0,3,0,100,3,3634,935,127937,13837,5252.833333333333,0.8227531651656645,4,114100,0.2298515298651631,0.25,1885.645960454374,0.0464422802398248,0.4053508791271848,1,1.3490730754388025,1,0,16,0,0,0.10815394956932264,0,4569,0.05084010237009013,1,1,0,0,1,0,0,0,0,1,1,0,0,0,5008.833333333333,0,1,0,0,2,0,1,0,1.4257000079321012,0,1,0,0,0,0,0,0,0,0,1
2021-08-11,47,131899,534,0,4,22,204654,300,1,2,2,1296,0.5140082051586123,2,2,0,3,0,100,17,565,1827,12616,2582,10991.583333333334,0.8555959199560303,6,10034,0.2910572702283948,0.25,4272.419701692576,0.1178976734313286,0.5065615181471668,0,2.518742294606757,1,1,36,0,0,0.20464452722517237,0,2392,0.011687962668881776,1,1,0,0,0,0,0,0,0,1,1,0,0,1,9695.583333333334,0,1,0,0,4,1,1,1,1.5515845337376801,0,1,0,0,0,0,0,0,0,0,1
2021-08-12,44,80630,619,1,4,20,185384,180,0,1,1,445,0.4090194093211458,3,0,0,3,0,96,15,1747,1585,7713,37599,6719.166666666667,0.8343308805847601,6,2987,0.208532547505673,0.2353703867328147,3749.8038489541177,0.0662185957689541,0.6242112818066196,1,2.29235855426829,1,1,36,0,0,4.874124967591392,0,3332,0.017973406694176984,1,1,0,0,0,0,0,0,0,1,0,0,0,1,6274.166666666667,0,1,0,0,4,1,1,1,2.299165333432551,0,1,0,0,0,0,0,0,0,0,0
2021-08-13,37,33327,555,0,0,14,16009,120,1,1,2,188,0.4204387037450101,1,2,0,2,0,95,28,1775,176,37781,26896,2777.25,0.8612173394305793,5,10885,0.2199202422014977,0.2125129342072044,322.7790155593331,0.0676684963556195,0.1838491912388493,0,1.285205924553218,1,1,25,0,0,0.7118733788576571,0,1951,0.12186133666458464,1,0,0,0,0,0,0,0,0,1,1,0,0,0,2589.25,0,1,0,0,2,0,1,0,0.4803468554968795,0,0,0,0,0,0,0,0,0,0,1
2021-08-14,38,23978,558,0,3,17,7701,24,1,3,3,132,0.1507974101520121,5,1,0,1,0,100,17,1526,367,27427,24096,1998.1666666666667,0.6825983018796881,2,3331,0.1862373088285937,0.1758491459416879,382.9227733819457,0.0660275114631096,0.2575687069855502,1,2.7705103571169456,0,0,4,0,0,0.8785183024646347,0,1893,0.24578031680083096,1,1,0,0,0,0,0,0,0,1,0,0,1,0,1866.1666666666667,0,1,1,0,1,0,0,0,0.32115601151007134,1,1,0,0,0,0,1,0,0,0,1
2021-08-15,40,62228,584,0,1,19,15148,24,1,1,2,547,0.0299690205989879,3,2,1,4,0,95,7,963,5102,268278,7166,5185.666666666667,0.5906403673857885,6,261112,0.1734064224505395,0.1725444823266726,750.8047508075252,0.1054627249357326,0.2502194249628904,1,3.671730885603084,1,1,36,0,0,0.026710998624566218,0,6065,0.40035645917222257,1,1,0,0,0,0,0,0,0,1,1,0,0,0,4638.666666666667,0,1,0,0,3,0,0,0,0.24342348422761093,1,1,0,1,0,1,1,0,0,0,1
2021-08-16,38,15000,599,0,0,13,12267,12,2,2,3,74,0.2864622687178663,3,1,0,4,0,96,9,431,110,64156,70131,1250.0,0.6721406505283873,7,10735,0.1618536873813085,0.1457827246993634,1104.7590489710417,0.0591526778577138,0.9422534364276912,0,4.402024780736499,1,1,49,0,0,1.0931153264647662,0,541,0.044098467557874145,1,1,0,0,0,0,0,0,0,1,0,0,1,0,1176.0,0,1,0,1,2,0,0,0,0.8177454836344243,1,1,0,0,0,0,1,0,0,0,0
2021-08-16,51,83557,601,0,1,27,11860,12,0,1,1,319,0.1446555496762289,5,0,0,1,0,97,18,4562,255,145835,32689,4188.416666666667,0.8209266078810351,5,113146,0.1608452527465073,0.1480668968202076,1069.3820450505916,0.0761442523819943,0.331402234611165,1,0.9135982213936736,1,1,25,0,0,0.22414904413176445,0,4817,0.4061209004299806,1,1,0,0,0,0,0,0,0,1,0,0,0,1,3869.416666666667,0,1,0,0,3,0,0,0,0.1419373369396108,1,1,0,0,0,0,0,0,0,0,0
2021-08-18,66,53765,599,0,0,44,93803,300,2,0,3,619,0.2280676586699278,2,2,0,3,0,96,2,703,296,7310,34384,4480.416666666667,0.9732931867947764,1,6830,0.2583622406945021,0.25,1958.2602112730203,0.1381259646317198,0.5750994390776026,0,2.593860419442879,0,0,1,0,0,4.703050198331281,0,999,0.010649865677369835,1,1,0,0,0,0,0,0,0,1,0,0,1,0,3861.416666666667,0,0,0,0,2,0,1,0,1.7446527545288844,0,1,0,0,0,0,0,0,0,1,0
2021-08-19,33,21433,538,0,0,11,21668,60,1,5,0,86,0.198498826160897,3,2,0,0,0,97,17,1278,5894,48386,57083,1786.0833333333333,0.6000865402795788,6,4594,0.2084959094866797,0.201971771394028,576.4493064929469,0.0481231056190254,0.3706874179489561,1,2.020622470257221,1,1,36,0,0,1.179717692768719,0,7172,0.3309797406433153,1,1,0,0,0,0,0,0,0,1,0,1,0,0,1700.0833333333333,0,1,1,0,2,0,1,0,1.0109172343006438,0,1,0,0,0,0,1,0,0,0,1
2021-08-22,23,28291,628,0,1,5,24285,120,0,1,3,217,0.1112504602242035,2,0,0,2,0,94,21,5091,864,37543,39589,2357.583333333333,0.6110535448120827,1,2777,0.1835244138329034,0.1769758247766137,432.86271035238025,0.0920043811610076,0.2755309516386447,1,1.830008519901171,0,0,1,0,0,1.0544694225442148,0,5955,0.2452029976117928,1,1,0,0,0,0,0,0,0,1,0,0,1,0,2140.583333333333,0,1,0,0,3,0,1,0,0.8583698572034497,0,1,0,0,0,0,1,0,1,0,0
2021-08-22,38,75304,607,0,0,18,20167,60,1,1,3,387,0.3206028290154746,5,0,0,0,0,98,26,5778,1103,72400,11615,6275.333333333333,0.8575812487429679,7,60785,0.1739779631172169,0.1716602610127277,503.0039917027608,0.061660205002921,0.1418031746300006,1,0.0632588597293859,1,1,49,0,0,0.16042596096738995,0,6881,0.3411840539468465,1,0,0,0,0,0,0,0,0,1,0,0,1,1,5888.333333333333,0,1,0,0,2,0,1,0,0.26780426266516166,0,0,0,0,0,0,0,0,0,0,1
2021-08-23,70,65095,564,0,0,44,40321,180,0,2,0,375,0.3994413598566533,1,0,0,2,0,95,23,4751,1338,131361,36580,5424.583333333333,0.8116864499407058,4,94781,0.2356511631261724,0.2030437786585443,717.2400094975316,0.0691169920285069,0.2013129174124192,1,0.903201347686144,1,0,16,0,0,0.27846713661485056,0,6089,0.1510093745349933,1,1,0,0,0,0,0,0,0,1,0,1,0,1,5049.583333333333,0,1,0,0,2,0,1,0,0.6194082585719553,0,1,0,0,0,0,0,0,0,1,0
2021-08-25,30,57681,600,0,0,10,3231,24,0,2,0,932,0.3274659172076003,4,0,0,4,0,100,14,399,1390,41524,24013,4806.75,0.65053310551806,5,17511,0.1650202141049102,0.1519936031635171,156.9665701732716,0.1938536737559149,0.2265023285680976,1,0.781706118939089,1,1,25,0,0,0.5782781456953643,0,1789,0.5535272277227723,1,1,0,0,0,0,0,0,0,1,0,1,0,0,3874.75,0,1,0,0,2,0,0,0,0.05601400783606671,1,1,0,0,0,0,1,0,0,0,0
2021-08-25,59,71492,582,0,0,36,13795,24,2,0,3,221,0.5503674275886774,2,0,0,1,0,97,17,1640,723,167027,23591,5957.666666666667,0.8133082041712243,2,143436,0.1743830334935142,0.182952036706955,690.672257001826,0.0370888341910942,0.1529993718396441,1,1.1085467986793052,0,0,4,0,0,0.14123979213066074,0,2363,0.17128153087851553,1,1,0,0,0,0,0,0,0,1,0,0,1,1,5736.666666666667,0,0,0,0,2,0,0,0,0.19295595372973579,1,1,0,0,0,0,0,0,0,0,0
2021-08-26,60,56460,653,0,1,35,195011,300,1,3,0,584,0.4192906396016578,1,3,0,3,0,100,11,22986,646,56463,40215,4705.0,0.8526219258652952,7,16248,0.2315452040935285,0.2129382100424994,3478.2108750693915,0.1240968975775605,0.8631982309964708,0,2.8525665984892945,1,1,49,0,0,0.7122237177670728,0,23632,0.121182286218284,1,1,1,0,0,0,0,0,1,0,0,1,0,0,4121.0,0,1,1,0,3,0,1,1,3.4539062361630153,0,2,0,0,0,0,0,0,0,0,1
2021-08-28,33,113578,593,0,4,13,129947,300,1,0,2,631,0.2034093576229824,0,0,0,3,0,98,24,3255,1862,30253,8003,9464.833333333334,0.9487809520689576,10,22250,0.2614437224123541,0.25,2712.8134459910148,0.066660797605423,0.3532508262337545,0,1.2906988379882904,1,1,100,0,0,0.26452700469359425,0,5117,0.039377289377289376,1,0,0,0,0,0,0,0,0,1,1,0,0,1,8833.833333333334,0,0,0,0,4,1,1,1,1.1441111473071606,0,0,0,0,0,0,0,0,0,0,1
2021-08-29,46,51138,611,0,0,23,7057,12,1,2,2,277,0.1247346384173816,0,1,0,1,0,100,1,9451,475,45450,1745,4261.5,0.6802590347958508,7,43705,0.1557154792510588,0.1383222020123121,633.0707189085637,0.0649853372434017,0.2135063270166718,1,1.6138159065304194,1,1,49,0,0,0.03839299465358298,0,9926,1.4063474071975064,1,1,0,0,0,0,0,0,0,1,1,0,0,0,3984.5,0,1,0,0,2,0,0,0,0.13799644107237138,1,1,0,0,0,0,1,0,0,0,1
2021-08-29,59,24194,600,0,1,35,24031,24,1,1,1,98,0.4191965145288027,5,3,0,1,0,95,1,685,312,6318,15694,2016.1666666666667,0.8737025189251182,3,2348,0.1655217853886409,0.1979769565284776,1220.7033752451375,0.048582995951417,0.6537404157209639,1,2.050453585111619,1,0,9,0,0,2.483620826080076,0,997,0.04148635153129161,1,1,1,0,0,0,0,0,0,1,0,0,0,0,1918.1666666666667,0,1,0,0,3,0,0,0,0.9932217400289316,1,2,0,0,0,0,0,0,0,0,1
2021-08-30,35,113838,465,0,1,12,247741,240,1,1,0,1172,0.2457434665320727,2,0,0,3,0,93,20,4500,3111,183095,4272,9486.5,0.9030868814758248,6,178823,0.3056050357902638,0.25,5198.141916444237,0.1235309617918313,0.6714247079256113,0,3.4043693694236747,1,1,36,0,0,0.023332022545549877,0,7611,0.030721476374615527,1,1,0,0,0,0,0,0,0,1,0,1,0,1,8314.5,0,1,0,0,3,0,1,1,2.1762401286026756,0,1,0,0,0,0,0,0,0,0,1
2021-08-30,37,47397,553,0,3,9,23341,24,2,3,0,304,0.3211415525882232,7,1,0,1,0,94,15,4142,335,54363,14987,3949.75,0.9046442876286982,9,39376,0.189014502397993,0.1930635281733581,1180.06457891576,0.0769474150477757,0.3756412273405707,1,2.4898385605306927,1,1,81,0,0,0.27567875800161873,0,4477,0.19180018850141375,1,1,0,0,1,0,0,0,0,1,0,1,0,0,3645.75,0,1,1,1,1,0,0,0,0.49244693868939615,1,1,0,0,0,0,0,0,0,0,0
2021-08-31,33,34336,613,0,3,14,17607,36,1,2,0,206,0.3752186868020849,1,1,0,1,0,94,2,1981,8964,101308,4081,2861.333333333333,0.8004393281423056,7,97227,0.1629440271558015,0.1538716134538547,613.695913573835,0.0719692558518691,0.2863733248773151,1,2.22269822792665,1,1,49,0,0,0.04028269946401603,0,10945,0.6215924579736484,1,1,0,0,0,0,0,0,0,1,0,1,0,0,2655.333333333333,0,1,0,0,1,0,0,0,0.5127704808224365,1,1,0,0,0,0,0,0,0,0,1
2021-08-31,27,24014,606,0,4,2,20534,60,2,3,3,179,0.4134076390734185,1,1,0,0,0,94,12,1835,979,198869,23689,2001.1666666666667,0.8669034513533699,3,175180,0.1744824715065976,0.1493184805558284,487.7681528724582,0.0894031465911928,0.3330233011932696,1,1.4823202918808818,1,0,9,0,0,0.11911801679489113,0,2814,0.13703433162892623,1,1,0,0,0,0,0,0,0,1,0,0,1,0,1822.1666666666667,0,1,1,1,4,1,1,0,0.8550489277534874,0,1,0,0,0,0,0,0,1,0,0
2021-09-01,32,47928,590,1,1,10,294146,360,2,1,0,310,0.1456223367341316,2,1,0,3,0,93,13,1103,258,9961,19722,3994.0,0.6962314832764882,5,10581,0.2831479587303406,0.25,6131.704674727916,0.0775969962453066,1.6124417208330204,0,3.831916730426399,1,1,25,0,0,1.9797229471993576,0,1361,0.0046269382315644895,1,1,0,0,0,0,0,0,0,1,0,1,0,0,3684.0,0,1,0,1,3,0,1,1,6.137119489244507,0,1,0,0,0,0,1,0,0,0,0
2021-09-01,25,46018,516,0,1,1,13774,48,1,4,2,119,0.3665067459719737,3,1,0,1,0,96,25,770,74,4595,20346,3834.8333333333335,0.8293816907608916,9,7626,0.2153826526585053,0.2153626746366559,430.50443116874806,0.03102324570932,0.1432555545084722,1,1.7539561405857855,1,1,81,0,0,4.426892950391645,0,844,0.06127041742286751,1,0,0,0,0,0,0,0,0,1,1,0,0,0,3715.8333333333335,0,1,1,0,3,0,1,0,0.29931115408852865,1,0,0,0,0,0,0,0,1,0,1
2021-09-02,40,152669,592,1,1,17,17770,60,1,1,0,789,0.4218107361552872,5,0,0,1,0,99,10,3285,1473,265173,38856,12722.416666666666,0.7075144303126363,9,226317,0.1814463307985463,0.2225815119112131,493.3998356406011,0.0620116451948834,0.10079052421511,1,1.2118710835845068,1,1,81,0,0,0.14653020281023027,0,4758,0.2677395757132407,1,1,0,0,0,0,0,0,0,1,0,1,0,1,11933.416666666666,0,1,0,0,3,0,1,0,0.11639483854064321,1,1,0,0,0,0,0,0,0,0,1
2021-09-02,30,31009,609,0,3,9,193975,300,2,1,0,342,0.1550652578077455,0,3,0,3,1,93,2,950,1180,23471,67696,2584.083333333333,0.8428764741378838,7,10357,0.2535438724297631,0.2208955257933704,3585.7517529673137,0.1322974759034202,1.5193907686924264,0,6.988135011527908,1,1,49,0,0,2.8841172460804363,0,2130,0.010980739885346641,1,1,1,0,0,0,0,0,0,1,0,1,0,0,2242.083333333333,0,1,0,1,1,0,1,1,6.2552402450822315,0,2,0,0,1,1,0,0,0,0,0
2021-09-04,42,33628,593,0,1,19,18334,24,1,4,1,111,0.2540572288642612,4,1,0,1,0,94,23,1395,1054,60236,12192,2802.333333333333,0.9042272676111148,4,48044,0.1689541417701263,0.1754133721763164,911.2505495919194,0.0395957193816884,0.3646553684632292,1,1.8754862877488143,1,0,16,0,0,0.20240051795408137,0,2449,0.1335696754840469,1,1,0,0,0,0,0,0,0,1,0,0,0,0,2691.333333333333,0,1,1,0,3,0,0,0,0.5451842160040441,1,1,0,0,0,0,0,0,0,0,1
2021-09-05,21,69545,566,0,1,2,17082,36,1,0,0,284,0.2206258411591888,2,0,0,1,0,100,2,10241,1195,36544,27370,5795.416666666667,0.9769220436444328,5,9174,0.1864364597739867,0.164963144907219,604.7464562606705,0.0489957876274134,0.1533268754421272,1,1.6856573863414273,1,1,25,0,0,0.7489396634286496,0,11436,0.6694374524380964,1,1,0,0,0,0,0,0,0,1,0,1,0,1,5511.416666666667,0,0,0,0,3,0,0,0,0.24562160296781985,1,1,0,0,0,0,0,0,1,0,1
2021-09-05,43,86101,632,0,1,19,11752,24,0,0,2,491,0.5069505241884299,2,3,0,1,0,92,17,4903,905,64508,27664,7175.083333333333,0.5927011829155187,2,36844,0.1493429659515332,0.1658328334399745,578.6951122582453,0.0684217249428077,0.1490639200480641,1,0.3096263460243793,0,0,4,0,0,0.4288393867522361,0,5808,0.49417170084233814,1,1,1,0,0,0,0,0,0,1,1,0,0,1,6684.083333333333,0,0,0,0,3,0,0,0,0.13648928015609393,1,2,0,0,0,0,1,0,0,0,0
2021-09-08,50,64547,640,0,0,27,225752,300,1,5,3,317,0.6251302744544632,8,0,1,3,1,96,9,5469,501,169255,5066,5378.916666666667,0.7709334586358082,9,164189,0.2380817991900569,0.25,4712.868023573946,0.0589228457689865,0.9349341886164182,0,5.267150895363567,1,1,81,0,0,0.029930992106631374,0,5970,0.026444831297922952,1,1,0,0,1,0,0,0,0,1,0,0,1,0,5061.916666666667,0,1,1,0,2,0,1,1,3.4974282704344053,0,1,0,1,1,1,0,0,0,0,1
2021-09-12,18,53011,516,0,3,0,7860,12,2,5,2,369,0.0348646959937177,0,2,0,4,0,98,14,3187,680,19433,53871,4417.583333333333,0.6204513012625017,3,7220,0.2032424172759484,0.2271221737423492,738.3486723613997,0.0835109292193953,0.2506116980996322,0,3.0777497080716727,1,0,9,0,0,2.771997530101883,0,3867,0.4919221473095026,1,1,0,0,0,0,0,0,0,1,1,0,0,0,4048.583333333333,0,1,1,1,1,0,0,0,0.14826831660756054,1,1,0,0,0,0,1,0,1,0,0
2021-09-12,44,34349,508,0,3,19,147752,180,1,3,0,140,0.0922846535074028,4,1,0,3,0,100,11,587,239,332100,8809,2862.4166666666665,0.9522389247652772,2,323291,0.2639758243099077,0.25,3155.286689206027,0.0488926399115276,1.1508233250042876,0,3.706655362774237,0,0,4,0,0,0.026525063158496964,0,826,0.005590411023803239,1,1,0,0,0,0,0,0,0,1,0,1,0,0,2722.4166666666665,0,1,1,0,1,0,1,1,4.30136826783115,0,1,0,0,0,0,0,0,0,0,1
2021-09-12,54,76150,638,0,2,31,20502,120,1,1,0,443,0.279738983824678,0,3,0,2,0,89,20,4043,981,43592,10355,6345.833333333333,0.6672382443152869,3,33237,0.1784820816239707,0.1775159333797502,366.1432867862466,0.0697985872219742,0.1274877162027646,0,0.8581904564133725,1,0,9,0,0,0.2375381368568348,0,5024,0.24503731161293468,1,1,1,0,0,0,0,0,0,1,0,1,0,1,5902.833333333333,0,1,0,0,5,1,1,0,0.26922824388386235,0,2,0,0,0,0,1,0,0,0,1
2021-09-12,25,85391,552,1,0,2,10368,36,1,1,3,588,0.2495827574485132,5,1,0,1,0,93,12,5079,6205,311902,15997,7115.916666666667,0.9277485226461016,5,295905,0.1933116439661395,0.2022050392245775,386.47789238252784,0.0826200484760488,0.1369241678698679,1,0.0,1,1,25,0,0,0.05128838132368076,0,11284,1.0882438036454818,1,1,0,0,0,0,0,0,0,1,0,0,1,1,6527.916666666667,0,1,0,0,2,0,0,0,0.12141652613827993,1,1,0,0,0,0,0,0,1,0,1
2021-09-15,60,90489,581,0,0,39,13722,60,1,0,1,884,0.435550663673074,3,1,0,0,0,97,7,10097,803,10900,7688,7540.75,0.8469353701882761,2,3212,0.1868817071340674,0.1912707606999021,356.9164027082866,0.1172141744290118,0.1645395833471391,1,0.8501777628083523,0,0,4,0,0,0.7052563984955509,0,10900,0.7942869634919478,1,1,0,0,0,0,0,0,0,1,0,0,0,1,6656.75,0,0,0,0,2,0,1,0,0.1516410653110841,0,1,0,0,0,0,0,0,0,0,1
2021-09-16,45,40740,491,0,3,24,19428,60,2,1,1,536,0.7106716461583182,2,1,0,0,0,95,1,730,1440,26536,9433,3395.0,0.9562893926841908,4,17103,0.2319686305185607,0.2421194469751587,561.2966451436965,0.1578327444051825,0.3231144420328906,1,2.614443863970996,1,0,16,0,0,0.35546595319742247,0,2170,0.11168871274898348,1,1,0,1,0,0,0,0,0,1,0,0,0,0,2859.0,0,1,0,1,1,0,1,0,0.4768660563069144,0,2,0,0,0,0,0,0,0,0,0
2021-09-17,31,83001,557,0,3,6,17170,48,1,1,1,514,0.6855735078399571,2,1,0,1,0,88,24,563,3419,17564,35504,6916.75,0.8717771104695152,2,6333,0.1949377442983284,0.1885074956846835,512.0337426841379,0.0743016154096346,0.1483189971716436,1,0.7159270691722018,0,0,4,0,0,2.0212923427270137,0,3982,0.2319026265214606,1,0,0,0,0,0,0,0,0,1,0,0,0,1,6402.75,0,1,0,0,1,0,1,0,0.20686248524131948,1,0,0,0,0,0,0,0,0,0,1
2021-09-17,39,15000,620,0,1,14,44391,84,2,0,3,414,0.153199796844225,1,0,0,2,0,95,16,1066,111,16449,6696,1250.0,0.7295174066748694,2,9753,0.1756752036380014,0.1613530474782017,885.1211873506367,0.3309352517985611,1.0384661769389585,0,3.6210989493710137,0,0,4,0,0,0.4070516717325228,0,1177,0.026513786267795998,1,1,0,0,0,0,0,0,0,1,0,0,1,0,836.0,1,0,0,0,3,0,1,0,2.9592027198186788,0,2,0,0,0,0,0,0,0,0,0
2021-09-18,46,187340,613,0,1,24,27215,60,1,1,0,919,0.3246371732817164,0,0,0,0,0,94,15,12739,1415,211474,55270,15611.666666666666,0.7010511019705593,4,156204,0.1710528900786589,0.1650419190302981,669.1287227357908,0.0588624621034203,0.1017205296598354,1,0.8335873670925861,1,0,16,0,0,0.26135477006738383,0,14154,0.5200617283950617,1,1,0,0,0,0,0,0,0,1,0,1,0,1,14692.666666666666,0,1,0,0,3,0,1,0,0.14526985550413418,0,1,0,0,0,0,0,0,0,0,1
2021-09-18,40,16945,507,0,1,17,136887,240,0,1,1,244,0.3823273400744874,0,2,0,3,0,92,13,747,958,22450,8510,1412.0833333333333,0.8938731397257282,8,13940,0.2844567295880529,0.25,2872.185276221144,0.1726720528395353,2.20523815030098,0,7.03476608478832,1,1,64,0,0,0.3790477038884682,0,1705,0.01245543802232482,1,1,0,0,0,0,0,0,0,1,0,0,0,0,1168.0833333333333,0,1,0,0,3,0,1,1,8.077835477398796,0,1,0,0,0,0,0,0,0,0,0
2021-09-23,46,34758,615,0,3,25,140766,360,1,2,0,644,0.4469994989642849,2,0,0,3,0,95,6,1865,264,162936,48279,2896.5,0.8664443406116208,3,114657,0.270463715330059,0.25,2934.377962789737,0.2222605694564279,1.234988080341583,0,4.181656588808942,1,0,9,0,0,0.29630470672713993,0,2129,0.015124283390283233,1,1,0,0,0,0,0,0,0,1,0,1,0,0,2252.5,0,1,0,0,1,0,1,1,4.049771282257833,0,1,0,0,0,0,0,0,0,0,1
2021-09-23,28,44645,488,0,1,3,174399,360,2,1,3,338,0.1498289732567584,1,1,0,3,0,93,2,5610,809,125567,33612,3720.4166666666665,0.7430669586215037,6,91955,0.3340172766976142,0.25,3635.4842954446895,0.0908256264415433,1.0677343203828356,1,4.619321228928628,1,1,36,0,0,0.2676796636085627,0,6419,0.036806192660550456,1,1,0,0,0,0,0,0,0,1,0,0,1,0,3382.4166666666665,0,1,0,1,3,0,1,1,3.9062625991130226,0,1,0,0,0,0,0,0,1,0,0
2021-09-24,42,41221,616,1,3,18,8565,12,0,3,0,146,0.3249448563600595,2,2,0,4,0,94,9,1359,6086,184177,7662,3435.083333333333,0.8470954826895568,9,176515,0.1532638890395438,0.1701611968654378,781.2342243180827,0.0424902384012805,0.2698520770212449,1,2.152389721868217,1,1,81,0,0,0.04160105984428108,0,7445,0.8691337847303292,1,1,0,0,0,0,0,0,0,1,0,1,0,0,3289.083333333333,0,1,1,0,1,0,0,0,0.20777740041725293,1,1,0,0,0,0,0,0,0,0,0
2021-09-24,23,67607,544,0,3,0,18193,36,1,1,0,499,0.0932076474114815,2,0,1,1,0,100,1,2670,3458,10829,8391,5633.916666666667,0.9517908350473946,4,2438,0.1974522117870955,0.1862524334209001,663.4408739183499,0.0885549919401351,0.2062924693802067,1,3.1033840688370486,1,0,16,0,0,0.774792243767313,0,6128,0.3368143343959547,1,1,0,0,0,0,0,0,0,1,0,1,0,1,5134.916666666667,0,1,0,0,1,0,0,0,0.2690953733286002,1,1,0,1,0,1,0,0,1,0,1
2021-09-27,38,22122,466,0,0,17,5533,36,2,1,0,118,0.432386803811906,1,0,0,4,0,100,9,1249,462,115026,38824,1843.5,0.882180045220555,2,76202,0.2361546665400867,0.25,219.9911167116473,0.0639739766874491,0.1832426764497952,1,2.689525469528211,0,0,4,0,0,0.33752075599641823,0,1711,0.3091796169136249,1,1,0,0,0,0,0,0,0,1,0,1,0,0,1725.5,0,1,0,1,2,0,0,0,0.250101704108846,1,1,0,0,0,0,0,0,0,0,0
2021-09-28,29,43041,472,0,3,7,151251,300,1,2,3,265,0.2863452545263312,5,3,0,3,0,94,10,663,1915,216758,62504,3586.75,0.8793862398886558,6,154254,0.3219816756497365,0.25,3157.5622870830957,0.0738624486098529,0.9539578529950792,1,3.67639979415556,1,1,36,0,0,0.2883571155061612,0,2578,0.017044402718641737,1,1,1,0,0,0,0,0,0,1,0,0,1,0,3321.75,0,1,0,0,1,0,1,1,3.514032805167046,0,2,0,0,0,0,0,0,1,0,1
2021-09-29,31,27733,588,0,3,8,13342,36,1,0,2,528,0.3554940813671601,1,0,0,1,0,97,2,1243,503,164606,22763,2311.083333333333,0.5045731218636946,6,141843,0.1753746867954356,0.1757102868205231,479.4790149686236,0.2283654712560821,0.4357451137006121,1,2.854055883040414,1,1,36,0,0,0.13828695012970288,0,1746,0.1308551300307277,1,1,0,0,0,0,0,0,0,1,1,0,0,0,1783.083333333333,0,0,0,0,1,0,0,0,0.4810701665825341,1,1,0,0,0,0,1,0,0,0,1
2021-09-30,54,66311,608,0,1,30,240890,240,2,1,0,254,0.2478620517699755,2,1,0,3,0,98,22,3247,3524,56265,68250,5525.916666666667,0.9068197204073823,3,1309,0.2340980249570011,0.2397504369737149,4854.8884007923525,0.0459569078600183,0.9243650137887042,0,2.6197677396108903,1,0,9,0,0,1.212988305548644,0,6771,0.028108148498698582,1,1,0,0,0,0,0,0,0,1,0,1,0,1,5271.916666666667,0,1,0,1,3,0,1,1,3.632675835444565,0,1,0,0,0,0,0,0,0,0,0
2021-10-01,53,61899,595,0,1,31,17912,12,2,2,3,508,0.1599394065080328,3,1,0,1,0,94,25,16605,153,16758,72287,5158.25,0.8593813940612336,8,8172,0.1639483204963037,0.1371337429138397,1605.8521847181955,0.0984639240199641,0.4097208285541882,0,1.962817520115401,1,1,64,0,0,4.3133241840205265,0,16758,0.9355216881594373,1,0,0,0,0,0,0,0,0,1,0,0,1,0,4650.25,0,1,0,1,3,0,0,0,0.28936995153473344,1,0,0,0,0,0,0,0,0,0,0
2021-10-01,47,64263,504,0,4,26,22380,48,1,1,0,292,0.2756565087625474,4,0,0,0,1,94,19,2489,1073,63259,9165,5355.25,0.8014954408282089,7,54094,0.221503991915905,0.211708217371883,695.0701514503955,0.0545157526254375,0.1842838089055581,1,3.461847603372696,1,1,49,0,0,0.144878280113816,0,3562,0.1591528528662705,1,1,0,0,0,0,0,0,0,1,0,1,0,0,5063.25,0,1,0,0,4,1,1,0,0.3482509647703224,0,1,0,0,1,1,0,0,0,0,1
2021-10-02,26,4769,517,2,0,2,94119,240,2,4,2,138,0.2918249053291364,2,1,0,3,0,98,28,1092,40,106330,81378,397.4166666666667,0.9430868061830364,4,24952,0.2793630814607103,0.25,1974.820151019876,0.3463710520811545,3.0,0,8.567975340836869,1,0,16,0,0,0.7653271388400372,0,1132,0.012027199320017,1,0,0,0,0,0,0,0,0,1,1,0,0,0,259.4166666666667,1,1,1,1,2,0,1,0,19.731446540880505,0,1,0,0,0,0,0,0,1,0,0
2021-10-03,36,29978,500,0,3,12,50905,60,1,2,2,307,0.3767901429138253,5,1,0,2,0,96,14,3920,676,36497,42854,2498.1666666666665,0.9331356010125332,3,6741,0.2277094340184459,0.169948774988623,1264.9801637806106,0.1228409469823274,0.6290017327564964,1,2.3658373090605456,1,0,9,0,0,1.1741465285769084,0,4596,0.09028405296035831,1,1,0,0,0,0,0,0,0,1,1,0,0,0,2191.1666666666665,0,1,0,0,1,0,1,0,1.6980219486974215,0,1,0,0,0,0,0,0,0,0,1
2021-10-05,54,63446,450,0,3,33,130817,360,1,0,3,525,0.3105620915658664,2,2,0,3,0,96,3,1433,961,54918,9526,5287.166666666667,0.590446380692752,8,45392,0.352945390580804,0.25,2726.9832342914124,0.0992782627879857,0.6149547545068699,0,3.0628599769202096,1,1,64,0,0,0.17345545257561135,0,2394,0.018300233912764297,1,1,0,0,0,0,0,0,0,1,0,0,1,0,4762.166666666667,0,0,0,0,1,0,1,1,2.061831134647816,0,1,0,0,0,0,1,0,0,0,1
2021-10-06,41,108023,614,0,2,16,9527,36,1,1,3,681,0.1175107343067071,3,0,0,1,0,93,16,22314,8086,157688,12215,9001.916666666666,0.7084637288462686,4,145473,0.1622904975277588,0.1609467361536246,335.3865215034986,0.0756421530059703,0.1128952492992269,1,1.2029818934471777,1,0,16,0,0,0.07746260043503352,0,30400,3.190596137699412,1,1,0,0,0,0,0,0,0,1,0,0,1,1,8320.916666666666,0,1,0,0,5,1,0,0,0.0881933644375324,1,1,0,0,0,0,0,0,0,0,1
2021-10-08,67,43275,584,0,1,42,9535,12,2,3,0,220,0.0617092514372806,1,2,0,1,1,93,19,13178,1693,74244,68247,3606.25,0.9688107631943051,8,5997,0.1692907073473263,0.1646997833703818,867.240764572807,0.0609882874766096,0.3014043286638872,1,3.347887454723112,1,1,64,0,0,0.9192134150447842,0,14871,1.5594588926174497,1,1,0,0,0,0,0,0,0,1,0,1,0,0,3386.25,0,1,1,1,3,0,0,0,0.22032997504390425,1,1,0,0,1,1,0,0,0,1,0
2021-10-08,44,31268,619,0,1,21,6386,60,0,2,3,258,0.4921550958965359,1,2,0,1,0,97,9,1585,354,263658,99092,2605.6666666666665,0.7096936799100603,7,164566,0.1676905049883904,0.1491848365997897,151.64938027432174,0.0989769820971867,0.1571544937113766,1,1.0978634359258517,1,1,49,0,0,0.37583393701713197,0,1939,0.30358540785971505,1,1,0,0,0,0,0,0,0,1,0,0,1,0,2347.6666666666665,0,1,0,0,3,0,1,0,0.20422782947967635,1,1,0,0,0,0,0,0,0,0,0
2021-10-08,42,56484,570,0,3,19,12807,24,1,3,0,937,0.3867517819056003,1,2,0,4,0,95,2,1718,722,74999,18445,4707.0,0.7944103264200324,3,56554,0.1803644563136691,0.194793086929745,648.5694898646982,0.1990229396771453,0.3367819647121279,1,2.111966654612474,1,0,9,0,0,0.24593333333333334,0,2440,0.1905059337913804,1,1,0,0,0,0,0,0,0,1,0,1,0,0,3770.0,0,1,1,0,1,0,0,0,0.2267327609099761,1,1,0,0,0,0,0,0,0,0,1
2021-10-11,36,50291,485,0,1,12,21013,60,1,2,0,226,0.1490470079697597,2,1,0,0,0,97,4,13358,1412,47841,232488,4190.916666666667,0.8910002881930472,6,1984,0.2349882360403121,0.25,616.7593581101071,0.053913285489931,0.2010439197924832,1,2.8121687920194205,1,1,36,0,0,4.859495840474897,0,14770,0.7028647568287808,1,1,0,0,0,0,0,0,0,1,0,1,0,0,3964.916666666667,0,1,0,0,3,0,1,0,0.4178199315994592,0,1,0,0,0,0,0,0,0,0,1
2021-10-11,41,71438,623,0,3,20,21649,24,1,0,2,1312,0.2442143158562679,2,1,0,0,1,99,24,8261,773,152401,103783,5953.166666666667,0.971840003496688,6,48618,0.1539956901833576,0.150286753229218,1049.982415020616,0.2203498950314905,0.3966940375122098,0,3.1982395502455327,1,1,36,0,0,0.6809818768782562,0,9034,0.41727482678983835,1,0,0,0,0,0,0,0,0,1,1,0,0,1,4641.166666666667,0,0,0,0,1,0,0,0,0.3030417559036381,0,0,0,0,1,1,0,0,0,0,1
2021-10-13,38,27642,599,0,1,15,10878,36,2,0,1,355,0.272009986844919,5,0,0,1,0,97,11,1565,513,127624,44420,2303.5,0.80200870428579,4,83204,0.1698236474011052,0.1620293141090478,383.5289404518917,0.1540464308960729,0.3204725278593585,1,2.1072186205552934,1,0,16,0,0,0.34805093046033303,0,2078,0.1910102031436713,1,1,0,0,0,0,0,0,0,1,0,0,0,0,1948.5,0,0,0,0,3,0,0,0,0.3935173461635857,1,1,0,0,0,0,0,0,0,0,0
2021-10-13,48,23435,508,0,4,30,18373,120,1,2,0,328,0.3857887497442743,4,1,0,2,0,95,8,5094,1678,51082,39811,1952.9166666666667,0.6221848806636925,8,11271,0.2434546729752078,0.2005499921534684,355.7388900868738,0.167867957521218,0.3499324724289882,1,2.0159416637908336,1,1,64,0,0,0.7793395062936789,0,6772,0.36856427560683575,1,1,0,0,0,0,0,0,0,1,0,1,0,0,1624.9166666666667,0,1,0,0,4,1,1,0,0.7839648404164533,0,1,0,0,0,0,1,0,0,0,1
2021-10-14,51,41032,637,0,2,27,79171,240,1,0,0,338,0.2945049372558522,2,1,0,3,0,99,16,8024,343,212208,40535,3419.333333333333,0.8922941368368592,7,171673,0.2193198444949851,0.1996373821280596,1342.723341601029,0.0988207777019783,0.4913916796416613,1,2.9755189711153704,1,1,49,0,0,0.1910145187056157,0,8367,0.10568130147021675,1,1,0,0,0,0,0,0,0,1,0,1,0,0,3081.333333333333,0,0,0,0,5,1,1,0,1.929447030438915,0,1,0,0,0,0,0,0,0,0,1
2021-10-15,30,29251,627,0,1,11,17197,36,1,2,1,371,0.4880751227741635,5,0,1,1,0,96,5,1090,358,17176,4763,2437.583333333333,0.7172210119784309,3,12413,0.1559381370942427,0.1241462686890998,574.5980592616573,0.1521375115333356,0.3877653251935853,1,4.367528814410639,1,0,9,0,0,0.27728939861442625,0,1448,0.0841958367252006,1,1,0,0,0,0,0,0,0,1,0,0,0,0,2066.583333333333,0,1,0,0,3,0,0,0,0.5878914262272665,1,1,0,1,0,1,0,0,0,0,1
2021-10-16,24,42018,560,0,0,0,128893,360,2,3,3,179,0.1577411457842684,3,0,0,3,0,100,2,2812,593,44687,12323,3501.5,0.9030969858125923,5,32364,0.2979416864100331,0.2452311035873627,2635.859292629438,0.0511063526052819,0.8036714611361709,0,3.3642008628616997,1,1,25,0,0,0.2757563551736484,0,3405,0.02641705587537046,1,1,0,0,0,0,0,0,0,1,0,0,1,0,3322.5,0,1,1,1,2,0,1,1,3.067493276850948,0,1,0,0,0,0,0,0,1,0,0
2021-10-16,18,33233,513,0,4,0,91248,180,2,2,3,168,0.0561977606052966,6,2,0,3,1,94,15,3087,15011,637669,21419,2769.4166666666665,0.7906292038265565,4,616250,0.2613553368281202,0.25,1948.6274285063591,0.0606406978493006,0.7640105020928354,1,4.954353879064132,1,0,16,0,0,0.0335894741794345,0,18098,0.19833642012515207,1,1,0,0,1,0,0,0,0,1,0,0,1,0,2601.4166666666665,0,1,0,1,4,1,1,0,2.745621953421195,0,1,0,0,1,1,0,0,1,0,0
2021-10-18,46,83888,644,0,1,24,101974,360,1,1,2,868,0.3608712967834112,0,0,1,3,0,96,6,4505,2959,236408,15488,6990.666666666667,0.7373934784704607,7,220920,0.2558831207410464,0.25,2125.7282183021507,0.1241477949940405,0.4281852040479834,0,3.654826077491108,1,1,49,0,0,0.0655135802782466,0,7464,0.07319441039470459,1,1,0,0,0,0,0,0,0,1,1,0,0,1,6122.666666666667,0,1,0,0,3,0,1,1,1.215582495917224,0,1,0,1,0,1,0,0,0,0,1
2021-10-18,26,32882,489,0,3,5,222851,240,3,2,3,269,0.1595207820345797,3,2,0,3,0,95,8,427,1958,156348,42667,2740.1666666666665,0.793555658484862,6,113681,0.2935785657882452,0.25,4675.895892167685,0.0981333981881194,1.8039384296835963,0,6.393976883632469,1,1,36,0,0,0.2728958931620925,0,2385,0.01070217005007808,1,1,0,0,0,0,0,0,0,1,0,0,1,0,2471.1666666666665,0,1,0,0,1,0,1,1,6.777088465164371,0,1,0,0,0,0,0,0,1,0,0
2021-10-19,18,44505,561,0,0,0,134951,300,1,0,0,291,0.1023247377342896,1,1,0,3,0,97,2,908,1842,23685,26629,3708.75,0.8335138559920963,3,2806,0.27745316860966,0.25,2817.2784854589445,0.0784419435271918,0.8378673725881648,1,2.7968608788661005,1,0,9,0,0,1.124250612175969,0,2750,0.02037761574485743,1,1,0,0,0,0,0,0,0,1,0,1,0,0,3417.75,0,0,0,0,2,0,1,1,3.032197905900328,0,1,0,0,0,0,0,0,1,0,1
2021-10-19,44,40297,517,0,3,19,131272,240,2,2,0,81,0.2855176087804668,3,3,0,3,0,97,4,540,1783,8602,40146,3358.083333333333,0.8872585159279803,1,9718,0.2794462586007992,0.25,2754.3704338622506,0.0241137215014016,0.844090530808182,1,4.246295821975989,0,0,1,0,0,4.666511681971405,0,2323,0.01769594661506936,1,1,1,0,0,0,0,0,0,1,0,1,0,0,3277.083333333333,0,1,0,1,1,0,1,1,3.2575313911360366,0,2,0,0,0,0,0,0,0,0,0
2021-10-21,69,65436,577,0,0,51,25775,36,0,2,2,371,0.161722562555502,3,0,0,0,1,96,4,5591,2017,45736,18452,5453.0,0.5400673992681411,5,27284,0.1810392997763542,0.1610664651534537,907.5302067538984,0.068023469013568,0.2344206466362116,1,3.643202332994278,1,1,25,0,0,0.4034370422196471,0,7608,0.2951582867783985,1,1,0,0,0,0,0,0,0,1,1,0,0,1,5082.0,0,1,0,0,2,0,0,0,0.3938903067072146,0,1,0,0,1,1,1,0,0,1,0
2021-10-21,39,52140,606,0,0,14,131360,240,1,1,2,204,0.2304896516452073,4,0,0,3,0,99,12,832,1442,96240,84485,4345.0,0.9631153331548336,5,11755,0.2349464261343311,0.2185030027769944,2423.770718703077,0.0469397146801656,0.6046412146118446,0,2.613038990843284,1,1,25,0,0,0.8778483182843071,0,2274,0.017311074063078084,1,1,0,0,0,0,0,0,0,1,1,0,0,0,4141.0,0,1,0,0,2,0,1,1,2.519322606010625,0,1,0,0,0,0,0,0,0,0,1
2021-10-22,50,70227,642,0,1,27,265912,360,1,0,3,634,0.6639097333363778,2,1,0,3,0,98,25,4442,316,197676,27989,5852.25,0.9320308374206728,5,169687,0.2571227311166491,0.25,5543.144742632059,0.1083158928800239,1.0553358805163044,0,2.466676133539804,1,1,25,0,0,0.14158956277159204,0,4758,0.01789307028990685,1,0,0,0,0,0,0,0,0,1,0,0,1,1,5218.25,0,0,0,0,3,0,1,1,3.786409978925785,0,0,0,0,0,0,0,0,0,0,1
2021-10-24,40,28793,624,0,0,20,6252,36,1,3,2,184,0.4747331347341926,3,1,0,1,0,100,26,9385,790,19807,18036,2399.4166666666665,0.7560528631922251,6,1771,0.1571852041568918,0.1657127625750812,221.569154201314,0.0766533587918764,0.168957814629952,1,2.1270550147269303,1,1,36,0,0,0.9105411954765751,0,10175,1.6272189349112427,1,0,0,0,0,0,0,0,0,1,1,0,0,0,2215.4166666666665,0,1,1,0,2,0,0,0,0.2171285684517608,1,0,0,0,0,0,0,0,0,0,1
2021-10-24,38,93852,567,0,3,18,150921,360,1,1,0,484,0.2695649890625723,4,0,0,3,0,100,1,20422,1616,74318,44354,7821.0,0.8177150263695983,2,29964,0.2944811296065111,0.25,3146.0669232782766,0.0618767578624392,0.4640842397440906,0,1.318993405171586,0,0,4,0,0,0.596805662078338,0,22038,0.14602244868210068,1,1,0,0,0,0,0,0,0,1,0,1,0,1,7337.0,0,1,0,0,1,0,1,1,1.608057281067201,0,1,0,0,0,0,0,0,0,0,1
2021-10-24,51,46854,603,0,1,25,165502,120,1,0,0,1240,0.7614519108907062,2,0,0,3,0,94,9,389,1552,44672,47915,3904.5,0.7206103249798782,5,1340,0.1965041861501308,0.1952778324643671,3146.7748723369896,0.3175009601843554,1.1232300274835465,0,3.821231344123461,1,1,25,0,0,1.0725717995209634,0,1941,0.011727884086693292,1,1,0,1,0,0,0,0,0,1,0,1,0,0,2664.5,0,0,0,0,3,0,1,1,3.53221641233593,0,2,0,0,0,0,0,0,0,0,1
2021-10-25,36,23274,611,0,4,15,15446,48,2,4,3,276,0.1388651270452531,2,1,0,0,0,95,15,338,416,69533,24627,1939.5,0.6704776230193863,1,44906,0.1679112925221785,0.1710966902756903,446.5718553696789,0.1422313836640041,0.3723637492242612,1,1.4932416923250953,0,0,1,0,0,0.35417205971179566,0,754,0.0488120670680391,1,1,0,0,0,0,0,0,0,1,0,0,1,0,1663.5,0,1,1,1,4,1,1,0,0.6636305048335124,0,1,0,0,0,0,1,0,0,0,0
2021-10-27,43,62925,589,0,1,23,17453,48,0,3,2,753,0.1552507527950957,4,0,0,0,0,93,8,1510,2591,95650,5008,5243.75,0.7207602238442119,3,90642,0.1789418310319308,0.1749666631447768,508.1029104232368,0.1435721435721435,0.2404505287045591,1,1.0221343559387508,1,0,9,0,0,0.05235700619962154,0,4101,0.23496046751460983,1,1,0,0,0,0,0,0,0,1,1,0,0,0,4490.75,0,1,1,0,3,0,1,0,0.2773575310682389,0,1,0,0,0,0,0,0,0,0,0
2021-10-29,43,28843,583,0,0,18,13958,72,2,2,2,612,0.3110685619057477,3,1,0,0,0,100,17,467,1417,44745,59812,2403.583333333333,0.8856917465791585,5,3960,0.1898859699351281,0.201583761555771,335.6161744580134,0.2545139490556229,0.394087475082175,1,2.229569449607674,1,1,25,0,0,1.3367004871943862,0,1884,0.13496668815817753,1,1,0,0,0,0,0,0,0,1,1,0,0,0,1791.583333333333,0,1,0,1,2,0,1,0,0.48391346553876025,0,1,0,0,0,0,0,0,0,0,0
2021-10-30,31,132824,540,0,4,8,26830,60,2,1,0,863,0.1099032227560852,3,1,0,0,0,95,15,817,85,32400,4577,6823.5,0.9369391602948908,3,27823,0.2075493283036089,0.1994441285792859,710.0013151869931,0.126456150633746,0.2304932691313639,0,1.7662979612357614,1,0,9,0,0,0.14126107218912998,0,902,0.03361783012187395,1,1,0,0,0,0,0,0,0,1,0,1,0,1,5960.5,0,1,0,1,4,1,1,0,0.20199510634293244,0,1,0,0,0,0,0,0,0,0,0
2021-11-01,51,206789,628,0,4,30,21455,12,2,4,1,685,0.4394274921524506,4,0,0,1,1,97,10,8846,2131,50383,5945,17232.416666666668,0.8626175135925722,7,44438,0.1474934399013804,0.1597570407206772,1946.3838888187445,0.0397483571162615,0.1526907832448824,1,1.4632751672416835,1,1,49,0,0,0.11799380755795491,0,10977,0.5116051454138703,1,1,0,0,0,0,0,0,0,1,0,0,0,1,16547.416666666668,0,1,1,1,4,1,0,0,0.10375259925528314,1,1,0,0,1,1,0,0,0,0,0
2021-11-02,37,24945,592,0,3,14,27573,84,1,3,3,113,0.2833458215647433,1,0,0,2,0,93,22,2635,74,102620,25125,2078.75,0.7489555644104348,4,77495,0.1895561571446828,0.1788117349882631,577.6060308804128,0.0543334535400889,0.3320620415340367,0,1.1820244051657374,1,0,16,0,0,0.2448329289326746,0,2709,0.09824472329005585,1,1,0,0,0,0,0,0,0,1,0,0,1,0,1965.75,0,1,1,0,1,0,1,0,1.1053074641225047,0,1,0,0,0,0,0,0,0,0,1
2021-11-02,30,47662,575,0,3,10,9114,48,1,1,0,545,0.0986002264681386,3,1,0,4,0,97,13,6458,1162,102153,14636,3971.8333333333335,0.6995140562043454,4,87517,0.1857794191717781,0.1835579386002358,269.4211770205021,0.1371816923270545,0.2049975694140627,1,1.0465707261780262,1,0,16,0,0,0.14327388061162558,0,7620,0.8359846407021393,1,1,0,0,0,0,0,0,0,1,0,1,0,0,3426.8333333333335,0,1,0,0,1,0,1,0,0.1912175062417389,1,1,0,0,0,0,1,0,0,0,1
2021-11-04,46,19229,550,0,1,21,18509,60,1,2,0,57,0.2923617815433982,4,1,0,2,0,91,11,624,273,21085,24575,1602.4166666666667,0.7154197231153474,5,5108,0.2024565166013918,0.1713177466989334,461.30878994006406,0.035549087885245,0.3232527144784974,1,3.0045436695121244,1,1,25,0,0,1.1654652375984065,0,897,0.04846029173419773,1,1,0,0,0,0,0,0,0,1,0,1,0,0,1545.4166666666667,0,1,0,0,3,0,1,0,0.9625065002600104,0,1,0,0,0,0,0,0,0,0,1
2021-11-05,29,59354,506,0,4,4,17416,36,1,0,2,403,0.0294899218718279,2,3,0,0,0,100,16,2360,4421,17550,98403,4946.166666666667,0.9653085720295432,6,8439,0.2164413005049329,0.1771093553940044,627.1075250807437,0.0814607687902166,0.2082217144656693,1,2.378704130153128,1,1,36,0,0,5.606689077545439,0,6781,0.38933226158351036,1,1,1,0,0,0,0,0,0,1,1,0,0,0,4543.166666666667,0,0,0,0,4,1,0,0,0.29342094179091904,0,2,0,0,0,0,0,0,1,0,1
2021-11-06,40,37838,649,0,2,16,131130,300,2,0,1,90,0.0839949752179129,1,0,0,3,0,100,26,2818,893,159520,34702,3153.1666666666665,0.8186173775280994,2,124818,0.2334459880256291,0.25,2737.510116992326,0.0285336856010568,0.8964364968007374,0,2.33301567817591,0,0,4,0,0,0.21753875665272912,0,3711,0.028299944330478683,1,0,0,0,0,0,0,0,0,1,0,0,0,0,3063.1666666666665,0,0,0,0,5,1,1,1,3.4654721319273767,0,0,0,0,0,0,0,0,0,0,0
2021-11-06,39,42108,568,0,4,16,6067,24,1,0,3,312,0.3519193413955603,4,2,0,1,0,99,15,1971,497,15909,10821,3509.0,0.6694493384297511,3,5088,0.1811776960851171,0.1718707966401795,300.5118710232509,0.0888888888888888,0.1745048065593307,1,1.215270083138963,1,0,9,0,0,0.6801382778126964,0,2468,0.4067237969676994,1,1,0,0,0,0,0,0,0,1,0,0,1,0,3197.0,0,0,0,0,4,1,0,0,0.1440784630364055,1,1,0,0,0,0,1,0,0,0,1
2021-11-07,53,25756,621,0,1,27,151875,300,1,0,1,278,0.2306124907741467,3,3,0,3,0,94,18,3023,1264,31723,54107,2146.333333333333,0.9523505925219314,4,5795,0.2474827049193543,0.25,3170.589102556314,0.1294628997205836,1.605986853099805,0,4.028584267593542,1,0,16,0,0,1.7055541545832809,0,4287,0.028226974637204034,1,1,1,0,0,0,0,0,0,1,0,0,0,0,1868.333333333333,0,0,0,0,3,0,1,1,5.896455332530962,0,2,0,0,0,0,0,0,0,0,1
2021-11-08,45,79086,610,0,1,23,21083,48,1,2,0,642,0.3676795082905871,4,0,0,0,1,98,12,6347,1104,49353,5697,6590.5,0.8780121069314046,8,43656,0.1684890674344937,0.1528174655584451,589.7711268860508,0.0973981643025108,0.1868726582547296,1,1.94581515836556,1,1,64,0,0,0.1154313733435993,0,7451,0.3533959400493265,1,1,0,0,0,0,0,0,0,1,0,1,0,1,5948.5,0,1,0,0,3,0,1,0,0.26657984245198324,0,1,0,0,1,1,0,0,0,0,1
2021-11-09,39,74882,539,0,3,19,31811,48,2,0,3,845,0.2057253225483843,1,1,0,0,0,97,3,2682,873,62432,12233,6240.166666666667,0.4841322655533197,7,50199,0.2040918997140192,0.2003937562720506,968.6877488933994,0.1353913531123988,0.2906007555574651,1,1.429452844685844,1,1,49,0,0,0.19593804558486697,0,3555,0.11175028291210864,1,1,0,0,0,0,0,0,0,1,0,0,1,1,5395.166666666667,0,0,0,0,1,0,1,0,0.42480936928274776,0,1,0,0,0,0,1,0,0,0,0
2021-11-10,49,58619,634,0,3,26,12789,60,0,3,1,1105,0.3699465053948294,5,0,0,1,0,100,28,477,1668,57048,21897,4884.916666666667,0.88138813157943,8,35151,0.1603641047236432,0.1667218867573394,315.5897260992545,0.2261602224079411,0.2907519352081842,1,1.4036800336581865,1,1,64,0,0,0.3838279373871584,0,2145,0.16770914777169663,1,0,0,0,0,0,0,0,0,1,0,0,0,0,3779.916666666667,0,1,1,0,1,0,1,0,0.21816786079836234,1,0,0,0,0,0,0,0,0,0,0
2021-11-10,56,29359,640,0,0,29,3431,24,1,1,3,193,0.5046272750382182,3,0,0,4,0,99,21,6860,2828,116144,12720,2446.583333333333,0.9514349582754044,5,103424,0.1450352246151519,0.1460552389802821,165.71536701665408,0.0788532906608559,0.1465590005175121,0,2.33760466941549,1,1,25,0,0,0.10951827457057987,0,9688,2.8228438228438226,1,1,0,0,0,0,0,0,0,1,0,0,1,0,2253.583333333333,0,1,0,0,2,0,0,0,0.11685967302452316,1,1,0,0,0,0,0,0,0,0,1
2021-11-12,46,166414,642,0,1,26,17042,24,1,1,0,4105,0.4799552945385919,3,2,0,4,0,93,24,4373,7502,283144,45592,13867.833333333334,0.8698693258756518,7,237552,0.1444358737103063,0.1411908345184893,819.1946094456558,0.2959874058139954,0.3550547108826017,1,1.1438178270794983,1,1,49,0,0,0.16101997209910116,0,11875,0.6967670011148273,1,0,0,0,0,0,0,0,0,1,0,1,0,1,9762.833333333334,0,1,0,0,3,0,0,0,0.10240663401736623,1,0,0,0,0,0,0,0,0,0,1
2021-11-14,40,4294,609,2,1,18,247084,240,1,1,2,179,0.2154250496172707,3,0,0,3,0,100,22,1278,579,56221,23750,357.8333333333333,0.6638495498615802,4,32471,0.2336043719214914,0.2367785028663866,4920.576708557052,0.4988388295401765,3.0,0,7.794645253893157,1,0,16,0,1,0.4224324997332005,0,1857,0.0075156322722949595,1,1,0,0,0,0,0,0,0,1,1,0,0,0,178.83333333333331,1,1,0,0,3,0,1,1,57.52828870779977,0,3,1,0,0,0,1,0,0,0,1
2021-11-15,24,15000,559,0,1,1,148028,300,1,1,0,259,0.1571624689955023,3,3,0,3,0,96,25,131,5151,23659,30699,1250.0,0.813043116656176,4,2679,0.2784762908698743,0.25,3090.277950111645,0.2070343725019984,2.6772805356607874,0,8.009292921057776,1,0,16,0,0,1.297506339814032,0,5282,0.03568219740726479,1,0,1,0,0,0,0,0,0,1,0,1,0,0,991.0,1,1,0,0,3,0,1,1,9.867875474968335,0,2,0,0,0,0,0,0,1,0,1
2021-11-16,27,46755,557,0,3,5,17402,36,2,1,3,243,0.0791090751498974,4,1,0,1,0,100,12,2412,431,79130,25899,3896.25,0.9429232873816144,8,53231,0.1909410994710335,0.188898370762664,636.9192192809235,0.0623516582205401,0.2257795161411055,1,1.584127674177809,1,1,64,0,0,0.3272927171399325,0,2843,0.16336263862552433,1,1,0,0,0,0,0,0,0,1,0,0,1,0,3653.25,0,1,0,1,1,0,0,0,0.37218752673453676,1,1,0,0,0,0,0,0,1,0,0
2021-11-16,36,23643,626,0,1,15,35503,180,1,1,1,375,0.1923605684754764,2,1,0,2,0,92,29,1364,213,45152,58160,1970.25,0.8602858383859006,8,8021,0.2046193501612931,0.208654394288418,646.3543525392255,0.1902346227013316,0.5181252263990999,1,2.354379385614552,1,1,64,0,0,1.2880650233650035,0,1577,0.044417530419107704,1,0,0,0,0,0,0,0,0,1,0,0,0,0,1595.25,0,1,0,0,3,0,1,0,1.5015648790390796,0,0,0,0,0,0,0,0,0,0,1
2021-11-18,32,68436,522,0,3,7,17681,60,2,2,2,813,0.2439966861902898,2,1,0,0,0,98,27,4144,1519,38204,8491,5703.0,0.9681970382728304,5,29713,0.2164450756129914,0.2268487886450912,495.239803307948,0.142531556802244,0.2293548042264986,1,1.802593094058652,1,1,25,0,0,0.2222483968067007,0,5663,0.32026920031670625,1,0,0,0,0,0,0,0,0,1,1,0,0,1,4890.0,0,1,0,1,1,0,1,0,0.25835439893624795,0,0,0,0,0,0,0,0,0,0,0
2021-11-22,37,32481,580,0,0,10,10814,24,2,2,3,478,0.3456978070821123,4,1,0,1,0,96,1,34522,2837,123798,4422,2706.75,0.7652523161850882,4,119376,0.1753221723345968,0.1720835858204461,535.7519244216273,0.1765303296094543,0.374389040502863,0,2.46414042067196,1,0,16,0,0,0.03571918997730192,0,37359,3.454368932038835,1,1,0,0,0,0,0,0,0,1,0,0,1,0,2228.75,0,1,0,1,2,0,0,0,0.33292284957822793,1,1,0,0,0,0,0,0,0,0,0
2021-11-23,40,10086,583,2,1,17,15207,36,2,2,0,165,0.0512938349411076,2,2,0,2,0,97,5,475,128,18261,47889,840.5,0.7263048963122731,8,7242,0.177907394221042,0.1506728104156235,527.6568257805459,0.196078431372549,0.8231215992638692,0,3.474792223572761,1,1,64,0,0,2.6223305223962328,0,603,0.03965018411362441,1,1,0,0,0,0,0,0,0,1,0,1,0,0,675.5,1,1,0,1,3,0,0,0,1.5075840190344008,0,2,0,0,0,0,0,0,0,0,0
2021-11-23,46,140924,582,0,1,25,20395,12,0,2,1,531,0.3442807364940006,3,2,0,4,0,94,20,16710,15642,34957,11139,11743.666666666666,0.5562364344220103,4,23818,0.1704807735205437,0.1651405136676108,1855.4207568638808,0.0452120111256173,0.2031918678149412,1,1.3452799321806337,1,0,16,0,0,0.31863951026946624,0,32352,1.5861933712492646,1,1,0,0,0,0,0,0,0,1,0,0,0,1,11212.666666666666,0,1,0,0,3,0,0,0,0.1447223700549938,1,1,0,0,0,0,1,0,0,0,0
2021-11-23,39,34812,552,1,2,20,17355,60,1,3,3,309,0.2043876946516615,4,0,0,2,0,98,8,3065,158,49200,8583,2901.0,0.9220646899540133,6,40617,0.2014404233867295,0.1652180986323173,426.8667115615751,0.1064782908339076,0.2535722644939955,0,2.9522121104200583,1,1,36,0,0,0.17444767382776774,0,3223,0.18569946992394562,1,1,0,0,0,0,0,0,0,1,0,0,1,0,2592.0,0,1,1,0,5,1,1,0,0.4985206675667136,0,1,0,0,0,0,0,0,0,0,1
2021-11-26,45,34543,531,0,3,22,18347,60,0,0,3,104,0.063472091928239,3,1,0,0,0,94,29,914,587,136000,26291,2878.583333333333,0.7006983489719057,4,109709,0.2119543189639292,0.1902528610327502,476.1865973092425,0.0361163362755028,0.2014828293361571,1,2.28049537915878,1,0,16,0,0,0.1933147550385659,0,1501,0.08180728144756921,1,0,0,0,0,0,0,0,0,1,0,0,1,0,2774.583333333333,0,0,0,0,1,0,1,0,0.5311197313571098,0,0,0,0,0,0,0,0,0,0,0
2021-11-28,40,46200,562,0,0,15,33231,120,2,5,3,275,0.2464951316705583,4,0,0,2,0,92,5,5396,1055,110640,28673,3850.0,0.8347154283212412,6,81967,0.2166028171365289,0.207491911038436,658.800444281254,0.0714100233705531,0.2424825874529353,1,1.513695561174503,1,1,36,0,0,0.25915347836697067,0,6451,0.19412012518054886,1,1,0,0,0,0,0,0,0,1,0,0,1,0,3575.0,0,1,1,1,2,0,1,0,0.7192701456678426,0,1,0,0,0,0,0,0,0,0,0
2021-11-28,18,101424,590,0,0,0,20457,24,2,1,3,788,0.2962977815722781,1,0,0,1,0,94,25,4491,805,159667,68435,8452.0,0.8663671237627755,6,91232,0.1704815323207542,0.1936772045272402,1034.8675715376394,0.0932213415355495,0.2156474117517614,0,1.2249889691000104,1,1,36,0,0,0.4286081118320515,0,5296,0.2588718349789813,1,0,0,0,0,0,0,0,0,1,0,0,1,1,7664.0,0,1,0,1,2,0,0,0,0.2016958343603648,1,0,0,0,0,0,0,0,1,0,0
2021-12-01,28,27107,506,0,0,6,24107,84,0,2,0,628,0.3531945521174733,3,1,0,2,0,94,18,3394,279,29921,25284,2258.9166666666665,0.6910144620151086,6,4637,0.2325225747536507,0.2366923283166776,589.8278916479836,0.2778863527416202,0.5388817692310116,0,1.9415625083916097,1,1,36,0,0,0.8449969921796672,0,3673,0.1523560643769703,1,1,0,0,0,0,0,0,0,1,0,1,0,0,1630.9166666666665,0,1,0,0,2,0,1,0,0.889294673159215,0,1,0,0,0,0,1,0,1,0,0
2021-12-01,38,5246,548,2,4,17,32318,120,1,2,2,189,0.2337832830144753,6,1,1,2,0,96,8,6354,729,333186,23473,437.1666666666667,0.8198046351934478,8,309713,0.2235958526428905,0.2075336699936727,640.7907387100508,0.4313427158615442,1.893778787470637,0,7.781797793937995,1,1,64,0,1,0.07044992751818048,0,7083,0.21915900863269283,1,1,0,0,1,0,0,0,0,1,1,0,0,0,248.16666666666669,1,1,0,0,4,1,1,0,6.159329140461216,0,3,1,1,0,1,0,0,0,0,1
2021-12-02,25,63174,542,0,1,5,16008,24,0,2,0,478,0.5665409313038217,3,2,0,4,0,99,13,3833,5127,43567,11561,5264.5,0.8945761641563327,4,32006,0.1944202265857695,0.1881653299683412,805.5149469997556,0.0907796030766309,0.2437593670116333,1,1.6729525702793588,1,0,16,0,0,0.2653553066470804,0,8960,0.559685177087888,1,1,0,0,0,0,0,0,0,1,0,1,0,0,4786.5,0,1,0,0,3,0,0,0,0.2533913731697665,1,1,0,0,0,0,0,0,1,0,0
2021-12-02,47,5437,610,2,4,23,16131,36,2,5,0,156,0.1611639154577381,2,0,0,2,0,94,17,675,39,108034,102545,453.0833333333333,0.8778611252250672,5,5489,0.1644221400389983,0.1642290418713279,570.4918231643127,0.343549275096348,1.5999085846892551,0,4.983470565529614,1,1,25,0,0,0.9491831350951081,0,714,0.044259856186461694,1,1,0,0,0,0,0,0,0,1,0,1,0,0,297.0833333333333,1,1,1,1,4,1,0,0,2.9663479220301583,0,2,0,0,0,0,0,0,0,0,0
2021-12-03,58,48026,629,0,3,34,14053,36,0,0,3,173,0.4144194874290902,2,2,0,0,0,99,8,7174,1104,73092,70307,4002.1666666666665,0.7696614782975453,3,2785,0.154887665582938,0.1431094844001892,482.423312944373,0.0432157875015612,0.1637262116518688,1,2.203361221739532,1,0,9,0,0,0.9618841749551941,0,8278,0.5890138038992457,1,1,0,0,0,0,0,0,0,1,0,0,1,0,3829.1666666666665,0,0,0,0,1,0,0,0,0.2926062423220272,0,1,0,0,0,0,0,0,0,0,0
2021-12-06,54,28019,517,0,4,35,7645,48,1,1,3,206,0.2526082913852486,2,0,0,1,0,98,25,5910,480,28818,3919,2334.9166666666665,0.6675544466253961,6,24899,0.2147354844785641,0.25,253.48624522029573,0.0881880774856409,0.1967048961022992,1,1.831783089468446,1,1,36,0,0,0.13598667545716367,0,6390,0.835731101229401,1,0,0,0,0,0,0,0,0,1,0,0,1,0,2128.9166666666665,0,1,0,0,4,1,1,0,0.2728408279800143,1,0,0,0,0,0,1,0,0,0,1
2021-12-07,37,181129,616,0,3,11,27589,36,2,0,0,1061,0.5503292613017802,2,0,0,1,0,100,27,3697,3662,43367,92143,15094.083333333334,0.952144480367018,6,7767,0.1615563021668028,0.1642618437028448,975.7623265594392,0.0702877868621681,0.1349288560773832,1,1.315749839448469,1,1,36,0,0,2.1246771813318577,0,7359,0.26672707502718374,1,0,0,0,0,0,0,0,0,1,0,1,0,1,14033.083333333334,0,0,0,0,1,0,0,0,0.15231601612101806,1,0,0,0,0,0,0,0,0,0,0
2021-12-08,57,29070,629,0,4,33,158549,300,1,0,3,126,0.1530428719378806,3,3,0,3,0,95,3,964,406,108149,12530,2422.5,0.5734197966405689,9,95619,0.2434934563199916,0.2492575697586246,3300.2129514407293,0.0519909222199298,1.4137458021212004,1,4.11510149831702,1,1,81,0,0,0.11585760517799353,0,1370,0.008640807316304006,1,1,1,0,0,0,0,0,0,1,0,0,1,0,2296.5,0,0,0,0,4,1,1,1,5.453854356575281,0,2,0,0,0,0,1,0,0,0,1
2021-12-09,41,42430,613,0,0,16,28791,60,1,2,2,165,0.305973170454672,1,4,1,0,0,100,18,4351,224,103251,65790,3535.833333333333,0.7277573426552871,3,37461,0.1710669632124397,0.1791107338608864,729.7100926531945,0.0466519014184062,0.2529692547909696,1,2.536428407127341,1,0,9,0,0,0.6371789408437609,0,4575,0.15889830508474576,1,1,1,0,0,0,0,0,0,1,1,0,0,0,3370.833333333333,0,1,0,0,2,0,1,0,0.6785369187622258,0,2,0,1,0,1,0,0,0,0,1
2021-12-09,35,43944,602,0,0,15,15085,36,2,0,2,243,0.2526075457933585,1,2,0,1,0,96,12,2009,3944,84983,33306,3662.0,0.7897983634870969,3,51677,0.1684053806101034,0.142481582406376,517.3895793030357,0.0663390663390663,0.2075865627362914,1,1.1794690300381696,1,0,9,0,0,0.3919090652358091,0,5953,0.3946042688585443,1,1,0,0,0,0,0,0,0,1,1,0,0,0,3419.0,0,0,0,0,2,0,0,0,0.34326999658664237,1,1,0,0,0,0,0,0,0,0,0
2021-12-14,32,133207,595,0,1,12,35886,72,3,3,0,971,0.3327324915285832,4,0,0,0,0,99,13,2677,8153,190311,59352,11100.583333333334,0.9312097369930216,9,130959,0.1841220325979761,0.1918025712659983,842.6048166217689,0.087465001238562,0.1633645185706335,1,0.9993224422234428,1,1,81,0,0,0.3118668292067762,0,10830,0.30178058907125144,1,1,0,0,0,0,0,0,0,1,0,1,0,1,10129.583333333334,0,1,1,0,3,0,1,0,0.2693982343402799,0,1,0,0,0,0,0,0,0,0,0
2021-12-16,36,25794,485,0,4,14,12671,36,1,2,3,144,0.2913708469654383,2,4,0,1,0,100,21,2311,446,214388,55272,2149.5,0.9855531734044826,5,159116,0.2268617875285135,0.2382978940402842,495.9877730935051,0.0669611718205068,0.2975995224801233,1,2.1534885431994715,1,1,25,0,0,0.25781173474385344,0,2757,0.21756628787878787,1,1,1,0,0,0,0,0,0,1,0,0,1,0,2005.5,0,1,0,0,4,1,0,0,0.49121922853266137,1,2,0,0,0,0,0,0,0,0,1
2021-12-16,35,140077,540,0,3,11,24547,48,1,1,1,585,0.1934080609343925,4,2,0,0,0,100,9,14308,1650,49802,35239,11673.083333333334,0.658647951326103,3,14563,0.2035270964158772,0.2016783823712366,749.1709371652952,0.0501110008637366,0.1142848563840382,1,1.6752104163658972,1,0,9,0,0,0.7075678171997671,0,15958,0.6500733257291836,1,1,0,0,0,0,0,0,0,1,0,0,0,1,11088.083333333334,0,1,0,0,1,0,1,0,0.17523808164022903,0,1,0,0,0,0,1,0,0,0,1
2021-12-20,42,11026,571,2,0,16,5896,24,2,1,0,186,0.2713170878779123,5,0,0,4,0,96,24,640,178,27204,45239,918.8333333333334,0.7732159568532307,7,8728,0.1796705497565001,0.2032357503408446,301.0144681353456,0.2022105453886573,0.5294594688914791,1,2.7497858981828154,1,1,49,0,0,1.6628928505789378,0,818,0.13871460064439545,1,0,0,0,0,0,0,0,0,1,0,1,0,0,732.8333333333334,1,1,0,1,2,0,0,0,0.5346875850185907,1,1,0,0,0,0,0,0,0,0,0
2021-12-22,41,69223,477,0,4,17,123813,360,1,0,3,640,0.6528502586526819,6,1,0,3,0,93,16,3841,100,19069,9687,5768.583333333333,0.7960212163686923,5,9382,0.3394316339296152,0.25,2580.979346624083,0.1109265544883368,0.5582689703110999,0,2.050692243946629,1,1,25,0,0,0.5079706345044572,0,3941,0.03183000306911981,1,1,0,0,1,0,0,0,0,1,0,0,1,1,5128.583333333333,0,0,0,0,4,1,1,1,1.7885848838553102,0,1,0,0,0,0,0,0,0,0,1
2021-12-23,40,28621,460,0,0,18,112717,360,2,4,0,214,0.0746439014157886,2,1,0,3,0,94,1,839,782,95673,516978,2385.083333333333,0.9366877419958825,3,8425,0.3479081611008337,0.25,2349.6745011705293,0.0896867251073935,1.0744278983706337,0,4.118032642148631,1,0,9,0,0,5.403537011100195,0,1621,0.014381021664685321,1,1,0,0,0,0,0,0,0,1,0,1,0,0,2171.083333333333,0,1,1,1,2,0,1,1,3.9381245196003074,0,1,0,0,0,0,0,0,0,0,0
2021-12-25,45,57644,596,0,3,25,31103,60,1,2,3,307,0.2244478894027207,0,2,0,0,0,94,1,1006,2415,244812,11002,4803.666666666667,0.7835182399876742,9,233810,0.179586272926815,0.1855117375580303,799.1671957900518,0.0638962120160954,0.2302276666692212,0,1.188426018833102,1,1,81,0,0,0.04494042391539665,0,3421,0.10998585390946503,1,1,0,0,0,0,0,0,0,1,0,0,1,0,4496.666666666667,0,1,0,0,1,0,1,0,0.5395611067742215,0,1,0,0,0,0,0,0,0,0,1
2021-12-26,54,30801,535,0,0,29,29467,120,1,1,1,292,0.2101799613233577,3,2,0,2,0,94,8,977,678,75119,33333,2566.75,0.9375304541951928,4,41786,0.2300727650519506,0.2271618568150694,623.5066901998961,0.1137182358095609,0.3565404304156931,0,2.5961649076899045,1,0,16,0,0,0.4437300319488818,0,1655,0.0561626170761504,1,1,0,0,0,0,0,0,0,1,0,0,0,0,2274.75,0,1,0,0,2,0,1,0,0.9566586585286669,0,1,0,0,0,0,0,0,0,0,1
2021-12-28,51,99848,573,0,0,30,24324,36,1,0,3,641,0.4151483173817741,3,0,0,0,0,96,3,5611,1758,50621,24344,8320.666666666666,0.9352985995588452,2,26277,0.1830248149767635,0.1878118873147102,888.9323540320923,0.0770278389745644,0.1838492714639005,1,1.6000065387986449,0,0,4,0,0,0.4808976334400063,0,7369,0.3029393627954779,1,1,0,0,0,0,0,0,0,1,0,0,1,1,7679.666666666666,0,0,0,0,2,0,0,0,0.24360784785025388,0,1,0,0,0,0,0,0,0,0,1
2021-12-28,22,26587,570,0,4,0,158268,300,1,1,2,103,0.7136000876101437,2,0,0,3,1,98,14,317,583,167437,33103,2215.583333333333,0.8297187788353393,7,134334,0.2729930128489977,0.25,3304.0513322362654,0.0464679123275311,1.5370734233179888,0,5.397812627002631,1,1,49,0,0,0.19770303037542256,0,900,0.005686521049605419,1,1,0,1,0,0,0,0,0,1,1,0,0,0,2112.583333333333,0,1,0,0,4,1,1,1,5.952610200090266,0,2,0,0,1,1,0,0,1,0,1
2021-12-29,18,36288,565,0,1,0,13991,60,2,0,0,430,0.5053683029846482,5,2,1,1,0,99,14,1239,296,25878,7767,3024.0,0.8556830851920966,4,18111,0.1948865602541745,0.1850044024495262,359.09930259958145,0.1421487603305785,0.2608592735866385,1,3.7373563899767706,1,0,16,0,0,0.30012751651918546,0,1535,0.10970554602630074,1,1,0,0,0,0,0,0,0,1,0,1,0,0,2594.0,0,0,0,0,3,0,1,0,0.385543828708424,1,1,0,1,0,1,0,0,1,0,0
2021-12-31,51,36367,646,0,1,25,29030,60,3,3,0,306,0.2091131198509908,3,1,0,0,0,99,17,2072,423,54230,22598,3030.583333333333,0.7655012905622655,6,31632,0.1545690298758872,0.1348145547652284,667.6985166185808,0.1009373539679485,0.3211848099019481,0,1.576116717012341,1,1,36,0,0,0.4166989360328963,0,2495,0.08594261306878853,1,1,0,0,0,0,0,0,0,1,0,1,0,0,2724.583333333333,0,1,1,0,3,0,1,0,0.7982292124945006,0,1,0,0,0,0,0,0,0,0,0
2022-01-02,23,26128,468,0,2,0,20344,36,2,2,0,173,0.0774933177449228,1,0,0,2,0,99,26,4503,424,20908,9805,2177.333333333333,0.9447313950516376,1,11103,0.2354801476151089,0.2315036382150848,789.1058244607706,0.0794185156847742,0.4416706156667653,1,3.918411463799826,0,0,1,0,0,0.46893682146444116,0,4927,0.24217252396166133,1,0,0,0,0,0,0,0,0,1,0,1,0,0,2004.333333333333,0,1,0,1,5,1,0,0,0.7785984920969038,0,0,0,0,0,0,0,0,1,0,0
2022-01-02,37,69804,457,0,0,15,15103,48,2,1,1,224,0.1162622973489251,2,0,0,1,0,96,1,2665,2689,115770,4179,5817.0,0.7815757523049387,3,111591,0.2449056787220963,0.2487952771951214,499.7578340106108,0.0385012031625988,0.1243997652132366,1,2.2677540114368324,1,0,9,0,0,0.03609712276822347,0,5354,0.3544756355932203,1,1,0,0,0,0,0,0,0,1,0,0,0,1,5593.0,0,1,0,1,2,0,1,0,0.21635985960891055,1,1,0,0,0,0,0,0,0,0,0
2022-01-02,25,44331,487,0,3,4,17103,12,1,3,3,215,0.5436366473797185,1,0,0,1,0,98,4,665,3379,19353,14352,3694.25,0.9573814456826693,8,5001,0.2179367669083162,0.1841527676038604,1571.3850658864767,0.0581828022461267,0.4834273908088699,1,2.640391455928328,1,1,64,0,0,0.7415521339258034,0,4044,0.23643592142188963,1,1,0,0,0,0,0,0,0,1,0,0,1,0,3479.25,0,1,1,0,1,0,0,0,0.3857935577009835,1,1,0,0,0,0,0,0,1,0,1
2022-01-03,18,75666,473,0,3,0,19419,36,1,0,3,1466,0.0858940479885045,6,0,0,0,0,96,6,3202,1155,161702,133139,6305.5,0.791087734520197,7,28563,0.2329685146854613,0.2413516740029938,763.241620286188,0.2324585744866407,0.353483171376546,1,1.8301933994663573,1,1,49,0,0,0.8233551634787233,0,4357,0.22435633367662203,1,1,0,0,1,0,0,0,0,1,0,0,1,1,4839.5,0,0,0,0,1,0,0,0,0.25663763595755085,0,1,0,0,0,0,0,0,1,0,1
2022-01-03,46,18995,581,0,0,23,38196,36,3,1,3,75,0.0773136465209656,3,2,0,2,1,97,25,562,128,40130,12842,1582.9166666666667,0.6511830123737221,3,27288,0.1791376280643698,0.1899314228678425,1399.9809097150312,0.0473509759562266,0.9312238078907968,1,4.927049762366559,1,0,9,0,0,0.32000199347138125,0,690,0.018064245883184542,1,0,0,0,0,0,0,0,0,1,0,0,1,0,1507.9166666666667,0,1,0,0,2,0,0,0,2.0107391029690462,0,0,0,0,1,1,1,0,0,0,0
2022-01-03,49,87822,537,0,3,26,30150,36,3,2,1,547,0.0810553768564922,5,1,0,0,0,96,15,7961,1747,422127,34218,7318.5,0.8408226401361589,0,387909,0.2010784933422753,0.2281274486338337,1164.157569158241,0.0747318805929366,0.2337806638647777,1,0.5686923985591688,0,0,0,1,0,0.08106072091877345,0,9708,0.3219793705018076,1,1,0,0,0,0,0,0,0,1,0,0,0,1,6771.5,0,1,0,0,1,0,0,0,0.3433041458387894,0,2,0,0,0,0,0,0,0,0,0
2022-01-03,33,274391,574,0,4,12,13146,12,0,0,1,1000,0.2601904926173359,5,3,0,1,0,96,21,6378,24590,30968,37318,22865.916666666668,0.887024751611659,3,7023,0.1743709872186741,0.1871476770959164,1209.701542604986,0.043731300313772,0.096633121763464,1,1.089108113052809,1,0,9,0,0,1.2050114630759792,0,30968,2.3555183692097055,1,1,1,0,0,0,0,0,0,1,0,0,0,1,21865.916666666668,0,0,0,0,4,1,0,0,0.04790956004548238,1,2,0,0,0,0,0,0,0,0,0
2022-01-03,18,9395,596,2,1,0,22222,36,1,1,1,189,0.3528196701357068,6,1,0,1,0,95,13,59,126,78372,53788,470.8333333333333,0.6627213573182353,10,24584,0.1715022207668954,0.1750550188361321,797.8768005233328,0.4005651713175556,2.0915792310632275,0,6.247333867130019,1,1,100,0,0,0.6863077845686653,0,185,0.008324708635197768,1,1,0,0,1,0,0,0,0,1,0,0,0,0,281.8333333333333,1,1,0,0,3,0,0,0,2.36504895700298,1,2,0,0,0,0,1,0,1,0,1
2022-01-05,33,134228,607,0,3,10,41035,36,2,2,3,448,0.0980835099783489,5,1,0,0,0,91,23,280994,6249,287243,26658,11185.666666666666,0.8351540334667624,0,260585,0.1661555512523019,0.1514712078667823,1425.4499278957514,0.0400476758045292,0.1674716860455082,1,0.772531798612222,0,0,0,1,0,0.09280611605464344,0,287243,6.999780680378205,1,1,0,0,0,0,0,0,0,1,0,0,1,1,10737.666666666666,0,1,0,1,1,0,0,0,0.30570890046115223,0,2,0,0,0,0,0,0,0,0,0
2022-01-06,44,47239,614,0,1,26,185153,360,1,1,3,364,0.3019388889307781,1,0,0,3,0,96,9,2842,3449,38167,52340,3936.5833333333335,0.6433011261983407,6,3671,0.2710322357975533,0.25,3859.659881963032,0.0924424879896721,1.0726528239308455,0,3.093011927842984,1,1,36,0,0,1.3713058059107106,0,6291,0.03397712174730225,1,1,0,0,0,0,0,0,0,1,0,0,1,0,3572.5833333333335,0,1,0,0,3,0,1,1,3.919411515664691,0,1,0,0,0,0,1,0,0,0,1
2022-01-07,22,19170,542,0,1,0,72997,240,2,1,3,69,0.3614158025001845,1,3,0,3,0,98,21,1093,256,479659,36170,1597.5,0.8224854558370609,2,443489,0.2667995468306237,0.25,1531.6349149905743,0.0431654676258992,1.0013355739697056,1,4.289888715090524,0,0,4,0,0,0.07540758036942835,0,1349,0.018479958355023425,1,1,1,0,0,0,0,0,0,1,0,0,1,0,1528.5,0,1,0,1,3,0,1,0,3.8076782640446507,0,2,0,0,0,0,0,0,1,0,0
2022-01-08,42,51185,651,0,4,21,18324,48,2,2,3,379,0.1708137018140376,2,0,0,0,0,99,7,571,487,287196,109012,4265.416666666667,0.7060976457241285,3,178184,0.1479540053816887,0.1362223735038639,497.26492599592655,0.0888333300779342,0.205386626402936,1,0.5144501851983062,1,0,9,0,0,0.37957221001612135,0,1058,0.05773533424283765,1,1,0,0,0,0,0,0,1,0,0,0,1,0,3886.416666666667,0,1,0,1,4,1,1,0,0.3579885124838823,0,1,0,0,0,0,0,0,0,0,0
2022-01-09,39,101243,559,0,4,19,33210,84,2,1,2,516,0.1536341951428362,4,1,0,2,0,98,25,1221,3454,113064,9697,8436.916666666666,0.7756932193333825,9,103367,0.2061026591063324,0.2038502777709222,745.1864374664207,0.0611525356772505,0.1494665670791274,1,0.9916368305883378,1,1,81,0,0,0.08576482554282934,0,4675,0.14076661347144018,1,0,0,0,0,0,0,0,0,1,1,0,0,1,7920.916666666666,0,1,0,1,4,1,1,0,0.3280194381889297,0,0,0,0,0,0,0,0,0,0,0
2022-01-09,46,28528,602,1,1,27,12549,24,2,0,2,130,0.4611408906227506,3,1,0,1,0,94,6,1358,779,37036,59144,2377.333333333333,0.6696651859114642,1,5186,0.1643593689861399,0.1582100973746551,613.3653845162726,0.0546601261387526,0.3125572744987831,1,1.8908185493829968,0,0,1,0,0,1.5968895968895969,0,2137,0.1702788844621514,1,1,0,0,0,0,0,0,0,1,1,0,0,0,2247.333333333333,0,0,0,0,3,0,0,0,0.43986820428336076,1,1,0,0,0,0,1,0,0,0,0
2022-01-09,41,5836,588,2,1,22,17120,60,1,0,3,244,0.5803589715892977,5,0,0,0,0,95,9,1251,659,38720,31510,486.3333333333333,0.7802031966527326,5,7210,0.1834370152648012,0.2108739217730701,463.9955418895692,0.5006839945280438,1.4527952295955595,0,4.92729275429885,1,1,25,0,1,0.813770305518969,0,1910,0.11155890426961042,1,1,0,0,0,0,0,0,0,1,0,0,1,0,242.33333333333331,1,0,0,0,3,0,1,0,2.933013534349837,0,3,1,0,0,0,0,0,0,0,1
2022-01-10,28,59597,591,0,1,8,7900,48,1,1,3,374,0.1505234503535421,2,1,0,1,0,92,6,6276,9101,23827,13326,4966.416666666667,0.8231250654050042,9,10501,0.1777436861531806,0.1628822066581602,225.0560751898675,0.0752906440302638,0.1205971061799125,1,1.4957032764997469,1,1,81,0,0,0.5592580157797549,0,15377,1.9462093405897987,1,1,0,0,0,0,0,0,0,1,0,0,1,0,4592.416666666667,0,1,0,0,3,0,1,0,0.13255478371757443,1,1,0,0,0,0,0,0,1,0,1
2022-01-11,54,52479,634,0,1,33,9137,24,1,0,3,469,0.2705106988990563,1,1,0,4,0,99,11,3473,1190,99182,21684,4373.25,0.7118719078905912,2,77498,0.1482800492055308,0.1611973200073975,447.8988360618888,0.1072183802937646,0.2096128104387926,1,1.4182579091864933,0,0,4,0,0,0.21862617585674965,0,4663,0.5102867148172466,1,1,0,0,0,0,0,0,0,1,0,0,1,0,3904.25,0,0,0,0,3,0,0,0,0.17410442073170732,1,1,0,0,0,0,0,0,0,0,1
2022-01-14,38,57764,501,0,3,12,12252,60,0,3,3,525,0.1981495761167585,4,1,0,1,0,94,6,920,336,10706,130805,4813.666666666667,0.895138018088122,3,8396,0.2268533815209873,0.2173302333161307,336.5297531232707,0.1090418166712821,0.1789386083750908,1,2.3136215261384776,1,0,9,0,0,12.216774073036332,0,1256,0.1025055088549743,1,1,0,0,0,0,0,0,0,1,0,0,1,0,4288.666666666667,0,1,1,0,1,0,1,0,0.21210075305115555,1,1,0,0,0,0,0,0,0,0,0
2022-01-16,39,48954,607,0,3,18,79842,240,1,3,0,652,0.4470754290101499,0,3,0,3,1,98,3,208,1004,65807,20685,4079.5,0.6572632704074315,3,45122,0.2343219543713574,0.25,1675.2578172072476,0.1597843401543928,0.570336433576093,1,3.838318588161093,1,0,9,0,0,0.31432348650619985,0,1212,0.015179790338539384,1,1,1,0,0,0,0,0,0,1,0,1,0,0,3427.5,0,1,1,0,1,0,1,0,1.630926360943724,0,2,0,0,1,1,1,0,0,0,1
2022-01-16,28,52399,582,0,1,5,32013,36,0,1,3,202,0.1202313492937898,3,2,0,2,0,98,21,2473,1280,68386,56739,4366.583333333333,0.7996846540444009,4,11647,0.1785934821465266,0.1774398526859677,1153.239374920616,0.0462498330503138,0.3102950239271793,1,1.6949736397825212,1,0,16,0,0,0.8296752306724963,0,3753,0.1172299618916724,1,1,0,0,0,0,0,0,0,1,0,0,1,0,4164.583333333333,0,1,0,0,3,0,0,0,0.6109351145038168,0,1,0,0,0,0,0,0,1,0,0
2022-01-18,34,31615,553,0,3,11,42821,180,1,3,0,353,0.2784241554732437,3,2,0,2,0,94,29,967,2155,20279,29406,2634.583333333333,0.8444562744393028,8,7724,0.2411662018170497,0.25,914.4548386383352,0.1339361937584974,0.4809010675580997,0,2.931500734167505,1,1,64,0,0,1.45,0,3122,0.07290644995563028,1,0,0,0,0,0,0,0,0,1,0,1,0,0,2281.583333333333,0,1,1,0,1,0,1,0,1.3544091599190284,0,0,0,0,0,0,0,0,0,0,1
2022-01-19,29,48510,460,0,3,6,12104,36,2,1,3,345,0.1052982500316201,2,0,0,1,0,97,23,716,765,97081,87204,4042.5,0.7363485874951087,5,9877,0.239350343467343,0.25,481.252932708798,0.0853221219240756,0.2043410245353772,1,2.553554115891957,1,1,25,0,0,0.898250963103356,0,1481,0.12234613795952086,1,1,0,0,0,0,0,0,0,1,0,0,1,0,3697.5,0,1,0,1,1,0,0,0,0.2495104203170415,1,1,0,0,0,0,0,0,1,0,0
2022-01-20,37,25487,588,0,1,15,22083,60,2,0,0,149,0.2921338698494888,4,1,0,0,0,100,18,3044,325,40172,19349,2123.9166666666665,0.5398860021428157,4,20823,0.1835006521608509,0.177052922107942,557.2287219955598,0.0701203968783089,0.3323559615650307,1,2.081774350423184,1,0,16,0,0,0.481641898787743,0,3369,0.15255388516573085,1,1,0,0,0,0,0,0,0,1,0,1,0,0,1974.9166666666665,0,0,0,0,3,0,1,0,0.8664077212806026,0,1,0,0,0,0,1,0,0,0,0
2022-01-21,60,124158,655,0,3,40,21623,24,1,2,2,493,0.3706611788131336,6,3,0,0,0,95,14,1340,605,61640,63439,10346.5,0.8647592368883674,6,2755,0.137995389771989,0.1197648974209054,1017.6323043843504,0.0476443585407103,0.1459900753210292,1,0.1798246343853641,1,1,36,0,0,1.0291688973248325,0,1945,0.0899463559008509,1,1,1,0,1,0,0,0,1,0,1,0,0,1,9853.5,0,1,0,0,1,0,0,0,0.17415571968202062,0,2,0,0,0,0,0,0,0,0,1
2022-01-21,23,25137,571,0,1,0,25797,84,0,2,2,240,0.142693662282738,2,3,0,2,0,100,6,2431,834,54929,16285,2094.75,0.5953470011043663,8,38644,0.2000395130621312,0.2444722263563312,643.874699381066,0.1145174758439699,0.4217462480644475,0,3.1473129170602747,1,1,64,0,0,0.296468232295649,0,3265,0.12656019846499728,1,1,1,0,0,0,0,0,0,1,1,0,0,0,1854.75,0,1,0,0,3,0,1,0,1.0262152915904208,0,2,0,0,0,0,1,0,1,0,0
2022-01-23,20,103951,576,0,1,0,36394,84,2,0,0,463,0.0816230424924236,4,0,0,2,0,97,2,1324,56786,58110,28332,8662.583333333334,0.9419037012569949,8,29778,0.1976255466703881,0.2030813911641974,814.9384764247083,0.0534420899743177,0.1475069180102199,1,1.264469012135253,1,1,64,0,0,0.4875496893875514,0,58110,1.5966478911938453,1,1,0,0,0,0,0,0,0,1,0,1,0,1,8199.583333333334,0,0,0,0,3,0,1,0,0.3501038941049715,0,1,0,0,0,0,0,0,1,0,0
2022-01-23,57,58477,620,0,2,38,20889,12,0,1,1,535,0.2409659282778756,2,0,0,1,0,97,25,3489,898,44742,6863,4873.083333333333,0.9515661218183186,4,37879,0.1514867564636376,0.1358160452396648,1871.453305126212,0.1097642291712971,0.4937242842502785,1,1.315934830790673,1,0,16,0,0,0.15338712200791185,0,4387,0.210004786979416,1,0,0,0,0,0,0,0,0,1,0,0,0,0,4338.083333333333,0,1,0,0,5,1,0,0,0.3572112589349841,1,0,0,0,0,0,0,0,0,0,0
2022-01-25,37,53528,626,0,0,17,242402,180,1,0,2,991,0.2523805663401323,5,0,0,3,0,96,10,7108,1614,103236,8469,4460.666666666667,0.8941840531282942,8,94767,0.2050995892273346,0.1865756070583789,4018.909480603516,0.2221143070601419,1.1228784790295514,0,2.541051642719024,1,1,64,0,0,0.08203454187936496,0,8722,0.03598140287042652,1,1,0,0,0,0,0,0,0,1,1,0,0,0,3469.666666666667,0,0,0,0,2,0,1,1,4.528423845018588,0,1,0,0,0,0,0,0,0,0,1
2022-01-26,31,23848,535,0,3,9,27993,60,2,1,2,274,0.2919026898370802,1,1,0,2,1,99,28,887,264,182095,23121,1987.3333333333333,0.9204310502607976,5,158974,0.2100599363701201,0.2096896208798695,756.8160358754658,0.1378038558256496,0.5184322058049283,0,4.470050420282448,1,1,25,0,0,0.12697148756699764,0,1151,0.041115953418589694,1,0,0,0,0,0,0,0,0,1,1,0,0,0,1713.3333333333333,0,1,0,1,1,0,1,0,1.1737599060757264,0,0,0,0,1,1,0,0,0,0,0
2022-01-28,52,30838,619,0,1,31,114714,300,1,1,1,436,0.023490349693693,2,1,0,3,0,96,19,8721,164,134318,20045,2569.833333333333,0.7497301931558703,2,114273,0.2484125515176261,0.25,2394.804663773795,0.1695948136142625,1.101123370025463,0,3.7386244711478778,0,0,4,0,0,0.14923428554411514,0,8885,0.07745281785293989,1,1,0,0,0,0,0,0,0,1,0,0,0,0,2133.833333333333,0,1,0,0,3,0,1,1,3.7197704205713547,0,1,0,0,0,0,0,0,0,0,1
2022-01-31,32,18307,523,0,4,8,14896,60,1,2,2,112,0.2761763506784923,4,1,0,0,0,98,23,6503,542,164855,4429,1525.5833333333333,0.7953660612829718,7,160426,0.2159022287823448,0.2201826074329509,411.5659857567988,0.0733664501337409,0.3429658730870454,1,2.173473166429767,1,1,49,0,0,0.026865870820594943,0,7045,0.47291400953212054,1,1,0,0,0,0,0,0,0,1,1,0,0,0,1413.5833333333333,0,1,0,0,4,1,1,0,0.8136333843128687,0,1,0,0,0,0,0,0,0,0,1
2022-02-01,61,37462,675,0,2,40,20687,24,2,0,3,387,0.124772903132621,3,2,0,1,0,99,7,2478,739,13461,28660,3121.833333333333,0.6652406918963811,2,3408,0.1279843272752529,0.1339543320509926,987.3444192088294,0.1239259219725676,0.4400953469206904,1,1.8757161974357697,0,0,4,0,0,2.1289555786658743,0,3217,0.15550077339520496,1,1,0,0,0,0,0,0,1,0,0,0,1,0,2734.833333333333,0,0,0,0,5,1,0,0,0.5521981688599418,1,1,0,0,0,0,1,0,0,0,0
2022-02-02,48,37557,574,0,0,21,87673,360,1,0,1,149,0.3371797273403943,0,0,0,3,0,100,5,3368,66,26008,26286,3129.75,0.8539205602520576,7,1237,0.2908453451672959,0.25,1827.6126275639328,0.0475924299289307,0.6313543488186323,0,2.730290176204252,1,1,49,0,0,1.0106501595601523,0,3434,0.0391678262654835,1,1,0,0,0,0,0,0,0,1,0,0,0,0,2980.75,0,0,0,0,2,0,1,0,2.334336226636136,0,1,0,0,0,0,0,0,0,0,1
2022-02-02,34,44764,468,0,0,9,14924,60,1,1,0,281,0.3733314890715284,3,2,0,0,0,98,15,6748,4299,21604,8943,3730.3333333333335,0.8865669189339025,7,12661,0.2434026982345652,0.25,438.0391500706818,0.0753082008218688,0.1927030060936256,1,1.9852820094272523,1,1,49,0,0,0.41393196019439943,0,11047,0.7401675041876047,1,1,0,0,0,0,0,0,0,1,0,1,0,0,3449.3333333333335,0,1,0,0,2,0,1,0,0.3333854573885848,0,1,0,0,0,0,0,0,0,0,1
2022-02-03,65,20521,686,2,4,42,8832,12,1,3,3,385,0.6500631156433501,2,0,0,1,0,99,10,1846,597,19300,61460,1710.0833333333333,0.9477221286668236,6,4204,0.1182715624966862,0.1198163172855394,784.6366116537097,0.2250036526566989,0.6835649607872457,1,2.531286385608932,1,1,36,0,0,3.1842909693798247,0,2443,0.2765764745839466,1,1,0,0,0,0,0,0,1,0,0,0,1,0,1325.0833333333333,0,1,1,0,4,1,0,0,0.43036741058376377,1,1,0,0,0,0,0,0,0,0,1
2022-02-03,32,29830,593,0,3,7,14194,24,2,1,1,155,0.0327415389714735,4,1,1,1,1,97,28,2410,616,39585,23400,2485.833333333333,0.6337355171032929,7,16185,0.1688901612672267,0.1754710464129724,705.5205441600287,0.0623282621808189,0.3460306457315308,1,5.609011557396524,1,1,49,0,0,0.5911180720456727,0,3026,0.21317365269461078,1,0,0,0,0,0,0,0,0,1,0,0,0,0,2330.833333333333,0,1,0,1,1,0,0,0,0.4758137507961517,1,0,0,1,1,1,1,0,0,0,0
2022-02-10,48,36441,614,0,1,23,243357,240,0,1,0,448,0.1633228176204893,1,0,0,3,0,95,2,1126,458,17775,8490,3036.75,0.7615170177882071,10,9285,0.2311005722222954,0.2167701821558022,4456.715516963871,0.1474775738622335,1.6145882699247374,0,4.5899256062115,1,1,100,0,0,0.4776102610261026,0,1584,0.006508929231831294,1,1,0,0,0,0,0,0,0,1,0,1,0,0,2588.75,0,1,0,0,3,0,1,1,6.677926568245431,0,1,0,0,0,0,0,0,0,0,0
2022-02-11,43,19427,510,0,0,22,41154,60,2,1,2,268,0.3078166391926212,3,1,0,2,0,97,21,187,559,42986,48392,1618.9166666666667,0.8854180303970328,4,10366,0.2226562751763517,0.2257500391694646,1150.1238951768742,0.1654406090848294,0.8754301528948243,1,4.310272727645569,1,0,16,0,0,1.1257356875334403,0,746,0.018126594581460334,1,1,0,0,0,0,0,0,0,1,1,0,0,0,1350.9166666666667,0,1,0,1,2,0,1,0,2.118282890673255,0,1,0,0,0,0,0,0,0,0,0
2022-02-12,55,9312,627,2,3,34,60483,300,2,3,0,276,0.3548923412804776,4,0,0,3,0,98,2,222,516,31667,3182,776.0,0.7645750665992779,3,28485,0.2442525335365581,0.1902070924814085,967.3335105319763,0.3552123552123552,1.600171828226482,0,4.079813469697065,1,0,9,0,0,0.10047997979032462,0,738,0.01220157396997553,1,1,0,0,0,0,0,0,0,1,0,1,0,0,500.0,1,1,1,1,1,0,1,0,6.4944700955653385,0,2,0,0,0,0,0,0,0,0,0
2022-02-12,58,133751,646,0,0,35,236336,360,1,1,0,501,0.1822579262783024,1,2,0,3,0,98,19,75604,3836,220504,4276,11145.916666666666,0.9582021985919362,5,216228,0.2550932535078838,0.25,4926.60976524072,0.0449451642083386,0.4869157927295937,1,1.3891069804508582,1,1,25,0,0,0.019391850524931406,0,79440,0.3361301869787634,1,1,0,0,0,0,0,0,0,1,0,1,0,1,10644.916666666666,0,1,0,0,2,0,1,1,1.7669717088342605,0,1,0,0,0,0,0,0,0,0,1
2022-02-13,40,11316,435,2,3,16,17240,60,0,0,0,209,0.3269478220228882,1,2,0,0,0,100,8,1234,957,51195,5515,943.0,0.8801066738873012,6,45680,0.2599387613867939,0.2352174043651417,491.1854858182498,0.2213983050847457,0.7417219129430612,0,3.8025084889971135,1,1,36,0,0,0.10772325962965856,0,2191,0.1270807957775071,1,1,0,0,0,0,0,0,0,1,0,1,0,0,734.0,1,0,0,0,1,0,1,0,1.5233719183529204,0,2,0,0,0,0,0,0,0,0,0
2022-02-13,30,65865,566,1,1,7,127515,300,1,0,1,430,0.1707298019773644,6,1,0,3,0,97,6,2688,4618,332883,28504,5488.75,0.8394426481006778,4,304379,0.2749389992814758,0.25,2662.0422677364177,0.0783277927045858,0.5632391762350595,0,2.291391903077406,1,0,16,0,0,0.08562742576993787,0,7306,0.0572947708522852,1,1,0,0,1,0,0,0,0,1,0,0,0,1,5058.75,0,0,0,0,3,0,1,1,1.935976072632314,0,1,0,0,0,0,0,0,0,0,1
2022-02-16,45,96832,564,0,4,26,3793,24,1,0,2,1178,0.134949496659843,3,2,0,4,0,92,26,17876,13814,279289,41523,8069.333333333333,0.9342561234103176,2,237766,0.1830602940376237,0.191747398718128,191.52205639320647,0.145966709346991,0.1696983259336508,1,0.7331490962401028,0,0,4,0,0,0.14867342189122418,0,31690,8.352662098049551,1,0,0,0,0,0,0,0,0,1,1,0,0,1,6891.333333333333,0,0,0,0,4,1,0,0,0.039170530707506736,1,0,0,0,0,0,0,0,0,0,1
2022-02-16,31,97658,587,0,3,10,186508,240,3,1,0,301,0.1494128327988509,2,1,1,3,1,90,12,2408,812,48657,9514,8138.166666666667,0.8339017999979128,8,39143,0.2445340586935685,0.25,3913.3411609389714,0.0369816729804443,0.5177853376806354,0,5.688256232304116,1,1,64,0,0,0.19552797073451436,0,3220,0.01726458240621096,1,1,0,0,0,0,0,0,0,1,0,1,0,1,7837.166666666667,0,1,0,0,1,0,1,1,1.9097881403659673,0,1,0,1,1,1,0,0,0,0,0
2022-02-17,64,10040,578,2,4,42,6379,48,1,0,3,193,0.2630356936146511,6,2,0,1,0,97,26,1602,185,53955,32497,836.6666666666666,0.719830481989268,5,21458,0.1841902308440847,0.1886101912329923,190.26534391579108,0.2304019100676482,0.457539208813121,1,2.1649681666483103,1,1,25,0,0,0.6022870487063533,0,1787,0.2800940438871473,1,0,0,0,1,0,0,0,0,1,0,0,1,0,643.6666666666666,1,0,0,0,4,1,1,0,0.6352952893138134,1,1,0,0,0,0,0,0,0,0,1
2022-02-18,41,75579,558,0,3,19,17129,36,2,0,3,597,0.2202187472605847,2,0,1,1,0,100,16,4261,2082,129919,87779,6298.25,0.5970344343195357,7,42140,0.1904371466478295,0.1749621690729392,614.9341083292046,0.0947731872842005,0.1923933973614644,1,2.845476883990351,1,1,49,0,0,0.675638854679803,0,6343,0.37028604786923525,1,1,0,0,0,0,0,0,0,1,0,0,1,1,5701.25,0,0,0,0,1,0,0,0,0.22663403016671077,1,1,0,1,0,1,1,0,0,0,0
2022-02-19,35,33722,439,0,1,9,9865,48,1,2,0,88,0.3104939808943164,1,1,0,4,0,96,29,2788,297,13871,12325,2810.1666666666665,0.9320578472117712,7,1546,0.2537992124454484,0.25,327.0950698624221,0.0313037291753127,0.1476593596475089,1,3.119158499562349,1,1,49,0,0,0.8884803921568627,0,3085,0.31269004662477196,1,0,0,0,0,0,0,0,0,1,0,1,0,0,2722.1666666666665,0,1,0,0,3,0,1,0,0.2925303205527385,1,0,0,0,0,0,0,0,0,0,1
2022-02-20,42,19927,569,0,3,22,10882,24,1,1,0,103,0.5398314383207741,1,3,0,0,0,100,16,742,206,135468,5487,1660.5833333333333,0.4854063896296161,4,129981,0.180823739304424,0.2046689138935854,556.3333012569085,0.0619890666532925,0.3968102520228147,1,2.807693641590021,1,0,16,0,0,0.04050373148100304,0,948,0.08710833409905357,1,1,1,0,0,0,0,0,0,1,0,1,0,0,1557.5833333333333,0,1,0,0,1,0,0,0,0.5460658370132477,0,2,0,0,0,0,1,0,0,0,1
2022-02-20,23,31537,597,0,4,0,10658,36,2,2,0,89,0.6789703702159645,3,1,0,1,0,97,15,627,973,273992,230360,2628.083333333333,0.9277436828707069,5,43632,0.1708185399711723,0.1512819154896136,370.13248794094494,0.033852103077752,0.1746359585182205,1,2.1198145704837006,1,1,25,0,0,0.840751406057819,0,1600,0.15010789004597055,1,1,0,0,0,0,0,0,0,1,0,1,0,0,2539.083333333333,0,1,0,1,4,1,0,0,0.337941530851671,1,1,0,0,0,0,0,0,1,0,0
2022-02-21,28,32093,568,0,1,3,4543,12,1,1,0,157,0.2803024880097348,3,1,0,4,0,100,10,735,1516,26492,27535,2674.4166666666665,0.7691826900233797,3,6545,0.1771053907401002,0.1659676909275948,413.4743356921828,0.0586824482167886,0.2132282207851173,1,1.4998093866482316,1,0,9,0,0,1.0393311440757935,0,2251,0.49537852112676056,1,1,0,0,0,0,0,0,0,1,0,1,0,0,2517.4166666666665,0,1,0,0,3,0,0,0,0.14155293824390852,1,1,0,0,0,0,0,0,1,0,1
2022-02-23,54,55866,530,0,1,27,173248,360,1,5,0,519,0.0707798480803713,2,1,0,3,0,96,4,1331,3842,66566,6652,4655.5,0.735534951073778,5,59914,0.3130156212862574,0.25,3611.49079534402,0.1114571029743369,0.8870376453009814,0,2.9762301993664,1,1,25,0,0,0.09992939444469481,0,5173,0.029858758203510555,1,1,0,0,0,0,0,0,0,1,0,1,0,0,4136.5,0,1,1,0,3,0,1,1,3.101079349168561,0,1,0,0,0,0,0,0,0,0,1
2022-03-02,32,172354,502,0,4,10,39408,36,2,4,3,1112,0.6699914551682254,4,0,0,0,0,100,8,8916,2713,33978,13205,14362.833333333334,0.6575552528264862,4,20773,0.2186454373738991,0.25,1566.8552191166814,0.0774166598981237,0.1865000210563578,1,1.2971538612132247,1,0,16,0,0,0.3886223844139027,0,11629,0.2950848790885331,1,1,0,0,0,0,0,0,0,1,0,0,1,1,13250.833333333334,0,1,1,1,4,1,0,0,0.22864436772939573,0,1,0,0,0,0,1,0,0,0,0
2022-03-02,27,49272,561,0,1,4,135995,240,2,3,0,378,0.0745570036180192,4,1,0,3,0,95,26,542,1503,163275,1787,4106.0,0.7654514475810763,3,161488,0.2574550951881302,0.25,2853.4691872836306,0.0920379839298758,0.7868198654208987,0,2.624307005677627,1,0,9,0,0,0.01094465812489282,0,2045,0.015037206976675785,1,0,0,0,0,0,0,0,0,1,0,1,0,0,3728.0,0,1,1,1,3,0,1,1,2.7600308485377387,0,0,0,0,0,0,0,0,1,0,0
2022-03-05,46,137191,656,0,2,22,56791,180,1,4,3,576,0.547149870406172,2,0,0,2,0,100,9,2056,3357,323627,7623,11432.583333333334,0.8548422434891596,4,316004,0.1897367876874298,0.2017727165784283,1004.8640770105052,0.0503779071886183,0.1382649717872499,1,0.9678247793423144,1,0,16,0,0,0.02355482220327042,0,5413,0.09531272010142273,1,1,0,0,0,0,0,0,1,0,0,0,1,1,10856.583333333334,0,1,1,0,5,1,1,0,0.4139527086127471,0,1,0,0,0,0,0,0,0,0,1
2022-03-06,54,44381,621,1,1,31,27652,84,0,0,3,548,0.728221312108876,4,0,0,2,0,98,21,2652,867,15879,25244,3698.4166666666665,0.7162915481281678,4,6349,0.1750568723750402,0.188471120069464,594.995429861447,0.1481314621674588,0.3089663946644148,1,2.158355327096584,1,0,16,0,0,1.5896725440806045,0,3519,0.1272556323002929,1,1,0,1,0,0,0,0,0,1,0,0,1,0,3150.4166666666665,0,0,0,0,3,0,1,0,0.6230453787571538,0,2,0,0,0,0,0,0,0,0,0
2022-03-06,48,52854,593,0,4,26,158723,360,2,3,0,369,0.1098708252805813,3,1,0,3,0,98,17,2427,448,65455,29113,4404.5,0.7490726017519247,5,36342,0.2814937305309535,0.25,3308.7057484611014,0.0837589376915219,0.8347987171628877,1,2.083915333389282,1,1,25,0,0,0.4447720606208751,0,2875,0.01811320279226834,1,1,0,0,0,0,0,0,0,1,0,1,0,0,4035.5,0,1,1,1,4,1,1,1,3.0029893103774477,0,1,0,0,0,0,0,0,0,0,0
2022-03-07,51,23396,619,0,1,28,11379,36,1,1,0,168,0.5661692452981504,3,2,0,1,0,98,6,1476,174,86087,3920,1949.6666666666667,0.9196737598803444,7,82167,0.1598349031769201,0.1833355103391357,413.2846099056032,0.0861244019138755,0.2979927938682176,1,1.2036686471215552,1,1,49,0,0,0.04553480159836446,0,1650,0.14499121265377857,1,1,0,0,0,0,0,0,0,1,0,1,0,0,1781.6666666666667,0,1,0,0,3,0,0,0,0.4863444031286062,1,1,0,0,0,0,0,0,0,0,1
2022-03-07,30,22379,533,0,3,12,126956,360,1,2,0,258,0.3659477173335844,3,1,0,3,0,100,25,1116,836,120998,34303,1864.9166666666667,0.778613248198319,6,86695,0.3114379009313578,0.25,2646.4976531544107,0.1382698405609396,1.5566063077956735,0,5.897105492441744,1,1,36,0,0,0.28349821072901427,0,1952,0.01537528454516096,1,0,0,0,0,0,0,0,0,1,0,1,0,0,1606.9166666666667,0,1,0,0,1,0,1,1,5.672743521000894,0,0,0,0,0,0,0,0,0,0,1
2022-03-08,22,52026,569,0,1,0,11547,24,1,1,1,223,0.0756172731949523,2,1,0,1,0,96,22,33712,434,34146,14768,4335.5,0.9133214276016,3,19378,0.1808385668851957,0.1741997949494372,573.242727120313,0.0514239594142741,0.1836141420777846,1,1.5756599103069835,1,0,9,0,0,0.43248308782616335,0,34146,2.9568756494631105,1,1,0,0,0,0,0,0,0,1,0,0,0,0,4112.5,0,1,0,0,3,0,0,0,0.22194245295711842,1,1,0,0,0,0,0,0,1,0,1
2022-03-09,58,6307,451,2,3,35,84456,180,3,0,3,180,0.2414273399857575,1,0,0,3,0,97,16,1015,55,35526,31051,525.5833333333334,0.653402770636721,5,4475,0.2923359994520211,0.25,1803.5823042908676,0.3418262383288494,3.0,0,8.435794195384256,1,1,25,0,0,0.8740113153376305,0,1070,0.012669168926199131,1,1,0,0,0,0,0,0,0,1,0,0,1,0,345.58333333333337,1,0,0,0,1,0,1,0,13.38871274571972,0,2,0,0,0,0,1,0,0,0,0
2022-03-09,36,96306,543,0,1,14,28719,24,1,4,3,840,0.2480028538003163,0,1,0,1,0,100,22,3440,1791,274263,91864,8025.5,0.7665689555548953,0,182399,0.1940663372557905,0.1887960823206692,1446.005786444818,0.1046533358250794,0.2848072991272433,1,1.8598447777571585,0,0,0,1,0,0.33494734999854153,0,5231,0.18213788300835654,1,1,0,0,0,0,0,0,0,1,0,0,1,1,7185.5,0,1,1,0,3,0,0,0,0.2982026228623049,1,2,0,0,0,0,0,0,0,0,1
2022-03-09,36,41192,562,0,0,9,138717,240,1,0,0,221,0.7487314698325296,4,3,0,3,0,98,21,2378,3389,12657,48008,3432.6666666666665,0.9501391632357236,7,5553,0.2569600495935947,0.214947915657499,2520.3042992025494,0.0643626832346374,0.7983606346575719,0,2.1099481295599003,1,1,49,0,0,3.792700268604835,0,5767,0.041573552098502,1,1,1,1,0,0,0,0,0,1,0,1,0,0,3211.6666666666665,0,0,0,0,2,0,1,1,3.367489622023159,0,3,1,0,0,0,0,0,0,0,1
2022-03-10,55,50987,506,1,1,34,269021,360,3,3,0,499,0.4503398206039873,4,1,0,3,0,100,7,7379,59,67987,21824,4248.916666666667,0.8217374020931641,7,46163,0.3251256371099065,0.25,5607.954292426138,0.117414066942489,1.436958597406099,0,3.743676491807336,1,1,49,0,0,0.32099782314526093,0,7438,0.027648296421853975,1,1,0,0,0,0,0,0,0,1,0,1,0,0,3749.916666666667,0,1,1,0,3,0,1,1,5.27616301874951,0,1,0,0,0,0,0,0,0,0,0
2022-03-11,46,167029,567,1,3,24,25561,36,2,2,2,1280,0.1217398591721609,4,1,0,1,0,96,29,8295,2403,35383,15428,13919.083333333334,0.8349454567697393,6,19955,0.1860372155381729,0.1869779323588397,933.063539567824,0.0919534725007632,0.1589834979125717,1,1.83831323848784,1,1,36,0,0,0.4360162785439747,0,10698,0.4185118535325874,1,0,0,0,0,0,0,0,0,1,1,0,0,1,12639.083333333334,0,1,0,1,1,0,0,0,0.15303238939112734,1,0,0,0,0,0,0,0,0,0,0
2022-03-13,45,40428,589,0,3,19,142414,300,2,1,3,271,0.3534792386275941,2,0,0,3,0,95,20,4184,1524,42477,8793,3369.0,0.6397341799413638,6,33684,0.2634666251523728,0.25,2973.07836346637,0.0804154302670623,0.9626345292185072,0,2.830012926575469,1,1,36,0,0,0.2070012712462922,0,5708,0.040080047747779374,1,1,0,0,0,0,0,0,0,1,0,0,1,0,3098.0,0,1,0,1,1,0,1,1,3.5225704321155606,0,1,0,0,0,0,1,0,0,0,0
2022-03-14,65,131345,548,0,0,44,36871,120,1,1,3,868,0.0834425356163945,4,1,0,2,0,99,4,10186,407,337624,5769,10945.416666666666,0.9589988145494152,6,331855,0.2236288019336,0.2312321002994679,790.5056182166593,0.079295355405498,0.151511281611181,1,2.0329059758877865,1,1,36,0,0,0.01708700481303221,0,10593,0.28729116945107397,1,1,0,0,0,0,0,0,0,1,0,0,1,1,10077.416666666666,0,1,0,0,2,0,1,0,0.28071658063435506,0,1,0,0,0,0,0,0,0,0,1
2022-03-14,32,42415,518,0,2,11,14138,24,1,0,0,389,0.1770164641841687,2,1,0,4,0,97,4,1655,657,61878,9369,3534.583333333333,0.9708820211347592,9,52509,0.2063891730538979,0.2110495867735004,727.2194008119761,0.110024276993424,0.3157101093582792,1,2.579291274917088,1,1,81,0,0,0.15140839380080479,0,2312,0.16351934365938184,1,1,0,0,0,0,0,0,0,1,0,1,0,0,3145.583333333333,0,0,0,0,5,1,0,0,0.33331761599396453,1,1,0,0,0,0,0,0,0,0,1
2022-03-15,51,83706,621,0,0,29,246419,360,2,4,0,876,0.2889455751895795,4,0,0,3,0,96,9,4881,514,263184,47656,6975.5,0.9471839838099616,6,215528,0.2676036981690446,0.25,5136.79782911132,0.1255643947538164,0.8618645207641825,0,2.6098289545834072,1,1,36,0,0,0.18107414936261565,0,5395,0.02189351513675838,1,1,0,0,0,0,0,0,0,1,0,1,0,1,6099.5,0,1,1,1,2,0,1,1,2.943827875804891,0,1,0,0,0,0,0,0,0,0,0
2022-03-15,40,81169,502,0,0,16,14542,48,1,4,3,591,0.0386281556188237,3,1,0,1,1,91,14,20960,569,244681,16968,6764.083333333333,0.6584311004146538,8,227713,0.2223962162642944,0.2246244367833875,461.8200563114624,0.0873603429373868,0.1556255857372728,1,3.4530130745605394,1,1,64,0,0,0.06934715263076156,0,21529,1.4803685621948703,1,1,0,0,0,0,0,0,0,1,0,0,1,1,6173.083333333333,0,1,1,0,2,0,1,0,0.17915486017001356,1,1,0,0,1,1,1,0,0,0,1
2022-03-15,43,58361,524,0,1,20,214831,300,1,2,2,721,0.1693906621537992,3,1,0,3,0,91,10,3884,749,181655,4014,4863.416666666667,0.6749530752715159,1,177641,0.2960694029015782,0.25,4484.877876485765,0.1482192109365631,1.070195715790334,0,4.49876159129092,0,0,1,0,0,0.022096710265556877,0,4633,0.021565688538020406,1,1,0,0,0,0,0,0,0,1,1,0,0,0,4142.416666666667,0,1,0,0,3,0,1,1,3.681008190260786,0,1,0,0,0,0,1,0,0,0,1
2022-03-16,58,18010,610,0,1,38,163594,180,0,3,3,224,0.3105750912668801,3,0,0,3,0,91,19,350,112,14199,11997,1500.8333333333333,0.8745061372884612,9,2202,0.2130012872850841,0.2361574147892944,3318.923323499278,0.1491510376206858,2.359065579957349,0,6.509742263253568,1,1,81,0,0,0.8448591549295774,0,462,0.002824047189706287,1,1,0,0,0,0,0,0,0,1,0,0,1,0,1276.8333333333333,0,1,1,0,3,0,1,1,9.083004830381434,0,1,0,0,0,0,0,0,0,0,0
2022-03-16,46,39279,619,0,3,25,184891,240,2,0,2,113,0.4175560330324854,3,0,0,3,1,98,26,1489,225,59214,73351,3273.25,0.9413272265299176,5,7771,0.2285318817874521,0.2213640462774612,3453.6438932502388,0.0345117202412766,1.0893010287089375,0,4.861098803203458,1,1,25,0,0,1.2387232964620452,0,1714,0.009270276702074724,1,0,0,0,0,0,0,0,0,1,1,0,0,0,3160.25,0,0,0,0,1,0,1,1,4.707001018329939,0,0,0,0,1,1,0,0,0,0,0
2022-03-20,46,117946,613,0,0,25,21277,36,1,1,3,412,0.0552432359822458,2,2,0,4,0,93,3,743,2134,193197,15611,9828.833333333334,0.7530844049727013,7,177586,0.162991357238519,0.1888559740462941,778.6999909049825,0.0419132233506841,0.1211312491807235,1,1.4524143700900598,1,1,49,0,0,0.08080311390387064,0,2877,0.1352100761349751,1,1,0,0,0,0,0,0,0,1,0,0,1,1,9416.833333333334,0,1,0,0,2,0,0,0,0.18039458400807143,1,1,0,0,0,0,0,0,0,0,1
2022-03-21,52,72491,596,1,3,30,142083,300,2,1,3,924,0.3424023896384934,3,1,0,3,0,91,11,4340,12907,204486,5187,6040.916666666667,0.9531996139400456,5,199299,0.2599660434277457,0.2423005856452618,2876.0487263824984,0.1529316028302277,0.6289475568816459,0,2.2550753876241743,1,1,25,0,0,0.025365915681681474,0,17247,0.12138594071112863,1,1,0,0,0,0,0,0,0,1,0,0,1,1,5116.916666666667,0,1,0,1,1,0,1,1,1.9599817910941897,0,1,0,0,0,0,0,0,0,0,0
2022-03-21,35,70838,553,0,2,12,24528,24,1,2,3,442,0.3978850411404869,4,1,0,1,0,94,19,13730,2901,69659,30108,5903.166666666667,0.885493802141037,10,39551,0.1890269028425032,0.1878378252833291,1233.8474376391805,0.0748623853211009,0.283841485556389,1,2.540367304859119,1,1,100,0,0,0.432213608957795,0,16631,0.6780137796078112,1,1,0,0,0,0,0,0,0,1,0,0,1,1,5461.166666666667,0,1,0,0,5,1,0,0,0.3462499470630585,1,1,0,0,0,0,0,0,0,0,1
2022-03-21,29,2389,527,2,3,6,9819,12,1,0,3,175,0.4105269716463026,2,1,0,4,0,91,3,233,903,77308,26023,199.08333333333331,0.9114305869840436,8,51285,0.1977980441003371,0.195874300831838,907.6405210890906,0.8746355685131195,3.0,0,8.07589098795424,1,1,64,0,1,0.3366102264936812,0,1136,0.11568228105906314,1,1,0,0,0,0,0,0,0,1,0,0,1,0,24.083333333333314,1,0,0,0,1,0,0,0,4.1083682008368205,1,3,1,0,0,0,0,0,1,0,1
2022-03-21,27,3423,498,2,0,8,21859,60,0,2,0,285,0.1280444710951406,4,2,0,0,0,95,13,1038,730,23017,11232,285.25,0.8077318909793179,5,11785,0.2284981034404326,0.2190509673098913,602.5429021145765,0.9956331877729258,3.0,0,7.478679924916927,1,1,25,0,1,0.4879659396993657,0,1768,0.0808783165599268,1,1,0,0,0,0,0,0,0,1,0,1,0,0,0.25,1,1,0,0,2,0,1,0,6.384053738317757,0,3,1,0,0,0,0,0,1,0,0
2022-03-24,18,44056,566,0,3,0,24997,60,2,2,3,310,0.2307023920844064,3,1,0,2,0,95,12,6159,421,6580,30376,3671.3333333333335,0.667909980407433,7,5505,0.1945316377751625,0.18584001061368,642.727622990412,0.0844149950077153,0.2594338630272521,0,1.572997001232598,1,1,49,0,0,4.615711897887859,0,6580,0.2632210576846148,1,1,0,0,0,0,0,0,0,1,0,0,1,0,3361.3333333333335,0,1,0,1,1,0,1,0,0.5673786231472865,0,1,0,0,0,0,1,0,1,0,0
2022-03-25,64,57585,543,0,3,41,14527,48,1,0,0,414,0.1427369424104639,1,2,0,1,0,98,13,8949,1508,27390,29374,4798.75,0.6990006331704773,7,8889,0.2018959582752102,0.1846882327805065,430.29768527168426,0.0862544924214802,0.1759045127916421,1,1.7651231693492584,1,1,49,0,0,1.0723960424957102,0,10457,0.7197824889867841,1,1,0,0,0,0,0,0,0,1,0,1,0,0,4384.75,0,0,0,0,1,0,1,0,0.25226617580661964,1,1,0,0,0,0,1,0,0,0,1
2022-03-25,26,94983,526,0,1,1,21594,60,2,0,1,434,0.1741123137458518,1,1,0,0,0,97,24,17826,5466,342585,23269,7915.25,0.6502502047071353,6,319316,0.2144950542713486,0.25,633.8124769918456,0.0548239381020053,0.134888675445046,1,1.811901066435558,1,1,36,0,0,0.067921631356798,0,23292,1.0785830053253067,1,0,0,0,0,0,0,0,0,1,0,0,0,1,7481.25,0,0,0,0,3,0,1,0,0.22734355259833236,0,0,0,0,0,0,1,0,1,0,0
2022-03-30,37,33728,502,0,3,14,102674,360,1,0,3,286,0.1793424182721681,5,1,0,3,0,95,25,271,1482,17808,82449,2810.6666666666665,0.9178179427194548,1,7017,0.3268848309847061,0.25,2140.32026875434,0.1017190278601067,0.8629473392131618,1,4.346327053120887,0,0,1,0,0,4.629625470267842,0,1753,0.01707328950572194,1,0,0,0,0,0,0,0,0,1,0,0,1,0,2524.6666666666665,0,0,0,0,1,0,1,1,3.04408669097809,0,0,0,0,0,0,0,0,0,0,1
2022-03-30,36,53650,463,0,3,11,20426,36,0,3,2,508,0.1672790773004296,1,3,0,0,0,98,29,4639,1251,79601,28647,4470.833333333333,0.4769610020014441,7,50954,0.2379811532085377,0.25,812.1342038590471,0.1135999403674853,0.2952109583375306,1,2.8660726695361145,1,1,49,0,0,0.3598778925152634,0,5890,0.28834385861849515,1,0,1,0,0,0,0,0,0,1,1,0,0,0,3962.833333333333,0,1,1,0,1,0,0,0,0.38071983746808075,0,1,0,0,0,0,1,0,0,0,0
2022-03-31,43,47507,627,0,0,20,17007,60,0,1,3,251,0.2476021087040473,3,0,0,1,0,93,24,550,1534,127331,20586,3958.9166666666665,0.4073035945781603,1,106745,0.1639353597751454,0.2056051145645084,455.9019559605314,0.0633851722468907,0.1785143515546702,1,1.4684410777608616,0,0,1,0,0,0.16167184996701536,0,2084,0.12253057384760113,1,0,0,0,0,0,0,0,0,1,0,0,1,0,3707.9166666666665,0,1,0,0,2,0,1,0,0.3579818135892902,1,0,0,0,0,0,1,0,0,0,0
2022-03-31,49,3557,594,2,3,24,7980,36,1,0,2,101,0.5840596456027869,3,3,0,1,0,95,20,329,3861,31555,25111,296.4166666666667,0.7777852055830906,3,6444,0.172246204748969,0.1801113283468164,288.54068485299985,0.3395909218268422,1.3097473292899966,0,4.547426950428207,1,0,9,0,0,0.795759918874382,0,4190,0.524996867560456,1,1,1,0,0,0,0,0,0,1,1,0,0,0,195.41666666666669,1,0,0,0,1,0,0,0,2.24283305227656,1,3,1,0,0,0,0,0,0,0,1
2022-04-01,50,15000,553,0,3,26,78729,120,0,3,3,599,0.3288506714597809,0,1,0,3,0,94,10,2032,761,39471,27439,1250.0,0.5271753943156755,7,12032,0.2213184448890446,0.2173422536693594,1613.0812529736972,0.4788169464428457,1.768250402057312,0,5.920923357624867,1,1,49,0,1,0.6951509931090393,0,2793,0.03547567636225073,1,1,0,0,0,0,0,0,0,1,0,0,1,0,651.0,1,1,1,0,1,0,1,0,5.248250116658889,0,3,1,0,0,0,1,0,0,0,0
2022-04-02,33,66045,629,0,4,11,242673,180,2,0,0,445,0.3864589670709672,1,1,1,3,0,96,23,4037,925,41704,33315,5503.75,0.954846995146472,7,8389,0.2035998685644585,0.2060590971436216,4371.080985421131,0.0808392751714428,0.8748954966930617,1,4.380772032784037,1,1,49,0,0,0.7988250809255485,0,4962,0.02044718428838689,1,1,0,0,0,0,0,0,0,1,0,1,0,1,5058.75,0,0,0,0,4,1,1,1,3.674302758683342,0,1,0,1,0,1,0,0,0,0,0
2022-04-03,37,47417,504,0,1,10,5657,36,2,1,0,237,0.4106786844092295,2,0,0,4,0,90,20,5116,845,58376,20720,3951.4166666666665,0.8042746920465752,7,37656,0.2171602064379653,0.2410722010383328,222.25884146218783,0.0599633135845158,0.1161969701563653,1,2.868505861379578,1,1,49,0,0,0.3549343063192696,0,5961,1.0535524920466597,1,1,0,0,0,0,0,0,0,1,0,1,0,0,3714.4166666666665,0,1,0,1,3,0,0,0,0.11930068750263613,1,1,0,0,0,0,0,0,0,0,0
2022-04-03,43,49631,604,0,4,19,173096,180,0,2,3,499,0.1461560716429278,1,1,0,3,0,100,10,1022,332,103038,96934,4135.916666666667,0.9534363407117108,3,6104,0.2160154018524979,0.1607474987867904,2551.2891782379115,0.1206212356223435,0.7373339673036468,1,1.8891194352307457,1,0,9,0,0,0.9407505895825853,0,1354,0.007822203735477797,1,1,0,0,0,0,0,0,0,1,0,0,1,0,3636.916666666667,0,1,0,0,4,1,1,1,3.4875886524822697,0,1,0,0,0,0,0,0,0,0,0
2022-04-03,37,20169,627,1,4,13,23544,36,2,2,0,157,0.323788086507944,0,0,0,1,0,98,1,4594,4048,106544,7999,1680.75,0.7566672222627918,6,98545,0.1560166671906694,0.171458150328155,841.1173949722436,0.0933551360190278,0.5934992686024936,1,3.2695565623989395,1,1,36,0,0,0.07507625885775963,0,8642,0.3670418347844553,1,1,0,0,0,0,0,0,0,1,0,1,0,0,1523.75,0,1,0,1,4,1,0,0,1.1672781358453148,1,1,0,0,0,0,0,0,0,0,0
2022-04-04,59,68785,590,0,1,39,495447,240,2,2,2,282,0.1700073605636897,1,1,0,3,0,98,23,7145,6566,21752,50704,5732.083333333333,0.6612310331264815,5,3803,0.2432783044206861,0.25,10395.549457201463,0.0491881913455528,1.862444488661098,0,4.340803394040022,1,1,25,0,0,2.3308968877855927,0,13711,0.027673943582373933,1,1,0,0,0,0,0,0,0,1,1,0,0,1,5450.083333333333,0,1,0,1,3,0,1,1,7.202730206728114,0,1,0,0,0,0,1,0,0,0,0
2022-04-05,45,35440,585,0,3,25,11271,36,1,0,3,318,0.4078730745080657,1,0,0,1,0,90,3,4501,739,235512,13214,2953.333333333333,0.8274218053359231,6,222298,0.1768325192633946,0.1534034247966668,392.5940367886328,0.1076384971228703,0.2405260194478053,0,2.1903361231529965,1,1,36,0,0,0.05610730617842752,0,5240,0.46486870120652946,1,1,0,0,0,0,0,0,0,1,0,0,1,0,2635.333333333333,0,0,0,0,1,0,0,0,0.3180215005219943,1,1,0,0,0,0,0,0,0,0,1
2022-04-12,48,66441,616,0,1,25,20258,24,1,0,0,306,0.4317702022709356,3,0,0,4,0,97,14,1177,11294,55601,22674,5536.75,0.8829151391165889,4,32927,0.1574790886045607,0.142827726525487,975.3533579511366,0.0552570990023023,0.2313851939779037,1,1.4731663518104443,1,0,16,0,0,0.4077910866515593,0,12471,0.6155782615134014,1,1,0,0,0,0,0,0,0,1,0,1,0,1,5230.75,0,0,0,0,3,0,0,0,0.3048975045904699,1,1,0,0,0,0,0,0,0,0,1
2022-04-13,47,193936,545,0,4,24,269737,300,2,2,2,2218,0.2403980820291878,1,0,0,3,0,96,21,28854,6191,35045,69198,16161.333333333334,0.7383051819763171,4,2087,0.285626301599124,0.25,5631.112380287951,0.1372326603006991,0.4856422781542238,1,2.3294277733833,1,0,16,0,0,1.9744906694059237,0,35045,0.1299223691137326,1,1,0,0,0,0,0,0,0,1,1,0,0,1,13943.333333333334,0,1,0,1,4,1,1,1,1.390848574537092,0,1,0,0,0,0,0,0,0,0,0
2022-04-13,54,16552,651,0,1,33,98044,360,0,0,0,206,0.4229682411624697,4,0,0,3,0,100,16,651,213,18676,41088,1379.3333333333333,0.8618495022908773,4,2733,0.2523732954589834,0.249874987631026,2042.7867689148293,0.14923931417532,1.6291621122300144,0,4.223337802886029,1,0,16,0,0,2.1999250414948865,0,864,0.008812280075475546,1,1,0,0,0,0,0,0,1,0,0,1,0,0,1173.3333333333333,0,0,0,0,3,0,1,0,5.923035099377756,0,1,0,0,0,0,0,0,0,0,0
2022-04-13,42,35440,577,0,1,19,18586,72,1,3,1,217,0.4594913725240431,6,1,0,0,0,96,19,1003,1684,42432,24014,2953.333333333333,0.850758998121659,5,18418,0.192957554422652,0.2030844674346837,448.5165011671213,0.0734514272819587,0.2252679119374211,1,2.727344447465714,1,1,25,0,0,0.5659274621167487,0,2687,0.14456340453004787,1,1,0,0,1,0,0,0,0,1,0,0,0,0,2736.333333333333,0,1,1,0,3,0,1,0,0.5244208684856522,0,1,0,0,0,0,0,0,0,0,1
2022-04-14,24,30843,504,0,3,0,121924,120,1,1,0,230,0.195797289231045,3,0,0,3,0,95,1,3008,882,29233,20095,2570.25,0.832307213383987,5,9138,0.2459277903451445,0.2451286741084561,2731.9212703692715,0.089450656295576,1.1519382675232948,1,3.476084573351036,1,1,25,0,0,0.6873845522337005,0,3890,0.031904859544802135,1,1,0,0,0,0,0,0,0,1,0,1,0,0,2340.25,0,1,0,0,1,0,1,1,3.9529243937232525,0,1,0,0,0,0,0,0,1,0,1
2022-04-15,44,19774,597,2,4,20,24920,48,2,1,2,253,0.5714871301747297,3,1,0,0,0,96,9,1849,877,19151,6992,1647.8333333333333,0.586052303808606,7,12159,0.1750308665251267,0.2000667214360388,758.4132201012359,0.1534418275548367,0.613411434408917,0,2.8326104074794407,1,1,49,0,0,0.36507936507936506,0,2726,0.10938565868143332,1,1,0,0,0,0,0,0,0,1,1,0,0,0,1394.8333333333333,0,1,0,1,4,1,1,0,1.2601769911504426,0,1,0,0,0,0,1,0,0,0,0
2022-04-15,32,18486,567,1,1,12,22840,24,1,0,0,177,0.1637290502101931,3,2,0,1,0,100,2,413,90,52773,84235,1540.5,0.6577299338476421,8,5058,0.1820090781114121,0.1983723526553111,1160.6448493122532,0.1148232241323386,0.8677553352658146,0,3.0609963308123267,1,1,64,0,0,1.5961458293856823,0,503,0.022021802898296923,1,1,0,0,0,0,0,0,0,1,0,1,0,0,1363.5,0,0,0,0,3,0,0,0,1.235462757613458,1,1,0,0,0,0,1,0,0,0,1
2022-04-16,33,178830,592,0,2,11,214299,180,1,3,3,2914,0.4360656263424438,3,0,0,3,0,92,18,69906,1463,223711,24846,14902.5,0.5127373443555564,1,198865,0.2220687830453654,0.2408893020845378,4425.528643390047,0.1955245412151508,0.4924701340886401,1,1.582507504159864,0,0,1,0,0,0.1110624374195394,0,71369,0.3330331311245917,1,1,0,0,0,0,0,0,0,1,0,0,1,1,11988.5,0,1,1,0,5,1,1,1,1.1983325038723711,0,1,0,0,0,0,1,0,0,0,1
2022-04-16,47,53790,601,0,3,26,13976,24,0,2,1,670,0.4643286702890933,4,2,0,0,0,91,6,17229,4575,106772,36294,4482.5,0.7474547244008813,5,70478,0.1648862921001212,0.1640572623363549,687.0209103662517,0.1494368239098918,0.3026699922752875,1,2.18778514356392,1,1,25,0,0,0.3399173948470119,0,21804,1.5599914144666238,1,1,0,0,0,0,0,0,0,1,0,0,0,0,3812.5,0,1,0,0,1,0,0,0,0.25982041605473033,0,1,0,0,0,0,0,0,0,0,0
2022-04-16,54,46774,583,0,3,32,13631,24,3,1,1,421,0.243883611813905,5,1,1,1,0,90,17,4470,4882,23537,85766,3897.8333333333335,0.6082096047525629,5,1084,0.1738800438122673,0.1566605532743094,665.2432183343805,0.1079810199632368,0.2786072461850246,0,4.583429527515441,1,1,25,0,0,3.6437250403602683,0,9352,0.6860328638497653,1,1,0,0,0,0,0,0,0,1,0,0,0,0,3476.8333333333335,0,1,0,0,1,0,0,0,0.29141635489043294,1,1,0,1,0,1,1,0,0,0,0
2022-04-20,40,39953,536,0,3,18,17830,60,1,2,2,176,0.2540985669034256,6,0,0,2,0,100,8,3206,3158,351994,16234,3329.4166666666665,0.5861312222299984,5,335760,0.2094471734486335,0.2084759907842526,480.8341087809218,0.0528462404604028,0.1972228025865397,0,1.8628552796909068,1,1,25,0,0,0.046119973295075216,0,6364,0.3569065111322977,1,1,0,0,1,0,0,0,0,1,1,0,0,0,3153.4166666666665,0,1,0,0,1,0,1,0,0.44626320268308556,0,1,0,0,0,0,1,0,0,0,1
2022-04-21,43,42613,566,0,1,21,15154,48,3,1,1,279,0.1752748290538787,8,0,0,0,0,99,20,3092,7523,139239,7184,3551.083333333333,0.7906360838773646,5,132055,0.1904065214473729,0.2280590425433676,484.09790835204944,0.0785454545454545,0.2148310827032162,1,2.0414919097891664,1,1,25,0,0,0.05159436943407067,0,10615,0.7004289013526889,1,1,0,0,1,0,0,0,0,1,0,0,0,0,3272.083333333333,0,1,0,0,3,0,1,0,0.3556108321208992,0,1,0,0,0,0,0,0,0,0,0
2022-04-21,60,103786,649,0,3,40,12026,24,2,1,2,931,0.1857217063525009,6,2,0,1,0,93,3,1149,3549,21131,11003,8648.833333333334,0.8355324186529663,5,10128,0.1408487273503276,0.1010886116581211,555.5433218557413,0.1076321316403013,0.1718580306197508,1,0.7731820980340116,1,1,25,0,0,0.5206795381412076,0,4698,0.3906211025193315,1,1,0,0,1,0,0,0,0,1,1,0,0,1,7717.833333333334,0,1,0,1,1,0,0,0,0.11587193001050228,1,1,0,0,0,0,0,0,0,0,0
2022-04-22,42,23614,550,0,3,20,8270,60,2,1,3,110,0.5105135086803332,3,2,0,1,0,92,21,1379,752,22859,7036,1967.8333333333333,0.8414750304653974,2,15823,0.2022551276749229,0.2188269924618706,227.8571902152932,0.0558706509777363,0.1716027377712485,1,2.1083568265672943,0,0,4,0,0,0.30778652668416445,0,2131,0.2576472010639584,1,1,0,0,0,0,0,0,0,1,0,0,1,0,1857.8333333333333,0,1,0,1,1,0,1,0,0.35020114334109675,1,1,0,0,0,0,0,0,0,0,0
2022-04-22,71,97191,515,0,2,50,36749,36,1,1,3,1310,0.0957002272435376,2,1,0,2,1,99,24,5603,748,53773,121482,8099.25,0.8697898576013504,6,9574,0.2121279733761602,0.2091410857457033,1382.900950244477,0.1617234035986543,0.3324466467386163,1,2.7378300828577955,1,1,36,0,0,2.2591215085357237,0,6351,0.17281632653061224,1,0,0,0,0,0,0,0,0,1,0,0,1,1,6789.25,0,1,0,0,5,1,0,0,0.3781072516256482,0,0,0,0,1,1,0,0,0,1,1
2022-04-22,46,41302,575,0,3,28,186466,180,2,1,3,179,0.4805805214946588,4,0,0,3,0,92,1,1211,443,96717,13864,3441.833333333333,0.6927856865154145,6,82853,0.2305340023896774,0.25,3982.035355118652,0.0519920608026334,1.208607839023668,0,3.629765567049154,1,1,36,0,0,0.14334456874625198,0,1654,0.008870202234175483,1,1,0,0,0,0,0,0,0,1,0,0,1,0,3262.833333333333,0,1,0,1,1,0,1,1,4.514587318112485,0,1,0,0,0,0,1,0,0,0,0
2022-04-22,18,27896,488,0,4,0,155469,180,2,0,0,143,0.5799562485038742,2,1,0,3,0,96,21,1068,73,178486,3344,2324.6666666666665,0.318713450474106,3,175142,0.273988552016486,0.25,3320.08545592731,0.0614877454493335,1.4890721467366963,0,6.116889749705056,1,0,9,0,0,0.018735258029996583,0,1141,0.007339036470058532,1,1,0,0,0,0,0,0,0,1,0,1,0,0,2181.6666666666665,0,0,0,0,4,1,1,1,5.572964834928487,0,1,0,0,0,0,1,0,1,0,0
2022-04-24,49,213746,561,0,0,24,13749,24,0,0,3,761,0.6453256373121065,2,0,0,1,0,95,25,826,2385,13553,5403,17812.166666666668,0.9121306322429557,3,8150,0.1848821985257736,0.2177453425400389,711.7428396495135,0.0427212080951356,0.0826772054182494,1,2.052402079490248,1,0,9,0,0,0.3986277113767154,0,3211,0.23352727272727272,1,0,0,0,0,0,0,0,0,1,0,0,1,1,17051.166666666668,0,0,0,0,2,0,0,0,0.06432370980645342,1,0,0,0,0,0,0,0,0,0,0
2022-04-25,44,65278,623,0,4,22,9597,36,1,0,0,668,0.0830385123038752,3,5,0,1,0,100,18,1137,159,58110,176384,5439.833333333333,0.6752533176445166,4,7317,0.1577923275056045,0.1588627274401967,336.8634471561608,0.1227753101546944,0.1846892535744207,1,0.5538107702199616,1,0,16,0,0,3.0352945225516685,0,1296,0.13502813086059595,1,1,1,0,0,0,0,0,0,1,0,1,0,1,4771.833333333333,0,0,0,0,4,1,0,0,0.14701511971690742,1,2,0,0,0,0,1,0,0,0,1
2022-04-27,55,88861,602,1,1,32,14673,24,2,0,1,419,0.0962372911989128,2,0,0,1,0,96,8,11658,5028,75723,29207,7405.083333333333,0.7062182457060663,2,46516,0.1643984581248185,0.1388108575076599,703.6690355935492,0.0565751128014132,0.1515874160557491,1,1.2163678266111748,0,0,4,0,0,0.38570334372193754,0,16686,1.1371132615510426,1,1,0,0,0,0,0,0,0,1,0,0,0,1,6986.083333333333,0,0,0,0,3,0,0,0,0.16512119916274673,1,1,0,0,0,0,0,0,0,0,0
2022-04-27,48,97427,544,0,4,28,170973,300,1,3,0,279,0.2000067859867017,3,0,0,3,0,100,2,28716,2758,78756,53882,8118.916666666667,0.6164704761019104,5,24874,0.2860123166942852,0.25,3569.28481074147,0.0343599585381623,0.4739315646599168,1,2.3331582433165674,1,1,25,0,0,0.68415505923283,0,31474,0.18408646928772796,1,1,0,0,0,0,0,0,0,1,0,1,0,1,7839.916666666667,0,1,1,0,4,1,1,1,1.75486513117379,0,1,0,0,0,0,1,0,0,0,1
2022-04-30,38,23577,587,0,4,12,23068,60,0,2,3,286,0.4126724912034078,6,0,0,2,0,98,23,479,59,35931,6099,1964.75,0.8294794714024217,7,29832,0.1840115612509727,0.1982095376459642,608.8650543208414,0.1454915426681928,0.4552283120034803,1,3.107310545742398,1,1,49,0,0,0.16973728153178225,0,538,0.02332134032684555,1,1,0,0,1,0,0,0,0,1,0,0,1,0,1678.75,0,1,0,0,4,1,1,0,0.9783696666383918,0,1,0,0,0,0,0,0,0,0,0
2022-05-01,25,102785,520,0,3,0,18705,24,0,4,0,581,0.3446176532322315,2,0,0,1,0,95,9,6440,1632,81207,64506,8565.416666666666,0.9556666037896988,5,16701,0.2054591499017486,0.1876745511149626,940.7812017836436,0.0678229909433154,0.1776450131949738,1,1.9214982271471968,1,1,25,0,0,0.7943306078218895,0,8072,0.4315192986207634,1,1,0,0,0,0,0,0,0,1,0,1,0,1,7984.416666666666,0,1,1,0,1,0,0,0,0.18198003619169925,1,1,0,0,0,0,0,0,1,0,0
2022-05-03,37,15000,495,0,3,14,17478,36,1,1,0,94,0.1037784764459826,3,2,0,0,0,95,21,2682,2353,117184,6150,1250.0,0.6353167911319405,5,111034,0.2219421888598337,0.2137406085900132,661.846368984071,0.0751398880895283,0.6041937401951007,1,3.2501190015915133,1,1,25,0,0,0.05248111959721807,0,5035,0.2880599576634819,1,1,0,0,0,0,0,0,0,1,0,1,0,0,1156.0,0,1,0,0,1,0,0,0,1.1651223251783214,0,1,0,0,0,0,1,0,0,0,1
2022-05-05,29,22212,565,0,3,4,165076,360,1,1,0,110,0.1257371960400591,3,1,0,3,0,97,11,689,376,11522,17256,1851.0,0.5643375485315902,7,6711,0.2955035418276736,0.2458028869813137,3383.6331866213977,0.0593952483801295,1.8864110078949232,0,5.408424440067495,1,1,49,0,0,1.497526685758917,0,1065,0.0064515347383342315,1,1,0,0,0,0,0,0,0,1,0,1,0,0,1741.0,0,1,0,0,1,0,1,1,7.431504074190789,0,1,0,0,0,0,1,0,1,0,1
2022-05-05,33,35655,531,0,1,10,26222,36,1,2,2,594,0.6215268606704598,1,1,0,2,0,97,16,3659,252,58822,29575,2971.25,0.8707247284995053,3,29247,0.2040435980418121,0.2247259529818925,1007.8523853153104,0.1998485995457986,0.5389359526672758,1,2.6734691796393384,1,0,9,0,0,0.5027795250157251,0,3911,0.1491438813255539,1,1,0,0,0,0,0,0,0,1,1,0,0,0,2377.25,0,1,0,0,3,0,0,0,0.7354161992371551,0,1,0,0,0,0,0,0,0,0,1
2022-05-05,47,99266,622,1,4,27,20363,36,1,2,0,504,0.0210968058480275,1,2,0,1,0,95,9,5008,319,7193,22463,8272.166666666666,0.932361157333648,4,7130,0.1584803809787555,0.1637207586594951,719.6488595743391,0.0609198412538528,0.147905742610569,1,1.14201110178271,1,0,16,0,0,3.1224631637475673,0,5327,0.2615890787664506,1,1,0,0,0,0,0,0,0,1,0,1,0,1,7768.166666666666,0,1,0,0,4,1,0,0,0.20513362950426628,1,1,0,0,0,0,0,0,0,0,1
2022-05-06,60,71551,615,0,0,38,118597,180,1,1,0,475,0.3147569128407701,4,2,0,3,0,98,17,12280,237,13741,26728,5962.583333333333,0.804106622585416,4,6688,0.2104208737254992,0.2209079701979186,2268.3070804768454,0.0796500985145955,0.4600098509805646,0,1.912775408559615,1,0,16,0,0,1.944986173773832,0,12517,0.10554140879272837,1,1,0,0,0,0,0,0,0,1,0,1,0,1,5487.583333333333,0,1,0,0,2,0,1,1,1.657493850626118,0,1,0,0,0,0,0,0,0,0,1
2022-05-06,44,46686,551,1,1,21,13599,84,1,2,0,263,0.0306407123805487,1,2,0,2,0,97,15,675,1531,14427,10059,3890.5,0.8072718743559671,6,4368,0.209879456267931,0.2304906685828565,327.43491094268984,0.0675831941410767,0.1517242479616317,1,2.4506440016668165,1,1,36,0,0,0.6971860271693928,0,2206,0.16220588235294117,1,1,0,0,0,0,0,0,0,1,0,1,0,0,3627.5,0,1,0,0,3,0,1,0,0.2912802279007004,0,1,0,0,0,0,0,0,0,0,1
2022-05-06,25,37811,440,0,3,3,17423,180,1,2,1,144,0.1511495034963398,3,0,0,2,0,94,7,653,470,21604,17714,3150.9166666666665,0.873833308392611,6,3890,0.2974414009612932,0.25,372.0732036523134,0.0456864870581392,0.1637331370813463,0,2.9876041522198955,1,1,36,0,0,0.8199028002777135,0,1123,0.06445133149678604,1,1,0,0,0,0,0,0,0,1,0,0,0,0,3006.9166666666665,0,1,0,0,1,0,1,0,0.46077964667301385,0,1,0,0,0,0,0,0,1,0,1
2022-05-07,45,33242,623,0,4,23,34980,60,3,3,2,161,0.2775497957614745,3,1,0,2,0,95,4,2294,449,92337,7460,2770.1666666666665,0.6110469288884144,7,84877,0.1661156400839821,0.1577584967788788,846.4851989434908,0.0580982738918626,0.3635599442870599,0,2.2494367104002406,1,1,49,0,0,0.08079014057051268,0,2743,0.07841399616934908,1,1,0,0,0,0,0,0,0,1,1,0,0,0,2609.1666666666665,0,1,1,0,4,1,1,0,1.052251601840989,0,1,0,0,0,0,1,0,0,0,0
2022-05-07,54,29769,650,1,2,32,12805,48,1,2,3,109,0.7111508782455371,4,2,0,1,0,98,23,1710,371,35944,89085,2480.75,0.801870031653821,5,6732,0.1483644172725197,0.1634865927361987,365.1879091388124,0.043920620529868,0.1910699744691497,1,1.202240558644831,1,1,25,0,0,2.4783697315342885,0,2081,0.1625019522099016,1,1,0,1,0,0,0,0,1,0,0,0,1,0,2371.75,0,1,0,0,5,1,1,0,0.43013100436681223,1,2,0,0,0,0,0,0,0,0,1
2022-05-07,32,60150,579,0,3,10,21718,180,2,4,3,685,0.2433405919865955,3,2,0,2,0,93,15,2967,1003,143656,19566,5012.5,0.7966519034849749,2,124090,0.2279964856831181,0.2307643285623758,431.6441514540368,0.1366310960406901,0.2227274661322502,1,1.617532224765724,0,0,4,0,0,0.13619941945049666,0,3970,0.18278926285740596,1,1,0,0,0,0,0,0,0,1,0,0,1,0,4327.5,0,1,1,1,1,0,1,0,0.36105800402320826,0,1,0,0,0,0,0,0,0,0,0
2022-05-07,38,78579,530,0,0,15,139452,360,1,4,3,583,0.4128081047937181,2,0,0,3,0,93,17,7294,442,68692,7697,6548.25,0.84607805670588,5,60995,0.3129613707264778,0.25,2906.9865995123423,0.0890178264686796,0.5328833987880051,0,2.687062132476541,1,1,25,0,0,0.11204926266140655,0,7736,0.05547388725950679,1,1,0,0,0,0,0,0,0,1,0,0,1,1,5965.25,0,1,1,0,2,0,1,1,1.7746500381776533,0,1,0,0,0,0,0,0,0,0,1
2022-05-08,40,91451,526,0,3,20,232660,360,2,1,3,2235,0.2587175511932241,2,1,0,3,0,93,23,1881,2408,73786,129230,7620.916666666667,0.930890629111146,2,5289,0.3150893344343697,0.25,4849.9806545803685,0.2932333293244262,0.9295536758576082,0,3.225829908051577,0,0,4,0,0,1.7513925217179178,0,4289,0.018434546400127223,1,1,0,0,0,0,0,0,0,1,0,0,1,1,5385.916666666667,0,1,0,1,1,0,1,1,2.544066832874076,0,1,0,0,0,0,0,0,0,0,0
2022-05-09,30,28323,589,0,1,9,25593,84,1,0,2,140,0.1704088303547758,6,1,0,2,0,95,23,375,131,166463,13716,2360.25,0.7720309392182718,8,152747,0.1910375283069993,0.1810280047252938,539.4527244818746,0.0592906299629433,0.2877512861754895,1,2.279798445080186,1,1,64,0,0,0.0823961937716263,0,506,0.019770258654372118,1,1,0,0,1,0,0,0,0,1,1,0,0,0,2220.25,0,0,0,0,3,0,1,0,0.9035800028244598,0,1,0,0,0,0,0,0,0,0,1
2022-05-09,47,87627,652,0,1,27,120603,240,2,0,0,402,0.2909058712546268,4,1,0,3,0,96,10,2773,790,18664,46990,7302.25,0.648048907390626,7,4122,0.2119250669325552,0.2274513840256561,2311.456062207859,0.0550439872659432,0.3715408978479251,1,0.8823679514787925,1,1,49,0,0,2.5175462094829895,0,3563,0.029542967065768963,1,1,0,0,0,0,0,0,1,0,0,1,0,1,6900.25,0,0,0,0,3,0,1,1,1.3763066599716987,0,1,0,0,0,0,1,0,0,0,0
2022-05-09,38,36516,440,0,3,14,15010,84,1,0,1,555,0.5233255871459414,2,1,0,2,0,93,28,1292,1926,71774,13204,3043.0,0.8356484716318339,4,58570,0.2654041346361651,0.25,379.92765475364337,0.1823258869908015,0.3071378629282665,1,2.727215822784064,1,0,16,0,0,0.1839637756879136,0,3218,0.21437612417560456,1,0,0,0,0,0,0,0,0,1,0,0,0,0,2488.0,0,0,0,0,1,0,1,0,0.4110414327573459,0,0,0,0,0,0,0,0,0,0,1
2022-05-10,45,117652,631,0,0,27,21429,48,0,0,2,1410,0.175971014724537,5,2,0,1,0,96,12,4623,3290,64300,23878,9804.333333333334,0.9269622491644064,4,40422,0.1579931367721169,0.1725797393445721,621.1984623104015,0.1437992929018221,0.2071524132081589,1,0.9625761666864788,1,0,16,0,0,0.3713472574299,0,7913,0.36924871675221654,1,1,0,0,0,0,0,0,0,1,1,0,0,1,8394.333333333334,0,0,0,0,2,0,1,0,0.18213730206624565,1,1,0,0,0,0,0,0,0,0,0
2022-05-11,29,90189,613,1,0,4,151001,360,1,1,2,772,0.1328874184411152,1,0,0,3,0,97,26,16745,3437,52309,43519,7515.75,0.7928718820521965,10,8790,0.2714812620901856,0.25,3147.734586187098,0.102703961153424,0.5214666692635911,1,2.169072216636029,1,1,100,0,0,0.8319441789332823,0,20182,0.13365385888928624,1,0,0,0,0,0,0,0,0,1,1,0,0,1,6743.75,0,1,0,0,2,0,1,1,1.6742543519237165,0,0,0,0,0,0,0,0,1,0,1
2022-05-11,34,52378,562,0,1,9,14892,120,2,0,3,211,0.3793055562948829,3,1,0,2,0,99,16,5906,8636,212262,17782,4364.833333333333,0.8418770456095354,6,194480,0.2164021616457214,0.2363321591492392,324.5393589298389,0.0483298339377743,0.1226660108256932,1,0.8678933823186046,1,1,36,0,0,0.08377343201594249,0,14542,0.9764318807493453,1,1,0,0,0,0,0,0,0,1,0,0,1,0,4153.833333333333,0,0,0,0,3,0,1,0,0.2843124152809332,0,1,0,0,0,0,0,0,0,0,0
2022-05-12,48,50610,657,0,1,26,14692,60,3,2,0,855,0.3152671477216778,1,1,0,2,0,99,7,4502,915,96982,37181,4217.5,0.9022029693544787,6,59801,0.1488987816172189,0.1420664385090928,343.43316124173253,0.2026786772549484,0.2840898805835563,0,1.4674870675233231,1,1,36,0,0,0.3833764680407907,0,5417,0.36867896277138773,1,1,0,0,0,0,0,0,1,0,0,1,0,0,3362.5,0,1,0,0,3,0,1,0,0.2902926241330936,0,1,0,0,0,0,0,0,0,0,0
2022-05-12,35,70226,568,0,3,17,196347,360,1,0,0,478,0.474632534166003,3,1,0,3,0,90,10,4576,1377,32584,69420,5852.166666666667,0.8341178457611866,8,1898,0.2940469109685154,0.25,4093.007614479892,0.0816651954782311,0.7809460886380406,0,3.001831938798176,1,1,64,0,0,2.1304281110940617,0,5953,0.030318617964023062,1,1,0,0,0,0,0,0,0,1,0,1,0,1,5374.166666666667,0,0,0,0,1,0,1,1,2.7958904694775515,0,1,0,0,0,0,0,0,0,0,1
2022-05-14,60,96911,562,0,1,38,21891,60,1,1,2,551,0.2830108905417977,2,4,0,0,0,97,2,3276,1428,27373,8613,8075.916666666667,0.679240290827313,10,18760,0.1964984691380659,0.1972068781597349,576.5807007664873,0.0682191017611918,0.1396053404165971,1,0.3391576567391511,1,1,100,0,0,0.3146416307445021,0,4704,0.21487301297277545,1,1,1,0,0,0,0,0,0,1,1,0,0,1,7524.916666666667,0,1,0,0,3,0,1,0,0.22588533927686974,0,2,0,0,0,0,1,0,0,0,1
2022-05-15,35,38571,582,0,1,13,14749,12,1,0,0,482,0.4472291694377943,6,1,0,4,0,91,29,857,475,52106,3994,3214.25,0.7208427626331936,12,48112,0.170399749590442,0.1676636679982624,1343.5441379340998,0.1499105823808413,0.5677767321154187,0,3.037879365448699,1,1,144,0,0,0.0766499702535168,0,1332,0.09030508474576271,1,0,0,0,1,0,0,0,0,1,0,1,0,0,2732.25,0,0,0,0,3,0,0,0,0.3823758166545681,1,0,0,0,0,0,0,0,0,0,1
2022-05-15,42,24640,536,0,0,22,19133,36,3,3,2,172,0.1104440825612682,2,0,0,0,0,98,22,388,172,173495,14409,2053.333333333333,0.7823216584281704,8,159086,0.2014648055340595,0.2059752151322729,716.8893219162854,0.0837254583806587,0.432689918180895,1,2.774022013777242,1,1,64,0,0,0.08305090607276248,0,560,0.029267272917319953,1,1,0,0,0,0,0,0,0,1,1,0,0,0,1881.333333333333,0,1,1,0,2,0,0,0,0.7764701107909582,0,1,0,0,0,0,0,0,0,0,0
2022-05-18,51,40125,529,0,3,30,21140,36,2,3,1,158,0.4462966257364127,1,0,0,2,0,98,12,1045,837,110819,53958,3343.75,0.645996551853284,8,56861,0.2049897423904988,0.215760859189638,802.7174814801325,0.047238209133717,0.2872314766365595,1,1.4491927232153694,1,1,64,0,0,0.48689767190037897,0,1882,0.08902133295492172,1,1,0,0,0,0,0,0,0,1,0,0,0,0,3185.75,0,1,1,1,1,0,0,0,0.5268404525743907,0,1,0,0,0,0,1,0,0,0,0
2022-05-18,22,104592,499,0,1,0,195510,360,1,1,0,753,0.4018238267963708,2,1,0,3,0,93,19,5229,2864,80760,13184,8716.0,0.7438073722337774,3,67576,0.3285458429807023,0.25,4075.559691296346,0.0863829299070781,0.5539244799009231,0,3.463361103755628,1,0,9,0,0,0.16324711184854077,0,8093,0.04139409035808727,1,1,0,0,0,0,0,0,0,1,0,1,0,1,7963.0,0,1,0,0,3,0,1,1,1.8692455518055702,0,1,0,0,0,0,0,0,1,0,1
2022-05-20,18,89973,607,1,2,0,345061,300,1,4,1,429,0.1664991637452632,2,0,0,3,1,98,27,1479,2605,28951,70689,7497.75,0.8563246907095864,8,9271,0.2546878698475031,0.25,7203.5993173147945,0.057209534922487,1.017849550567067,0,4.141165040740724,1,1,64,0,0,2.4415929814865986,0,4084,0.011835554190261461,1,0,0,0,0,0,0,0,0,1,0,0,0,1,7068.75,0,1,1,0,5,1,1,1,3.835119034387712,0,0,0,0,1,1,0,0,1,0,1
2022-05-21,21,19209,426,0,3,0,98423,240,2,0,2,35,0.3723351063339092,5,2,0,3,0,93,6,1187,393,39507,39659,1600.75,0.8044297975024466,1,9436,0.324874259988935,0.25,2065.127378359622,0.0218511003589823,1.3111455460337893,0,3.958084724312866,0,0,1,0,0,1.0038220107320037,0,1580,0.016052995204421685,1,1,0,0,0,0,0,0,0,1,1,0,0,0,1565.75,0,0,0,0,1,0,1,0,5.123529411764705,0,1,0,0,0,0,0,0,1,0,0
2022-05-21,55,25151,609,1,0,36,18815,36,0,3,3,114,0.352746341743725,1,0,0,1,0,96,21,1080,1219,6284,42360,2095.9166666666665,0.6713888186766184,3,3331,0.1649606157126746,0.1777184756394073,678.0558368618775,0.0543655367007113,0.3777240409467285,1,2.686974209404027,1,0,9,0,0,6.7398568019093075,0,2299,0.12218324829931973,1,1,0,0,0,0,0,0,0,1,0,0,1,0,1981.9166666666665,0,1,1,0,2,0,0,0,0.748051844783715,1,1,0,0,0,0,1,0,0,0,0
2022-05-21,33,79740,596,0,3,11,28463,48,1,1,2,432,0.2601772624378632,2,1,0,0,0,97,27,2797,1576,135425,19341,6645.0,0.6911873996826217,5,116084,0.1755640988524764,0.1837523742177405,841.6919155478357,0.0650015046644598,0.1916478958091838,1,1.3523148129145817,1,1,25,0,0,0.14281600283549686,0,4373,0.15363265879707702,1,0,0,0,0,0,0,0,0,1,1,0,0,1,6213.0,0,1,0,0,1,0,1,0,0.3569431032969238,0,0,0,0,0,0,1,0,0,0,1
2022-05-21,70,30181,637,1,1,48,119959,240,1,1,0,119,0.3125286528656376,2,2,0,3,0,96,20,5032,384,101008,11633,2515.083333333333,0.8914219227098732,6,89375,0.2194237284082157,0.2039270997984988,2074.93206419152,0.0472957307985294,0.8719631957837325,1,3.1603383514757413,1,1,36,0,0,0.1151679553307131,0,5416,0.04514838279426475,1,1,0,0,0,0,0,0,0,1,0,1,0,0,2396.083333333333,0,1,0,0,3,0,1,1,3.9745212378238683,0,1,0,0,0,0,0,0,0,1,1
2022-05-22,33,51728,590,0,3,10,16625,12,2,0,3,487,0.3972827914992252,4,2,0,1,0,99,24,230,393,837585,17991,4310.666666666667,0.8690952992154911,6,819594,0.1664296807535227,0.1584398812831457,1507.173394783149,0.1129493621955933,0.462506392296053,1,1.862321256906549,1,1,36,0,0,0.021479585379889348,0,623,0.037471430289907376,1,0,0,0,0,0,0,0,0,1,0,0,1,0,3823.666666666667,0,0,0,0,1,0,0,0,0.32138645633977075,1,0,0,0,0,0,0,0,0,0,0
2022-05-23,42,33305,627,0,0,21,153737,180,1,0,0,159,0.0267137909141444,3,1,0,3,0,94,2,1184,135,76666,22382,2775.4166666666665,0.7660589648901306,4,54284,0.2044857512834605,0.1880265792778171,2565.1001252387605,0.0572680613500615,0.9811568119237964,0,2.9799154463784285,1,0,16,0,0,0.2919378611397342,0,1319,0.00857953141058164,1,1,0,0,0,0,0,0,0,1,0,1,0,0,2616.4166666666665,0,0,0,0,2,0,1,1,4.615895033927821,0,1,0,0,0,0,0,0,0,0,1
2022-05-26,58,166209,653,1,1,34,231459,300,0,3,0,1281,0.3520393967311532,4,0,1,3,0,98,23,825,13747,185203,21809,13850.75,0.8574900141424392,3,163394,0.2315880405878505,0.2023120016852981,3928.302470360283,0.092479289620445,0.3760754034948857,1,3.071756927815769,1,0,9,0,0,0.11775663592578994,0,14572,0.0629568823986866,1,1,0,0,0,0,0,0,1,0,0,1,0,1,12569.75,0,1,1,0,3,0,1,1,1.3925696408158355,0,1,0,1,0,1,0,0,0,0,0
2022-05-29,64,37384,666,1,1,38,18224,48,1,2,0,142,0.0610222027182121,1,3,0,0,0,93,20,2476,356,93282,24313,3115.333333333333,0.6722163206063847,3,68969,0.1404526373892192,0.1271451906298135,486.3260541335744,0.0455663707348379,0.201623506514143,1,1.750166972924624,1,0,9,0,0,0.260636986374795,0,2832,0.15539094650205762,1,1,1,0,0,0,0,0,1,0,0,1,0,0,2973.333333333333,0,1,0,0,3,0,1,0,0.48746823592349875,0,2,0,0,0,0,1,0,0,0,1
2022-05-30,64,122932,532,0,0,40,36865,60,1,0,0,1368,0.585803717252929,3,0,0,0,0,90,14,13749,935,60073,16085,10244.333333333334,0.7517088429022897,4,43988,0.211628761249014,0.25,1082.0365362741682,0.133524206142634,0.2391368300631996,1,1.5376943516567947,1,0,16,0,0,0.2677531045044445,0,14684,0.3983073834969891,1,1,0,0,0,0,0,0,0,1,0,1,0,1,8876.333333333334,0,0,0,0,2,0,1,0,0.2998787957667998,0,1,0,0,0,0,0,0,0,0,1
2022-05-31,54,57688,569,0,0,32,27137,180,3,1,0,215,0.3676417771736189,2,1,0,2,0,91,7,779,729,94289,14940,4807.333333333333,0.9146195131180896,4,79349,0.2330521725596764,0.25,579.518482896908,0.0447140381282495,0.1652378127341923,1,1.6847740109181073,1,0,16,0,0,0.15844734330257715,0,1508,0.055567838455302526,1,1,0,0,0,0,0,0,0,1,0,1,0,0,4592.333333333333,0,1,0,0,2,0,1,0,0.47040163636048465,0,1,0,0,0,0,0,0,0,0,0
2022-05-31,52,60715,629,0,1,30,17314,72,0,0,3,133,0.090073940690632,3,0,0,0,0,94,5,932,882,97403,67302,5059.583333333333,0.9350993610519795,8,30101,0.1669398321142091,0.1720141156480221,387.1179496781987,0.0262815551566848,0.1027782600184166,1,1.5295557765092265,1,1,64,0,0,0.6909572502155968,0,1814,0.10476465492347675,1,1,0,0,0,0,0,0,0,1,0,0,1,0,4926.583333333333,0,0,0,0,3,0,1,0,0.28516371302457344,0,1,0,0,0,0,0,0,0,0,0
2022-06-01,47,15000,565,0,3,25,17707,24,1,0,0,299,0.5252462884938582,2,0,0,0,0,98,21,163,1693,60554,8715,1250.0,0.987349229870664,1,51839,0.182945442948463,0.2059759147946781,906.3896720207472,0.2390087929656275,0.9635409048926836,1,4.054495000639358,0,0,1,0,0,0.14391875154817935,0,1856,0.10481138468488818,1,1,0,0,0,0,0,0,0,1,0,1,0,0,951.0,1,0,0,0,1,0,0,0,1.1803879741350576,0,2,0,0,0,0,0,0,0,0,1
2022-06-02,49,15000,589,0,3,24,5822,24,1,4,1,105,0.279500103710907,1,0,1,1,0,98,9,953,236,104577,18097,1250.0,0.8409144991036022,2,86480,0.1706673927179593,0.1823143210485719,291.3095716010718,0.0839328537170263,0.3167942219033348,1,4.366543986091685,0,0,4,0,0,0.17304786857656487,0,1189,0.20419027992443758,1,1,0,0,0,0,0,0,0,1,0,0,0,0,1145.0,0,1,1,0,1,0,0,0,0.3881074595026998,1,1,0,1,0,1,0,0,0,0,1
2022-06-03,33,47873,630,0,4,12,9805,36,1,1,0,813,0.1550491878982349,6,0,0,1,0,96,13,1777,12795,262501,101655,3989.4166666666665,0.8679523521771781,6,160846,0.1542976874305528,0.1352156134951299,332.8377554356035,0.2037381225853607,0.2871473961622061,1,1.3603622584872688,1,1,36,0,0,0.38725419234901065,0,14572,1.4860289618600857,1,1,0,0,1,0,0,0,0,1,0,1,0,0,3176.4166666666665,0,1,0,0,4,1,0,0,0.2048084555290972,1,1,0,0,0,0,0,0,0,0,1
2022-06-06,30,43427,593,0,3,7,15773,24,2,1,0,406,0.2043454375202452,3,0,0,1,0,90,15,1715,888,69623,19205,3618.9166666666665,0.8253633734494994,1,50418,0.1689165295734895,0.1336338976728683,752.5722285029152,0.1121572780220539,0.3200549446818523,1,1.2718928825826126,0,0,1,0,0,0.2758387912214179,0,2603,0.16501838468365665,1,1,0,0,0,0,0,0,0,1,0,1,0,0,3212.9166666666665,0,1,0,1,1,0,0,0,0.36319885787970896,1,1,0,0,0,0,0,0,0,0,0
2022-06-06,39,21804,555,0,1,16,7320,24,1,4,1,239,0.2584358228511167,2,1,0,1,0,100,5,787,3274,186058,52876,1817.0,0.9215898593813024,7,133182,0.1877246255524116,0.1573759832162892,357.4928809530515,0.1314631463146314,0.3281038949136697,1,3.0045813868922524,1,1,49,0,0,0.28418942378492845,0,4061,0.5547056413058326,1,1,0,0,0,0,0,0,0,1,0,0,0,0,1578.0,0,1,1,0,3,0,0,0,0.33570282045402433,1,1,0,0,0,0,0,0,0,0,1
2022-06-08,37,27872,633,0,4,16,56017,36,3,1,0,332,0.0435280878143241,3,1,0,2,0,92,8,549,1308,201654,12898,2322.6666666666665,0.9497238110546384,3,188756,0.1532333570866604,0.1420384527273863,1920.0789704505464,0.142877635920241,0.9691919253122424,0,3.2041123561721463,1,0,9,0,0,0.06396072500061988,0,1857,0.03315005890963619,1,1,0,0,0,0,0,0,0,1,0,1,0,0,1990.6666666666665,0,1,0,0,4,1,0,0,2.009722670684892,0,1,0,0,0,0,0,0,0,0,0
2022-06-08,34,59345,600,0,3,14,12313,120,0,1,1,443,0.4446530990794221,5,1,0,2,0,98,7,9606,1634,88435,7982,4945.416666666667,0.9105373282169688,6,80453,0.1973546230263678,0.1773857035257722,219.7938827252139,0.0895597823340128,0.133994753655046,1,1.260440469150094,1,1,36,0,0,0.09025736125559727,0,11240,0.9127821991229494,1,1,0,0,0,0,0,0,0,1,0,0,0,0,4502.416666666667,0,1,0,0,1,0,1,0,0.20747817881575845,0,1,0,0,0,0,0,0,0,0,0
2022-06-10,48,67281,584,0,0,25,24427,60,0,0,2,505,0.0563755618603633,5,2,0,2,0,95,12,4610,6258,152100,132716,5606.75,0.5215656761742973,3,19384,0.1855258713235857,0.1880748349996509,631.0651016654649,0.0900539432036021,0.2025884002791609,1,0.8235819207502909,1,0,9,0,0,0.8725517912439761,0,10868,0.44489929588996235,1,1,0,0,0,0,0,0,0,1,1,0,0,1,5101.75,0,0,0,0,2,0,1,0,0.3630540114740941,0,1,0,0,0,0,1,0,0,0,0
2022-06-15,51,43137,636,0,1,29,16459,48,2,2,0,578,0.0926985998618621,4,1,0,1,0,98,20,688,2544,8941,8056,3594.75,0.6643055828131975,3,10627,0.1554271721185577,0.1638111025156154,469.6715024189116,0.1607453243412361,0.2913638329747373,1,1.451754988337863,1,0,9,0,0,0.9009170208007157,0,3232,0.19635479951397328,1,1,0,0,0,0,0,0,0,1,0,1,0,0,3016.75,0,1,0,1,3,0,1,0,0.38154295516713804,1,1,0,0,0,0,1,0,0,0,0
2022-06-17,41,80708,549,0,4,17,17242,60,3,2,3,602,0.1566825647356289,1,1,1,2,0,100,29,2090,2923,39334,22293,6725.666666666667,0.8398316088047947,1,17041,0.20293879038575,0.179681220391015,437.5345276800569,0.0894945490584737,0.1545393252249836,1,3.113325352888651,0,0,1,0,0,0.5667471717300114,0,5013,0.29072667169286087,1,0,0,0,0,0,0,0,0,1,0,0,1,1,6123.666666666667,0,1,0,0,4,1,1,0,0.213631689154865,0,0,0,1,0,1,0,0,0,0,0
2022-06-17,57,36356,607,0,4,36,183962,360,1,0,3,178,0.1844802270190096,3,0,0,3,0,97,24,793,7086,56931,103671,3029.6666666666665,0.919141131646154,5,8326,0.2745306224823534,0.25,3834.8325504079503,0.0587329520457545,1.3240758525323195,0,4.038659458105572,1,1,25,0,0,1.8209618492236352,0,7879,0.04282926458037758,1,0,0,0,0,0,0,0,0,1,0,0,1,0,2851.6666666666665,0,0,0,0,4,1,1,1,5.059878427813076,0,0,0,0,0,0,0,0,0,0,1
2022-06-18,26,42680,549,1,1,1,16047,24,2,2,2,404,0.4514162583493638,0,1,0,1,0,99,23,9086,497,69142,7005,3556.6666666666665,0.7956652680181682,3,62137,0.1909208348775504,0.1700646921217565,793.449893757223,0.1135575751897311,0.3365829365006717,1,2.4121818554159047,1,0,9,0,0,0.10131177414922697,0,9583,0.5971460618145563,1,1,0,0,0,0,0,0,0,1,1,0,0,0,3152.6666666666665,0,1,0,1,3,0,0,0,0.37597525831166095,1,1,0,0,0,0,0,0,1,0,0
2022-06-18,37,103187,564,0,3,16,14121,48,1,3,3,253,0.1360092322030366,5,1,0,1,0,100,12,10967,732,132917,42180,8598.916666666666,0.7634193269284141,3,90737,0.191388872286019,0.1984843603632564,428.5676666770265,0.0294188897179236,0.0792528222184742,1,0.5984534322930302,1,0,9,0,0,0.3173385094569584,0,11699,0.8284237360147287,1,1,0,0,0,0,0,0,0,1,0,0,1,1,8345.916666666666,0,1,1,0,1,0,1,0,0.13684730782649146,1,1,0,0,0,0,0,0,0,0,1
2022-06-20,31,50879,589,0,1,5,8956,36,0,2,3,695,0.713566918788236,1,1,0,1,0,100,20,2339,496,30723,37341,4239.916666666667,0.9735960666478184,5,10131,0.1747750476571188,0.1672665014626522,318.08876688776587,0.1638796643807352,0.2388843843244029,1,1.7511506163241253,1,1,25,0,0,1.215369092566072,0,2835,0.31651222507536003,1,1,0,1,0,0,0,0,0,1,0,0,1,0,3544.916666666667,0,1,0,0,3,0,0,0,0.17602201257861635,1,2,0,0,0,0,0,0,0,0,0
2022-06-22,18,38013,541,0,0,0,149353,360,2,3,3,524,0.142812271285045,4,1,0,3,0,92,22,10938,4209,15503,22226,3167.75,0.8122187796821483,8,7803,0.3074785186515026,0.25,3113.380730265373,0.1653648915187376,1.1478913547188554,1,4.077071796956656,1,1,64,0,0,1.4335655314757483,0,15147,0.10141676821511308,1,1,0,0,0,0,0,0,0,1,0,0,1,0,2643.75,0,1,1,1,2,0,1,1,3.9288946177723996,0,1,0,0,0,0,0,0,1,0,0
2022-06-22,39,221348,603,1,0,16,291755,240,0,0,2,1836,0.2388735152013343,2,3,0,3,0,88,14,38202,14035,59277,131767,18445.666666666668,0.7647175327118616,3,6349,0.2366459182788725,0.2455486059052097,6016.568776734324,0.0995301770870979,0.4256903926672022,1,2.280241664157077,1,0,9,0,0,2.2228651438982423,0,52237,0.17904344726415225,1,1,1,0,0,0,0,0,0,1,1,0,0,1,16609.666666666668,0,0,0,0,2,0,1,1,1.3180768831121894,0,2,0,0,0,0,0,0,0,0,0
2022-06-24,38,18478,617,0,3,15,103624,360,0,0,0,288,0.3948302158027582,2,1,0,3,0,98,23,765,209,18554,28857,1539.8333333333333,0.9101159484676846,2,5618,0.2693871334731094,0.25,2160.123765796596,0.1869118442401298,1.5888309999761576,0,5.09771253819668,0,0,4,0,0,1.5552142279708974,0,974,0.009399276236429433,1,1,0,0,0,0,0,0,0,1,0,1,0,0,1251.8333333333333,0,0,0,0,1,0,1,1,5.607662752313437,0,1,0,0,0,0,0,0,0,0,0
2022-06-24,58,87850,590,0,3,37,29104,180,2,2,3,594,0.3261635694971764,3,1,0,2,1,95,16,3041,160,34310,24821,7320.833333333333,0.980408262014456,5,9489,0.2225696663149264,0.2373363445554937,593.0818898985217,0.0811272222348683,0.1621290509979543,0,2.2353359439872187,1,1,25,0,0,0.7234123167497304,0,3201,0.10998110290328122,1,1,0,0,0,0,0,0,0,1,0,0,1,1,6726.833333333333,0,1,0,1,1,0,1,0,0.33128820389067853,0,1,0,0,1,1,0,0,0,0,0
2022-06-27,47,121500,593,0,1,24,131498,240,0,0,3,813,0.1833819864077849,4,1,0,3,0,99,13,4413,1898,16466,9531,10125.0,0.8648866334626131,5,6935,0.241446688631502,0.2293233521945328,2539.987402606945,0.0802883665810784,0.3311265457838184,1,1.6935908862075066,1,1,25,0,0,0.5787939515394426,0,6311,0.04799276040121978,1,1,0,0,0,0,0,0,0,1,0,0,1,1,9312.0,0,0,0,0,3,0,1,1,1.0822791581962288,0,1,0,0,0,0,0,0,0,0,0
2022-06-28,27,35802,559,0,0,2,25104,60,0,0,2,136,0.1912604947803841,4,4,0,0,0,89,26,720,249,256770,20801,2983.5,0.8839844659325252,4,235969,0.1980327055771172,0.2031742129802011,669.5440384601045,0.0455687719886078,0.2699092104071384,0,2.7481948004018166,1,0,16,0,0,0.08100992713351586,0,969,0.03859788886675961,1,0,1,0,0,0,0,0,0,1,1,0,0,0,2847.5,0,0,0,0,2,0,1,0,0.7011702929922073,0,1,0,0,0,0,0,0,1,0,0
2022-06-30,62,96275,672,0,0,44,329352,360,2,0,2,1629,0.1555627561251043,3,1,0,3,0,100,13,28455,1127,71183,40593,8022.916666666667,0.7701400092361108,7,30590,0.2421762213507195,0.2303290011821522,6328.352078432409,0.2030180605896953,0.9917042273742966,0,2.553218201289424,1,1,49,0,0,0.5702545515846258,0,29582,0.08981852298293928,1,1,0,0,0,0,0,0,1,0,1,0,0,1,6393.916666666667,0,0,0,0,2,0,1,1,3.4209148697494705,0,1,0,0,0,0,0,0,0,0,0
2022-06-30,54,31263,565,0,0,30,123464,360,2,3,0,173,0.2324288532816955,3,0,0,3,0,96,15,596,209,36143,51671,2605.25,0.556424298498017,5,3659,0.2954309282485187,0.25,2573.704167184349,0.066378896882494,1.053891287169055,0,2.6487126303873767,1,1,25,0,0,1.429587206728641,0,805,0.0065200664155833634,1,1,0,0,0,0,0,0,0,1,0,1,0,0,2432.25,0,1,1,1,2,0,1,1,3.949078812691914,0,1,0,0,0,0,1,0,0,0,0
2022-07-01,46,45867,662,1,4,28,9430,24,1,0,0,383,0.32064932833039,5,1,0,1,1,100,11,5704,176,25969,45226,3822.25,0.8908903969080272,4,10482,0.1342879393536359,0.1416448364373858,453.4945860505767,0.1001765513633688,0.2187914957302234,1,2.491884862902617,1,0,16,0,0,1.741470927993839,0,5880,0.6234757713922171,1,1,0,0,0,0,0,0,1,0,0,1,0,0,3439.25,0,0,0,0,4,1,0,0,0.20558995378041336,1,1,0,0,1,1,0,0,0,0,1
2022-07-02,37,64105,562,0,1,16,21306,36,1,0,0,514,0.240662476705578,4,0,0,1,0,96,28,6674,8092,36237,4206,5342.083333333333,0.8251511661561471,4,32031,0.1884916977340513,0.1700785916141852,759.7003511447748,0.096199135954583,0.2383830218777749,1,1.3269351650704304,1,0,16,0,0,0.11606600805783984,0,14766,0.6930116863002769,1,0,0,0,0,0,0,0,0,1,0,1,0,0,4828.083333333333,0,0,0,0,3,0,0,0,0.3323557857298849,1,0,0,0,0,0,0,0,0,0,1
2022-07-03,28,56217,520,0,3,2,226145,240,1,0,3,203,0.0394137299159845,7,2,0,3,0,98,23,2163,544,272767,21188,4684.75,0.9587953752676468,4,251579,0.2780822340218435,0.25,4745.01113539657,0.0433228405271301,1.0559699376613283,0,3.8846838155781,1,0,16,0,0,0.0776777334584702,0,2707,0.011970143181838281,1,1,0,0,1,0,0,0,0,1,0,0,1,0,4481.75,0,0,0,0,1,0,1,1,4.0226439930271445,0,1,0,0,0,0,0,0,1,0,1
2022-07-03,35,87436,509,0,3,14,39528,60,1,3,2,258,0.2594900930306021,4,1,0,2,1,95,8,27885,6894,34779,9999,7286.333333333333,0.6653364332162512,5,24780,0.223146197464682,0.2460621194294661,1151.0912942109612,0.0354038971731772,0.1933617181700157,1,2.2219076348514712,1,1,25,0,0,0.28749281196089704,0,34779,0.8798350578056616,1,1,0,0,0,0,0,0,0,1,1,0,0,1,7028.333333333333,0,1,1,0,1,0,1,0,0.4520740647551952,0,1,0,0,1,1,1,0,0,0,1
2022-07-06,53,123120,635,0,3,33,142054,300,3,1,2,872,0.2367733876845753,6,0,0,3,0,95,9,1351,1894,45270,5115,10260.0,0.981673171780206,2,40155,0.2404659923963841,0.25,2965.562893001051,0.0849819705681707,0.3739950192964673,0,2.2798489154383503,0,0,4,0,0,0.11298623843078351,0,3245,0.02284326493259653,1,1,0,0,1,0,0,0,0,1,1,0,0,1,9388.0,0,1,0,0,1,0,1,1,1.1537755541296772,0,1,0,0,0,0,0,0,0,0,0
2022-07-06,62,57933,634,0,4,40,69795,240,3,0,0,326,0.3304089073174032,8,0,0,3,0,97,5,2792,359,72869,12192,4827.75,0.8611969253127579,3,60677,0.2207883329951295,0.25,1464.4500307104013,0.0675122961428941,0.3707895481667929,1,1.8935865926420197,1,0,9,0,0,0.1673116508851379,0,3151,0.045145853630580546,1,1,0,0,1,0,0,0,0,1,0,1,0,0,4501.75,0,0,0,0,4,1,1,0,1.2047329720026236,0,1,0,0,0,0,0,0,0,0,0
2022-07-06,58,106084,605,0,1,31,15095,60,1,3,0,716,0.3769247604686092,3,2,0,1,0,96,2,3395,3388,21575,14310,8840.333333333334,0.8145212846644293,7,7265,0.174905546271762,0.184731212267712,387.2094731946873,0.080983260443372,0.1247786314124589,1,1.1432584110077937,1,1,49,0,0,0.6632369299221357,0,6783,0.44932432432432434,1,1,0,0,0,0,0,0,0,1,0,1,0,1,8124.333333333334,0,1,1,0,3,0,1,0,0.14229155865579488,1,1,0,0,0,0,0,0,0,0,1
2022-07-07,34,34782,607,0,1,15,43797,60,1,3,1,418,0.3715993188916755,3,0,0,1,0,95,10,4743,451,23561,8471,2898.5,0.7939244284805334,1,15090,0.1741718358583053,0.182910971965155,1119.103099770296,0.1441627866873598,0.5301269528436958,0,1.9616775250295595,0,0,1,0,0,0.3595195654019183,0,5194,0.11858988994931276,1,1,0,0,0,0,0,0,0,1,0,0,0,0,2480.5,0,1,1,0,3,0,1,0,1.2591495845671736,1,1,0,0,0,0,0,0,0,0,1
2022-07-11,26,134314,572,0,1,6,17105,36,1,1,3,595,0.309666293879311,3,2,0,1,0,98,28,5598,1175,21256,22542,6276.416666666667,0.9048244013595768,3,2157,0.1834367961395352,0.1875678118842132,624.8998026011782,0.0947842132512047,0.1943315008989119,0,0.7307898998154355,1,0,9,0,0,1.060450675071741,0,6773,0.3959429439962586,1,0,0,0,0,0,0,0,0,1,0,0,1,1,5681.416666666667,0,1,0,0,3,0,0,0,0.1273498864609314,1,0,0,0,0,0,0,0,1,0,1
2022-07-11,41,58269,615,0,0,16,19392,60,1,0,3,601,0.2437236151622359,6,0,0,0,0,95,13,540,1293,65733,46060,4855.75,0.6446291583052498,3,19673,0.169968166863799,0.2162425120701002,531.4512997540031,0.1237453029289133,0.2331705975712159,1,1.8230183062941887,1,0,9,0,0,0.7007028326284723,0,1833,0.09451864074666116,1,1,0,0,1,0,0,0,0,1,0,0,1,0,4254.75,0,0,0,0,2,0,1,0,0.332795606658658,0,1,0,0,0,0,1,0,0,0,1
2022-07-12,18,62780,616,0,4,0,20801,48,1,2,2,554,0.1279456249751304,2,2,0,1,0,98,15,11316,535,104827,35899,5231.666666666667,0.7769109810039397,4,68928,0.1654857011037283,0.1403404836105798,568.7733765818779,0.1058733596636514,0.2145700171834395,1,0.8906496287636749,1,0,16,0,0,0.34245621398862897,0,11851,0.5697048360734545,1,1,0,0,0,0,0,0,0,1,1,0,0,0,4677.666666666667,0,1,0,0,4,1,1,0,0.33132635670027555,1,1,0,0,0,0,0,0,1,0,1
2022-07-12,43,64383,565,0,1,21,134978,360,2,4,0,388,0.1098086015054515,3,1,1,3,0,92,21,5460,244,158310,14253,5365.25,0.981710778584842,5,144057,0.2954532186224412,0.25,2813.722551336495,0.0723037502911716,0.5966405872511521,1,2.679681491393996,1,1,25,0,0,0.09003164656909501,0,5704,0.04225842538468947,1,1,0,0,0,0,0,0,0,1,0,1,0,0,4977.25,0,1,1,1,3,0,1,1,2.0964525347912524,0,1,0,1,0,1,0,0,0,0,0
2022-07-12,38,17678,528,0,3,18,77885,180,2,0,3,97,0.3596651792206207,2,2,0,3,0,97,14,327,322,41240,50581,1473.1666666666667,0.8693917903773509,5,3239,0.2538157503745302,0.2215054693637244,1493.161635577113,0.065799886941775,1.078685111753836,0,3.8549106589539353,1,1,25,0,0,1.2264736548580297,0,649,0.008332691369437383,1,1,0,0,0,0,0,0,0,1,0,0,1,0,1376.1666666666667,0,0,0,0,1,0,1,0,4.4055093613892184,0,1,0,0,0,0,0,0,0,0,0
2022-07-13,34,18147,541,0,3,7,115536,360,2,0,3,184,0.0850907263413907,4,3,0,3,1,96,11,667,913,97277,11693,1512.25,0.6388667897371442,3,85584,0.3074143365259911,0.25,2408.43877292013,0.1215925987113827,1.713159605432103,0,5.806901970946975,1,0,9,0,0,0.12020189559818253,0,1580,0.013675272856314428,1,1,1,0,0,0,0,0,0,1,0,0,1,0,1328.25,0,0,0,0,1,0,1,1,6.3663213577253694,0,2,0,0,1,1,1,0,0,0,0
2022-07-14,20,46785,605,0,1,0,14545,24,0,0,1,344,0.1611844860770297,3,0,0,1,0,90,14,665,364,168227,106701,3898.75,0.7628165341211894,5,61526,0.1628962678301786,0.1346989171260943,694.7104047060318,0.0882107827424834,0.2663530751217467,1,1.761378229413445,1,1,25,0,0,0.6342642128539839,0,1029,0.07074109720885467,1,1,0,0,0,0,0,0,0,1,0,0,0,0,3554.75,0,0,0,0,3,0,0,0,0.3108835976574189,1,1,0,0,0,0,0,0,1,0,0
2022-07-14,46,20552,620,0,4,22,97120,240,2,2,0,255,0.2126214719893469,1,0,0,3,0,93,7,904,460,85359,27090,1712.6666666666667,0.9202315082593704,5,58269,0.2278709282256952,0.2494683115887511,2033.605873809812,0.1488037346819684,1.335502357796039,0,4.456951064714644,1,1,25,0,0,0.3173617619493908,0,1364,0.01404433644628865,1,1,0,0,0,0,0,0,0,1,0,1,0,0,1457.6666666666667,0,1,0,1,4,1,1,0,4.7253442319855985,0,1,0,0,0,0,0,0,0,0,0
2022-07-16,33,83381,588,1,0,12,194140,240,2,2,2,546,0.1103654944096455,2,1,0,3,1,89,29,5056,7214,64263,52359,6948.416666666667,0.6064291651352233,6,11904,0.2440440849945437,0.2344121259584158,3829.26718446616,0.0785677454942261,0.6295876897772466,0,3.402685860047569,1,1,36,0,0,0.8147485372837047,0,12270,0.06320148757861555,1,0,0,0,0,0,0,0,0,1,1,0,0,1,6402.416666666667,0,1,0,1,2,0,1,1,2.328320260967595,0,0,0,0,1,1,1,0,0,0,0
2022-07-17,25,69093,561,0,4,3,26503,84,1,0,2,420,0.160077030133247,2,0,0,2,0,97,14,2580,1212,31929,13836,5757.75,0.905497592311168,7,18093,0.2050462627359949,0.2063082124635326,598.6389009290821,0.0729324940308226,0.1768854180037477,1,2.155346327832027,1,1,49,0,0,0.4333228938302537,0,3792,0.14307274373679443,1,1,0,0,0,0,0,0,0,1,1,0,0,1,5337.75,0,0,0,0,4,1,1,0,0.38357889252322924,0,1,0,0,0,0,0,0,1,0,1
2022-07-18,18,50948,600,1,1,0,271127,240,2,0,0,320,0.4372366913153518,5,4,0,3,0,94,3,1694,1066,27080,17374,4245.666666666667,0.7284955024806983,5,9706,0.2381275865782687,0.25,5688.8307683418425,0.075353218210361,1.4149523002374824,0,4.404604173571127,1,1,25,0,0,0.6415568110483365,0,2760,0.010179693723997522,1,1,1,0,0,0,0,0,0,1,0,1,0,0,3925.666666666667,0,0,0,0,3,0,1,1,5.321537223498008,0,2,0,0,0,0,0,0,1,0,0
2022-07-19,39,2696,570,2,3,16,163911,180,2,4,0,101,0.1107223541998909,3,0,0,3,0,96,10,178,347,243733,24352,224.66666666666663,0.8475374577956932,7,219381,0.2330017712443567,0.2023986163937511,2907.8515760010278,0.4475627769571639,3.0,0,7.4560588470262035,1,1,49,0,1,0.09991219936488138,0,525,0.0032029381619405536,1,1,0,0,0,0,0,0,0,1,0,1,0,0,123.66666666666663,1,1,1,1,1,0,1,1,60.775305895439374,0,3,1,0,0,0,0,0,0,0,0
2022-07-22,61,110113,595,0,3,36,448484,240,1,3,0,1603,0.0772540902851576,5,1,0,3,0,100,21,8051,1068,45709,19590,9176.083333333334,0.7849109383135026,4,26119,0.2407534076287764,0.1991294574166312,7588.322524512615,0.1746742338251986,1.0015516031250975,0,2.4590296671479326,1,0,16,0,0,0.42857142857142855,0,9119,0.020332898536182926,1,1,0,0,0,0,0,0,0,1,0,1,0,1,7573.083333333334,0,1,1,0,1,0,1,1,4.072906260784278,0,1,0,0,0,0,0,0,0,0,1
2022-07-23,59,186610,618,0,3,35,162287,240,1,4,2,1783,0.0330463066921979,1,0,0,3,0,96,6,1305,1218,55020,14952,15550.833333333334,0.7157031480007552,3,40068,0.2289992819534039,0.2393094621312098,3264.9585099282044,0.1146488624063615,0.3245892880750311,0,1.580739373868303,1,0,9,0,0,0.271750786063503,0,2523,0.015546435965690624,1,1,0,0,0,0,0,0,0,1,1,0,0,1,13767.833333333334,0,1,1,0,1,0,1,1,0.8696539860994261,0,1,0,0,0,0,0,0,0,0,1
2022-07-26,34,7728,578,2,1,14,17494,12,2,3,0,87,0.5394563648011778,1,1,0,1,0,97,6,922,122,765143,5886,644.0,0.6959639296842958,4,759257,0.1724424176012004,0.1805017160220446,1604.2675356755888,0.1348837209302325,2.62212021034975,0,6.859393605801007,1,0,16,0,0,0.00769266961513127,0,1044,0.05967419262646471,1,1,0,0,0,0,0,0,0,1,0,1,0,0,557.0,1,1,1,1,3,0,0,0,2.2634234700478717,1,2,0,0,0,0,1,0,0,0,0
2022-07-27,32,7513,460,2,3,7,10053,84,1,1,0,241,0.0983048955646308,2,1,0,2,0,95,20,147,475,45601,12089,626.0833333333334,0.7931758259814682,6,33512,0.2553039314610631,0.25,254.45787563213705,0.3843189368770764,0.7900989378851354,0,3.7800228982663175,1,1,36,0,0,0.2650980220165782,0,622,0.061865924010344145,1,1,0,0,0,0,0,0,0,1,0,1,0,0,385.08333333333337,1,1,0,0,1,0,1,0,1.3379025818472186,0,2,0,0,0,0,0,0,0,0,1
2022-07-29,45,59801,602,0,0,22,224375,360,1,0,0,167,0.2993044140772583,2,0,0,3,0,94,3,3282,2449,41647,7294,4983.416666666667,0.6888111607859313,2,34353,0.2770802696237598,0.25,4677.273314585533,0.0335044221155935,0.9718837004501762,1,2.888684902448695,0,0,4,0,0,0.1751344602381867,0,5731,0.025541947445359574,1,1,0,0,0,0,0,0,0,1,0,1,0,0,4816.416666666667,0,0,0,0,2,0,1,1,3.751964817230193,0,1,0,0,0,0,1,0,0,0,1
2022-07-30,28,68960,592,0,1,4,97604,300,1,2,3,797,0.4547263131305073,2,2,0,3,0,92,16,3577,2961,73935,3991,5746.666666666667,0.8846933109660664,7,69944,0.2618721710001493,0.2243939581242467,1832.2112418316565,0.1386649654932436,0.4574397567415745,1,0.8934101646165515,1,1,49,0,0,0.05397911707422636,0,6538,0.06698427334665233,1,1,0,0,0,0,0,0,0,1,0,0,1,1,4949.666666666667,0,1,0,0,3,0,1,0,1.4153507054712084,0,1,0,0,0,0,0,0,1,0,1
2022-08-01,43,47439,632,0,1,18,16813,24,1,1,3,236,0.1965903008112092,4,1,0,1,0,99,11,3706,623,12761,26792,3953.25,0.815156414632011,3,9638,0.1494324917879238,0.1590621530827146,822.4635657201081,0.0596826199658595,0.2676774522906008,1,1.4201923482421028,1,0,9,0,0,2.099357467481586,0,4329,0.2574640180801713,1,1,0,0,0,0,0,0,0,1,0,0,1,0,3717.25,0,1,0,0,3,0,0,0,0.3544055649241147,1,1,0,0,0,0,0,0,0,0,1
2022-08-01,49,7354,617,2,3,29,22842,84,2,1,2,193,0.1747878202700794,4,1,0,2,0,100,20,2118,981,35195,10238,612.8333333333334,0.8705315721172127,7,24957,0.177009100000914,0.2067992933576075,516.6268896279648,0.31441759435243,1.156057924998042,0,4.801076480103632,1,1,49,0,0,0.29088532787816795,0,3099,0.13566519283806855,1,1,0,0,0,0,0,0,0,1,1,0,0,0,419.83333333333337,1,1,0,1,1,0,1,0,3.105642420122366,0,2,0,0,0,0,0,0,0,0,0
2022-08-03,54,81017,579,0,0,32,16967,60,1,1,1,218,0.4634098830211973,2,0,0,1,0,100,17,12054,2115,30952,75144,6751.416666666667,0.8685104010680845,6,2979,0.1879347711240611,0.2038558195641444,453.169626634569,0.0322847375630946,0.0993969507165931,1,0.9039450401670516,1,1,36,0,0,2.4276806771556876,0,14169,0.83504243281471,1,1,0,0,0,0,0,0,0,1,0,0,0,1,6533.416666666667,0,1,0,0,2,0,1,0,0.20942259744748082,1,1,0,0,0,0,0,0,0,0,1
2022-08-03,38,217245,538,0,0,17,18338,24,1,4,2,553,0.3603421824572352,1,1,0,0,0,93,24,1787,3531,27990,10765,18103.75,0.915575982920661,1,17225,0.1964541963046742,0.1590581419148447,897.0604775058051,0.0305444703737969,0.0800928197023325,1,2.0888697221120704,0,0,1,0,0,0.38458790325461756,0,5318,0.28998309613392226,1,0,0,0,0,0,0,0,0,1,1,0,0,1,17550.75,0,1,1,0,2,0,0,0,0.0844112204597553,0,0,0,0,0,0,0,0,0,0,1
2022-08-04,37,28317,614,1,1,18,171537,300,0,0,2,252,0.4580913898061101,3,4,0,3,0,100,12,1394,19,228976,9206,2359.75,0.85766619422379,8,219770,0.251013140023847,0.25,3581.0590478038025,0.1067457375833951,1.6236615684862026,0,4.498809550270965,1,1,64,0,0,0.04020491141031632,0,1413,0.008237241893924378,1,1,1,0,0,0,0,0,0,1,1,0,0,0,2107.75,0,0,0,0,3,0,1,1,6.057525248958259,0,2,0,0,0,0,0,0,0,0,0
2022-08-04,29,49471,477,0,4,6,4459,36,0,0,2,246,0.2280784917748184,3,1,0,4,0,96,3,19288,419,26810,61742,4122.583333333333,0.912684850805833,4,5670,0.2306007260112535,0.2240423686543122,171.22512820680916,0.0596568518481094,0.1011802343932605,0,2.349053902369213,1,0,16,0,0,2.302860766103465,0,19707,4.418609865470852,1,1,0,0,0,0,0,0,0,1,1,0,0,0,3876.583333333333,0,0,0,0,4,1,0,0,0.0901317917205692,1,1,0,0,0,0,0,0,1,0,0
2022-08-04,30,15000,491,0,3,2,40629,120,1,2,0,106,0.4308811324544976,0,0,0,2,0,100,4,1007,71,29799,39275,1250.0,0.5395380085687714,4,3334,0.2521530654972454,0.2477242001782425,917.7701632529714,0.0847322142286171,0.8183614414492177,0,3.477547060461878,1,0,16,0,0,1.3179530201342282,0,1078,0.026532119123800147,1,1,0,0,0,0,0,0,0,1,0,1,0,0,1144.0,0,1,0,0,1,0,1,0,2.7084194387040865,0,1,0,0,0,0,1,0,0,0,1
2022-08-07,37,136714,497,0,4,18,173203,300,1,3,0,1940,0.4592412004527293,3,0,0,3,0,98,11,3107,4914,54029,58906,11392.833333333334,0.6682358351953827,4,5468,0.309515556342383,0.25,3615.838975012749,0.1702675423840381,0.4876180660602445,1,2.9344266184992693,1,0,16,0,0,1.0902461595409958,0,8021,0.04630955405186947,1,1,0,0,0,0,0,0,0,1,0,1,0,1,9452.833333333334,0,1,1,0,4,1,1,1,1.2668909775810995,0,1,0,0,0,0,1,0,0,0,1
2022-08-07,44,41639,605,1,1,22,9650,60,1,4,0,888,0.2228322797283581,3,2,0,0,0,97,9,2006,879,27373,17063,3469.9166666666665,0.6644300430539946,9,10310,0.1747937042039767,0.1661315422006716,237.82468554233705,0.2558401959136635,0.3243594685963853,1,1.9583193135390944,1,1,81,0,0,0.6233287060714546,0,2885,0.2989327530825821,1,1,0,0,0,0,0,0,0,1,0,1,0,0,2581.9166666666665,0,1,1,0,3,0,1,0,0.23174831892411143,0,1,0,0,0,0,1,0,0,0,1
2022-08-07,50,22124,598,0,1,26,16669,48,0,2,0,257,0.4658130456267561,5,2,0,0,1,98,29,786,145,44089,4329,1843.6666666666667,0.8313732187188022,5,39760,0.1744303414939362,0.1738682388951473,484.3271275769765,0.1393205637874954,0.4018759274902294,0,2.850317074794333,1,1,25,0,0,0.09818552959854843,0,931,0.055848830233953206,1,0,0,0,0,0,0,0,0,1,0,1,0,0,1586.6666666666667,0,1,0,0,3,0,1,0,0.7534011299435028,0,0,0,0,1,1,0,0,0,0,0
2022-08-09,30,77083,616,0,1,7,262359,360,0,0,1,315,0.2071324146653508,2,0,0,3,0,91,26,1240,2006,40284,40824,6423.583333333333,0.9687770149620144,4,9357,0.2701193682213519,0.2268928563348234,4966.469852106769,0.0490304170179648,0.8220719660844573,0,2.838955308063664,1,0,16,0,0,1.0133796698523023,0,3246,0.01237231285256899,1,0,0,0,0,0,0,0,0,1,0,0,0,1,6108.583333333333,0,0,0,0,3,0,1,1,3.403546780135956,0,0,0,0,0,0,0,0,0,0,0
2022-08-11,57,162616,554,0,0,35,16300,12,1,1,2,2435,0.2000181193445609,1,0,0,4,0,93,25,20240,752,44002,54279,13551.333333333334,0.6445503205048754,8,2250,0.1844247454336515,0.1472355214083941,1469.085037115266,0.1796738569004107,0.2880747500146542,1,1.5971944091048595,1,1,64,0,0,1.2335295320773583,0,20992,1.2877737562112754,1,0,0,0,0,0,0,0,0,1,1,0,0,1,11116.333333333334,0,1,0,0,2,0,0,0,0.10023552273132576,1,0,0,0,0,0,1,0,0,0,1
2022-08-11,36,58297,550,0,3,16,13740,36,2,4,0,188,0.5548483430618547,2,0,0,1,0,95,29,5457,394,15276,16446,4858.083333333333,0.824341836546385,2,1648,0.1943820348358329,0.215107247143602,521.265390104125,0.0386904251487763,0.1459669121619218,1,1.126166702856679,0,0,4,0,0,1.0765202592131964,0,5851,0.4258059820973728,1,0,0,0,0,0,0,0,0,1,0,1,0,0,4670.083333333333,0,1,1,1,1,0,0,0,0.23568561528697382,1,0,0,0,0,0,0,0,0,0,0
2022-08-11,39,57345,562,0,1,16,189112,300,1,1,3,347,0.2797002678954359,1,2,0,3,0,95,6,788,541,118680,109112,4778.75,0.6931045659455537,2,9568,0.2770375249997446,0.25,3947.96014065929,0.0725979392227627,0.8985742226391109,1,2.621346459361566,0,0,4,0,0,0.9193720983139677,0,1329,0.007027544378228889,1,1,0,0,0,0,0,0,0,1,0,0,1,0,4431.75,0,1,0,0,3,0,1,1,3.297736546576919,0,1,0,0,0,0,1,0,0,0,1
2022-08-12,31,55797,601,0,1,10,16614,60,2,2,3,405,0.1595026455829584,2,0,0,0,0,97,20,2652,1838,84628,37808,4649.75,0.7734201800331656,6,46820,0.1769295152951971,0.1650692958007119,408.5087743999188,0.0870827285921625,0.1749199106380516,1,1.9141838817308443,1,1,36,0,0,0.4467499320563873,0,4490,0.2702377369846524,1,1,0,0,0,0,0,0,0,1,0,0,1,0,4244.75,0,1,0,1,3,0,1,0,0.29775260762034483,0,1,0,0,0,0,0,0,0,0,0
2022-08-12,18,99987,538,0,1,0,11640,36,3,0,2,1848,0.2010168351717291,2,2,0,1,0,95,27,2961,7780,43062,22322,8332.25,0.397572918497598,9,20740,0.200340572157062,0.2417459102917672,457.7381244759,0.2217622176221762,0.2766913418505265,1,2.17182599358412,1,1,81,0,0,0.5183568260455611,0,10741,0.9226870543767718,1,0,0,0,0,0,0,0,0,1,1,0,0,1,6484.25,0,0,0,0,3,0,0,0,0.11641396967636117,1,0,0,0,0,0,1,0,1,0,0
2022-08-14,50,27913,541,0,0,25,146012,240,2,0,2,311,0.2287056152630422,4,2,0,3,0,95,24,293,298,73768,40151,2326.083333333333,0.7467700278045983,5,33617,0.2674728627344556,0.2300484028940699,2828.824007363968,0.1336436884512085,1.3492529306487953,0,4.072442777959945,1,1,25,0,0,0.5442801176646017,0,591,0.004047584804092786,1,0,0,0,0,0,0,0,0,1,1,0,0,0,2015.083333333333,0,0,0,0,2,0,1,1,5.230780253636168,0,0,0,0,0,0,0,0,0,0,0
2022-08-14,48,61171,657,0,4,24,52404,84,2,2,3,342,0.1116891471894279,3,1,0,2,0,100,23,775,4407,37741,9148,5097.583333333333,0.8717422434402532,5,28593,0.157216689321401,0.1453000902956117,997.4585531864068,0.0670774561561218,0.2627119075272033,1,0.961104383686908,1,1,25,0,0,0.24238249165386042,0,5182,0.09888369430397863,1,1,0,0,0,0,0,0,1,0,0,0,1,0,4755.583333333333,0,1,0,1,4,1,1,0,0.8566664487020206,0,1,0,0,0,0,0,0,0,0,0
2022-08-16,36,45472,641,0,1,13,17343,48,0,3,2,200,0.4094919378316138,4,1,0,1,0,100,22,669,915,54426,24842,3789.3333333333335,0.5902843556208485,8,29584,0.1529402504760598,0.1427059550298432,476.2805635398656,0.0527658077565737,0.1784224510262595,1,0.6367354856325917,1,1,64,0,0,0.45642787587043193,0,1584,0.09132841328413284,1,1,0,0,0,0,0,0,0,1,1,0,0,0,3589.3333333333335,0,1,1,0,3,0,1,0,0.3813911551909925,1,1,0,0,0,0,1,0,0,0,0
2022-08-18,40,18066,560,0,3,17,15617,60,2,5,3,266,0.2727544746331732,6,1,0,1,0,98,22,889,439,9100,5797,1505.5,0.8818077507015323,10,3303,0.1974140448435556,0.1531016936655916,374.0748082295455,0.1765682044473946,0.4248754120342153,1,1.8160659762773008,1,1,100,0,0,0.6369629711020767,0,1328,0.08503009348187988,1,1,0,0,1,0,0,0,0,1,0,0,1,0,1239.5,0,1,1,1,1,0,1,0,0.8643936458736924,1,1,0,0,0,0,0,0,0,0,0
2022-08-19,46,32058,500,0,0,21,20639,36,2,3,2,173,0.2382976310583308,1,1,0,1,0,94,9,1058,577,96853,26172,2671.5,0.7128778338061681,4,70681,0.2194837465548988,0.2223202785002659,790.6923228487209,0.064733395696913,0.3605958177170144,1,3.350061015994662,1,0,16,0,0,0.2702211576186838,0,1635,0.07921511627906977,1,1,0,0,0,0,0,0,0,1,1,0,0,0,2498.5,0,1,1,1,2,0,0,0,0.6437817773480146,1,1,0,0,0,0,0,0,0,0,0
2022-08-19,21,82630,574,0,1,0,22607,24,1,2,2,650,0.1725324910558895,3,3,0,1,0,98,20,1652,1302,20734,26375,6885.833333333333,0.8522198006628671,5,2321,0.178506514776231,0.1829089880046114,1131.8142790454742,0.0943830013794438,0.2587276608570181,1,2.135562160939836,1,1,25,0,0,1.2720038582107547,0,2954,0.1306617126680821,1,1,1,0,0,0,0,0,0,1,1,0,0,1,6235.833333333333,0,1,0,0,3,0,0,0,0.273589814960487,1,2,0,0,0,0,0,0,1,0,1
2022-08-20,33,56600,540,0,1,9,15573,24,1,2,0,201,0.3234729986908996,2,2,0,4,0,100,14,1996,1686,50135,27171,4716.666666666667,0.905264747626998,6,22964,0.1954133395340342,0.2257833398882172,812.3530115873123,0.0426058079559104,0.2147996209116043,1,1.818851684824251,1,1,36,0,0,0.5419459071325994,0,3682,0.23641967381533324,1,1,0,0,0,0,0,0,0,1,0,1,0,0,4515.666666666667,0,1,0,0,3,0,0,0,0.2751364816876027,1,1,0,0,0,0,0,0,0,0,1
2022-08-20,49,75021,528,0,0,27,22534,24,1,3,1,704,0.0971407327596815,3,2,0,0,0,96,29,8268,3020,81473,18899,6251.75,0.9369299038876774,11,62574,0.2015057062337812,0.2133136442006758,1161.595146646929,0.112590460197513,0.2983639433284441,1,1.3308955609118067,1,1,121,0,0,0.2319635712006284,0,11288,0.5009096960284003,1,0,0,0,0,0,0,0,0,1,0,0,0,1,5547.75,0,1,1,0,2,0,0,0,0.3003652262003146,0,0,0,0,0,0,0,0,0,0,1
2022-08-21,24,55407,521,0,4,0,5160,48,1,0,1,499,0.0601109373068092,4,1,0,1,0,100,6,4131,439,358442,8420,4617.25,0.9336885881509756,4,350022,0.2126372214095372,0.232246633877192,166.02138368856663,0.1080495858820982,0.1439985673552896,1,2.170875901672085,1,0,16,0,0,0.023490485237541256,0,4570,0.8854873086611121,1,1,0,0,0,0,0,0,0,1,0,0,0,0,4118.25,0,0,0,0,4,1,1,0,0.09312734623159111,1,1,0,0,0,0,0,0,1,0,1
2022-08-23,43,68567,623,0,3,20,120819,360,2,4,0,260,0.3250441224022952,7,0,0,3,0,100,16,9745,1089,143137,168874,5713.916666666667,0.913783116532191,4,6654,0.2664255142784232,0.25,2518.5670622614352,0.0454949765963341,0.4861955518035728,1,1.9668089157071984,1,0,16,0,0,1.1797985161173135,0,10834,0.089670584340341,1,1,0,0,1,0,0,0,0,1,0,1,0,1,5453.916666666667,0,1,1,1,1,0,1,1,1.7620318515925797,0,1,0,0,0,0,0,0,0,0,0
2022-08-24,23,25207,518,0,0,0,103111,240,1,1,0,298,0.3190842719848377,1,0,0,3,1,99,18,1047,2569,7465,8486,2100.583333333333,0.726911429364214,3,9073,0.2788858927637712,0.25,2163.491756093992,0.1417978508267575,1.171255841751374,0,5.600950896147027,1,0,9,0,0,1.1366193410125904,0,3616,0.0350686632011793,1,1,0,0,0,0,0,0,0,1,0,1,0,0,1802.583333333333,0,1,0,0,2,0,1,1,4.090407807045382,0,1,0,0,1,1,0,0,1,0,1
2022-08-26,45,48064,621,0,4,25,224754,360,1,4,0,448,0.0940422506155107,6,0,0,3,1,98,9,12456,1101,30928,7037,4005.3333333333335,0.8755799303805821,4,23891,0.2675806915497569,0.25,4685.173867616076,0.1118229470005824,1.2812647976410871,0,5.146994129247252,1,0,16,0,0,0.22752109670535745,0,13557,0.06031901403750751,1,1,0,0,1,0,0,0,0,1,0,1,0,0,3557.3333333333335,0,1,1,0,4,1,1,1,4.67604285862894,0,1,0,0,1,1,0,0,0,0,1
2022-08-27,39,49293,477,0,4,16,16221,48,0,3,0,504,0.6194321226715104,4,0,0,1,0,98,7,3643,1260,46189,20016,4107.75,0.8653801520536175,4,26173,0.2349235309061575,0.2225202156123147,513.2820453966282,0.1226650441131731,0.2475891805041991,1,2.413580320598626,1,0,16,0,0,0.4333405499025763,0,4903,0.30224386635433365,1,1,0,0,0,0,0,0,0,1,0,1,0,0,3603.75,0,1,1,0,4,1,1,0,0.32906641781961293,1,1,0,0,0,0,0,0,0,0,0
2022-08-28,20,51608,562,0,1,0,66284,300,1,0,3,301,0.1507340800404345,1,0,0,3,0,98,24,1651,3183,41627,19365,4300.666666666667,0.8712019500097847,5,22262,0.2767754297265583,0.25,1383.765123119952,0.0699728787291747,0.3916540386950682,1,2.079462500932035,1,1,25,0,0,0.4651916978956472,0,4834,0.07292750999471977,1,0,0,0,0,0,0,0,0,1,0,0,1,0,3999.666666666667,0,0,0,0,3,0,1,0,1.2843496289406886,0,0,0,0,0,0,0,0,1,0,1
2022-08-28,53,76055,633,0,4,32,14533,24,1,0,2,587,0.3872837024766624,3,1,0,1,0,98,18,4356,884,10799,26880,6337.916666666667,0.6333533355735032,6,10860,0.1488960615027941,0.146556398429428,702.2810288017874,0.0926025740465642,0.2033913831966746,1,0.8943283325854432,1,1,36,0,0,2.488888888888889,0,5240,0.3605339204623641,1,1,0,0,0,0,0,0,0,1,1,0,0,1,5750.916666666667,0,0,0,0,4,1,0,0,0.19108288629430945,1,1,0,0,0,0,1,0,0,0,1
2022-08-29,31,39114,534,0,3,10,10728,60,1,1,3,285,0.1509107750935044,3,0,0,2,0,93,12,586,725,135884,45735,3259.5,0.7845332477972986,6,90149,0.2103201764086592,0.1877214769447967,276.94695950005195,0.087409906456065,0.1723499339058585,1,2.3546981669877667,1,1,36,0,0,0.33657136549288,0,1311,0.1221921893932333,1,1,0,0,0,0,0,0,0,1,0,0,1,0,2974.5,0,1,0,0,1,0,1,0,0.2742681835612936,0,1,0,0,0,0,0,0,0,0,1
2022-08-29,30,38473,557,0,4,10,140326,300,2,0,0,252,0.2827451427303514,5,1,0,3,0,100,5,1478,1671,86035,8340,3206.083333333333,0.823720935887061,2,77695,0.2794629326730841,0.25,2929.488634767521,0.0785760685981551,0.9920193222608876,0,3.0910456591870754,0,0,4,0,0,0.09693616625598586,0,3149,0.02244044268031099,1,1,0,0,0,0,0,0,0,1,0,1,0,0,2954.083333333333,0,0,0,0,4,1,1,1,3.647294276654364,0,1,0,0,0,0,0,0,0,0,0
2022-09-01,42,292217,563,0,0,15,30891,48,2,1,0,1098,0.3413882822509308,2,3,0,1,0,97,14,13747,11356,31019,81949,24351.416666666668,0.952600729126174,6,9662,0.1920845631324222,0.2297049227755956,989.602663862866,0.0450879276184088,0.0857246610239038,1,0.6374726083051665,1,1,36,0,0,2.641811734364926,0,25103,0.8126052052311278,1,1,1,0,0,0,0,0,0,1,0,1,0,1,23253.416666666668,0,1,0,1,2,0,1,0,0.10571217378806233,1,2,0,0,0,0,0,0,0,0,0
2022-09-01,53,68254,540,0,3,28,17598,36,1,2,3,903,0.2462348327066671,0,1,0,1,0,100,25,6567,123,33594,15847,5687.833333333333,0.9204923770186478,2,17747,0.1994438993403075,0.1847886165273505,640.4452350425236,0.1587320188673717,0.2713113822475358,0,0.9844258226689804,0,0,4,0,0,0.4717070992707248,0,6690,0.3801352349565316,1,0,0,0,0,0,0,0,0,1,0,0,1,1,4784.833333333333,0,1,0,0,1,0,0,0,0.25782726540180206,1,0,0,0,0,0,0,0,0,0,1
2022-09-05,27,36228,518,0,3,1,10326,12,2,1,2,438,0.1478006069890611,1,0,0,1,0,100,14,1254,332,62064,4618,3019.0,0.7696880841168973,7,57446,0.2023106292759178,0.1946787631858726,953.9161102123936,0.1450331125827814,0.4608993742425145,1,2.0952480759443954,1,1,49,0,0,0.07440586481914123,0,1586,0.15357799941899875,1,1,0,0,0,0,0,0,0,1,1,0,0,0,2581.0,0,1,0,1,1,0,0,0,0.2850202876148941,1,1,0,0,0,0,0,0,1,0,0
2022-09-09,40,37057,517,0,0,20,156573,360,1,0,3,144,0.1302494195178,2,1,0,3,0,96,29,29770,262,140077,34556,3088.083333333333,0.8174577319598919,2,105521,0.3194903210051644,0.25,3263.887307786521,0.0466157705899808,1.1032034231686385,1,4.330866228420822,0,0,4,0,0,0.24669112922800154,0,30032,0.19180706886200774,1,0,0,0,0,0,0,0,0,1,0,0,1,0,2944.083333333333,0,0,0,0,2,0,1,1,4.225079604943602,0,0,0,0,0,0,0,0,0,0,1
2022-09-12,45,28489,444,0,3,22,8636,12,2,5,0,329,0.1007518060730428,2,2,0,1,0,97,3,1251,483,89827,18744,2374.083333333333,0.8586756856243429,4,71083,0.2392659526448201,0.2474632889029213,819.7390225246932,0.1385214553875302,0.4836626178132808,0,3.686426733056863,1,0,16,0,0,0.20866544952576035,0,1734,0.20076415422021535,1,1,0,0,0,0,0,0,0,1,0,1,0,0,2045.083333333333,0,1,1,1,1,0,0,0,0.30312390312390314,1,1,0,0,0,0,0,0,0,0,0
2022-09-12,48,48864,631,0,0,28,7361,24,0,1,0,626,0.1212902701182839,4,1,0,1,0,95,7,476,372,31273,25620,4072.0,0.9231279506956672,5,5653,0.1497260217284847,0.1701492976786108,363.9973137908597,0.1536950650626074,0.2430634210142056,1,1.5608533724061138,1,1,25,0,0,0.8192108460702181,0,848,0.11518609073621298,1,1,0,0,0,0,0,0,0,1,0,1,0,0,3446.0,0,1,0,0,2,0,0,0,0.15063951703673387,1,1,0,0,0,0,0,0,0,0,0
2022-09-12,42,49667,572,0,3,21,17082,48,3,3,3,325,0.2504350761974984,2,2,0,0,0,94,29,8721,1852,46369,52225,4138.916666666667,0.9125804732699884,10,7466,0.1874364597739867,0.1826848519210127,504.1834429977904,0.0785039956520863,0.2002898873965555,1,1.8655996293599288,1,1,100,0,0,1.1262669829631227,0,10573,0.6189193935491424,1,0,0,0,0,0,0,0,0,1,0,0,1,0,3813.916666666667,0,1,1,0,1,0,1,0,0.3439236530562938,0,0,0,0,0,0,0,0,0,0,0
2022-09-12,35,15000,558,0,3,14,23198,36,1,0,3,208,0.538702921357737,2,1,0,0,0,96,16,1641,390,102670,78401,1250.0,0.5170576677661374,5,24269,0.1905129661133192,0.173689405998715,831.3377639149393,0.1662669864108713,0.8308055666786086,1,2.568459280291262,1,1,25,0,0,0.7636138734404068,0,2031,0.08754687702056123,1,1,0,0,0,0,0,0,0,1,0,0,1,0,1042.0,0,0,0,0,1,0,0,0,1.5464302379841344,0,1,0,0,0,0,1,0,0,0,1
2022-09-15,30,16088,565,0,1,5,25641,48,1,3,0,206,0.2257057557626762,4,1,0,0,0,97,21,1127,800,79799,9004,1340.6666666666667,0.8336027573068746,5,70795,0.1910379967277781,0.178879952299409,751.7044942469843,0.1535403726708074,0.7138170143455783,0,2.829122978970589,1,1,25,0,0,0.11283208020050126,0,1927,0.0751501442945168,1,1,0,0,0,0,0,0,0,1,0,1,0,0,1134.6666666666667,0,1,1,0,3,0,1,0,1.593697557337311,0,1,0,0,0,0,0,0,0,0,1
2022-09-16,41,21953,534,0,0,19,17017,48,1,0,1,105,0.6899781257526925,4,0,0,1,0,93,22,719,1093,19047,2171,1829.4166666666667,0.98915270398941,4,16876,0.2064355067216023,0.1817816763553729,501.4600512462216,0.0573639881629865,0.3313234971524998,1,2.017276143777844,1,0,16,0,0,0.11397522049559008,0,1812,0.10647549653308262,1,1,0,0,0,0,0,0,0,1,0,0,0,0,1724.4166666666667,0,0,0,0,2,0,1,0,0.7751207069326774,1,1,0,0,0,0,0,0,0,0,1
2022-09-18,27,53097,551,0,0,2,210397,360,0,2,1,309,0.1179439646619697,10,1,1,3,1,93,21,4106,2010,24747,15395,4424.75,0.9014489727028846,7,9352,0.3025641890635243,0.25,4385.890912841682,0.0698186748008812,1.0608124979589182,0,6.750603072630133,1,1,49,0,0,0.6220704703410377,0,6116,0.02906871738324509,1,1,0,0,1,0,0,0,0,1,0,0,0,0,4115.75,0,1,0,0,2,0,1,1,3.9624279633884516,0,1,0,1,1,1,0,0,1,0,0
2022-09-18,18,33974,462,0,1,0,100827,360,2,2,2,349,0.0361458320067161,5,1,0,3,0,88,22,8951,466,161960,12207,2831.1666666666665,0.6419352782408306,2,149753,0.346880292843456,0.25,2101.8181013469216,0.1232272112046136,0.8653509449821415,1,4.100570795870167,0,0,4,0,0,0.07536999648063422,0,9417,0.09339667552663942,1,1,0,0,0,0,0,0,0,1,1,0,0,0,2482.1666666666665,0,1,0,1,3,0,1,1,2.967682119205298,0,1,0,0,0,0,1,0,1,0,0
2022-09-19,45,129655,587,0,4,18,15546,24,1,4,3,714,0.6457232274914045,5,1,0,1,0,93,9,8278,2763,152805,17405,10804.583333333334,0.6163855462936224,4,135400,0.1719129057432374,0.1579984805122387,759.6946214000461,0.0660769509589949,0.1363826991971785,1,1.7737686879078298,1,0,16,0,0,0.11390259544782273,0,11041,0.7101691644690294,1,1,0,0,0,0,0,0,0,1,0,0,1,1,10090.583333333334,0,1,1,0,4,1,0,0,0.11990189424322824,1,1,0,0,0,0,1,0,0,0,1
2022-09-19,50,19890,470,0,1,30,127838,180,1,1,3,262,0.3788626431150237,1,0,0,3,0,99,23,238,240,101615,4612,1657.5,0.9238217814877484,5,97003,0.2829396317346729,0.25,2730.017460167849,0.1579740729574917,1.8040503226818507,0,5.756738727602352,1,1,25,0,0,0.04538655329869312,0,478,0.0037390780591212386,1,1,0,0,0,0,0,0,0,1,0,0,1,0,1395.5,0,1,0,0,3,0,1,1,6.426926750791815,0,1,0,0,0,0,0,0,0,0,1
2022-09-23,18,27924,534,0,0,0,7273,24,1,0,0,378,0.401102222258236,4,2,0,4,0,100,17,46,136,121658,14691,2327.0,0.8531824455075404,1,106967,0.1982230154063867,0.1900357299241724,366.6344985718037,0.1623711340206185,0.3198601797988847,1,1.5369228657965952,0,0,1,0,0,0.12075555445959608,0,182,0.02502062139125653,1,1,0,0,0,0,0,0,0,1,0,1,0,0,1949.0,0,0,0,0,2,0,0,0,0.26044762757385853,1,1,0,0,0,0,0,0,1,0,1
2022-09-27,27,112242,503,0,1,2,20362,72,2,3,0,1404,0.1016133910850359,3,0,0,0,0,91,9,8605,5593,14229,10216,9353.5,0.7014178916160633,5,4013,0.2299803687018876,0.2491509012546192,547.43436896014,0.1500881928483617,0.2086091580480132,1,1.7804173458445742,1,1,25,0,0,0.7179198875614898,0,14198,0.6972450031920641,1,1,0,0,0,0,0,0,0,1,0,1,0,1,7949.5,0,1,1,1,3,0,1,0,0.1814099765686947,0,1,0,0,0,0,0,0,1,0,0
2022-09-27,47,45412,554,0,3,26,27666,180,2,1,3,863,0.2328159150808247,2,2,0,2,0,92,18,884,801,9337,7861,3784.3333333333335,0.8646381845463366,4,1476,0.2405569989115576,0.2316877929600058,551.8110952677173,0.2279852060584712,0.373761296742088,1,2.7665307925041893,1,0,16,0,0,0.8418290854572713,0,1685,0.06090288068818448,1,1,0,0,0,0,0,0,0,1,0,0,1,0,2921.3333333333335,0,1,0,1,1,0,1,0,0.6092088168586087,0,1,0,0,0,0,0,0,0,0,0
2022-09-27,64,82470,525,0,3,39,191484,360,0,0,0,556,0.3599389456052643,4,2,0,3,0,100,14,3895,352,32024,3993,6872.5,0.6993507415521653,3,28031,0.3155406411888883,0.25,3991.6345554099,0.0808903760820542,0.6616184702713174,1,1.5047171313315135,1,0,9,0,0,0.12468384074941452,0,4247,0.022179282972556596,1,1,0,0,0,0,0,0,0,1,0,1,0,1,6316.5,0,0,0,0,1,0,1,1,2.321834341768622,0,1,0,0,0,0,1,0,0,0,0
2022-09-27,40,28031,573,2,0,17,8069,24,2,1,3,216,0.4144100335922284,0,1,0,4,0,94,4,651,920,135762,14132,2335.9166666666665,0.7696321501075511,6,121630,0.178748977190316,0.1632345704794313,396.3315442563263,0.0924294832935135,0.2620254085182012,1,2.394441336876368,1,1,36,0,0,0.10409316234909365,0,1571,0.1946716232961586,1,1,0,0,0,0,0,0,0,1,0,0,1,0,2119.9166666666665,0,1,0,1,2,0,0,0,0.287849600456621,1,1,0,0,0,0,0,0,0,0,0
2022-09-29,31,33689,568,0,4,9,22699,60,1,0,1,279,0.2872158863856958,3,1,0,1,1,95,15,728,517,47954,69782,2807.4166666666665,0.8392778667581628,4,10979,0.1935075300508673,0.2059992296750281,608.9867784351223,0.0993442331088098,0.3161876900157701,0,3.2032324158259877,1,0,16,0,0,1.4551558752997602,0,1245,0.05484581497797357,1,1,0,0,0,0,0,0,0,1,0,0,0,0,2528.4166666666665,0,0,0,0,4,1,1,0,0.6737607598693974,1,1,0,0,1,1,0,0,0,0,1
2022-10-02,37,38967,537,0,3,16,7874,36,1,0,2,267,0.0723808554233902,2,2,0,4,0,94,4,946,95,44005,15284,3247.25,0.9263336990387474,1,28721,0.2007428621159234,0.2266409331265515,303.4235192029911,0.0821981066728238,0.1756094879405806,1,2.504727767050665,0,0,1,0,0,0.3473162750534018,0,1041,0.1321904761904762,1,1,0,0,0,0,0,0,0,1,1,0,0,0,2980.25,0,0,0,0,1,0,0,0,0.2020632313693287,1,1,0,0,0,0,0,0,0,0,1
2022-10-02,56,37713,562,0,3,35,11588,36,2,1,2,349,0.0709877947235889,6,2,0,1,0,99,5,1002,183,974245,3334,3142.75,0.5770115499296122,3,970911,0.1883394529128336,0.1667419348650177,411.2672724105887,0.111013916500994,0.2418345200510818,1,1.595062860382482,1,0,9,0,0,0.003422133629493988,0,1185,0.10225213564587109,1,1,0,0,1,0,0,0,0,1,1,0,0,0,2793.75,0,1,0,1,1,0,0,0,0.3072599034841173,1,1,0,0,0,0,1,0,0,0,0
2022-10-03,32,15000,506,0,3,5,82098,360,1,0,0,68,0.5445749700270389,7,1,0,3,0,100,26,1943,163,73964,111389,1250.0,0.6023153125661379,6,3216,0.3248289202787745,0.25,1711.397368605429,0.0543565147881694,1.42237999089163,0,5.234241966127085,1,1,36,0,0,1.505969039410532,0,2106,0.025651956783882872,1,0,0,0,1,0,0,0,0,1,0,1,0,0,1182.0,0,0,0,0,1,0,1,0,5.472835144323712,0,0,0,0,0,0,1,0,0,0,1
2022-10-03,30,41260,582,0,4,7,24984,36,0,1,0,322,0.2877085969516536,6,0,0,0,0,97,4,3821,977,49075,3714,3438.333333333333,0.9269483429677452,6,45361,0.1785315077309446,0.184729327876334,909.1698592424668,0.0936227951153324,0.3579675884597209,1,2.257304701363595,1,1,36,0,0,0.07567853940826473,0,4798,0.1920352211326796,1,1,0,0,1,0,0,0,0,1,0,1,0,0,3116.333333333333,0,1,0,0,4,1,0,0,0.6055112576040329,0,1,0,0,0,0,0,0,0,0,0
2022-10-04,34,83977,561,0,1,10,34516,36,1,1,0,297,0.2235307860169665,4,0,1,0,0,95,24,1309,3545,38781,19695,6998.083333333333,0.5980015066399016,5,19086,0.1891123018088198,0.1877020413550992,1261.212568427999,0.0424341282787031,0.2226309495426304,1,2.8679602288796566,1,1,25,0,0,0.5078386880511577,0,4854,0.14062635802647971,1,0,0,0,0,0,0,0,0,1,0,1,0,1,6701.083333333333,0,1,0,0,3,0,0,0,0.4110124080116221,0,0,0,1,0,1,1,0,0,0,1
2022-10-04,28,59655,585,0,3,7,15008,60,1,3,1,260,0.3294881987521086,1,3,0,2,0,96,9,1066,2433,107966,11691,4971.25,0.8410671773811467,5,96275,0.184904101325039,0.2040154839456262,400.98083263668974,0.0522902106692141,0.1329339499495579,1,1.7852710852635147,1,1,25,0,0,0.10828308649865237,0,3499,0.23312679059231128,1,1,1,0,0,0,0,0,0,1,0,0,0,0,4711.25,0,1,1,0,1,0,1,0,0.25157570068392116,0,2,0,0,0,0,0,0,1,0,1
2022-10-06,41,58770,567,0,1,20,13960,12,1,4,3,598,0.5820777084792639,6,2,1,4,0,99,11,4481,2061,89813,11629,4897.5,0.8314433497765195,3,78184,0.1778860057517471,0.1856063035550069,1283.5803384655765,0.1220781872001633,0.3841135732296777,1,3.586074681425736,1,0,9,0,0,0.12947870042532345,0,6542,0.4685910751378841,1,1,0,0,1,0,0,0,0,1,0,0,1,0,4299.5,0,1,1,0,3,0,0,0,0.2375321161797485,1,1,0,1,0,1,0,0,0,0,1
2022-10-08,59,41370,528,0,1,34,18418,48,1,0,3,264,0.5085842846238966,5,0,0,0,0,98,14,6185,767,63278,12517,3447.5,0.8832272330477984,6,50761,0.2094552845048798,0.2166958912352998,576.9801924630359,0.0765550239234449,0.2438684043679965,0,2.7765524639908508,1,1,36,0,0,0.19780653929423664,0,6952,0.377436342906781,1,1,0,0,0,0,0,0,0,1,0,0,1,0,3183.5,0,0,0,0,3,0,1,0,0.44519107587440476,0,1,0,0,0,0,0,0,0,0,1
2022-10-14,43,34058,603,0,1,23,16608,48,1,3,1,340,0.5505315787228446,3,2,0,1,0,96,27,5014,3660,20062,38195,2838.1666666666665,0.8877333072977929,3,10982,0.1719294249990247,0.1381154192959555,452.2696216053636,0.1197534487819195,0.2790500575070256,1,2.254799037117717,1,0,9,0,0,1.9037531774909036,0,8674,0.5222469745318803,1,0,0,0,0,0,0,0,0,1,0,0,0,0,2498.1666666666665,0,1,1,0,3,0,1,0,0.4876244164538008,1,0,0,0,0,0,0,0,0,0,1
2022-10-15,36,88630,513,0,3,14,14117,36,0,4,0,560,0.3412518671439107,3,1,0,4,0,96,12,1696,3426,95139,19810,7385.833333333333,0.7563517505280363,6,75329,0.2128888014644888,0.2003341787037617,524.8787115660643,0.0758105638410685,0.1468665478982059,1,1.9161380691960157,1,1,36,0,0,0.20821946605003153,0,5122,0.36279926335174956,1,1,0,0,0,0,0,0,0,1,0,1,0,1,6825.833333333333,0,1,1,0,1,0,0,0,0.15927835633130621,1,1,0,0,0,0,0,0,0,0,0
2022-10-15,36,39010,585,0,4,13,162471,240,1,2,3,479,0.2636531749599181,2,0,0,3,0,94,18,5475,935,28840,52096,3250.833333333333,0.8504435049474627,6,6462,0.2454995652395532,0.2252966058037692,3085.879168755309,0.1473015222182358,1.0962674907760674,1,4.139339111164262,1,1,36,0,0,1.8063173953746403,0,6410,0.0394529518932493,1,1,0,0,0,0,0,0,0,1,0,0,1,0,2771.833333333333,0,1,0,0,4,1,1,1,4.164748404296224,0,1,0,0,0,0,0,0,0,0,1
2022-10-16,21,47075,528,0,0,0,13729,60,1,5,0,295,0.4691280160167561,1,0,0,1,0,94,12,415,1592,24740,223034,3922.9166666666665,0.8478212805624712,4,9069,0.2133818346246905,0.2156298741205936,375.7766721684309,0.0751799859833924,0.170945697666472,1,1.852893485862017,1,0,16,0,0,9.014752839416353,0,2007,0.14617625637290604,1,1,0,0,0,0,0,0,0,1,0,1,0,0,3627.9166666666665,0,1,1,0,2,0,1,0,0.2916348032967967,1,1,0,0,0,0,0,0,1,0,1
2022-10-17,50,64034,606,0,1,28,37800,48,1,1,0,170,0.1473229390547892,3,0,0,0,1,92,9,2728,824,52613,44276,5336.166666666667,0.5571528165486875,10,8337,0.170635022709071,0.189515149358648,1129.257584797382,0.0318521062985978,0.2434358276483868,0,3.2722221252475334,1,1,100,0,0,0.8415250693731706,0,3552,0.09396576810137298,1,1,0,0,0,0,0,0,0,1,0,1,0,0,5166.166666666667,0,1,0,0,3,0,1,0,0.590302178496135,0,1,0,0,1,1,1,0,0,0,1
2022-10-17,39,92113,523,0,3,16,8838,24,1,3,3,728,0.3010245630094704,3,0,0,1,0,100,2,7824,1670,93262,41752,7676.083333333333,0.7010912949809036,3,51510,0.2037717322567652,0.2200646430670148,458.5273444684461,0.0948276797829036,0.1545544437842209,1,1.4067583725054773,1,0,9,0,0,0.44768021616289416,0,9494,1.0741034053625975,1,1,0,0,0,0,0,0,0,1,0,0,1,1,6948.083333333333,0,1,1,0,1,0,0,0,0.09594632737694596,1,1,0,0,0,0,0,0,0,0,1
2022-10-19,37,88404,577,0,0,13,89366,360,2,2,3,211,0.2077445699747986,4,1,0,3,0,90,19,577,211,91911,16102,7367.0,0.4240467777531633,7,75809,0.2893501266913751,0.25,1862.9045438718697,0.0286373507057546,0.2814745580716435,1,1.577608961483384,1,1,49,0,0,0.17518931151536252,0,788,0.008817572482012375,1,1,0,0,0,0,0,0,0,1,0,0,1,1,7156.0,0,1,0,1,2,0,1,0,1.0108704258808892,0,1,0,0,0,0,1,0,0,0,0
2022-10-21,78,29506,678,0,0,54,23698,48,2,1,3,100,0.3110482373573566,3,2,0,0,0,97,6,12486,384,922354,50970,2458.833333333333,0.8620047718511717,5,871384,0.134518297033035,0.1262370284676029,631.34095468901,0.0406531607832508,0.2973132141834853,1,1.2674366209904355,1,1,25,0,0,0.05526071848691664,0,12870,0.5430608886450905,1,1,0,0,0,0,0,0,1,0,0,0,1,0,2358.833333333333,0,1,0,1,2,0,1,0,0.8031314603314468,0,1,0,0,0,0,0,0,0,1,0
2022-10-21,43,25238,611,0,1,22,96751,360,1,2,2,114,0.0251175942381106,3,0,0,3,0,96,13,4964,2816,93205,27652,2103.1666666666665,0.5592506376963124,3,65553,0.2723699765706282,0.25,2016.850676142462,0.0541782178217821,1.0126815094538435,0,2.77647417583803,1,0,9,0,0,0.29667617964508725,0,7780,0.08041177443360344,1,1,0,0,0,0,0,0,0,1,1,0,0,0,1989.1666666666665,0,1,0,0,3,0,1,0,3.8333927651650224,0,1,0,0,0,0,1,0,0,0,1
2022-10-22,30,64395,586,0,3,8,17006,36,2,1,1,274,0.1956881788259771,5,0,0,4,0,96,25,6418,1434,39991,12467,5366.25,0.5663351713006776,5,27524,0.1764353450757481,0.1955875747718088,628.1870221374226,0.0510503516698495,0.1680911122339042,1,1.297604176969006,1,1,25,0,0,0.3117373474694939,0,7852,0.4616922443699653,1,0,0,0,0,0,0,0,0,1,0,0,0,0,5092.25,0,1,0,1,1,0,0,0,0.2640847257593639,1,0,0,0,0,0,1,0,0,0,0
2022-10-23,34,52815,553,0,1,9,17370,24,1,0,2,284,0.1097410416609225,3,1,0,1,0,95,15,1050,1128,30827,22231,4401.25,0.9023361891205068,8,8596,0.1889406393570254,0.216244542818391,897.905431953348,0.0645124652166505,0.2684775812262702,1,1.7496817172050112,1,1,64,0,0,0.721130141429869,0,2178,0.1253813827643774,1,1,0,0,0,0,0,0,0,1,1,0,0,0,4117.25,0,0,0,0,3,0,0,0,0.32887761284459255,1,1,0,0,0,0,0,0,0,0,1
2022-10-24,53,38977,494,0,3,29,114987,180,0,0,2,163,0.6423511970276374,1,1,0,3,1,96,23,1900,2031,45479,13758,3248.083333333333,0.797362434351807,2,31721,0.2709131457635187,0.25,2455.5806387171306,0.0501679961014645,0.8059444372670642,1,5.603755063943997,0,0,4,0,0,0.3025065963060686,0,3931,0.03418617594879466,1,1,0,0,0,0,0,0,0,1,1,0,0,0,3085.083333333333,0,0,0,0,1,0,1,1,2.950048745446149,0,1,0,0,1,1,0,0,0,0,0
2022-10-24,41,67710,506,0,1,21,47492,12,1,2,0,236,0.149182343661126,5,0,0,4,0,100,24,7789,1859,41569,44349,5642.5,0.7460135083374081,6,5591,0.2086920844026854,0.2265329819287119,4459.930033864815,0.0418180207318153,0.8320953369123442,1,2.80524608963195,1,1,36,0,0,1.0668510945393312,0,9648,0.20314572673867728,1,0,0,0,0,0,0,0,0,1,0,1,0,1,5406.5,0,1,0,0,3,0,0,0,0.7013926836112301,1,0,0,0,0,0,0,0,0,0,1
2022-10-25,22,61171,534,0,4,0,46646,60,2,2,0,934,0.4066824776030049,4,1,0,2,0,97,2,1038,534,299659,5256,5097.583333333333,0.5013390036066095,6,294403,0.2106875909738814,0.1943740785034802,1221.277316239348,0.1831881404965431,0.4227208177904348,1,1.8082574328472445,1,1,36,0,0,0.017539878528999533,0,1572,0.03369991639333719,1,1,0,0,0,0,0,0,0,1,0,1,0,0,4163.583333333333,0,1,0,1,4,1,1,0,0.7625384162688812,0,1,0,0,0,0,1,0,1,0,0
2022-10-29,51,64081,644,0,1,32,13233,24,1,1,0,322,0.137820851877261,5,1,0,1,0,97,29,2792,1259,23528,20440,5340.083333333333,0.7802537003843322,7,3088,0.143372636138643,0.1283443003775893,628.0923089017977,0.0602873948793159,0.177883820492434,1,1.126546628922032,1,1,49,0,0,0.8687152025160441,0,4051,0.30610548586972947,1,0,0,0,0,0,0,0,0,1,0,1,0,0,5018.083333333333,0,1,0,0,3,0,0,0,0.20650104553540777,1,0,0,0,0,0,0,0,0,0,1
2022-10-29,31,90222,627,0,1,8,198613,360,2,1,3,208,0.4339079043978638,4,1,0,3,0,97,25,11702,556,39667,48874,7518.5,0.7908565563963132,2,1328,0.2645497796303907,0.25,4140.244166372263,0.0276614136578229,0.5782624065924946,1,1.2081509240503878,0,0,4,0,0,1.232076232731673,0,12258,0.061717703686547776,1,0,0,0,0,0,0,0,0,1,0,0,1,1,7310.5,0,1,0,1,3,0,1,1,2.2013566385511454,0,0,0,0,0,0,0,0,0,0,0
2022-10-29,62,7976,667,2,1,36,23801,36,1,0,0,134,0.3968242266850915,2,2,0,0,0,94,16,200,395,324564,71258,664.6666666666666,0.9079676710562076,8,253306,0.1360193812224356,0.1491818588429767,824.1162224961148,0.2013019529293941,1.4393333337447896,0,3.47864683624245,1,1,64,0,0,0.21954924283271457,0,595,0.024997899336190236,1,1,0,0,0,0,0,0,1,0,0,1,0,0,530.6666666666666,1,0,0,0,3,0,0,0,2.9837031465463206,0,2,0,0,0,0,0,0,0,0,1
2022-10-30,52,155282,510,0,0,31,11288,36,1,1,0,574,0.3189154213566516,2,1,0,1,0,95,6,11300,1290,147622,16855,12940.166666666666,0.9610970872624628,6,130767,0.2143328960198154,0.1690533931237204,401.9163990586623,0.0443545790564992,0.0754117788755776,1,1.3397958344220628,1,1,36,0,0,0.11417597528840356,0,12590,1.1152449286916468,1,1,0,0,0,0,0,0,0,1,0,1,0,1,12366.166666666666,0,1,0,0,2,0,0,0,0.07269308295177193,1,1,0,0,0,0,0,0,0,0,1
2022-10-30,34,36169,609,0,4,13,172225,240,2,3,3,164,0.0916308699986978,1,0,0,3,0,98,14,326,1757,32756,46310,3014.083333333333,0.7634845437379439,5,7540,0.2335141407117006,0.25,3613.652934151427,0.0543931897957491,1.2529182501815077,0,3.756195768719917,1,1,25,0,0,1.4137436273162989,0,2083,0.012094573409357472,1,1,0,0,0,0,0,0,0,1,0,0,1,0,2850.083333333333,0,1,1,1,4,1,1,1,4.761542714957147,0,1,0,0,0,0,0,0,0,0,0
2022-11-02,55,80073,623,0,3,31,23470,48,2,3,0,806,0.1775916541279029,4,2,0,0,1,94,19,1626,922,377408,67222,6672.75,0.9200259704750812,10,310186,0.1620158802238804,0.1757729317864709,684.2579536139297,0.1207716800899044,0.2233014352671181,1,2.680928708393946,1,1,100,0,0,0.17811445937961204,0,2548,0.10855949895615867,1,1,0,0,0,0,0,0,0,1,0,1,0,1,5866.75,0,1,1,1,1,0,1,0,0.2931038789120064,0,1,0,0,1,1,0,0,0,0,0
2022-11-03,40,156978,640,1,1,21,47753,48,2,2,3,806,0.099812535111058,3,1,0,0,0,96,15,4946,1321,8961,18775,13081.5,0.738629325707992,2,10218,0.1536934545280085,0.1481918354725053,1324.6289245918051,0.0616090196827823,0.1628609917517145,1,0.341036412881796,0,0,4,0,0,2.094956482927918,0,6267,0.13123507978389246,1,1,0,0,0,0,0,0,0,1,0,0,1,1,12275.5,0,1,0,1,3,0,1,0,0.30419992483070984,0,1,0,0,0,0,0,0,0,0,0
2022-11-04,50,25134,645,0,1,29,77099,240,2,5,0,99,0.0359693829594884,1,1,0,3,1,100,18,2192,431,48048,88937,2094.5,0.860728219816325,4,8880,0.2153132146398878,0.1589991763387312,1066.8594940847615,0.0472440944881889,0.5563633949342695,1,3.025278965659711,1,0,16,0,0,1.8509646402630648,0,2623,0.034020752269779506,1,1,0,0,0,0,0,0,0,1,0,1,0,0,1995.5,0,1,1,1,3,0,1,0,3.0673960612691467,0,1,0,0,1,1,0,0,0,0,0
2022-11-05,45,33152,530,0,0,21,21253,48,2,3,0,292,0.3828227480047501,2,1,0,0,0,94,12,858,917,53188,15291,2762.6666666666665,0.9011239297612672,6,37897,0.2084910750979831,0.2264550516268626,677.0687545678285,0.1056567362199975,0.3506460334945707,1,2.522385565862369,1,1,36,0,0,0.28748425426309954,0,1775,0.08351369154041592,1,1,0,0,0,0,0,0,0,1,0,1,0,0,2470.6666666666665,0,1,1,1,2,0,1,0,0.6410581244532924,0,1,0,0,0,0,0,0,0,0,0
2022-11-06,29,82981,416,0,0,8,6385,12,3,0,1,1041,0.5848725459303241,3,0,0,4,0,96,2,4910,476,100085,5917,6915.083333333333,0.6659122768414842,5,94168,0.2531904658433186,0.25,606.8572378400625,0.150518718446134,0.2382645145262943,1,2.566041648930142,1,1,25,0,0,0.059119157524528905,0,5386,0.8434074538051989,1,1,0,0,0,0,0,0,0,1,0,0,0,1,5874.083333333333,0,0,0,0,2,0,0,0,0.07694439758019811,1,1,0,0,0,0,1,0,1,0,0
2022-11-08,32,91420,514,0,0,10,219260,360,1,1,3,844,0.8020155003830781,3,1,0,3,0,96,26,2399,1042,26667,10387,7618.333333333333,0.835687030682071,4,16280,0.3210745045200034,0.25,4570.6471173527525,0.1107708460932715,0.7106457849356137,1,2.7192064526148574,1,0,16,0,0,0.3894930253487326,0,3441,0.01569362540533884,1,0,0,1,0,0,0,0,0,1,0,0,1,1,6774.333333333333,0,1,0,0,2,0,1,1,2.3983548637621555,0,1,0,0,0,0,0,0,0,0,1
2022-11-13,52,54928,596,0,4,28,163460,300,0,0,1,113,0.507930508377355,3,0,0,3,1,98,25,1686,1171,31609,19202,4577.333333333333,0.9240548045459324,5,12407,0.260001082427189,0.25,3412.4411173916387,0.0246814706953039,0.7700271825391275,1,4.023038286075041,1,1,25,0,0,0.6074659917747548,0,2857,0.017478175222224262,1,0,0,0,0,0,0,0,0,1,0,0,0,0,4464.333333333333,0,0,0,0,4,1,1,1,2.9758415408982506,0,0,0,0,1,1,0,0,0,0,0
2022-11-15,35,29784,517,0,4,12,25107,36,1,1,0,120,0.3361885325788601,4,0,0,2,0,97,20,5429,2180,40862,48191,2482.0,0.8313868269796766,7,6954,0.2110327354498593,0.2036173719929968,937.7001152138092,0.0483286347160692,0.425976687560938,0,2.846446436062673,1,1,49,0,0,1.1793309350757408,0,7609,0.3030508204556317,1,1,0,0,0,0,0,0,0,1,0,1,0,0,2362.0,0,1,0,0,4,1,0,0,0.8429410777236864,0,1,0,0,0,0,0,0,0,0,1
2022-11-16,35,72486,461,0,1,12,20489,36,1,3,0,524,0.1438757357607545,5,2,0,1,0,94,24,1197,111,42539,5516,6040.5,0.8100315432886596,3,37023,0.2389819230603082,0.2239438247757829,786.6706670188038,0.0867334271290242,0.2169445778397424,1,2.503906235943421,1,0,9,0,0,0.12966619652092148,0,1308,0.06383601756954611,1,0,0,0,0,0,0,0,0,1,0,1,0,1,5516.5,0,1,1,0,3,0,0,0,0.28265757997985846,1,0,0,0,0,0,0,0,0,0,1
2022-11-16,28,87004,612,0,1,6,19349,60,2,0,3,543,0.3351827304758101,5,0,0,1,0,95,16,9701,3090,544066,22527,7250.333333333333,0.9384794653820436,2,521539,0.1714676119246144,0.1957407108922634,508.05536994008855,0.074882780178358,0.1449464976473414,1,0.971742687825484,0,0,4,0,0,0.041404826979030154,0,12791,0.6610335917312662,1,1,0,0,0,0,0,0,0,1,0,0,1,1,6707.333333333333,0,0,0,0,3,0,1,0,0.2223895178438021,1,1,0,0,0,0,0,0,1,0,0
2022-11-20,45,30948,636,0,4,22,8806,24,2,3,1,185,0.5360525656279068,4,0,0,1,0,95,27,1613,404,281174,99931,2579.0,0.6772062633384236,4,181243,0.1472708255347014,0.118333398363546,413.8439650508777,0.0717054263565891,0.2321100639732084,1,1.5883375289005723,1,0,16,0,0,0.35540499688805904,0,2017,0.22902236857045533,1,0,0,0,0,0,0,0,0,1,0,0,0,0,2394.0,0,1,1,1,4,1,0,0,0.28453261817829334,1,0,0,0,0,0,1,0,0,0,0
2022-11-20,64,28999,604,0,3,42,72343,240,1,2,3,125,0.287414536097379,5,1,0,3,0,94,23,851,339,18514,15611,2416.583333333333,0.8690388034372809,2,2903,0.235797296949605,0.2312387088504863,1408.4743369180228,0.0517045258694977,0.6343005081871108,0,2.2272135109181908,0,0,4,0,0,0.8431541992978666,0,1190,0.016449187216631647,1,1,0,0,0,0,0,0,0,1,0,0,1,0,2291.583333333333,0,1,0,0,1,0,1,0,2.494586206896552,0,1,0,0,0,0,0,0,0,0,1
2022-11-21,27,47196,528,0,3,4,13000,60,0,2,3,165,0.1270804349000449,2,1,1,0,0,91,21,729,458,52990,34957,3933.0,0.6104266390768422,5,18033,0.2133681953891405,0.2151226169915945,355.4501055569249,0.0419420437214031,0.1322954004974389,0,4.341200406132215,1,1,25,0,0,0.6596780585382424,0,1187,0.0913006691792939,1,1,0,0,0,0,0,0,0,1,0,0,1,0,3768.0,0,1,0,0,1,0,1,0,0.2754412356717588,0,1,0,1,0,1,1,0,1,0,0
2022-11-21,40,82948,601,0,1,18,11268,48,2,0,0,1598,0.4638982003847601,2,2,0,1,0,97,27,1375,1106,8346,22514,6912.333333333333,0.9034955133219918,8,6843,0.172832452717988,0.1629518726969234,321.04435574746736,0.2311475409836065,0.2775859723839152,1,0.4379634052777647,1,1,64,0,0,2.697256499341081,0,2481,0.22016150501375456,1,0,0,0,0,0,0,0,0,1,0,1,0,1,5314.333333333333,0,0,0,0,3,0,1,0,0.1358425056359932,1,0,0,0,0,0,0,0,0,0,0
2022-11-22,56,52442,635,0,4,34,11741,12,1,0,3,375,0.16575002030216,2,1,0,4,0,94,20,1307,1873,34440,22483,4370.166666666667,0.6655516322246908,9,11957,0.143842731859156,0.1441554303290393,1056.4875280747815,0.085789453616502,0.3274840877129938,1,1.3642039690491763,1,1,81,0,0,0.652797537818298,0,3180,0.27082268778742974,1,1,0,0,0,0,0,0,0,1,0,0,1,0,3995.166666666667,0,0,0,0,4,1,0,0,0.2238811662185611,1,1,0,0,0,0,1,0,0,0,1
2022-11-23,39,72608,606,1,4,18,28146,84,2,2,3,707,0.082393912464981,5,0,0,2,0,98,22,3261,815,46591,7930,6050.666666666667,0.9044644989916834,6,38661,0.1825612990139881,0.1871253887686595,603.3809742283369,0.1168273202974387,0.2165322458102457,1,1.16881888974016,1,1,36,0,0,0.17020089285714285,0,4076,0.14481116992929974,1,1,0,0,0,0,0,0,0,1,0,0,1,1,5343.666666666667,0,1,0,1,4,1,1,0,0.38763789612857913,0,1,0,0,0,0,0,0,0,0,0
2022-11-24,45,30627,558,0,0,23,154241,180,1,3,0,217,0.1235973594463452,1,0,0,3,0,97,29,2922,3088,26691,6789,2552.25,0.8075599878550985,9,19902,0.2389865695191413,0.220146765368828,2941.1671683655645,0.0849897189856065,1.2369204615159364,0,3.6002178439399355,1,1,81,0,0,0.254345871422149,0,6010,0.03896474371442279,1,0,0,0,0,0,0,0,0,1,0,1,0,0,2335.25,0,1,1,0,2,0,1,1,5.035947499020504,0,0,0,0,0,0,0,0,0,0,1
2022-11-25,27,15000,520,0,3,6,25028,48,1,3,2,165,0.0910883533051036,2,2,0,0,0,95,26,662,613,19148,24529,1250.0,0.9161497808024,2,9365,0.2135319476078925,0.1987211857565407,759.9068792147804,0.13189448441247,0.7393340361429099,1,2.787699637860225,0,0,4,0,0,1.2809546190401588,0,1275,0.05094090854608654,1,0,0,0,0,0,0,0,0,1,1,0,0,0,1085.0,0,1,1,0,1,0,1,0,1.668422105192987,0,0,0,0,0,0,0,0,1,0,1
2022-11-28,45,36795,624,0,0,25,121556,360,1,2,0,251,0.172392897806646,3,0,0,3,0,95,15,1520,861,42214,37959,3066.25,0.8090882125852721,5,4255,0.2659270346418889,0.25,2533.930406808954,0.0818322601679028,0.9079567713127245,0,3.4409880436705693,1,1,25,0,0,0.8991827549449248,0,2381,0.019587518612667307,1,1,0,0,0,0,0,0,0,1,0,1,0,0,2815.25,0,1,0,0,2,0,1,1,3.303511251222959,0,1,0,0,0,0,0,0,0,0,1
2022-11-28,37,43235,565,0,3,14,17462,60,2,0,0,174,0.3189441734162493,1,1,0,1,0,93,8,2074,703,18197,36615,3602.9166666666665,0.9331776228141208,4,10344,0.1949419599089849,0.1887328234266743,451.7572373270091,0.048280805605013,0.173632549030548,0,1.591524123376143,1,0,16,0,0,2.0120342894823606,0,2777,0.15902193208497967,1,1,0,0,0,0,0,0,0,1,0,1,0,0,3428.9166666666665,0,0,0,0,1,0,1,0,0.40387639929688224,1,1,0,0,0,0,0,0,0,0,0
2022-11-29,51,41132,606,0,3,28,158346,300,2,0,0,136,0.3086922677635081,3,3,0,3,0,97,21,3458,2595,80296,42939,3427.6666666666665,0.9500244706979424,10,37357,0.2549931360266033,0.25,3305.6796841704177,0.0396655648454209,1.0037953580119827,0,3.0475359958680084,1,1,100,0,0,0.5347522323374472,0,6053,0.03822617416180919,1,1,1,0,0,0,0,0,0,1,0,1,0,0,3291.6666666666665,0,0,0,0,1,0,1,1,3.8496098023484793,0,2,0,0,0,0,0,0,0,0,0
2022-11-29,54,30680,607,0,1,30,220089,240,1,3,3,262,0.1853253355956199,1,2,0,3,0,96,2,3051,2240,68210,35715,2556.6666666666665,0.8134264252200445,7,32495,0.2345754479581471,0.2158519073657008,4014.5315865138473,0.1024371171640818,1.6720441495557856,0,4.144749398647548,1,1,49,0,0,0.5235959009543916,0,5291,0.024040165386887184,1,1,0,0,0,0,0,0,0,1,0,0,1,0,2294.6666666666665,0,1,1,0,3,0,1,1,7.17346240344187,0,1,0,0,0,0,0,0,0,0,1
2022-11-29,71,17697,626,0,3,49,19563,60,3,0,0,177,0.215559164481379,2,1,0,0,0,95,14,230,106,9307,18334,1474.75,0.6711387316113447,3,2811,0.1644703616054148,0.1688912483134584,485.0254134439847,0.1199390140606471,0.4486026857150497,1,2.675409661656333,1,0,9,0,0,1.9697034808766651,0,336,0.017174401962788795,1,1,0,0,0,0,0,0,0,1,0,1,0,0,1297.75,0,0,0,0,1,0,1,0,1.10537913888575,0,1,0,0,0,0,1,0,0,1,0
2022-12-02,46,34535,579,0,4,23,31799,24,1,2,0,389,0.0592496269111703,3,1,0,0,0,91,4,1359,328,85939,11222,2877.9166666666665,0.7860840741285442,7,74717,0.176091805392192,0.1968781564741269,1613.5901630314754,0.1351202709352476,0.6956054637559761,0,2.310082280451099,1,1,49,0,0,0.13057947405166395,0,1687,0.0530503144654088,1,1,0,0,0,0,0,0,0,1,0,1,0,0,2488.9166666666665,0,1,0,0,4,1,0,0,0.9207493629835534,0,1,0,0,0,0,0,0,0,0,1
2022-12-02,43,77525,563,0,0,19,29075,60,1,1,3,790,0.1060321399338608,1,1,0,0,0,96,11,13806,2807,20233,54662,6460.416666666667,0.7269351889271924,5,7524,0.1960694170926511,0.1710964072514931,724.3038135231893,0.1222642093452158,0.2343609600871619,1,1.3381183836224078,1,1,25,0,0,2.701492537313433,0,16613,0.5713646994084468,1,1,0,0,0,0,0,0,0,1,0,0,1,1,5670.416666666667,0,1,0,0,2,0,1,0,0.3750354719706937,0,1,0,0,0,0,0,0,0,0,1
2022-12-03,42,116208,595,1,1,19,37175,48,1,1,3,547,0.2841261412917491,2,0,0,0,1,96,17,1626,5692,61619,11327,9684.0,0.795299327102426,7,50292,0.1761308546676911,0.193178548581986,1117.7818018766611,0.0564790913784202,0.1718928034978483,1,3.3944397549521077,1,1,49,0,0,0.183820188250568,0,7318,0.19684742844846137,1,1,0,0,0,0,0,0,0,1,0,0,1,1,9137.0,0,1,0,0,3,0,1,0,0.3198977703964409,0,1,0,0,1,1,0,0,0,0,1
2022-12-08,35,94752,468,0,3,14,11845,24,2,1,3,1179,0.2626724295776935,1,1,0,1,0,100,29,5326,1347,18586,22264,7896.0,0.7159809821562654,7,4420,0.2313449363842092,0.2126836035673015,610.2254870447114,0.1492972014689122,0.2265702782125758,1,2.5783497522933434,1,1,49,0,0,1.197826437832894,0,6673,0.5633125105520851,1,0,0,0,0,0,0,0,0,1,0,0,1,1,6717.0,0,1,0,1,1,0,0,0,0.12500923453610968,1,0,0,0,0,0,0,0,0,0,0
2022-12-08,44,27943,619,0,0,21,27457,60,1,4,0,289,0.2073189843806143,2,1,0,0,0,97,25,1229,255,200389,3104,2328.583333333333,0.7544676001444718,2,197285,0.1680551032108644,0.1402623967392018,639.2499397345216,0.1240565194061885,0.3984617877594082,1,1.7640640440008046,0,0,4,0,0,0.015489794899945107,0,1484,0.05404617961978294,1,0,0,0,0,0,0,0,0,1,0,1,0,0,2039.583333333333,0,1,1,0,2,0,1,0,0.9825722874320069,0,0,0,0,0,0,0,0,0,0,1
2022-12-08,36,21589,456,0,3,13,42937,36,2,3,0,227,0.1304288493465329,3,1,0,2,0,100,22,639,448,70290,99516,1799.0833333333333,0.8753242510399313,1,2623,0.2416668781234324,0.2446332412263452,1695.0040090343489,0.1261052729040322,1.067730573048108,0,5.003790434621818,0,0,1,0,0,1.4157715781536755,0,1087,0.025315571288835065,1,1,0,0,0,0,0,0,0,1,0,1,0,0,1572.0833333333333,0,1,1,1,1,0,0,0,1.9887447892542844,0,1,0,0,0,0,0,0,0,0,0
2022-12-09,42,83868,641,0,2,19,28755,48,1,3,3,1824,0.0598096358705072,3,0,0,0,0,95,7,21481,7050,93906,14120,6989.0,0.5645290251772311,4,79786,0.1530666504300259,0.1454134586315409,793.6036942786495,0.2609442060085837,0.3744783539740557,0,1.1634024511440113,1,0,16,0,0,0.15036152789461915,0,28531,0.9921755459730143,1,1,0,0,0,0,0,0,0,1,0,0,1,1,5165.0,0,1,1,0,5,1,1,0,0.34285612085514316,0,1,0,0,0,0,1,0,0,0,1
2022-12-13,55,95093,619,0,4,37,23729,72,1,1,0,1866,0.1463289121074399,3,2,0,0,0,96,1,5149,1902,12561,3380,7924.416666666667,0.7372149948863425,5,9181,0.1720186238373574,0.1730623242209147,531.941327613176,0.2354450344356237,0.3025634396862216,1,0.6097353721564468,1,1,25,0,0,0.26906543544021655,0,7051,0.2971344289928361,1,1,0,0,0,0,0,0,0,1,0,1,0,1,6058.416666666667,0,1,0,0,4,1,1,0,0.249532041979515,0,1,0,0,0,0,0,0,0,0,1
2022-12-14,27,57734,593,0,0,4,40426,60,1,0,0,575,0.2634804554558241,1,2,0,2,0,93,21,13655,313,52139,86321,4811.166666666667,0.77229456871685,6,9671,0.1811518132893891,0.1470408905888942,955.4638746730452,0.1194887957607453,0.3180404962434894,1,1.597207273729337,1,1,36,0,0,1.6555619485999233,0,13968,0.3455116629975017,1,1,0,0,0,0,0,0,0,1,0,1,0,0,4236.166666666667,0,0,0,0,2,0,1,0,0.7001991859357409,0,1,0,0,0,0,0,0,1,0,1
2022-12-15,53,15000,470,0,3,26,22317,72,2,5,2,214,0.0057740823410591,5,1,0,0,0,96,9,899,367,126533,21114,1250.0,0.6842844243891429,3,105419,0.2465032872016864,0.2302587857524093,574.4094167179329,0.1710631494804156,0.6302233546905939,0,3.2652335825105463,1,0,9,0,0,0.16686424202190717,0,1266,0.05672551303880276,1,1,0,0,0,0,0,0,0,1,1,0,0,0,1036.0,0,1,1,1,1,0,1,0,1.487700819945337,0,1,0,0,0,0,1,0,0,0,0
2022-12-16,55,35177,646,0,4,33,28730,12,0,0,0,426,0.1838957659718478,3,2,0,1,0,99,17,2909,1477,868319,21029,2931.4166666666665,0.8765647238616726,5,847290,0.1385664329895474,0.1639441136054334,2612.0628252363854,0.1452726704367842,1.036026994311763,1,3.932012261058672,1,1,25,0,0,0.024218030219274,0,4386,0.15265740837422992,1,1,0,0,0,0,0,0,0,1,0,1,0,0,2505.4166666666665,0,0,0,0,4,1,0,0,0.8167036215816703,1,1,0,0,0,0,0,0,0,0,0
2022-12-17,38,45858,533,0,0,17,31040,84,2,1,0,241,0.1930371781010122,5,1,0,2,0,99,1,1343,795,151017,116387,3821.5,0.7627154697365509,12,34630,0.2190857660475682,0.1897132030167816,670.1840392388274,0.0630477436232831,0.238373849375756,1,1.147078944717122,1,1,144,0,0,0.7706829649445761,0,2138,0.06887664701523791,1,1,0,0,0,0,0,0,0,1,0,1,0,0,3580.5,0,1,0,1,2,0,1,0,0.6768573235351839,0,1,0,0,0,0,0,0,0,0,0
2022-12-19,18,45532,538,0,3,0,12140,36,1,0,1,241,0.3190015159830965,5,1,0,1,0,97,27,1349,3076,229059,14112,3794.3333333333335,0.8900810382650838,8,214947,0.200351085858386,0.2304848168376286,470.2428380550817,0.0634990339012822,0.1873993074095595,1,1.5478573370732065,1,1,64,0,0,0.06160831223260281,0,4425,0.3644675067951569,1,0,0,0,0,0,0,0,0,1,0,0,0,0,3553.3333333333335,0,0,0,0,1,0,0,0,0.2666198142006896,1,0,0,0,0,0,0,0,1,0,1
2022-12-24,32,11864,546,2,1,9,18280,24,1,1,3,225,0.4905675836199191,2,1,0,0,0,92,2,1346,782,114146,90724,988.6666666666666,0.924313694726952,2,23422,0.1924534043870267,0.151908049003859,887.993982879688,0.2273492758504547,1.1246150045938244,1,4.323736111668618,0,0,4,0,0,0.7947996881214574,0,2128,0.11640501066681254,1,1,0,0,0,0,0,0,0,1,0,0,1,0,763.6666666666666,1,1,0,0,3,0,0,0,1.5406658238516646,0,2,0,0,0,0,0,0,0,0,1
2022-12-25,55,62149,586,0,4,30,17773,60,1,1,3,286,0.3687486107990045,4,0,0,0,0,92,19,4974,1121,19386,6185,5179.083333333333,0.7345670242572301,3,13201,0.1844463729985746,0.1782768442253394,449.6530124031906,0.0552114669969916,0.1420156713829939,0,2.253765667021879,1,0,9,0,0,0.31902821478310206,0,6095,0.3429166197817036,1,1,0,0,0,0,0,0,0,1,0,0,1,0,4893.083333333333,0,1,0,0,4,1,1,0,0.28596942880128723,0,1,0,0,0,0,0,0,0,0,1
2022-12-27,39,53895,565,0,3,19,11547,12,1,3,1,512,0.2641007384012747,5,2,0,1,0,96,22,5115,1080,51199,34059,4491.25,0.5550868916798704,7,17140,0.1788385668851957,0.1666146817029747,1051.2870647579682,0.1139740664477711,0.3479964527259098,1,2.732702620635404,1,1,49,0,0,0.66521484375,0,6195,0.5364565292691376,1,1,0,0,0,0,0,0,0,1,0,0,0,0,3979.25,0,1,1,0,1,0,0,0,0.21424595517292563,1,1,0,0,0,0,1,0,0,0,1
2022-12-27,28,39342,546,0,3,4,80988,300,3,4,2,300,0.141233496466009,2,0,0,3,0,94,11,2992,119,298347,29985,3278.5,0.8076415758787433,8,268362,0.2848255171554908,0.25,1690.7303390145237,0.09147735935356,0.6070225153268863,1,2.538267980556629,1,1,64,0,0,0.10050343893708019,0,3111,0.038412623936583984,1,1,0,0,0,0,0,0,0,1,1,0,0,0,2978.5,0,1,1,0,1,0,1,0,2.0585110438959915,0,1,0,0,0,0,0,0,1,0,0
2022-12-27,33,79314,624,0,4,9,23205,24,2,1,0,365,0.3052020516110413,1,2,0,0,0,98,22,1087,5108,57343,45745,6609.5,0.8217815709951394,4,11598,0.1535130415362268,0.1518656609551022,1127.190655296636,0.0552151879585507,0.2257303767183474,0,0.991622730663924,1,0,16,0,0,0.7977294921875,0,6195,0.266956821511678,1,1,0,0,0,0,0,0,0,1,0,1,0,1,6244.5,0,1,0,1,4,1,0,0,0.2925676101620122,0,1,0,0,0,0,0,0,0,0,0
2023-01-02,50,53504,558,0,3,28,40061,60,0,0,0,382,0.1334112541621294,1,0,0,2,0,98,10,1246,738,185608,8215,4458.666666666667,0.7638763405800167,5,177393,0.1986495458832714,0.221118987877678,1108.9915018257448,0.085656626055759,0.3343280144612627,1,1.6998822101977014,1,1,25,0,0,0.04425970723402421,0,1984,0.04952323897958165,1,1,0,0,0,0,0,0,0,1,0,1,0,0,4076.666666666667,0,0,0,0,1,0,1,0,0.748733763199701,0,1,0,0,0,0,0,0,0,0,0
2023-01-04,46,44889,562,0,3,23,315949,300,2,2,0,608,0.1655480704353661,2,1,0,3,0,98,10,5481,577,35952,4475,3740.75,0.7535399140752032,7,31477,0.2771658348130504,0.2361078452141312,6234.541178400085,0.1624908131222021,1.8287007893098377,1,5.544887412639473,1,1,49,0,0,0.12446805551692487,0,6058,0.019173919924038614,1,1,0,0,0,0,0,0,0,1,0,1,0,0,3132.75,0,1,0,1,1,0,1,1,7.038293606593896,0,1,0,0,0,0,0,0,0,0,0
2023-01-07,37,41947,518,0,1,12,18539,60,1,1,3,308,0.1824800348896116,1,0,0,0,0,95,1,308,464,40118,216974,3495.583333333333,0.952068201080347,2,4218,0.2184569214597799,0.25,544.1441840766798,0.0880859887032579,0.24370767198742,0,2.7288934700660947,0,0,4,0,0,5.408260425234926,0,772,0.041639697950377565,1,1,0,0,0,0,0,0,0,1,0,0,1,0,3187.583333333333,0,1,0,0,3,0,1,0,0.44195194049775915,0,1,0,0,0,0,0,0,0,0,1
2023-01-08,35,56134,555,0,4,11,33998,84,2,5,1,414,0.176183819146206,3,3,0,2,0,97,3,3925,1701,13068,60808,4677.833333333333,0.5727156068928554,4,10432,0.2081085215978502,0.1852851989491289,725.1349973078633,0.0884835963381184,0.2434656069478566,1,1.7399071212111552,1,0,16,0,0,4.652842604636927,0,5626,0.1654754551604459,1,1,1,0,0,0,0,0,0,1,0,0,0,0,4263.833333333333,0,1,1,1,4,1,1,0,0.6056471007392892,0,2,0,0,0,0,1,0,0,0,0
2023-01-09,35,61414,608,0,0,15,10562,24,2,0,3,511,0.2992013679739137,1,1,0,4,0,98,16,2866,381,327419,17641,5117.833333333333,0.849977517628491,5,309778,0.1613162781519558,0.1632004307347956,518.7649643758278,0.0998274346367987,0.201171809535212,1,1.4312176875324751,1,1,25,0,0,0.0538788100910146,0,3247,0.30739373284104893,1,1,0,0,0,0,0,0,0,1,0,0,1,0,4606.833333333333,0,0,0,0,2,0,0,0,0.1719775299194008,1,1,0,0,0,0,0,0,0,0,0
2023-01-12,28,72666,498,0,2,4,12115,36,2,0,0,645,0.3133707255159322,3,1,0,1,0,95,29,8869,521,20133,37404,6055.5,0.97925076054975,1,4942,0.2203505705430367,0.1974915791484932,448.68988012485937,0.1064971518203583,0.1805811739659637,1,0.8293180115782136,0,0,1,0,0,1.8577530545346181,0,9390,0.775008253549026,1,0,0,0,0,0,0,0,0,1,0,1,0,1,5410.5,0,0,0,0,5,1,0,0,0.16671941871826276,1,0,0,0,0,0,0,0,1,0,0
2023-01-12,59,67595,516,0,1,37,119254,180,2,2,3,404,0.1878698368908784,2,0,0,3,0,96,13,5351,1231,51515,11967,5632.916666666667,0.8043344295376692,6,39548,0.2599222548341482,0.25,2546.7036577141125,0.0717085508897007,0.5237393153455907,1,2.337080406529253,1,1,36,0,0,0.232296762170976,0,6582,0.055192654396042096,1,1,0,0,0,0,0,0,0,1,0,0,1,1,5228.916666666667,0,1,0,1,3,0,1,1,1.7642168175631694,0,1,0,0,0,0,0,0,0,0,0
2023-01-13,36,91254,541,0,3,13,55788,60,3,3,3,767,0.4106370208447603,4,1,0,2,0,97,9,2451,936,39438,24094,7604.5,0.6279585218884338,4,15344,0.2072323329990799,0.1775913675989915,1409.3488344647214,0.1008480704753139,0.2861546031772692,1,1.7763897101483033,1,0,16,0,0,0.6109181267273511,0,3387,0.06071089282833533,1,1,0,0,0,0,0,0,0,1,0,0,1,1,6837.5,0,1,1,0,1,0,1,0,0.611341844282505,0,1,0,0,0,0,1,0,0,0,0
2023-01-17,54,65800,560,0,2,31,100074,360,1,1,2,275,0.6762958981432938,4,1,0,3,0,93,8,1689,1766,46307,9952,5483.333333333333,0.8926793332079127,7,36355,0.2978784187959651,0.25,2086.1212242176384,0.0501428310946332,0.4305211008723585,1,2.7592934687593544,1,1,49,0,0,0.21490887103740175,0,3455,0.034524106919810144,1,1,0,0,0,0,0,0,0,1,1,0,0,1,5208.333333333333,0,1,0,0,5,1,1,1,1.5208583456178477,0,1,0,0,0,0,0,0,0,0,1
2023-01-17,58,38174,552,0,0,36,60000,360,2,0,1,180,0.4418981627415285,6,1,0,3,0,95,11,1181,406,17134,19044,3181.1666666666665,0.750255032399217,4,3808,0.301750529126933,0.25,1250.7471816161872,0.0565652333315874,0.4496141564812823,0,2.0567355566125225,1,0,16,0,0,1.1114093959731544,0,1587,0.026449559174013766,1,1,0,0,1,0,0,0,0,1,0,0,0,0,3001.1666666666665,0,0,0,0,2,0,1,0,1.5717092337917484,0,1,0,0,0,0,0,0,0,0,0
2023-01-18,51,69080,562,0,3,26,16938,12,2,1,0,348,0.4736561510858577,2,1,0,1,0,95,9,6439,6536,20356,6490,5756.666666666667,0.4231008512606552,8,13866,0.1804343434836466,0.1809123993034845,1553.6113016841605,0.0604411509291958,0.3302746427981521,1,0.6537786559093413,1,1,64,0,0,0.31880925480178807,0,12975,0.7659838243107622,1,1,0,0,0,0,0,0,0,1,0,1,0,1,5408.666666666667,0,1,0,1,1,0,0,0,0.24519042862726365,1,1,0,0,0,0,1,0,0,0,0
2023-01-18,34,20904,493,0,1,12,86818,240,1,1,0,204,0.1641324375037831,3,1,0,3,0,99,11,109,802,30658,125996,1742.0,0.6925793779515774,7,6913,0.2913428951926759,0.25,1821.6293827095867,0.1170395869191049,1.1621511088408414,0,4.4664203418339214,1,1,49,0,0,4.109592615545191,0,911,0.010493094829472811,1,1,0,0,0,0,0,0,0,1,0,1,0,0,1538.0,0,1,0,0,3,0,1,0,4.152977756517579,0,1,0,0,0,0,1,0,0,0,1
2023-01-20,44,24925,549,0,0,24,115853,360,1,0,0,190,0.2193262165937321,4,0,0,3,0,95,24,1522,945,145540,19299,2077.083333333333,0.7058834569737997,4,126241,0.3034150215141676,0.25,2415.046887196336,0.0914304046196414,1.25358153131315,0,4.322399839300467,1,0,16,0,0,0.13260180979930053,0,2467,0.02129404250176947,1,0,0,0,0,0,0,0,0,1,0,1,0,0,1887.083333333333,0,0,0,0,2,0,1,1,4.6478777180454145,0,0,0,0,0,0,0,0,0,0,1
2023-01-25,39,53434,581,0,3,17,23397,48,0,3,2,352,0.3434229461195839,2,1,0,4,0,97,25,1153,560,87211,11255,4452.833333333333,0.836683313022497,6,75956,0.1830151014569019,0.1744633889566241,680.5363609831411,0.0790330426973019,0.231830938363913,1,1.161539741015024,1,1,36,0,0,0.12905334128330964,0,1713,0.07321138558851184,1,0,0,0,0,0,0,0,0,1,1,0,0,0,4100.833333333333,0,1,1,0,1,0,1,0,0.43785908112660243,1,0,0,0,0,0,0,0,0,0,0
2023-01-26,29,7436,490,2,3,6,6527,24,1,0,0,227,0.6715056110436749,3,2,0,1,0,98,23,1082,3647,22941,8492,619.6666666666666,0.9623354355135209,1,14449,0.220195963974161,0.2369633841526305,344.1012114143685,0.3657357679914071,0.9201415865967272,0,3.809635431993132,0,0,1,0,0,0.37015081509894515,0,4729,0.7244178921568627,1,1,0,0,0,0,0,0,0,1,0,1,0,0,392.66666666666663,1,0,0,0,1,0,0,0,0.8776388328627135,1,2,0,0,0,0,0,0,1,0,1
2023-01-27,43,21002,599,0,0,18,12967,12,1,1,2,195,0.2258562399424062,3,2,0,1,0,94,26,1546,259,722636,112883,1750.1666666666667,0.7913328849326345,9,609753,0.1618675600158538,0.1528735167415836,1172.138490648632,0.1113543352051013,0.7807015269717134,0,3.422601477731251,1,1,81,0,0,0.15620982595687738,0,1805,0.13918877236273905,1,0,0,0,0,0,0,0,0,1,1,0,0,0,1555.1666666666667,0,1,0,0,2,0,0,0,0.6173879921915917,1,0,0,0,0,0,0,0,0,0,1
2023-01-27,25,43338,616,0,4,1,21485,36,1,2,0,264,0.3884166881641633,2,4,0,1,0,99,13,429,407,32397,22161,3611.5,0.7698526115595372,6,10236,0.1614937892098066,0.1686529230812922,764.5592311057114,0.0730795847750865,0.2847222785067713,1,0.5838267491372684,1,1,36,0,0,0.6840237051669856,0,836,0.03890905706041143,1,1,1,0,0,0,0,0,0,1,0,1,0,0,3347.5,0,1,0,0,4,1,0,0,0.4957428643946561,1,2,0,0,0,0,0,0,1,0,1
2023-01-28,54,41436,589,0,1,33,14772,48,1,0,2,174,0.3616394896841839,3,0,1,1,0,99,14,1723,1612,14408,91621,3453.0,0.5759506053222673,5,3292,0.1789001391173303,0.1835720011161943,436.6895881354528,0.0503763752171395,0.1768064817994941,1,4.218807381226779,1,1,25,0,0,6.3585953223679645,0,3335,0.22574967846747446,1,1,0,0,0,0,0,0,0,1,1,0,0,0,3279.0,0,0,0,0,3,0,1,0,0.35649298935733764,1,1,0,1,0,1,1,0,0,0,1
2023-01-28,34,38345,604,0,2,7,173605,240,2,3,0,179,0.075896222555154,4,0,0,3,0,90,9,2338,894,22876,27326,3195.4166666666665,0.6431300600202957,9,4397,0.2360161359107057,0.2438280472428275,3555.946323878246,0.0560002085668848,1.1684791794597844,1,3.523980589100816,1,1,81,0,0,1.1944748000174847,0,3232,0.018616868080596292,1,1,0,0,0,0,0,0,0,1,0,1,0,0,3016.4166666666665,0,1,1,1,5,1,1,1,4.527330099619256,0,1,0,0,0,0,1,0,0,0,0
2023-01-31,42,74214,500,0,3,19,33486,120,1,2,0,251,0.0992525785029595,3,0,0,2,1,98,3,4229,628,84351,41336,6184.5,0.7378910818302468,5,43015,0.2476047281456992,0.2298422168322613,714.7220182972274,0.0405787729367068,0.1561267509978542,1,3.210110114119535,1,1,25,0,0,0.4900417298937785,0,4857,0.1450413593334727,1,1,0,0,0,0,0,0,0,1,0,1,0,1,5933.5,0,1,0,0,1,0,1,0,0.45120258707808397,0,1,0,0,1,1,0,0,0,0,1
2023-02-03,43,76247,492,0,3,18,16152,72,2,0,3,577,0.5120803258184758,3,3,0,0,0,100,22,3521,13157,25678,27785,6353.916666666667,0.9551423385457818,4,6548,0.2354224652674784,0.25,435.08928499999536,0.0907958404909584,0.1592608271810533,0,1.9471879670478591,1,0,16,0,0,1.0820125394291056,0,16678,1.0325017024701293,1,1,1,0,0,0,0,0,0,1,0,0,1,1,5776.916666666667,0,0,0,0,1,0,1,0,0.21183506452628265,0,2,0,0,0,0,0,0,0,0,0
2023-02-05,36,39964,609,0,3,14,27123,72,1,3,3,183,0.4460170837238709,2,0,0,0,0,95,6,615,2035,150656,6686,3330.333333333333,0.6044267952931596,8,143970,0.1770520435559509,0.1824754086597018,622.4172905349067,0.0549329597758655,0.241770249310058,1,1.811120171021941,1,1,64,0,0,0.044378953516929186,0,2650,0.09769945435776434,1,1,0,0,0,0,0,0,0,1,0,0,1,0,3147.333333333333,0,1,1,0,1,0,1,0,0.678668835230827,0,1,0,0,0,0,1,0,0,0,1
2023-02-05,47,29971,477,0,3,23,19856,24,1,1,2,165,0.2548635335832836,5,1,0,1,0,98,14,537,577,8584,81643,2497.583333333333,0.7201338710081276,2,7651,0.2269740779671967,0.25,1059.7449069822298,0.0660374212053497,0.4901757290393475,0,2.7555662213805454,0,0,4,0,0,9.50995923121724,0,1114,0.05610112302966208,1,1,0,0,0,0,0,0,0,1,1,0,0,0,2332.583333333333,0,1,0,0,1,0,0,0,0.6624849859869211,1,1,0,0,0,0,0,0,0,0,1
2023-02-08,34,16556,505,0,3,10,19538,48,1,2,1,151,0.1351084175108718,1,1,0,0,0,93,13,225,3630,117102,29748,1379.6666666666667,0.7354093799288025,10,87354,0.2209700419368036,0.2408721291538106,637.9170416869314,0.1093674553355866,0.571402975630322,1,3.790617640479821,1,1,100,0,0,0.2540327745659804,0,3855,0.19729771226777215,1,1,0,0,0,0,0,0,0,1,0,0,0,0,1228.6666666666667,0,1,0,0,1,0,1,0,1.180044694087093,0,1,0,0,0,0,0,0,0,0,1
2023-02-11,50,120704,554,0,1,25,214398,300,2,3,2,1436,0.1235149797116578,2,0,0,3,0,92,1,10963,5213,24879,12243,10058.666666666666,0.7556110819801868,5,12636,0.2810688985109972,0.25,4475.838435620535,0.1427482686636403,0.5876773685960969,0,2.3052096245738447,1,1,25,0,0,0.49208199356913185,0,16176,0.07544811309754243,1,1,0,0,0,0,0,0,0,1,1,0,0,1,8622.666666666666,0,1,1,1,3,0,1,1,1.7762147384118305,0,1,0,0,0,0,0,0,0,0,0
2023-02-13,23,63344,588,0,4,0,104272,240,1,3,3,711,0.0618759928373343,4,1,0,3,0,95,28,2945,1201,182141,21815,5278.666666666667,0.815922526737708,2,160326,0.2438886919347071,0.249996558695292,2187.822984268862,0.1346675926510512,0.549054167106925,1,1.6594504429971884,0,0,4,0,0,0.11976919107070308,0,4146,0.03976101195899226,1,0,0,0,0,0,0,0,0,1,0,0,1,0,4567.666666666667,0,1,1,0,4,1,1,1,1.646096771647328,0,0,0,0,0,0,0,0,1,0,1
2023-02-14,41,35644,606,1,2,17,112869,180,2,1,3,244,0.349327201144583,3,2,0,3,0,94,29,1766,6700,19490,32056,2970.333333333333,0.720961934509033,2,1654,0.2149084979982374,0.2491418828774644,2402.8405899869767,0.0821180166030962,0.8907922111241788,0,3.609226980016047,0,0,4,0,0,1.6446565081319584,0,8466,0.07500664481261629,1,0,0,0,0,0,0,0,0,1,0,0,1,0,2726.333333333333,0,1,0,1,5,1,1,1,3.166474961425165,0,0,0,0,0,0,0,0,0,0,0
2023-02-14,63,69988,627,0,3,41,16484,24,1,0,1,930,0.0826772058986361,2,3,0,1,0,98,14,663,2597,83386,14743,5832.333333333333,0.915832448454484,0,68643,0.1519275515388765,0.1296106749401886,783.3779969272221,0.1594285714285714,0.2937219423303809,1,0.1322518716734009,0,0,0,1,0,0.1768021394222121,0,3260,0.19775553533515317,1,1,1,0,0,0,0,0,0,1,0,0,0,1,4902.333333333333,0,0,0,0,1,0,0,0,0.2355227249996428,1,3,1,0,0,0,0,0,0,0,1
2023-02-15,27,43999,610,0,4,6,12821,60,0,0,0,113,0.1235684639091673,0,2,0,2,0,97,12,2220,1562,161175,9747,3666.5833333333335,0.6085466787171836,4,151428,0.1723647294311368,0.1840125560373207,328.37419506864245,0.0308104791983822,0.1203446942996911,1,1.4451721327834357,1,0,16,0,0,0.0604742641584355,0,3782,0.29496178443300575,1,1,0,0,0,0,0,0,0,1,0,1,0,0,3553.5833333333335,0,0,0,0,4,1,1,0,0.2913863636363636,0,1,0,0,0,0,1,0,1,0,0
2023-02-16,31,38464,555,0,0,8,17565,60,1,3,2,694,0.2495906167455802,3,0,1,2,0,100,27,3783,501,24787,7720,3205.333333333333,0.974069577091715,9,17067,0.1999434301236192,0.1996641129191136,465.0368512326179,0.2164466160723568,0.3614835797585875,0,4.732375466889108,1,1,81,0,0,0.3114410198483137,0,4284,0.24388022315837413,1,0,0,0,0,0,0,0,0,1,1,0,0,0,2511.333333333333,0,1,1,0,2,0,1,0,0.4566489015988561,0,0,0,1,0,1,0,0,0,0,1
2023-02-20,46,55332,547,0,3,22,23401,180,0,4,0,552,0.5136024979542286,4,0,0,2,0,99,26,457,1116,36250,16994,4611.0,0.788821072193565,4,19256,0.2440151441919447,0.2191081993702822,444.3903105768703,0.1196877710320902,0.2160429988241262,1,1.9808006338343616,1,0,16,0,0,0.4687870679429533,0,1573,0.06721647722416887,1,0,0,0,0,0,0,0,0,1,0,1,0,0,4059.0,0,1,1,0,1,0,1,0,0.42291218621798926,0,0,0,0,0,0,0,0,0,0,0
2023-02-20,42,35555,542,0,4,20,7219,24,3,0,1,264,0.3293885131958882,6,2,0,1,0,95,26,1086,452,27036,64304,2962.9166666666665,0.8434210375533286,4,8168,0.1942211525579717,0.1899223177731516,363.8725622092825,0.0890713301656029,0.2118388041305533,1,2.297307381821113,1,0,16,0,0,2.3783703813292894,0,1538,0.21301939058171745,1,0,0,0,1,0,0,0,0,1,0,0,0,0,2698.9166666666665,0,0,0,0,4,1,0,0,0.20303183710203623,1,0,0,0,0,0,0,0,0,0,0
2023-02-21,44,47552,579,0,1,19,8826,24,1,0,0,215,0.5200143460082715,3,0,0,1,0,97,23,516,3852,115317,12064,3962.6666666666665,0.794266089303865,6,103253,0.175771392621255,0.1760681305219507,438.9551949624672,0.0542427045664788,0.164987434604945,1,1.195204605269461,1,1,36,0,0,0.10461506443053123,0,4368,0.4948453608247423,1,1,0,0,0,0,0,0,0,1,0,1,0,0,3747.6666666666665,0,0,0,0,3,0,0,0,0.1856034319601287,1,1,0,0,0,0,0,0,0,0,1
2023-02-21,45,52943,617,0,3,20,31311,60,2,3,3,300,0.3849564700105819,4,1,0,2,0,97,3,1815,203,134768,12546,4411.916666666667,0.8142236931331114,4,122222,0.1690879391724089,0.1914796137536501,814.7758806379118,0.067982249079407,0.2526165719508061,1,1.1433302076078984,1,0,16,0,0,0.09309262515860472,0,2018,0.0644481349003577,1,1,0,0,0,0,0,0,0,1,0,0,1,0,4111.916666666667,0,1,1,1,1,0,1,0,0.5913984587488668,0,1,0,0,0,0,0,0,0,0,0
2023-02-24,47,5437,606,2,0,26,7952,36,2,1,3,218,0.5428284799526022,2,3,0,4,0,98,28,363,1289,5108,16422,453.0833333333333,0.8812587467319101,9,9035,0.1662453261237393,0.180312455103947,287.6085065601921,0.480088089557717,1.113470743021161,0,4.003779365498857,1,1,81,0,1,3.214327657075749,0,1652,0.20772035709795045,1,0,1,0,0,0,0,0,0,1,0,0,1,0,235.08333333333331,1,1,0,1,2,0,0,0,1.4623023170283191,1,3,1,0,0,0,0,0,0,0,0
2023-02-24,53,67098,631,0,3,32,16657,24,1,0,2,650,0.0871447137457688,4,2,0,4,1,90,14,5125,535,67772,15486,5591.5,0.8059954928060801,5,52286,0.1499301614651238,0.1308893839382935,792.600162663792,0.116227089852481,0.2579526441955819,1,3.1926369660542187,1,1,25,0,0,0.22849807445442877,0,5660,0.3397766838756153,1,1,0,0,0,0,0,0,0,1,1,0,0,1,4941.5,0,0,0,0,1,0,0,0,0.2482451303298112,1,1,0,0,1,1,0,0,0,0,1
2023-02-25,44,22361,509,2,1,22,7539,24,3,0,3,225,0.1952207570530479,3,1,0,4,0,95,2,1382,405,49975,28794,1863.4166666666667,0.696484367092276,5,21181,0.2107319943652505,0.25,402.3678915057933,0.1206811782058731,0.3364955391797934,1,3.4116943591352467,1,1,25,0,0,0.5761565551464704,0,1787,0.23700265251989389,1,1,0,0,0,0,0,0,0,1,0,0,1,0,1638.4166666666667,0,0,0,0,3,0,0,0,0.3371344244700832,1,1,0,0,0,0,1,0,0,0,0
2023-02-25,37,30969,485,0,0,14,11171,24,1,1,0,151,0.2415057596066626,4,0,0,1,0,100,23,5880,442,57179,19494,2580.75,0.8803297653336518,3,37685,0.2228302914817662,0.2486031316175972,595.430609073477,0.0584874600561634,0.2891180823369718,1,2.343113465014823,1,0,9,0,0,0.3409233997901364,0,6322,0.5658789831722163,1,1,0,0,0,0,0,0,0,1,0,1,0,0,2429.75,0,1,0,0,2,0,0,0,0.36070390700678073,1,1,0,0,0,0,0,0,0,0,1
2023-02-26,48,23288,561,0,2,27,10566,24,2,5,0,103,0.1585409068142332,3,1,0,4,0,98,10,1151,265,181122,12945,1940.6666666666667,0.5221342767779718,4,168177,0.1848163728041102,0.1839721281663807,529.5281654214003,0.0530472103004291,0.3257655787578027,1,2.8522925998115505,1,0,16,0,0,0.07147076848329588,0,1416,0.1340020819532507,1,1,0,0,0,0,0,0,0,1,0,1,0,0,1837.6666666666667,0,1,1,1,5,1,0,0,0.4536905835372923,1,1,0,0,0,0,1,0,0,0,0
2023-02-28,62,15000,565,0,3,37,14235,48,0,5,0,177,0.5193617000203749,3,1,0,0,0,97,4,1254,655,80628,25746,1250.0,0.6077620816350562,4,54882,0.1908908823116575,0.2030498941888416,435.4927153358285,0.1414868105515587,0.4896024902764416,0,2.1210976483606334,1,0,16,0,0,0.319314390603877,0,1909,0.13409665636414722,1,1,0,0,0,0,0,0,0,1,0,1,0,0,1073.0,0,1,1,0,1,0,1,0,0.94893673755083,0,1,0,0,0,0,1,0,0,0,0
2023-03-01,38,38558,572,0,0,15,15277,36,1,1,0,400,0.2077605495108053,3,1,0,1,0,95,7,1152,736,21907,53611,3213.1666666666665,0.7398191339514045,6,8632,0.1834085422910253,0.1856401471973957,556.6321887789892,0.1244490536686544,0.2976299265062969,1,2.452311577430644,1,1,36,0,0,2.447096950885521,0,1888,0.12357638434350046,1,1,0,0,0,0,0,0,0,1,0,1,0,0,2813.1666666666665,0,1,0,0,2,0,0,0,0.3961980341813844,1,1,0,0,0,0,0,0,0,0,1
2023-03-02,28,26006,579,0,0,5,5434,12,1,4,2,183,0.4638079364862277,1,0,0,4,0,96,17,450,256,56784,43038,2167.1666666666665,0.7399614793629385,11,13746,0.1716501536998888,0.1757425654897055,497.08872281696864,0.0844031055423168,0.3136699467216398,1,2.4498544197725245,1,1,121,0,0,0.7579114202694374,0,706,0.12989880404783807,1,1,0,0,0,0,0,0,0,1,1,0,0,0,1984.1666666666665,0,1,1,0,2,0,0,0,0.20894374591456147,1,1,0,0,0,0,0,0,1,0,1
2023-03-02,53,67759,670,0,1,33,7893,36,1,0,0,1003,0.2363170665110416,6,0,0,4,0,97,10,8148,1517,366613,15467,5646.583333333333,0.8950071545204148,6,351146,0.1342434645640557,0.1383362884587423,269.1266777211289,0.1775980876776202,0.2252515107148123,1,0.3194793404076742,1,1,36,0,0,0.042188787116694944,0,9665,1.2243476057765392,1,1,0,0,1,0,0,0,1,0,0,1,0,1,4643.583333333333,0,0,0,0,3,0,0,0,0.11648465171192444,1,1,0,0,0,0,0,0,0,0,1
2023-03-03,38,44326,532,0,0,18,9999,24,0,3,0,318,0.1336267649507574,6,0,0,1,0,94,24,8020,424,88732,39843,3693.8333333333335,0.8522621357730407,7,48889,0.199302585092994,0.1928931712225913,505.4423917060322,0.086066128377464,0.2228632031321301,1,2.2288557516522776,1,1,49,0,0,0.4490212209662696,0,8444,0.8444,1,0,0,0,1,0,0,0,0,1,0,1,0,0,3375.8333333333335,0,1,1,0,2,0,0,0,0.22557357818034154,1,0,0,0,0,0,0,0,0,0,0
2023-03-03,18,18310,500,0,1,0,15193,60,0,0,3,161,0.2205960183377443,0,1,0,0,0,97,2,1935,205,17442,22169,1525.8333333333333,0.9006298298003108,4,6639,0.2274071639730157,0.2120982128515852,412.81695333893697,0.1054470036022268,0.3758216046319858,0,2.635732615266852,1,0,16,0,0,1.2709396319440462,0,2140,0.14084507042253522,1,1,0,0,0,0,0,0,0,1,0,0,1,0,1364.8333333333333,0,0,0,0,3,0,1,0,0.829719840533013,0,1,0,0,0,0,0,0,1,0,0
2023-03-05,50,19854,589,0,4,32,138689,180,0,3,0,225,0.5501399582104869,1,0,0,3,1,97,24,1181,85,24813,13610,1654.5,0.6180120426546175,4,11203,0.2234599991264126,0.2266377190291129,2712.8398572343435,0.1359106010268801,1.7745936920775256,0,6.801905140207961,1,0,16,0,0,0.5484806963810752,0,1266,0.009128271685052996,1,0,0,0,0,0,0,0,0,1,0,1,0,0,1429.5,0,1,1,0,4,1,1,1,6.985091916393856,0,0,0,0,1,1,1,0,0,0,0
2023-03-05,33,59982,624,0,4,8,18546,36,1,1,2,779,0.3646063958665985,4,2,0,0,0,95,24,1181,734,77405,3612,4998.5,0.9013346074422942,6,73793,0.1574570158324723,0.178459696252723,669.0501635910143,0.1558155815581558,0.2896389966178646,1,1.0414950210352716,1,1,36,0,0,0.04666304937601736,0,1915,0.10325119965493072,1,0,0,0,0,0,0,0,0,1,1,0,0,0,4219.5,0,1,0,0,4,1,0,0,0.30918760315422705,0,0,0,0,0,0,0,0,0,0,1
2023-03-06,38,51457,587,0,4,16,11903,36,1,0,2,185,0.1198416054088564,1,2,0,1,0,95,25,8411,1619,25730,29891,4288.083333333333,0.8946974957841762,5,2788,0.1758461574392682,0.1661468302970005,422.09533678067095,0.043132759525151,0.141544309028115,1,1.4468449698970949,1,1,25,0,0,1.161672690528934,0,10030,0.8425739247311828,1,0,0,0,0,0,0,0,0,1,1,0,0,0,4103.083333333333,0,0,0,0,4,1,0,0,0.2313148587197326,1,0,0,0,0,0,0,0,0,0,1
2023-03-06,43,41633,572,0,4,14,222145,300,1,4,0,168,0.4167708221046137,5,1,0,3,1,93,20,3878,829,20346,19262,3469.4166666666665,0.8065505409370984,4,1084,0.2720777725255875,0.25,4637.567184772823,0.0484091727698403,1.3847234053853734,0,5.520359525124081,1,0,16,0,0,0.9466751855310365,0,4707,0.021188767747337335,1,1,0,0,0,0,0,0,0,1,0,1,0,0,3301.4166666666665,0,1,1,0,4,1,1,1,5.335663159917376,0,1,0,0,1,1,0,0,0,0,1
2023-03-06,42,17933,525,0,1,15,26042,72,0,0,2,137,0.3911740135220157,3,1,0,0,0,100,15,7090,2114,76800,49047,1494.4166666666667,0.8818570393452712,0,27753,0.2190418760742649,0.2082059138504519,636.2283300599023,0.0916132627472833,0.517065475660007,0,2.7003520162171304,0,0,0,1,0,0.638624497076861,0,9204,0.35341550512613756,1,1,0,0,0,0,0,0,0,1,1,0,0,0,1357.4166666666667,0,0,0,0,3,0,1,0,1.4521021523363444,0,2,0,0,0,0,0,0,0,0,0
2023-03-09,48,82460,617,1,4,26,9035,60,1,5,0,2826,0.2239737288588867,3,1,0,2,0,98,12,1356,21591,175074,135976,6871.666666666667,0.8698097726809944,5,39098,0.1687772429693969,0.1443339422054519,212.2642102037884,0.4111941022407605,0.4420793787278768,0,1.0627955725455158,1,1,25,0,0,0.7766728544909325,0,22947,2.5395086321381144,1,1,0,0,0,0,0,0,0,1,0,1,0,1,4045.666666666667,0,1,1,0,4,1,1,0,0.1095669467990929,0,1,0,0,0,0,0,0,0,0,1
2023-03-10,34,110092,600,0,0,12,39271,36,2,0,3,682,0.229325213968854,4,2,0,2,0,97,1,13613,1328,26924,9835,9174.333333333334,0.7018881366963341,7,17089,0.1696445667689344,0.2067650697607047,1473.0229279759865,0.0743297246239918,0.234871350139067,1,1.576249897636371,1,1,49,0,0,0.36527390900649953,0,14941,0.3804491749847219,1,1,0,0,0,0,0,0,0,1,0,0,1,1,8492.333333333334,0,0,0,0,2,0,0,0,0.3567075109225836,0,1,0,0,0,0,0,0,0,0,0
2023-03-12,46,58604,585,0,0,22,3877,24,1,0,1,389,0.3661856329071347,3,1,0,4,0,98,10,5296,489,20384,5856,4883.666666666667,0.7333250965256654,3,14528,0.1725657687089506,0.1638442309375218,190.54288087920557,0.0796369591920294,0.1186453284180166,1,2.331100939953591,1,0,9,0,0,0.28727005150846213,0,5785,1.4917483238782878,1,1,0,0,0,0,0,0,0,1,0,0,0,0,4494.666666666667,0,0,0,0,2,0,0,0,0.06615476495179592,1,1,0,0,0,0,0,0,0,0,1
2023-03-14,36,24326,574,0,0,10,14288,24,1,3,1,234,0.2407643186198668,4,2,0,1,0,88,24,901,1445,35879,7209,2027.1666666666667,0.9867077002045512,10,28670,0.1783918113223672,0.1785631582482335,712.3240195519228,0.1153751335360341,0.4665908552314518,0,2.737397013273479,1,1,100,0,0,0.20091973244147157,0,2346,0.1641822380852404,1,0,0,0,0,0,0,0,0,1,0,0,0,0,1793.1666666666667,0,1,1,0,2,0,0,0,0.5873309491511489,1,0,0,0,0,0,0,0,0,0,1
2023-03-14,48,49162,596,0,0,29,19373,48,2,2,1,565,0.3844234212708207,3,0,0,1,0,100,9,10035,1319,60515,32639,4096.833333333333,0.7794542758938259,9,27876,0.1754679218099965,0.1629455230935079,551.9631790572375,0.1378777402692479,0.2725740868891457,1,2.6461554256744853,1,1,81,0,0,0.5393449666203979,0,11354,0.5860431506142253,1,1,0,0,0,0,0,0,0,1,0,0,0,0,3531.833333333333,0,1,0,1,2,0,1,0,0.3940565059089152,1,1,0,0,0,0,0,0,0,0,0
2023-03-14,47,21698,517,0,3,28,18841,180,1,1,0,175,0.2247713744258883,4,2,0,2,0,89,27,1693,1297,122815,15799,1808.1666666666667,0.800130822097093,6,107016,0.2589609609249022,0.2456871512565371,396.0631297230346,0.0967296176877015,0.3156498183637224,1,3.003522856193999,1,1,36,0,0,0.1286395909327775,0,2990,0.15868803736333723,1,0,0,0,0,0,0,0,0,1,0,1,0,0,1633.1666666666667,0,1,0,0,1,0,1,0,0.8682888612378451,0,0,0,0,0,0,0,0,0,0,1
2023-03-15,28,115961,593,0,2,7,29039,24,2,0,1,1466,0.3437474904187651,2,2,0,1,0,99,14,2371,3317,131185,25441,9663.416666666666,0.4229938744268001,6,105744,0.1690691073672346,0.1989699393433694,1476.5023711997371,0.1516904796806153,0.3044676644942948,0,0.8735160445554007,1,1,36,0,0,0.1939307548061531,0,5688,0.19586776859504132,1,1,0,0,0,0,0,0,0,1,0,0,0,1,8197.416666666666,0,0,0,0,5,1,0,0,0.2504182404580811,1,1,0,0,0,0,1,0,1,0,0
2023-03-16,53,55651,515,0,0,29,124507,300,2,2,0,216,0.2525476821661314,3,1,0,3,0,97,9,2580,879,32866,18519,4637.583333333333,0.8351727766875677,3,14347,0.3004330313124626,0.25,2599.2463367373102,0.0465659414691985,0.6069194265642838,0,3.015104119827681,1,0,9,0,0,0.563452703319439,0,3459,0.02778134738330067,1,1,0,0,0,0,0,0,0,1,0,1,0,0,4421.583333333333,0,1,0,1,2,0,1,1,2.2372421476317115,0,1,0,0,0,0,0,0,0,0,0
2023-03-19,33,15000,500,0,3,10,190447,240,2,1,1,110,0.612879957101534,4,2,0,3,0,93,22,346,272,72898,54777,1250.0,0.7266245196060749,5,18121,0.2880392836176019,0.25,3995.989898971327,0.08792965627498,3.0,1,8.128195037114578,1,1,25,0,0,0.7514094843550666,0,618,0.0032449802570780474,1,1,0,0,0,0,0,0,0,1,0,0,0,0,1140.0,0,1,0,1,1,0,1,1,12.695620291980534,0,1,0,0,0,0,0,0,0,0,0
2023-03-19,49,47868,590,0,1,24,16991,36,1,1,0,604,0.4697004719045141,4,1,0,4,0,97,24,1563,1416,10394,22663,3989.0,0.6218087237412829,4,4223,0.1744351244810104,0.1701681761592677,605.9177152293331,0.1513784461152882,0.303237522613868,1,2.19421086722539,1,0,16,0,0,2.18018278018278,0,2979,0.1753177966101695,1,0,0,0,0,0,0,0,0,1,0,1,0,0,3385.0,0,1,0,0,3,0,0,0,0.35494787858530574,1,0,0,0,0,0,1,0,0,0,1
2023-03-20,44,67900,634,0,3,24,7444,36,2,2,0,482,0.1038791854699086,3,0,0,1,0,98,24,7163,1055,42249,7349,5658.333333333333,0.7612746051685039,8,34900,0.1522288244862795,0.1583876183644521,261.11677062647686,0.0851690422900223,0.1313081818753345,1,0.7349962994474561,1,1,64,0,0,0.17394082840236685,0,8218,1.1038280725319005,1,0,0,0,0,0,0,0,0,1,0,1,0,1,5176.333333333333,0,1,0,1,1,0,0,0,0.10963019690431658,1,0,0,0,0,0,0,0,0,0,0
2023-03-24,62,34473,641,0,3,44,10095,48,1,2,2,129,0.357039461567848,3,1,0,1,0,95,21,4838,2240,23733,9829,2872.75,0.847019549138877,1,13904,0.1528049736461952,0.1357158397228986,273.69620174934795,0.0448890822096563,0.1401291698127352,1,1.88540880907081,0,0,1,0,0,0.4141316255161372,0,7078,0.7010697305863708,1,1,0,0,0,0,0,0,0,1,1,0,0,0,2743.75,0,1,0,0,1,0,1,0,0.2928293786621802,1,1,0,0,0,0,0,0,0,0,1
2023-03-24,37,37096,526,0,3,13,12611,36,0,4,0,135,0.0197941188857077,5,1,1,0,0,100,20,2415,193,14127,54315,3091.333333333333,0.7956593236863124,5,7268,0.2063606010051662,0.2123835411933127,476.66500664585527,0.0436563544249218,0.1978004764403973,1,3.476164656875921,1,1,25,0,0,3.8444932049830123,0,2608,0.2067871868062163,1,1,0,0,0,0,0,0,0,1,0,1,0,0,2956.333333333333,0,1,1,0,1,0,0,0,0.33994662641183926,0,1,0,1,0,1,0,0,0,0,0
2023-03-25,35,3598,568,2,0,14,12036,60,0,2,1,107,0.2964934546677127,3,0,0,0,0,92,10,422,1107,187863,12647,299.8333333333333,0.7169077294514453,4,175216,0.1933489351295949,0.2135266366343818,328.0065101496734,0.3556786703601108,1.446005019888111,0,4.947360379916447,1,0,16,0,0,0.06731997615296172,0,1529,0.1270250062307884,1,1,0,0,0,0,0,0,0,1,0,0,0,0,192.83333333333331,1,1,0,0,2,0,1,0,3.3442622950819674,0,2,0,0,0,0,0,0,0,0,0
2023-03-25,39,58813,610,0,0,21,44741,60,0,1,0,415,0.311103352629785,5,1,0,2,0,93,10,4495,173,16911,40718,4901.083333333333,0.8482584852975243,3,7438,0.1726771669841929,0.201462204093962,1189.0058840636286,0.0846578835529111,0.3272090201234772,0,1.5374100667777943,1,0,9,0,0,2.407639545884579,0,4668,0.10433150060345983,1,1,0,0,0,0,0,0,0,1,0,1,0,0,4486.083333333333,0,1,0,0,2,0,1,0,0.7607202366783419,0,1,0,0,0,0,0,0,0,0,0
2023-03-26,36,31936,621,1,1,13,171784,240,1,1,2,284,0.1071331872218064,4,0,0,3,0,93,11,3435,708,165815,24067,2661.333333333333,0.8093746763934999,5,141748,0.2275134997434735,0.2194748678013169,3182.944162496828,0.1066733441842994,1.3022201687104649,0,4.189533206309573,1,1,25,0,0,0.1451428088966083,0,4143,0.024117355997322235,1,1,0,0,0,0,0,0,0,1,1,0,0,0,2377.333333333333,0,1,0,0,3,0,1,1,5.378839590443686,0,1,0,0,0,0,0,0,0,0,1
2023-03-27,49,15000,599,0,1,25,14894,48,0,1,0,136,0.4360283878085761,3,0,0,0,0,92,18,124,236,462975,52112,1250.0,0.8925295296043338,6,410863,0.1739021952162868,0.1549160351894245,418.2321702641528,0.1087130295763389,0.4430313111623922,1,2.345495110608633,1,1,36,0,0,0.11255875034559026,0,360,0.02416918429003021,1,1,0,0,0,0,0,0,0,1,0,1,0,0,1114.0,0,1,0,0,3,0,1,0,0.9928671421905206,0,1,0,0,0,0,0,0,0,0,0
2023-03-27,20,29640,589,0,0,0,11119,48,1,0,0,253,0.4137193958556924,3,1,0,0,0,97,3,1738,124,20795,89197,2470.0,0.6462602920985782,4,8382,0.1788291251419511,0.1682981996330682,319.8610777204219,0.1023876972885471,0.2318337020317369,0,1.0739842429248334,1,0,16,0,0,4.289142142719753,0,1862,0.16744604316546763,1,1,0,0,0,0,0,0,0,1,0,1,0,0,2217.0,0,0,0,0,2,0,1,0,0.3751222968185959,0,1,0,0,0,0,1,0,1,0,1
2023-03-27,27,71927,455,0,0,5,15123,180,3,1,0,408,0.3927705980816362,10,0,0,2,0,100,27,3103,176,58103,10571,5993.916666666667,0.9631528463848328,4,47532,0.2899060095412527,0.25,322.95603850278,0.0680576599619121,0.1219293076360994,1,1.3563972299226128,1,0,16,0,0,0.18193239708109596,0,3279,0.21680772282464955,1,0,0,0,1,0,0,0,0,1,0,1,0,1,5585.916666666667,0,1,0,0,2,0,1,0,0.2102519185852519,0,0,0,0,0,0,0,0,1,0,0
2023-03-28,27,34061,537,0,0,5,22453,120,2,3,0,443,0.3969042089955384,4,1,0,2,0,99,12,4613,218,76238,68304,2838.4166666666665,0.6213251728743039,6,7934,0.2290048060127547,0.25,510.7899215363611,0.1560179614357409,0.3359105173725922,1,2.126448804439302,1,1,36,0,0,0.8959194113249125,0,4831,0.21515097532733587,1,1,0,0,0,0,0,0,0,1,0,1,0,0,2395.4166666666665,0,1,1,1,2,0,1,0,0.6591803182432036,0,1,0,0,0,0,1,0,1,0,0
2023-03-31,51,173299,518,0,1,29,33759,12,2,3,3,3612,0.3476393177383634,4,1,0,4,0,96,3,13151,3443,200019,8235,14441.583333333334,0.7483477962090193,4,191784,0.2026067579871774,0.2095463975716468,3142.692999140784,0.2500937620808834,0.4676928526734564,1,1.7201908885960886,1,0,16,0,0,0.04117088291170883,0,16594,0.49152843601895735,1,1,0,0,0,0,0,0,0,1,0,0,1,1,10829.583333333334,0,1,1,1,3,0,0,0,0.194800923254472,1,1,0,0,0,0,0,0,0,0,0
2023-04-01,60,72877,640,0,3,40,20006,12,2,2,1,423,0.3738504135619903,3,2,0,1,0,100,12,6173,766,113642,51849,6073.083333333333,0.9105439785622196,6,61793,0.1414759593728251,0.1456709602432372,1801.6236118597044,0.0696401377436924,0.36624845096402,1,1.6015677345704262,1,1,36,0,0,0.4562445553179694,0,6939,0.3468286099865047,1,1,0,0,0,0,0,0,0,1,0,0,0,1,5650.083333333333,0,1,0,1,1,0,0,0,0.2745135706248799,1,1,0,0,0,0,0,0,0,0,0
2023-04-02,38,47703,598,0,3,17,11980,24,0,2,0,428,0.0613022835404329,1,4,0,1,0,100,22,1537,323,63265,13876,3975.25,0.8207515227113523,5,49389,0.16634776933516,0.1779263083956909,596.8910813477927,0.107639107198994,0.2577531798422616,1,1.690537041092913,1,1,25,0,0,0.21932791704865173,0,1860,0.1552458058592772,1,1,1,0,0,0,0,0,0,1,0,1,0,0,3547.25,0,1,0,0,1,0,0,0,0.25113198054670466,1,2,0,0,0,0,0,0,0,0,0
2023-04-02,37,41741,610,0,1,13,23665,60,1,1,3,359,0.4912475858665688,5,1,0,2,0,94,23,2182,3098,58851,2557,3478.4166666666665,0.6720975959117013,6,56294,0.1725179486744861,0.1668120315653835,584.087281175862,0.1031782147390606,0.2710475265037325,1,1.1191282305994603,1,1,36,0,0,0.04344797118194794,0,5280,0.2231048761936956,1,1,0,0,0,0,0,0,0,1,0,0,1,0,3119.4166666666665,0,1,0,0,3,0,1,0,0.5669349815533515,0,1,0,0,0,0,1,0,0,0,1
2023-04-03,40,50764,555,0,0,17,28830,60,1,2,0,384,0.336204549221138,5,2,0,2,0,96,22,6807,284,25582,169828,4230.333333333333,0.7466435520590294,6,3607,0.2000673016190304,0.1717101920242572,719.1535250151131,0.0907515361588151,0.260710617224306,1,1.859074812567166,1,1,36,0,0,6.638314505726459,0,7091,0.24595053935000522,1,1,0,0,0,0,0,0,0,1,0,1,0,0,3846.333333333333,0,1,0,0,2,0,1,0,0.5679109622771594,0,1,0,0,0,0,0,0,0,0,1
2023-04-04,53,42915,631,0,3,30,224721,180,1,3,3,420,0.0881390001145161,0,0,0,3,0,97,11,2099,1625,152625,19765,3576.25,0.8685562291022274,9,132860,0.2025806548404257,0.2053023024572205,4035.076375578628,0.1174086239429729,1.2453913971846051,0,3.111158561875204,1,1,81,0,0,0.12949956101843724,0,3724,0.016571586226537677,1,1,0,0,0,0,0,0,0,1,0,0,1,0,3156.25,0,1,1,0,1,0,1,1,5.236298816292292,0,1,0,0,0,0,0,0,0,0,1
2023-04-04,28,32681,511,0,3,7,104261,360,0,2,3,293,0.2997315279939608,1,1,0,3,0,94,14,2031,257,114547,46473,2723.4166666666665,0.9226081247404508,11,68074,0.3223886655602376,0.25,2173.402531708088,0.1075459578503043,0.9052956406722252,0,3.725723300150961,1,1,121,0,0,0.4057076509410902,0,2288,0.02194471619573766,1,1,0,0,0,0,0,0,0,1,0,0,1,0,2430.4166666666665,0,1,0,0,1,0,1,1,3.190165840523836,0,1,0,0,0,0,0,0,1,0,0
2023-04-05,42,81589,590,0,4,20,32594,120,0,0,0,455,0.2182070088712344,1,1,0,2,0,94,17,916,509,162986,17164,6799.083333333333,0.7365643857835509,5,145822,0.2025979785453396,0.1785094446123637,584.171503831166,0.0669109447188147,0.1528174660356367,1,1.2920724072448009,1,1,25,0,0,0.10530901237522011,0,1425,0.04371836171191901,1,1,0,0,0,0,0,0,0,1,0,1,0,1,6344.083333333333,0,0,0,0,4,1,1,0,0.39948523103321487,0,1,0,0,0,0,0,0,0,0,0
2023-04-06,51,35705,630,0,4,33,14052,60,1,2,0,487,0.1548879505423884,2,1,0,0,0,99,23,1740,374,48260,52268,2975.4166666666665,0.7353173264634566,6,6675,0.1623876477937751,0.1619856208185341,343.2016288632024,0.1636195649130666,0.2789265488803211,1,2.0346998542586885,1,1,36,0,0,1.0830277035287292,0,2114,0.1504305130577101,1,1,0,0,0,0,0,0,0,1,0,1,0,0,2488.4166666666665,0,1,0,0,4,1,1,0,0.39354730297429,0,1,0,0,0,0,0,0,0,0,1
2023-04-06,46,29582,594,0,1,23,12552,24,1,2,3,231,0.7103159760429829,2,0,0,1,0,99,12,206,1055,86207,10548,2465.1666666666665,0.9176891839368718,5,75659,0.1683594287399545,0.182140917444407,627.9465316136897,0.0936676353314861,0.3482921666339216,1,2.2140168675566985,1,1,25,0,0,0.12235523385300669,0,1261,0.10045407472317375,1,1,0,1,0,0,0,0,0,1,0,0,1,0,2234.1666666666665,0,1,0,0,3,0,0,0,0.42429773856606834,1,2,0,0,0,0,0,0,0,0,1
2023-04-10,42,35443,491,0,0,17,21458,180,1,0,2,134,0.3237384669020766,4,0,0,2,0,93,29,717,112,124652,13806,1918.5,0.9431648615819404,9,110846,0.271993474854194,0.2139547675032555,399.1691272356514,0.0698098463141443,0.2777645882967707,1,2.8218455346848987,1,1,81,0,0,0.11075545714904575,0,829,0.03863180949718067,1,0,0,0,0,0,0,0,0,1,1,0,0,0,1784.5,0,0,0,0,2,0,1,0,0.6054057104164315,0,0,0,0,0,0,0,0,0,0,1
2023-04-10,52,30234,566,2,1,32,5949,24,1,0,2,724,0.1980323809799418,4,2,0,1,0,98,25,1681,773,17798,40420,2519.5,0.9194204723017558,5,8259,0.1821727866246349,0.2102492364925828,305.7660697030549,0.2872445943265225,0.4085562664959551,0,1.3525841546606616,1,1,25,0,0,2.270914096297545,0,2454,0.412436974789916,1,0,0,0,0,0,0,0,0,1,1,0,0,0,1795.5,0,0,0,0,3,0,0,0,0.19675872333388458,1,0,0,0,0,0,0,0,0,0,1
2023-04-10,18,59332,493,0,2,0,12630,12,0,3,1,395,0.0945740126575875,4,1,0,4,0,98,24,6668,435,218543,19787,4944.333333333333,0.8969310262529034,3,198756,0.2148609773471934,0.2093180653598933,1175.6136399162888,0.0798732812078727,0.3175951010884919,1,1.1643258290763987,1,0,9,0,0,0.09054012006735486,0,7103,0.5623466075528462,1,0,0,0,0,0,0,0,0,1,0,0,0,0,4549.333333333333,0,1,1,0,5,1,0,0,0.21286636441777762,1,0,0,0,0,0,0,0,1,0,0
2023-04-11,48,71043,592,0,2,25,144357,240,1,2,0,570,0.2866006645642979,3,2,0,3,0,93,27,1365,624,116764,8513,5920.25,0.7053296814011321,4,108251,0.2419700129011018,0.2105718579745077,2572.6857713776044,0.0962634578847371,0.5307470164876681,1,1.8212048867177013,1,0,16,0,0,0.07290712114075279,0,1989,0.013778245750148936,1,0,0,0,0,0,0,0,0,1,0,1,0,1,5350.25,0,1,0,0,5,1,1,1,2.0319379539440345,0,0,0,0,0,0,0,0,0,0,1
2023-04-12,32,19207,549,0,3,7,16319,36,1,3,3,176,0.2029810081635832,3,1,0,0,0,97,21,1456,550,15916,34027,1600.5833333333333,0.9363669718697168,7,6317,0.1949250366571295,0.2133503681242614,617.6302008109338,0.1098912534471096,0.4955285087533798,1,2.673317325645432,1,1,49,0,0,2.1377772193252498,0,2006,0.12291666666666666,1,1,0,0,0,0,0,0,0,1,0,0,1,0,1424.5833333333333,0,1,1,0,1,0,0,0,0.8495939192003332,0,1,0,0,0,0,0,0,0,0,1
2023-04-13,18,66052,453,0,4,0,9445,36,2,0,3,437,0.2397835494841992,5,3,0,1,0,98,4,14970,11146,26116,31347,5504.333333333333,0.8750224696810891,4,3916,0.242788336662614,0.25,375.5315556373593,0.0793775732622911,0.1475898926442285,1,2.4854353550717176,1,0,16,0,0,1.2002527089635104,0,26116,2.7647681558331567,1,1,1,0,0,0,0,0,0,1,0,0,1,1,5067.333333333333,0,0,0,0,4,1,0,0,0.1429912343118405,1,2,0,0,0,0,0,0,1,0,0
2023-04-16,46,38406,518,0,3,25,20978,60,2,0,3,339,0.2493298633420285,5,1,0,0,1,98,5,1056,296,79509,18858,3200.5,0.6749341838539973,7,60651,0.218487819304093,0.2234266628503813,583.4840449497138,0.1058878650632516,0.2881411978602886,1,3.7256524214091655,1,1,49,0,0,0.23717771349515784,0,1352,0.06444539777873111,1,1,0,0,0,0,0,0,0,1,0,0,1,0,2861.5,0,0,0,0,1,0,1,0,0.5462025151665061,0,1,0,0,1,1,1,0,0,0,0
2023-04-19,56,53555,567,0,3,37,163292,300,2,0,0,247,0.1725627930495551,0,0,0,3,0,96,29,595,2112,576109,11562,4462.916666666667,0.7019618125924871,5,564547,0.2745008253530371,0.25,3408.933897841157,0.0553325741594638,0.8189968968598929,1,2.862112474503721,1,1,25,0,0,0.020069084029091667,0,2707,0.01657756303087089,1,0,0,0,0,0,0,0,0,1,0,1,0,0,4215.916666666667,0,0,0,0,1,0,1,1,3.0489954440212115,0,0,0,0,0,0,0,0,0,0,0
2023-04-22,38,23668,537,0,1,15,15597,24,1,1,3,225,0.29200746715787,3,2,0,1,1,97,3,1650,332,54740,19872,1972.3333333333333,0.9612550999313147,4,34868,0.1969137244949726,0.1616019682736217,764.8720223364892,0.1140202702702702,0.5016243356434912,0,4.459390959261007,1,0,16,0,0,0.36301857839644874,0,1982,0.12706757276573918,1,1,0,0,0,0,0,0,0,1,0,0,1,0,1747.3333333333333,0,1,0,0,3,0,0,0,0.6589632008111876,1,1,0,0,1,1,0,0,0,0,1
2023-04-22,51,57526,567,0,0,24,13305,24,1,1,0,168,0.0390311517290635,5,3,0,4,0,97,25,911,687,141497,50336,4793.833333333333,0.9382210456349152,7,91161,0.1818739925850754,0.1998328465696849,677.0600138429306,0.0350377142062636,0.1762438765010109,1,1.306720561058934,1,1,49,0,0,0.35573647684066206,0,1598,0.12009619720426876,1,0,1,0,0,0,0,0,0,1,0,1,0,0,4625.833333333333,0,1,0,0,2,0,0,0,0.23128270203556592,1,1,0,0,0,0,0,0,0,0,1
2023-04-23,59,49378,659,0,4,36,8821,60,0,3,0,182,0.16931909598219,3,0,0,1,0,97,15,1136,2767,47172,15508,4114.833333333333,0.6317176593621003,5,31664,0.1477712509701662,0.1387789715196366,204.69127560830145,0.04421947762705,0.0939521220348171,1,1.4027949477596398,1,1,25,0,0,0.3287473766773366,0,3903,0.4424166855588302,1,1,0,0,0,0,0,0,1,0,0,1,0,0,3932.833333333333,0,1,1,0,4,1,1,0,0.17863869256161527,1,1,0,0,0,0,1,0,0,0,0
2023-04-23,55,25307,595,0,3,33,31283,84,1,2,3,445,0.1548870655483585,4,3,0,2,0,99,5,3325,209,64674,4326,2108.9166666666665,0.8161288143809978,1,60348,0.1880877155159303,0.1762576171113166,650.6569004989296,0.2109088036652316,0.5192891822736742,0,2.789264135677532,0,0,1,0,0,0.06688828759180518,0,3534,0.1129650939777522,1,1,1,0,0,0,0,0,0,1,0,0,1,0,1663.9166666666665,0,1,0,0,1,0,1,0,1.236091354512407,0,2,0,0,0,0,0,0,0,0,1
2023-04-23,59,84380,600,0,1,36,33308,36,2,5,3,318,0.1205087456783922,3,1,0,0,0,94,23,28771,510,159780,18295,7031.666666666667,0.9597743927891716,6,141485,0.1696033957274306,0.1919880389128003,1224.2892481324538,0.0452175561664612,0.2193036185608759,0,1.0055617567175437,1,1,36,0,0,0.11450047252176417,0,29281,0.8790717223573209,1,1,0,0,0,0,0,0,0,1,0,0,1,1,6713.666666666667,0,1,1,1,3,0,0,0,0.3947334115499935,0,1,0,0,0,0,0,0,0,0,0
2023-04-26,48,24439,651,0,4,26,17244,180,2,0,3,64,0.2696682161131747,6,0,0,2,0,94,23,468,743,196072,21051,2036.5833333333333,0.8131330414385819,6,175021,0.1919388193813427,0.1711149373236099,266.7496886997459,0.0314097582920943,0.162324496519445,1,1.2229266600792166,1,1,36,0,0,0.10736307395714861,0,1211,0.07022325311684546,1,1,0,0,1,0,0,0,1,0,0,0,1,0,1972.5833333333333,0,0,0,0,4,1,1,0,0.7055646481178396,0,1,0,0,0,0,0,0,0,0,0
2023-04-26,40,11183,495,2,4,19,15949,48,0,0,0,87,0.4389947136947283,1,1,0,0,0,93,17,427,1621,28646,26582,931.9166666666666,0.8510770947013824,4,2064,0.2259193035270532,0.25,528.8230379357092,0.0932559178204555,0.6601050875594918,0,2.860731695298881,1,0,16,0,0,0.9279156630711768,0,2048,0.1284012539184953,1,1,0,0,0,0,0,0,0,1,0,1,0,0,844.9166666666666,1,0,0,0,4,1,1,0,1.426055078683834,0,2,0,0,0,0,0,0,0,0,0
2023-04-29,20,50942,542,0,3,0,21134,120,1,0,0,858,0.3118049745207389,5,1,0,2,0,99,22,1712,2070,50305,25968,4245.166666666667,0.7908548140423068,3,24337,0.2264896714282502,0.2367628080506512,461.2025822354622,0.2020646072928523,0.3106808295094702,1,2.650837328546035,1,0,9,0,0,0.5162008507931459,0,3782,0.17894487816418264,1,1,0,0,0,0,0,0,0,1,0,1,0,0,3387.166666666667,0,0,0,0,1,0,1,0,0.41485581924896453,0,1,0,0,0,0,0,0,1,0,1
2023-04-29,37,26663,528,0,0,14,141711,360,1,1,0,76,0.2050873390344664,3,2,0,3,0,96,29,804,125,25527,41996,2221.9166666666665,0.8666040825116433,1,9201,0.3139653880270123,0.25,2954.077230900192,0.0341893158388003,1.3631087824105832,0,5.174954375766919,0,0,1,0,0,1.6450955813224695,0,929,0.0065555492830529525,1,0,0,0,0,0,0,0,0,1,0,1,0,0,2145.9166666666665,0,1,0,0,2,0,1,1,5.31469396939694,0,0,0,0,0,0,0,0,0,0,1
2023-04-30,29,29207,542,0,1,6,6174,12,1,0,2,127,0.1736750206143508,2,1,0,4,0,95,4,10536,303,85047,19534,2433.9166666666665,0.8605563619378002,5,65513,0.190182066040374,0.1714939010446232,563.5359424235643,0.0521578424997433,0.283597361616851,1,2.400516409995244,1,1,25,0,0,0.2296820618944596,0,10839,1.7553036437246963,1,1,0,0,0,0,0,0,0,1,1,0,0,0,2306.9166666666665,0,0,0,0,3,0,0,0,0.21138044371405096,1,1,0,0,0,0,0,0,1,0,1
2023-05-01,66,41418,634,1,3,45,16859,48,2,2,3,141,0.5587129773586738,6,2,0,1,0,100,19,1271,2118,72507,18787,3451.5,0.9110602818199152,6,53720,0.1564331748078889,0.1710667502619606,487.39810357577767,0.0408399710354815,0.1820124847431651,1,1.4255330083210018,1,1,36,0,0,0.2591024438682628,0,3389,0.20100830367734282,1,1,0,0,1,0,0,0,0,1,0,0,1,0,3310.5,0,1,0,1,1,0,1,0,0.40703541852772884,1,1,0,0,0,0,0,0,0,1,0
2023-05-01,37,71152,641,0,2,12,9021,48,2,0,2,438,0.1542315275421499,6,0,0,1,0,96,13,2519,6639,22880,28453,5929.333333333333,0.8285630964737221,6,8392,0.1527768553294921,0.1592800262339557,255.325158385478,0.0738575684334776,0.1169116674249021,1,0.4204786343413571,1,1,36,0,0,1.2435208251387615,0,9158,1.0150742629128797,1,1,0,0,1,0,0,0,0,1,1,0,0,1,5491.333333333333,0,0,0,0,5,1,1,0,0.12678312931288913,1,1,0,0,0,0,0,0,0,0,0
2023-05-03,41,46362,559,0,4,17,8307,24,1,0,2,263,0.1113872877801124,2,0,0,4,0,90,3,12180,1118,60122,3993,3863.5,0.8812447159964799,7,56129,0.185756243546249,0.1848536529248249,416.670272245845,0.0680553758571613,0.1758753453864265,1,2.35046592182589,1,1,49,0,0,0.06641385160421137,0,13298,1.6006259027443428,1,1,0,0,0,0,0,0,0,1,1,0,0,0,3600.5,0,0,0,0,4,1,0,0,0.17917304747320062,1,1,0,0,0,0,0,0,0,0,1
2023-05-03,46,58775,586,0,3,25,183215,360,1,1,0,326,0.5539401806896643,4,0,0,3,0,94,14,5460,632,169018,14427,4897.916666666667,0.7740081308790464,3,154591,0.2850296052659133,0.25,3819.2607479968287,0.0665453246466055,0.8461586571174229,0,2.8561386719001685,1,0,9,0,0,0.08535726752613612,0,6092,0.03325037114662475,1,1,0,0,0,0,0,0,0,1,0,1,0,0,4571.916666666667,0,1,0,0,1,0,1,1,3.117173676330475,0,1,0,0,0,0,0,0,0,0,1
2023-05-03,40,119850,454,0,3,15,208388,360,1,1,1,2141,0.3984860283150024,0,2,0,3,0,97,22,16765,11934,75916,14610,9987.5,0.8382989650271193,3,61306,0.3510617904510897,0.25,4344.0117280439,0.2143464984732442,0.6492478077833408,1,1.992811320220288,1,0,9,0,0,0.19244701450268056,0,28699,0.13771840164308097,1,1,0,0,0,0,0,0,0,1,0,0,0,1,7846.5,0,1,0,0,1,0,1,1,1.7387255842671316,0,1,0,0,0,0,0,0,0,0,1
2023-05-04,60,35007,547,0,3,38,12407,60,1,3,0,135,0.532594929249909,2,2,0,1,0,98,17,738,623,23045,17814,2917.25,0.6822150283879177,1,5231,0.203856524176214,0.1669179940282315,306.29358032582206,0.046260601387818,0.1512185660330068,1,2.1217469425399687,0,0,1,0,0,0.7729757875553241,0,1361,0.10968729851708575,1,1,0,0,0,0,0,0,0,1,0,1,0,0,2782.25,0,1,1,0,1,0,1,0,0.3544047074954296,1,1,0,0,0,0,1,0,0,0,1
2023-05-04,32,16808,596,0,4,11,4908,36,3,3,0,153,0.260838314420007,1,4,0,4,0,94,21,526,179,82527,6939,1400.6666666666667,0.936320906665252,4,75588,0.1711247063835145,0.1532687412118522,170.9241137927825,0.1091557669441141,0.2310992488414619,1,1.8023851208602748,1,0,16,0,0,0.08408055447848004,0,705,0.14361377062538194,1,1,1,0,0,0,0,0,0,1,0,1,0,0,1247.6666666666667,0,1,1,0,4,1,0,0,0.291986435837944,1,2,0,0,0,0,0,0,0,0,0
2023-05-07,42,70065,529,0,3,21,26748,180,0,0,0,586,0.1261466767257025,4,1,1,2,0,95,4,1292,619,36340,24567,5838.75,0.8274266033408734,3,11773,0.2530485630921119,0.25,571.2112753998783,0.1003467614195813,0.1981610985744044,1,3.3215117155281924,1,0,9,0,0,0.6760133182906359,0,1911,0.07144192306254439,1,1,0,0,0,0,0,0,0,1,0,1,0,1,5252.75,0,0,0,0,1,0,1,0,0.38175434590243484,0,1,0,1,0,1,0,0,0,0,0
2023-05-09,31,149944,570,1,0,12,319588,240,1,3,0,617,0.2738449253180903,1,0,0,3,0,95,10,17438,871,71788,16717,12495.333333333334,0.823848287352423,4,55071,0.2531686977685649,0.2404946829978428,6460.1408236806365,0.0493744831817333,0.5663373915292995,0,1.6448438249535482,1,0,16,0,0,0.23286297343604173,0,18309,0.05728920582372985,1,1,0,0,0,0,0,0,0,1,0,1,0,1,11878.333333333334,0,1,1,0,2,0,1,1,2.131368168328387,0,1,0,0,0,0,0,0,0,0,1
2023-05-09,24,44114,540,0,0,1,16654,12,1,2,0,397,0.1182379545529086,1,0,0,1,0,98,24,7839,14404,22243,5146,3676.1666666666665,0.60359718011482,5,17097,0.1914301164376569,0.2066837764703253,1548.0673978165228,0.107963558899515,0.5289581827901526,0,2.220238304167803,1,1,25,0,0,0.23134328358208955,0,22243,1.3355148604022815,1,0,0,0,0,0,0,0,0,1,0,1,0,0,3279.1666666666665,0,1,0,0,2,0,0,0,0.3775133174657146,1,0,0,0,0,0,1,0,1,0,1
2023-05-09,32,29978,586,0,1,13,128615,360,1,1,0,173,0.0189863816786098,1,0,0,3,0,100,9,858,2383,115105,12622,2498.1666666666665,0.8979344125236153,3,102483,0.2849411466249607,0.25,2681.0808127260984,0.0692230743581193,1.142012996089136,0,3.9556752675038216,1,0,9,0,0,0.10965544802182337,0,3241,0.025199042109846366,1,1,0,0,0,0,0,0,0,1,0,1,0,0,2325.1666666666665,0,1,0,0,3,0,1,1,4.290169785516528,0,1,0,0,0,0,0,0,0,0,1
2023-05-09,39,39077,502,0,3,19,24735,84,2,0,3,332,0.2742249356931289,2,4,0,2,0,94,24,1416,389,151432,23400,3256.4166666666665,0.5893000072562713,8,128032,0.2345290037378467,0.2474054694450065,621.9859735681238,0.1019212566195093,0.2928658109140036,1,2.2253415273977746,1,1,64,0,0,0.15452378279503146,0,1805,0.07297056921086675,1,0,1,0,0,0,0,0,0,1,0,0,1,0,2924.4166666666665,0,0,0,0,1,0,1,0,0.6329648395516659,0,1,0,0,0,0,1,0,0,0,0
2023-05-11,34,22688,493,1,3,16,147079,180,3,2,2,152,0.2132437025919356,3,1,0,3,0,100,23,859,2461,15673,66005,1890.6666666666667,0.7367638436241772,3,6162,0.2714746829838537,0.25,3140.9145795774893,0.0803524229074889,1.74074779537136,0,5.523832580792031,1,0,9,0,0,4.211113946663264,0,3320,0.022572749524068535,1,1,0,0,0,0,0,0,0,1,1,0,0,0,1738.6666666666667,0,1,0,0,1,0,1,1,6.482392348715236,0,1,0,0,0,0,0,0,0,0,0
2023-05-12,31,67454,533,0,4,9,22495,24,1,0,3,170,0.0617361262569678,1,4,0,4,0,97,19,749,2207,79554,100834,5621.166666666667,0.7918944791038031,8,6336,0.1990052731986526,0.2285205851975018,1176.485936195872,0.0302374529392582,0.239495912524093,1,2.2903604108343703,1,1,64,0,0,1.2674753315316447,0,2956,0.13140113798008535,1,1,1,0,0,0,0,0,0,1,0,0,1,1,5451.166666666667,0,0,0,0,4,1,0,0,0.3334815803128011,1,2,0,0,0,0,0,0,0,0,1
2023-05-12,23,19560,599,0,4,1,15998,48,0,0,1,310,0.0593905089296511,6,0,0,0,0,96,8,520,603,26053,19394,1630.0,0.7809953583583508,4,6659,0.1739200703748171,0.1884335303840948,477.0206928129584,0.1900674432863274,0.4825387448270744,0,2.494631949726497,1,0,16,0,0,0.7443770630229524,0,1123,0.07019188699293706,1,1,0,0,1,0,0,0,0,1,0,0,0,0,1320.0,0,0,0,0,4,1,1,0,0.8178518480650273,0,1,0,0,0,0,0,0,1,0,0
2023-05-13,39,40442,514,0,1,17,16251,24,3,0,0,804,0.5731473509295725,5,3,0,1,0,96,1,4573,378,131439,68888,3370.1666666666665,0.6812813310449067,1,62551,0.2084239928142769,0.20058101251733,827.5690222776806,0.238493103277797,0.4839775613618473,0,3.126993614613089,0,0,1,0,0,0.5241022519780889,0,4951,0.30463942899335467,1,1,1,0,0,0,0,0,0,1,0,1,0,0,2566.1666666666665,0,0,0,0,3,0,0,0,0.40182479044581265,1,2,0,0,0,0,1,0,0,0,0
2023-05-13,21,17977,502,0,3,1,135378,240,1,1,2,147,0.102488429303353,1,0,0,3,0,93,20,390,206,92533,59609,1498.0833333333333,0.8741084012849163,6,32924,0.2869539583828549,0.25,2840.5231930297687,0.0980599255100339,1.992900012027196,0,6.826542118378725,1,1,36,0,0,0.6441848401668576,0,596,0.004402455329113083,1,1,0,0,0,0,0,0,0,1,1,0,0,0,1351.0833333333333,0,1,0,0,1,0,1,1,7.530203582155968,0,1,0,0,0,0,0,0,1,0,1
2023-05-14,49,54444,612,0,0,29,28955,60,2,2,0,245,0.385428603117449,1,0,0,0,0,94,3,3118,1001,193893,38064,4537.0,0.7283358886453514,4,155829,0.1715683831788532,0.1077586362752773,626.3201416678919,0.0539885412075804,0.1920053198915583,1,0.7222228085895426,1,0,16,0,0,0.19631344961680094,0,4119,0.1422503108164111,1,1,0,0,0,0,0,0,0,1,0,1,0,0,4292.0,0,1,0,1,2,0,1,0,0.5318211038662871,0,1,0,0,0,0,0,0,0,0,0
2023-05-15,40,39260,535,0,1,17,18071,24,1,3,3,588,0.380294971682361,2,1,0,4,0,93,27,553,105,222575,9406,3271.6666666666665,0.9053860383670151,1,213169,0.1979505297645369,0.1909813749802617,911.7959837306088,0.1796699938887757,0.4582794816858654,1,3.026169485975993,0,0,1,0,0,0.04225972252174538,0,658,0.0364099158919876,1,0,0,0,0,0,0,0,0,1,0,0,1,0,2683.6666666666665,0,1,1,0,3,0,0,0,0.46027864802221036,1,0,0,0,0,0,0,0,0,0,1
2023-05-17,22,48330,506,0,3,1,160504,240,1,2,1,878,0.3800065792205744,3,1,0,3,0,93,19,2184,570,42945,41253,4027.5,0.8238372520197966,8,1692,0.2849965200934287,0.25,3367.7210076530155,0.217947126722105,1.0539210643299033,0,4.662822210113356,1,1,64,0,0,0.9605784007823779,0,2754,0.017158343976823153,1,1,0,0,0,0,0,0,0,1,0,0,0,0,3149.5,0,1,0,0,1,0,1,1,3.320932734683743,0,1,0,0,0,0,0,0,1,0,1
2023-05-17,36,47763,586,0,4,13,20143,180,1,4,2,310,0.4424835782861538,3,2,0,2,0,98,18,1419,921,67063,11326,3980.25,0.644507544491115,10,55737,0.224477665439071,0.1995955546301231,353.16907420026,0.0778649921507064,0.1665730798619177,1,1.8061019946864445,1,1,100,0,0,0.1688834546105213,0,2340,0.11616362192216044,1,1,0,0,0,0,0,0,0,1,1,0,0,0,3670.25,0,1,1,0,4,1,1,0,0.4217192864919186,0,1,0,0,0,0,1,0,0,0,1
2023-05-22,30,26548,491,0,1,9,25130,36,2,3,0,168,0.0635055656120305,3,1,0,0,0,100,23,408,1888,362878,51257,2212.333333333333,0.8160193162994385,5,311621,0.2240329643557055,0.25,999.1644248985536,0.0759036144578313,0.5273333245023585,1,2.8989357648371787,1,1,25,0,0,0.14125094039611,0,2296,0.0913612669611237,1,1,0,0,0,0,0,0,0,1,0,1,0,0,2044.333333333333,0,1,1,1,3,0,0,0,0.9465516591962032,0,1,0,0,0,0,0,0,0,0,0
2023-05-23,43,65051,590,0,3,20,13664,12,1,0,0,441,0.1016286285818822,2,1,0,1,0,94,14,7483,674,8157,18135,5420.916666666667,0.8177184080964974,6,3176,0.1663806482745905,0.1652899027235502,1243.1695134997565,0.0813365507277561,0.3106225375712321,1,2.094907836566448,1,1,36,0,0,2.222971316499142,0,8157,0.5969264544456641,1,1,0,0,0,0,0,0,0,1,0,1,0,1,4979.916666666667,0,0,0,0,1,0,0,0,0.21004734673799422,1,1,0,0,0,0,0,0,0,0,1
2023-05-23,56,56315,628,1,4,31,103696,120,0,1,1,172,0.2411977964053278,5,3,0,3,0,96,14,6853,2435,17228,19107,4692.916666666667,0.9259866075809848,4,3701,0.1838873071160486,0.1707796852764225,1807.3385342629783,0.0366431729010953,0.4216816519813897,1,1.6158579973672968,1,0,16,0,0,1.109002263625283,0,9288,0.08956864711611714,1,1,1,0,0,0,0,0,0,1,0,0,0,0,4520.916666666667,0,1,0,0,4,1,1,1,1.841323957667448,0,2,0,0,0,0,0,0,0,0,0
2023-05-24,18,31526,558,1,2,0,12472,24,3,1,0,192,0.4806746665094075,1,3,0,0,0,99,10,624,77,160324,40319,2627.1666666666665,0.6036632686904937,3,120005,0.1863578303967814,0.199953334822099,634.7440187782578,0.0730547276301604,0.3145706203734889,0,3.7637627601592474,1,0,9,0,0,0.2514829253079682,0,701,0.05620139501322857,1,1,1,0,0,0,0,0,0,1,0,1,0,0,2435.1666666666665,0,1,0,0,5,1,0,0,0.3955974244298538,0,2,0,0,0,0,1,0,1,0,0
2023-05-24,41,159191,507,0,3,19,19147,24,2,2,0,2377,0.1207864983994728,1,0,0,1,0,93,3,6693,9818,23132,109790,13265.916666666666,0.7515598314948738,4,5505,0.2119649883876281,0.2386739832544669,1011.0561435525748,0.1791674779997864,0.2553763039806467,1,2.014428404952836,1,0,16,0,0,4.746033804521679,0,16511,0.8622832671819511,1,1,0,0,0,0,0,0,0,1,0,1,0,1,10888.916666666666,0,1,0,1,1,0,0,0,0.12027614452987587,1,1,0,0,0,0,0,0,0,0,0
2023-05-24,38,50074,587,0,1,15,10328,36,0,2,2,325,0.1844963855988465,6,0,0,0,0,92,23,2731,390,303960,35040,4172.833333333333,0.7495691724310584,8,268920,0.1758106776880016,0.1910224408354674,379.1174860499211,0.0778660703589825,0.1686980360300094,1,0.4326990756074793,1,1,64,0,0,0.11527794684186458,0,3121,0.30215896989059926,1,1,0,0,1,0,0,0,0,1,1,0,0,0,3847.833333333333,0,1,0,0,3,0,0,0,0.20625062406390415,0,1,0,0,0,0,0,0,0,0,0
2023-05-25,48,48940,607,0,0,26,130901,300,2,2,2,205,0.1542375093509025,1,0,0,3,0,91,2,416,1070,25372,142671,4078.3333333333335,0.7609721940809373,6,6881,0.254445551057655,0.25,2732.729442724109,0.0502533093642752,0.7201493976280706,0,2.181278487420138,1,1,36,0,0,5.62294565088874,0,1486,0.011352003789094131,1,1,0,0,0,0,0,0,0,1,1,0,0,0,3873.3333333333335,0,1,0,1,2,0,1,1,2.6746695000102165,0,1,0,0,0,0,0,0,0,0,0
2023-05-26,42,98710,553,0,0,19,24699,24,0,0,3,893,0.1384987685537714,4,0,0,1,0,97,19,1274,2845,107686,9413,8225.833333333334,0.7114842374796743,3,98273,0.189028639630654,0.146589398633918,1193.573304145949,0.1085472336459958,0.2536301903299303,1,1.8705647084672772,1,0,9,0,0,0.08741073667202169,0,4119,0.16676113360323885,1,1,0,0,0,0,0,0,0,1,0,0,1,1,7332.833333333334,0,0,0,0,2,0,0,0,0.25021527489337564,1,1,0,0,0,0,0,0,0,0,0
2023-05-26,30,106018,591,0,3,8,52594,36,2,2,0,536,0.3753648650008349,2,0,0,2,0,94,28,20026,2511,77512,13432,8834.833333333334,0.6856619880634396,3,64080,0.1742175940842933,0.1690403256456988,1872.608547745839,0.0606620767707252,0.2725955161081775,1,0.9540878074578376,1,0,9,0,0,0.17328706152516352,0,22537,0.4285008080616028,1,0,0,0,0,0,0,0,0,1,0,1,0,1,8298.833333333334,0,1,0,1,1,0,0,0,0.49608089116101833,0,0,0,0,0,0,1,0,0,0,0
2023-05-27,36,48662,538,0,1,14,222001,300,3,0,3,332,0.4067881911362643,5,0,0,3,0,92,19,875,839,53521,17581,4055.1666666666665,0.5431901114494189,11,35940,0.2890776104174557,0.25,4634.560996586695,0.0818506800345153,1.2244469729021723,0,3.530296141825501,1,1,121,0,0,0.3284817458241471,0,1714,0.007720651165304817,1,1,0,0,0,0,0,0,0,1,0,0,1,0,3723.1666666666665,0,0,0,0,3,0,1,1,4.5620080965004215,0,1,0,0,0,0,1,0,0,0,0
2023-05-27,30,64681,578,0,2,7,27779,60,1,0,3,242,0.4571739390435635,3,0,0,2,0,94,7,11879,358,87724,13191,5390.083333333333,0.907239169401008,3,74533,0.188558017904077,0.1752178703907586,698.1973536173804,0.0448889369792713,0.1743985940273069,1,1.4960820371392682,1,0,9,0,0,0.1503676261043032,0,12237,0.4404967602591793,1,1,0,0,0,0,0,0,0,1,0,0,1,0,5148.083333333333,0,0,0,0,5,1,1,0,0.42947033177700134,0,1,0,0,0,0,0,0,0,0,1
2023-05-30,52,36175,601,1,1,31,6215,12,1,1,0,152,0.1096916653876965,3,0,0,4,0,99,26,491,285,76659,51183,3014.583333333333,0.7050015968668853,2,25476,0.1606837204730118,0.1790838280440902,569.5202054626346,0.050404841517672,0.2392638921588309,1,1.8298980313811528,0,0,4,0,0,0.6676624054265589,0,776,0.12483912483912483,1,0,0,0,0,0,0,0,0,1,0,1,0,0,2862.583333333333,0,1,0,0,3,0,0,0,0.17179898275099514,1,0,0,0,0,0,0,0,0,0,1
2023-06-01,40,44722,517,0,3,20,226861,360,2,2,0,456,0.2206811854664701,4,0,1,3,0,95,4,4510,2325,104996,12631,3726.8333333333335,0.9242330125171134,5,92365,0.319583024295521,0.25,4729.095939477164,0.1223230652300263,1.3909140983083552,1,6.318419174605052,1,1,25,0,0,0.12029867520024382,0,6835,0.03012844813146318,1,1,0,0,0,0,0,0,0,1,0,1,0,0,3270.8333333333335,0,1,0,1,1,0,1,1,5.072580104196946,0,1,0,1,0,1,0,0,0,0,0
2023-06-02,62,51373,654,0,1,42,27761,120,2,0,0,384,0.3950650959703054,4,1,0,2,0,99,12,1963,542,272232,12532,4281.083333333333,0.5651231185082327,4,259700,0.1705578558645337,0.1920049544920156,521.8642825470199,0.0896759754792254,0.2115475603885227,1,1.2800026981540915,1,0,16,0,0,0.04603409579294208,0,2505,0.09023125135076723,1,1,0,0,0,0,0,0,1,0,0,1,0,0,3897.083333333333,0,0,0,0,3,0,1,0,0.5403706154864328,0,1,0,0,0,0,1,0,0,0,0
2023-06-05,39,57806,608,0,0,20,7438,24,1,1,2,276,0.3087067190409541,0,3,0,1,0,98,26,2543,1000,120903,5416,4817.166666666667,0.8183019265043365,5,115487,0.1612286229275478,0.1306542092559394,353.84467915127493,0.0572831990037704,0.1307228916568421,1,2.550215811773945,1,1,25,0,0,0.044795871104347254,0,3543,0.4762736927006318,1,0,1,0,0,0,0,0,0,1,1,0,0,0,4541.166666666667,0,1,0,0,2,0,0,0,0.12866953829121042,1,1,0,0,0,0,0,0,0,0,1
2023-06-07,31,8872,615,2,4,11,130813,360,0,1,1,171,0.1273431814307882,6,2,0,3,1,97,7,5721,73,185922,21814,739.3333333333334,0.55286378714692,6,164108,0.2704453829364791,0.25,2726.8998511459718,0.2309770373705538,3.0,0,8.702938052797107,1,1,36,0,0,0.11732814121975227,0,5794,0.044291895362881646,1,1,0,0,1,0,0,0,0,1,0,0,0,0,568.3333333333334,1,1,0,0,4,1,1,1,14.742815282317142,0,2,0,0,1,1,1,0,0,0,0
2023-06-10,21,68375,618,0,0,0,236484,300,1,0,0,356,0.7350960049831421,2,1,0,3,0,96,3,1018,3097,44608,67999,5697.916666666667,0.8329620383734649,5,3371,0.2490934100149889,0.2337963581345872,4621.5759166792095,0.0624680129264333,0.8734249345657875,0,2.032958282463598,1,1,25,0,0,1.5243336546436819,0,4115,0.017400680804279343,1,1,0,1,0,0,0,0,0,1,0,1,0,1,5341.916666666667,0,0,0,0,2,0,1,1,3.4585819585819584,0,2,0,0,0,0,0,0,1,0,1
2023-06-10,18,38978,521,0,3,0,11132,48,0,2,3,186,0.2386962257203533,1,1,0,0,0,98,26,3687,200,14248,39033,3248.1666666666665,0.9851965173106184,5,9909,0.2128294172374322,0.1764261101430878,324.92725138376653,0.057245447550654,0.157248705221985,0,1.6952705710768488,1,1,25,0,0,2.7393501298336727,0,3887,0.3491421898859247,1,0,0,0,0,0,0,0,0,1,0,0,1,0,3062.1666666666665,0,1,0,0,1,0,1,0,0.2855896764924703,0,0,0,0,0,0,0,0,1,0,0
2023-06-11,20,19365,595,0,3,0,10246,36,1,0,0,288,0.2049446324906483,3,1,0,1,0,97,25,1757,929,23783,169933,1613.75,0.7440400463758369,6,2883,0.1718086850646999,0.1769286358896982,368.84070803659824,0.1783557826288899,0.4067754810568807,0,2.7643016771122886,1,1,36,0,0,7.144845274133871,0,2686,0.2621255001463843,1,0,0,0,0,0,0,0,0,1,0,1,0,0,1325.75,0,0,0,0,1,0,0,0,0.5290715687286998,1,0,0,0,0,0,0,0,1,0,1
2023-06-13,43,32291,599,0,1,20,230695,180,3,3,3,337,0.0924638225876253,3,0,0,3,0,97,2,48256,214,315293,65941,2690.9166666666665,0.6649714676446264,0,249352,0.2185872140263691,0.212715062153507,4270.014793285058,0.1251896108720552,1.711425487398096,0,5.023957809731043,0,0,0,1,0,0.20914130938108558,0,48470,0.21010333945972187,1,1,0,0,0,0,0,0,0,1,0,0,1,0,2353.9166666666665,0,1,1,0,3,0,1,1,7.144029480986003,0,2,0,0,0,0,1,0,0,0,0
2023-06-14,46,34279,554,0,3,27,11987,24,1,1,0,239,0.1641548638405073,2,2,0,1,0,90,12,609,1815,407761,68705,2856.583333333333,0.7297238116439178,3,339056,0.1883479153571091,0.1797295019153252,598.2835535759004,0.0836371059461666,0.2930040722904203,1,1.7588095046465209,1,0,9,0,0,0.16849289536543377,0,2424,0.2022022022022022,1,1,0,0,0,0,0,0,0,1,0,1,0,0,2617.583333333333,0,1,0,0,1,0,0,0,0.3496791131855309,1,1,0,0,0,0,0,0,0,0,1
2023-06-16,21,34322,518,0,1,0,7341,24,2,1,3,260,0.2511022752643578,3,1,0,1,1,95,27,957,665,19657,150810,2860.1666666666665,0.6660995241738136,9,9135,0.2062253416410142,0.1729269825065018,363.9889471540195,0.0908720219024873,0.2180889895103464,0,3.4191289628361905,1,1,81,0,0,7.671685827652864,0,1622,0.2209207300463089,1,0,0,0,0,0,0,0,0,1,0,0,1,0,2600.1666666666665,0,1,0,1,3,0,0,0,0.2138799056026571,1,0,0,0,1,1,1,0,1,0,0
2023-06-16,50,84653,629,0,3,26,31442,72,1,3,0,595,0.1356473396443543,0,0,0,0,1,92,29,9990,929,27543,41788,7054.416666666667,0.8815927522832745,7,10686,0.1670889829154595,0.151464448405451,667.344608734385,0.0843323687474162,0.178918505932943,0,2.791966610547292,1,1,49,0,0,1.5171362184141737,0,10919,0.3472633018477881,1,0,0,0,0,0,0,0,0,1,0,1,0,1,6459.416666666667,0,1,1,0,1,0,1,0,0.3714177711626149,0,0,0,0,1,1,0,0,0,0,1
2023-06-17,34,17627,528,0,0,13,27269,120,1,3,1,205,0.0719962000117388,2,1,0,2,0,93,19,753,1676,43915,6823,1468.9166666666667,0.8429179457235974,7,37092,0.2335533856189599,0.1957963886510795,519.4112105013202,0.1394636884177107,0.4928246797446477,1,2.185374242058929,1,1,49,0,0,0.15536478732124967,0,2429,0.08907224055738908,1,1,0,0,0,0,0,0,0,1,0,0,0,0,1263.9166666666667,0,1,1,0,2,0,1,0,1.5469140004538235,0,1,0,0,0,0,0,0,0,0,1
2023-06-18,41,38892,634,0,0,18,10885,36,3,3,2,184,0.2033950200424838,1,2,0,4,0,99,28,1277,697,59937,40841,3241.0,0.6034001108522286,3,19096,0.1523238082097485,0.1709876616889566,388.61519511295137,0.0567550894509562,0.1766240577152842,1,1.6957718981375052,1,0,9,0,0,0.6813874336814708,0,1974,0.18133382325923203,1,0,0,0,0,0,0,0,0,1,1,0,0,0,3057.0,0,1,1,0,2,0,0,0,0.27987041369912324,1,0,0,0,0,0,1,0,0,0,0
2023-06-19,59,125418,610,1,4,38,145584,300,1,0,2,1363,0.1727929795064191,4,0,0,3,0,96,6,17053,1677,221128,37138,10451.5,0.891233580763163,5,183990,0.2529721288468649,0.2162741295179173,2636.246515584696,0.1303994259746472,0.3826114819980575,1,1.7577314165541589,1,1,25,0,0,0.16794721633073906,0,18730,0.1286533640141498,1,1,0,0,0,0,0,0,0,1,1,0,0,1,9088.5,0,0,0,0,4,1,1,1,1.1607810618805763,0,1,0,0,0,0,0,0,0,0,1
2023-06-19,50,50752,641,0,4,27,23244,36,2,0,3,427,0.4266810926671185,3,0,0,0,0,100,11,2029,2418,157943,18408,4229.333333333333,0.742448343674349,6,139535,0.1490134613335312,0.1552497409502717,811.7493324638768,0.1009376723662438,0.2928254666607541,1,1.7222605304639058,1,1,36,0,0,0.1165476371372132,0,4447,0.1913099591309959,1,1,0,0,0,0,0,0,0,1,0,0,1,0,3802.333333333333,0,0,0,0,4,1,0,0,0.457982779343093,0,1,0,0,0,0,0,0,0,0,0
2023-06-19,36,39018,549,0,3,16,31545,84,2,2,0,241,0.2133923236982126,6,1,0,2,0,98,28,834,170,18981,10532,3251.5,0.8109503537694444,5,8449,0.2110898005192618,0.2273113233979783,753.2765612603033,0.0740968485780169,0.3056960987733446,1,1.9991631348751409,1,1,25,0,0,0.5548414287219471,0,1004,0.031826539022380015,1,0,0,0,1,0,0,0,0,1,0,1,0,0,3010.5,0,1,0,1,1,0,1,0,0.8084522924728978,0,0,0,0,0,0,0,0,0,0,0
2023-06-20,29,35297,599,0,0,10,92950,120,1,1,2,195,0.0453513279218955,3,0,0,3,0,94,13,3808,54,18254,42770,2941.4166666666665,0.8082689426825458,5,9475,0.198359956937891,0.161545612019148,1565.9992902248305,0.0662720552833555,0.5984873964909221,0,2.632245150935673,1,1,25,0,0,2.3429197480142427,0,3862,0.04154877300943508,1,1,0,0,0,0,0,0,0,1,1,0,0,0,2746.4166666666665,0,1,0,0,2,0,1,0,2.63329367102952,0,1,0,0,0,0,0,0,1,0,1
2023-06-22,18,39195,540,0,3,0,162784,300,2,4,0,421,0.2383679823611417,3,2,0,3,0,95,15,2977,2395,14671,17944,3266.25,0.9170864575914914,7,6629,0.2880000463976784,0.25,3398.328733962318,0.1288545412808937,1.1689735202271996,0,4.207741260037291,1,1,49,0,0,1.223009814612868,0,5372,0.03300058359185429,1,1,0,0,0,0,0,0,0,1,0,1,0,0,2845.25,0,1,1,1,1,0,1,1,4.153076844575977,0,1,0,0,0,0,0,0,1,0,0
2023-06-22,31,42623,584,0,1,9,138268,180,3,1,3,279,0.1915324493029443,1,1,0,3,0,98,22,1626,354,25547,15405,3551.9166666666665,0.7370185124522008,6,10142,0.2259592390855324,0.2042983704461254,2472.417762099905,0.0785270317814002,0.7744110037574495,0,2.7874488964801816,1,1,36,0,0,0.6029826209488023,0,1980,0.014319912634068375,1,1,0,0,0,0,0,0,0,1,0,0,1,0,3272.9166666666665,0,1,0,0,3,0,1,1,3.24390015015015,0,1,0,0,0,0,0,0,0,0,0
2023-06-22,37,70532,579,0,0,15,14205,36,2,1,0,351,0.4906009142373707,3,0,0,0,0,98,6,2567,3215,15334,178844,5877.666666666667,0.7305458459102034,6,6705,0.1798903549223894,0.1710874069816074,507.2160816161348,0.0597074166477659,0.1459882198258337,1,0.4295879870295581,1,1,36,0,0,11.662471470492338,0,5782,0.40701112206110096,1,1,0,0,0,0,0,0,0,1,0,1,0,1,5526.666666666667,0,1,0,1,2,0,0,0,0.20139509165922334,0,1,0,0,0,0,0,0,0,0,0
2023-06-22,28,20825,565,1,4,8,126196,360,2,1,3,133,0.4755289460042024,3,2,1,3,0,99,26,435,418,130751,84463,1735.4166666666667,0.804519869940499,1,46288,0.2954363998642539,0.25,2630.654855520606,0.0765945193645918,1.591585077806175,0,7.766313467791101,0,0,1,0,0,0.64597864659814,0,853,0.006759273199838348,1,0,0,0,0,0,0,0,0,1,0,0,1,0,1602.4166666666667,0,1,0,1,4,1,1,1,6.0595409584173625,0,0,0,1,0,1,0,0,1,0,0
2023-06-23,38,7025,577,2,4,16,8551,60,2,3,1,237,0.2903272467493011,2,2,0,1,0,90,8,1846,102,16518,5208,585.4166666666666,0.632259006637394,1,11310,0.1887634801131762,0.2199640959421426,236.1518612408929,0.4041494955236607,0.8068526836564893,0,3.5189939178190586,0,0,1,0,0,0.3152733216296386,0,1948,0.22778297474275022,1,1,0,0,0,0,0,0,0,1,0,0,0,0,348.41666666666663,1,1,1,1,4,1,1,0,1.2170509536009109,1,2,0,0,0,0,1,0,0,0,0
2023-06-26,40,50110,604,0,0,17,9847,36,2,0,2,158,0.3669745998493057,1,1,0,4,0,92,8,1824,1765,76751,294555,4175.833333333333,0.7486267602599846,2,1611,0.167298755916966,0.1316904626654507,332.586687526899,0.0378277004109971,0.1174542167176646,1,1.7026086551904165,0,0,4,0,0,3.837750156347717,0,3589,0.3644394800974817,1,1,0,0,0,0,0,0,0,1,1,0,0,0,4017.833333333333,0,0,0,0,2,0,0,0,0.1965037616491389,1,1,0,0,0,0,0,0,0,0,0
2023-06-28,37,67139,630,0,0,15,139689,360,1,4,0,397,0.5293533817101451,6,1,0,3,1,94,6,1622,855,15585,29419,5594.916666666667,0.7990961066638144,0,6766,0.2629617952401804,0.25,2911.9270508797263,0.0709445875712945,0.5913109947812648,0,3.62855301780791,0,0,0,1,0,1.8875272680610804,0,2477,0.017732121125348988,1,1,0,0,1,0,0,0,0,1,0,1,0,1,5197.916666666667,0,1,1,0,2,0,1,1,2.080563002680965,0,2,0,0,1,1,0,0,0,0,1
2023-07-01,32,132018,631,0,4,9,18606,48,1,1,0,1592,0.442071065576574,2,0,0,0,0,98,8,1905,863,1130155,48128,11001.5,0.914575561225046,5,1082027,0.1579578232832469,0.1664993675211841,533.5131034315922,0.1446943876391729,0.1931845583668795,1,2.196981974998023,1,1,25,0,0,0.04258527141385791,0,2768,0.14876121889611438,1,1,0,0,0,0,0,0,0,1,0,1,0,1,9409.5,0,1,0,0,4,1,1,0,0.14093425946265312,0,1,0,0,0,0,0,0,0,0,1
2023-07-02,42,46883,632,0,4,21,241757,240,2,3,0,304,0.5084434397641375,2,1,0,3,0,99,17,3621,314,97589,62505,3906.9166666666665,0.986131522016284,3,35084,0.2220989231262013,0.25,5072.58465612801,0.0777908092547179,1.3758186560088734,0,3.3086491500758743,1,0,9,0,0,0.640485705502613,0,3935,0.016276607185698094,1,1,0,0,0,0,0,0,0,1,0,1,0,0,3602.9166666666665,0,1,1,1,4,1,1,1,5.15649262008361,0,1,0,0,0,0,0,0,0,0,0
2023-07-03,45,103947,613,0,3,20,460577,300,2,1,3,841,0.288316834327376,5,1,1,3,0,88,7,3262,352,146196,79328,8662.25,0.8758477936098946,4,66868,0.2517600593753604,0.2343106227380668,9020.447780876657,0.0970767321732606,1.1383081154158838,0,5.69397800005836,1,0,16,0,0,0.5426103134811248,0,3614,0.007846662237449465,1,1,0,0,0,0,0,0,0,1,0,0,1,1,7821.25,0,1,0,1,1,0,1,1,4.430840420210105,0,1,0,1,0,1,0,0,0,0,0
2023-07-07,26,33734,587,0,0,6,17492,60,1,3,2,410,0.2525725363221053,4,5,0,0,0,94,19,235,969,42374,56103,2811.1666666666665,0.6670280497612032,3,3554,0.1839423890199725,0.2029082377011207,466.2660886513681,0.1457950571919635,0.3115982061226936,1,2.0211374523091976,1,0,9,0,0,1.3239646017699116,0,1204,0.06882753101240496,1,1,1,0,0,0,0,0,0,1,1,0,0,0,2401.1666666666665,0,1,1,0,2,0,1,0,0.5185119312286942,0,2,0,0,0,0,1,0,1,0,1
2023-07-07,56,18558,648,2,0,33,18184,36,1,0,0,252,0.1849717786950017,3,1,0,0,0,98,29,290,139,122922,11353,1546.5,0.6055454722699856,6,111569,0.1454520880893552,0.1502583491069259,630.5844120668025,0.162843295638126,0.5703291838880792,1,1.7796316409905004,1,1,36,0,0,0.09235863101291052,0,429,0.023590871597470444,1,0,0,0,0,0,0,0,0,1,0,1,0,0,1294.5,0,0,0,0,2,0,0,0,0.9797941699445013,0,0,0,0,0,0,1,0,0,0,1
2023-07-07,38,60527,543,0,3,13,41730,36,1,3,0,343,0.1097395309967998,2,1,0,4,0,93,3,2500,1122,40478,41959,5043.916666666667,0.829448533427702,6,3680,0.1981597498842184,0.2357703325932925,1627.933849428026,0.0679892300830869,0.3906771864936043,1,2.026079632408976,1,1,36,0,0,1.036562168037748,0,3622,0.08679399007931754,1,1,0,0,0,0,0,0,0,1,0,1,0,0,4700.916666666667,0,1,1,0,1,0,0,0,0.6894329896907216,1,1,0,0,0,0,0,0,0,0,1
2023-07-14,40,26429,592,1,3,17,13782,48,2,1,2,174,0.5168901486854904,3,1,0,0,0,97,9,1123,423,336932,65909,2202.4166666666665,0.8045194181117272,3,271023,0.1773827978069236,0.175287085738164,401.4600541663407,0.0789682689762111,0.261167151393521,1,2.8425417109576934,1,0,9,0,0,0.19561455838401107,0,1546,0.11216716244649205,1,1,0,0,0,0,0,0,0,1,1,0,0,0,2028.4166666666665,0,1,0,1,1,0,1,0,0.5214528944381385,0,1,0,0,0,0,0,0,0,0,0
2023-07-14,48,59153,578,0,3,26,18473,60,1,1,3,656,0.1944118905085483,5,2,0,0,0,98,17,2419,442,20689,77183,4929.416666666667,0.9217026462179564,5,3406,0.1884560299042881,0.2017294471999562,491.20085033055193,0.1330516352573311,0.2326782760748182,1,1.355276254514055,1,1,25,0,0,3.730449492508458,0,2861,0.15486629858179063,1,1,0,0,0,0,0,0,0,1,0,0,1,0,4273.416666666667,0,1,0,0,1,0,1,0,0.3122865740271157,0,1,0,0,0,0,0,0,0,0,1
2023-07-14,42,48126,612,0,1,21,179442,360,1,0,2,543,0.1082806872808222,4,1,0,3,0,95,9,1712,201,58254,7988,4010.5,0.7260640504201823,5,50266,0.2720244032219336,0.25,3740.609596059531,0.1353608375919232,1.0678323809197383,1,3.061165893173132,1,1,25,0,0,0.13712127714359282,0,1913,0.010660766928774039,1,1,0,0,0,0,0,0,0,1,1,0,0,0,3467.5,0,0,0,0,3,0,1,1,3.728509984000665,0,1,0,0,0,0,0,0,0,0,1
2023-07-15,51,73854,560,0,3,26,186805,240,1,2,0,499,0.4418670946320495,6,0,0,3,0,97,21,881,17867,47686,49694,6154.5,0.8786346766550233,7,2591,0.2580344564810438,0.25,3919.5728631973134,0.0810657135894728,0.7178251747538483,0,1.7218136230262386,1,1,49,0,0,1.0420869419338603,0,18748,0.10036080211556374,1,1,0,0,1,0,0,0,0,1,0,1,0,1,5655.5,0,1,0,0,1,0,1,1,2.5293480468485545,0,1,0,0,0,0,0,0,0,0,1
2023-07-17,43,40560,600,0,3,23,18904,24,1,0,0,278,0.4431165535313858,1,2,0,1,0,96,14,882,741,15800,56160,3380.0,0.6826862085762183,3,1753,0.1654617954290812,0.1480016501761357,914.797781538231,0.0822241940254362,0.3527943749003936,0,2.4336130688191857,1,0,9,0,0,3.5542054300360735,0,1623,0.08585030415234066,1,1,0,0,0,0,0,0,0,1,0,1,0,0,3102.0,0,0,0,0,1,0,0,0,0.4660634599738665,1,1,0,0,0,0,1,0,0,0,1
2023-07-17,32,25670,560,0,3,11,169293,180,3,0,0,207,0.1783281793882142,1,1,0,3,1,98,25,4376,3052,160350,10344,2139.1666666666665,0.5159290529433675,3,150006,0.2380098480318614,0.2126321684769933,3132.4516730306805,0.0967214391402538,1.5603699118592076,0,6.554946429639147,1,0,9,0,0,0.06450848451210157,0,7428,0.04387633347903647,1,0,0,0,0,0,0,0,0,1,0,1,0,0,1932.1666666666665,0,0,0,0,1,0,1,1,6.594717774921117,0,0,0,0,1,1,1,0,0,0,0
2023-07-17,44,134887,548,0,4,22,4697,48,2,0,3,1887,0.6281891359820411,2,1,0,4,0,96,1,19842,8302,28144,43715,11240.583333333334,0.6378108839347976,4,7898,0.1991137230413047,0.1875469288821392,139.8335746132218,0.1678589166709908,0.1802978739305603,1,1.2583355144085833,1,0,16,0,0,1.5532066086338603,0,28144,5.990634312473393,1,1,0,0,0,0,0,0,0,1,0,0,1,1,9353.583333333334,0,0,0,0,4,1,1,0,0.03482148152541368,1,1,0,0,0,0,1,0,0,0,0
2023-07-18,26,66214,593,0,4,1,250838,240,2,0,2,519,0.2670224681300947,3,1,0,3,0,91,6,4010,600,11722,18075,3592.9166666666665,0.6760446579066118,7,10912,0.241608141644511,0.25,5263.12367366338,0.1444106939968001,1.6088641473777578,0,3.9379959153700663,1,1,49,0,0,1.541840825727203,0,4610,0.018378322350192752,1,1,0,0,0,0,0,0,0,1,1,0,0,1,3073.9166666666665,0,0,0,0,4,1,1,1,3.788235294117647,0,1,0,0,0,0,1,0,1,0,0
2023-07-20,41,12232,588,2,0,18,24407,84,2,2,0,228,0.3598969016477785,2,3,0,2,0,98,17,1459,394,117374,12235,1019.3333333333334,0.6533037478853351,5,105139,0.1915256665565991,0.1838193505260535,518.4606962083343,0.2234563868016987,0.731585131860504,1,3.002611030315783,1,1,25,0,0,0.10423855165069222,0,1853,0.07591773189118321,1,1,1,0,0,0,0,0,0,1,0,1,0,0,791.3333333333334,1,1,0,1,2,0,1,0,1.9951769802991908,0,3,1,0,0,0,1,0,0,0,0
2023-07-21,39,45064,636,0,0,18,5106,24,1,0,3,185,0.0728271356138914,1,1,0,4,0,96,17,5812,1007,13253,9299,3755.3333333333335,0.9412847172662876,7,3954,0.1471345918566619,0.1281130729657485,242.2962467513888,0.0492501552932824,0.1137535486959061,1,0.9017122678272944,1,1,49,0,0,0.701599517126905,0,6819,1.3352261601723125,1,1,0,0,0,0,0,0,0,1,0,0,1,0,3570.3333333333335,0,0,0,0,2,0,0,0,0.11330300676800177,1,1,0,0,0,0,0,0,0,0,1
2023-07-21,37,162033,581,0,2,15,206572,360,2,0,2,879,0.1083222455958464,1,1,0,3,0,98,21,2757,19671,113151,17203,13502.75,0.5986783229119914,1,95948,0.2875596022849522,0.25,4306.15578001365,0.0650930297139683,0.3839789525142016,1,1.8259339765064693,0,0,1,0,0,0.15203443156108598,0,22428,0.1085717881814177,1,1,0,0,0,0,0,0,0,1,1,0,0,1,12623.75,0,0,0,0,5,1,1,1,1.2748682375303948,0,1,0,0,0,0,1,0,0,0,0
2023-07-22,38,32992,555,0,3,17,25100,36,1,1,0,208,0.5447161192692354,3,4,0,0,0,94,27,1779,1452,171206,49140,2749.333333333333,0.8015939332445088,6,122066,0.1920326657412409,0.1886813355902742,918.3935136278612,0.0756271967034298,0.4095479991375085,1,3.0041837620295664,1,1,36,0,0,0.287020974609683,0,3231,0.12871997131588384,1,0,1,0,0,0,0,0,0,1,0,1,0,0,2541.333333333333,0,1,0,0,1,0,0,0,0.7607674355166247,0,1,0,0,0,0,0,0,0,0,1
2023-07-22,18,24673,559,0,3,0,4502,48,0,1,3,354,0.1521598381977528,2,0,0,1,0,96,29,420,211,20173,2056,2056.083333333333,0.9484213050624768,7,18117,0.1936031247800754,0.1642758179383573,128.57597398408336,0.1720883127405306,0.2345923308814664,1,2.6988938772018107,1,1,49,0,0,0.10191335382175076,0,631,0.14012880302020875,1,0,0,0,0,0,0,0,0,1,0,0,1,0,1702.083333333333,0,1,0,0,1,0,1,0,0.1824592688660128,1,0,0,0,0,0,0,0,1,0,0
2023-07-22,33,104976,598,0,3,9,182043,360,2,1,0,658,0.1086106298622516,4,1,0,3,0,95,5,1818,2864,122494,6736,8748.0,0.764457889014663,6,115758,0.2790280009237705,0.25,3794.8294863825927,0.0752085952680306,0.5089529644968102,1,2.718668244203109,1,1,36,0,0,0.05498999959182008,0,4682,0.025719056931291336,1,1,0,0,0,0,0,0,0,1,0,1,0,1,8090.0,0,1,0,1,1,0,1,1,1.7341227125941874,0,1,0,0,0,0,0,0,0,0,0
2023-07-23,41,36354,600,0,3,21,13613,24,1,1,2,480,0.4842182090736477,3,0,0,1,0,99,17,2741,1560,20632,13623,3029.5,0.8228480547793194,4,7009,0.1653797134885019,0.1578500043329964,665.1372237634412,0.1583897046691965,0.3778707222449897,1,2.890641600037473,1,0,16,0,0,0.6602529927785586,0,4301,0.3159247833112972,1,1,0,0,0,0,0,0,0,1,1,0,0,0,2549.5,0,1,0,0,1,0,0,0,0.374446431027369,1,1,0,0,0,0,0,0,0,0,1
2023-07-24,41,118887,463,0,0,15,227198,240,1,1,3,631,0.0487754157470483,3,0,0,3,0,98,18,15992,704,40617,72546,9907.25,0.8938339659067143,6,1334,0.3065833953911027,0.25,4767.105352494329,0.06368430348447,0.5448091592858809,0,2.042305656512307,1,1,36,0,0,1.786055443399478,0,16696,0.0734862389359108,1,1,0,0,0,0,0,0,0,1,0,0,1,1,9276.25,0,1,0,0,2,0,1,1,1.911025502994415,0,1,0,0,0,0,0,0,0,0,1
2023-07-26,27,93977,583,1,4,3,147300,300,2,1,3,519,0.2034819755040532,0,0,0,3,0,100,19,4040,2957,58927,20555,7831.416666666667,0.9284423249629816,10,38372,0.2664750583478235,0.2206313855017583,2719.753226090485,0.0662630733383693,0.4135062476788328,1,0.7343371051128555,1,1,100,0,0,0.3488155036654901,0,6997,0.047501374736084616,1,1,0,0,0,0,0,0,0,1,0,0,1,1,7312.416666666667,0,1,0,1,4,1,1,1,1.567388112111345,0,1,0,0,0,0,0,0,1,0,0
2023-07-29,55,48561,634,0,1,30,133811,240,2,3,0,436,0.1438791944667627,4,0,0,3,0,96,19,13183,3580,17164,78690,4046.75,0.8620889885599634,3,7626,0.2209510477771883,0.2227200724385629,2513.981999020897,0.1077141621888703,0.7287955034329929,0,2.50244532480945,1,0,9,0,0,4.584328575589863,0,16763,0.12527277075299675,1,1,0,0,0,0,0,0,0,1,0,1,0,0,3610.75,0,1,1,1,3,0,1,1,2.7554672377579177,0,1,0,0,0,0,0,0,0,0,0
2023-07-30,29,15000,602,0,0,7,9708,24,1,0,0,353,0.1005582697921529,4,2,0,4,0,93,23,1105,139,17982,14562,1250.0,0.5239225874809126,4,3420,0.1642952021423425,0.1676527675687247,478.8913127843175,0.2821742605915268,0.6649810653751539,1,2.433926163115383,1,0,16,0,0,0.8097647778457432,0,1244,0.1281285405294057,1,1,0,0,0,0,0,0,0,1,0,1,0,0,897.0,1,0,0,0,2,0,0,0,0.6471568562095861,1,2,0,0,0,0,1,0,1,0,1
2023-07-30,51,52298,642,0,4,29,207730,360,2,3,0,332,0.0364276275148208,3,1,0,3,1,93,18,1255,489,190762,4746,4358.166666666667,0.8896634700572009,2,186016,0.2570609998131146,0.2256262800480823,3910.56397700362,0.0761613458229784,0.9732511512912144,1,4.017645672380198,0,0,4,0,0,0.024879038387947347,0,1744,0.008395472991513062,1,1,0,0,0,0,0,0,0,1,0,1,0,0,4026.166666666667,0,1,1,1,4,1,1,1,3.9719688712977304,0,1,0,0,1,1,0,0,0,0,0
2023-07-31,45,49413,609,0,3,25,101596,240,0,0,3,96,0.3237981766172589,4,1,0,3,0,99,15,869,3027,7012,5315,4117.75,0.9209957366075594,9,1697,0.2333821923215328,0.25,2131.7037799277014,0.0233080424886191,0.5408688995272113,0,2.334010805993085,1,1,81,0,0,0.7578782261514331,0,3896,0.03834758900361231,1,1,0,0,0,0,0,0,0,1,0,0,1,0,4021.75,0,0,0,0,1,0,1,1,2.0560165135386734,0,1,0,0,0,0,0,0,0,0,0
2023-07-31,32,83842,595,0,3,11,30289,180,2,2,2,270,0.3357474139141261,3,0,0,2,0,100,3,12112,1129,42258,12475,6986.833333333333,0.9024821451974409,4,29783,0.2200796432260053,0.2279257179914377,595.4388440268569,0.0386385861139599,0.1238493825973988,0,1.2329462028446578,1,0,16,0,0,0.2952033886272747,0,13241,0.43714097061736545,1,1,0,0,0,0,0,0,0,1,1,0,0,1,6716.833333333333,0,1,0,1,1,0,1,0,0.36125854275252556,0,1,0,0,0,0,0,0,0,0,0
2023-08-03,61,174372,637,0,1,38,46918,36,1,1,3,1170,0.4977735824516302,1,0,0,0,1,92,14,10168,1232,76701,4335,14531.0,0.7550522490864291,3,72366,0.1511890444974168,0.1416878460947168,1607.394922256217,0.0805119735755574,0.1911226893928032,1,2.357886860614917,1,0,9,0,0,0.0565174310969727,0,11400,0.24297193034804662,1,1,0,0,0,0,0,0,0,1,0,0,1,1,13361.0,0,1,0,0,3,0,0,0,0.2690668853549575,0,1,0,0,1,1,0,0,0,0,1
2023-08-04,25,31178,556,0,1,0,19216,72,1,0,1,105,0.2650863069703483,1,1,0,0,0,95,1,3199,1446,99214,24308,2598.1666666666665,0.8197680734503092,9,74906,0.2034658876457331,0.1965035704820352,456.39127540857805,0.0403975633215774,0.2159889485380871,0,2.3682024158375503,1,1,81,0,0,0.2450032757143577,0,4645,0.24171306655565386,1,1,0,0,0,0,0,0,0,1,0,0,0,0,2493.1666666666665,0,0,0,0,3,0,1,0,0.6163122614580326,0,1,0,0,0,0,0,0,1,0,1
2023-08-04,51,74745,582,0,3,31,203606,300,2,2,3,342,0.3000178604731183,7,3,0,3,0,93,17,273,2555,245778,148543,6228.75,0.8493644642874926,2,97235,0.2670559867360517,0.25,4250.541332115758,0.0548978690958706,0.7371951253446379,1,3.059990336553849,0,0,4,0,0,0.6043762892680009,0,2828,0.0138895028167008,1,1,1,0,1,0,0,0,0,1,0,0,1,1,5886.75,0,1,0,1,1,0,1,1,2.7239718513365263,0,2,0,0,0,0,0,0,0,0,0
2023-08-06,52,72515,553,0,0,30,26696,36,2,3,0,515,0.3225165511841708,2,0,0,1,1,100,1,4833,1530,128973,5815,6042.916666666667,0.8450945502833722,3,123158,0.1930480766196312,0.1911644871718063,980.1415800150762,0.0852096460628455,0.2473795822270452,1,3.4617074325486907,1,0,9,0,0,0.0450866066028812,0,6363,0.23834138667265986,1,1,0,0,0,0,0,0,0,1,0,1,0,1,5527.916666666667,0,1,1,1,2,0,0,0,0.3681394450879806,1,1,0,0,1,1,0,0,0,0,0
2023-08-07,31,94364,415,0,1,9,33059,84,2,1,1,195,0.4147621317466773,6,0,0,2,0,98,17,2952,5578,78373,48909,7863.666666666667,0.8218990513922643,8,29464,0.2781015198428437,0.25,836.7773709860556,0.0247944392642197,0.1311914941492823,1,1.7540642745164543,1,1,64,0,0,0.6240462398244315,0,8530,0.25801572897761643,1,1,0,0,1,0,0,0,0,1,0,0,0,1,7668.666666666667,0,1,0,1,3,0,1,0,0.35033116091771316,0,1,0,0,0,0,0,0,0,0,0
2023-08-07,56,88818,586,0,1,36,37688,72,0,1,2,518,0.2517221318405209,4,0,0,0,0,94,4,1150,5637,51773,94772,7401.5,0.8059185921397694,6,2797,0.1886342808884181,0.1578145003278703,812.9938912710192,0.0699763593380614,0.179803295004528,1,1.290505490885828,1,1,36,0,0,1.8304940703828176,0,6787,0.18007906816312452,1,1,0,0,0,0,0,0,0,1,1,0,0,1,6883.5,0,1,0,0,3,0,1,0,0.4243236244497236,0,1,0,0,0,0,0,0,0,0,0
2023-08-07,36,2454,462,2,1,12,108194,120,1,0,0,90,0.4454919839870979,6,1,0,3,1,94,1,839,302,40944,14790,204.5,0.6137303110630984,6,26154,0.2668979226084015,0.25,2461.3372275733777,0.437956204379562,3.0,0,9.974034443244562,1,1,36,0,1,0.3612162657223104,0,1141,0.010545773834280696,1,1,0,0,1,0,0,0,0,1,0,1,0,0,114.5,1,0,0,0,3,0,1,1,44.07087576374745,0,3,1,0,1,1,1,0,0,0,1
2023-08-10,43,49210,591,0,0,22,39314,84,2,4,3,164,0.2701387899129894,2,0,0,2,0,100,20,7652,6804,43671,16782,4100.833333333333,0.8665635603371666,8,26889,0.1901448403511064,0.1709945694530274,805.6745039388502,0.0399821218154483,0.236400269133034,1,1.2375043779823742,1,1,64,0,0,0.38427367649752703,0,14456,0.36769680783416,1,1,0,0,0,0,0,0,0,1,0,0,1,0,3936.833333333333,0,1,1,1,2,0,1,0,0.7988864278311759,0,1,0,0,0,0,0,0,0,0,0
2023-08-11,43,21499,587,0,3,21,12612,48,1,3,3,108,0.1027602945202832,3,1,0,1,0,98,22,10820,2010,46824,6185,1791.5833333333333,0.7638688059616232,3,40639,0.1798606208267718,0.1858110436666542,374.3181365301888,0.0602482450839105,0.2690631601674615,1,2.6901267161962563,1,0,9,0,0,0.13208756006406833,0,12830,1.0172044715769444,1,1,0,0,0,0,0,0,0,1,0,0,1,0,1683.5833333333333,0,1,1,0,1,0,1,0,0.5866046511627907,1,1,0,0,0,0,0,0,0,0,1
2023-08-12,38,39119,570,0,0,16,22040,60,1,1,3,161,0.427406452050162,1,2,0,0,0,96,3,2601,103,90737,5706,3259.9166666666665,0.9431692183504414,5,85031,0.1925001649085721,0.1955776595154196,578.515167968519,0.0493726201732641,0.2267813757793623,1,1.7788128151763467,1,1,25,0,0,0.06288434834358263,0,2704,0.12268045914432195,1,1,0,0,0,0,0,0,0,1,0,0,1,0,3098.9166666666665,0,1,0,0,2,0,1,0,0.5633946830265849,0,1,0,0,0,0,0,0,0,0,1
2023-08-12,49,77521,573,0,3,28,206373,360,3,3,0,692,0.4224324692885781,3,1,0,3,0,95,3,1990,531,37538,26735,6460.083333333333,0.7947946308966424,4,10803,0.2915593613339156,0.25,4302.007468527957,0.1071027820411953,0.7729365511760862,0,1.871791404646857,1,0,16,0,0,0.7121926529742402,0,2521,0.012215686084487387,1,1,0,0,0,0,0,0,0,1,0,1,0,1,5768.083333333333,0,1,1,0,1,0,1,1,2.6621217202858545,0,1,0,0,0,0,0,0,0,0,0
2023-08-14,49,71601,605,0,4,27,189247,180,1,1,3,919,0.2020845131969605,3,1,0,3,0,95,12,1731,144,133757,218601,5966.75,0.756753386835687,4,7069,0.215537703400803,0.2151113861563295,3536.878449423953,0.1539943864940723,0.7466597041471164,1,2.3293558609271194,1,0,16,0,0,1.634302247342215,0,1875,0.009907634426783902,1,1,0,0,0,0,0,0,0,1,0,0,1,1,5047.75,0,1,0,0,4,1,1,1,2.6430406971872293,0,1,0,0,0,0,0,0,0,0,1
2023-08-15,19,78926,574,0,0,0,16707,24,0,2,2,464,0.1481323812189391,2,1,0,1,0,92,11,10792,1095,74082,12510,6577.166666666667,0.7192052615788608,6,61572,0.1784309107314043,0.2001612901998312,850.4478203200052,0.0705363703159441,0.1998197806359429,1,0.835015530685848,1,1,36,0,0,0.16886465180945695,0,11887,0.7114555901364615,1,1,0,0,0,0,0,0,0,1,1,0,0,1,6113.166666666667,0,1,0,0,2,0,0,0,0.21167661256604203,1,1,0,0,0,0,0,0,1,0,0
2023-08-16,55,66569,536,0,0,33,30040,24,1,1,2,349,0.2953487482359146,1,0,0,4,0,94,5,1282,380,20383,41369,5547.416666666667,0.7029926948837413,5,6439,0.197577579598568,0.2094994632705923,1542.886514540949,0.0629008275634189,0.3409777289991347,0,1.0569785659170423,1,1,25,0,0,2.029483908948195,0,1662,0.05532439000033288,1,1,0,0,0,0,0,0,0,1,1,0,0,1,5198.416666666667,0,1,0,0,2,0,0,0,0.4512543187622052,1,1,0,0,0,0,0,0,0,0,1
2023-08-20,20,20725,534,1,1,0,161721,180,0,1,2,131,0.3764136895998346,2,1,0,3,0,95,26,2015,176,61070,8762,1727.0833333333333,0.820504035540304,10,52308,0.2509984085226831,0.2480000079980908,3428.5320554804653,0.0758065293919081,2.059815048742132,0,6.149121260602922,1,1,100,0,0,0.14347235185276153,0,2191,0.013547940292600882,1,0,0,0,0,0,0,0,0,1,1,0,0,0,1596.0833333333333,0,1,0,0,3,0,1,1,7.802808067162019,0,0,0,0,0,0,0,0,1,0,0
2023-08-20,52,15000,633,0,0,29,24664,60,2,0,0,92,0.5861587064972618,3,2,0,0,0,96,13,1199,979,57001,11621,1250.0,0.7050081012652147,6,45380,0.1610282851284169,0.1676060567510774,609.7936293195088,0.0735411670663469,0.5609861145639559,0,1.733985555438691,1,1,36,0,0,0.20387003964773165,0,2178,0.08830326373403609,1,1,0,0,0,0,0,0,0,1,0,1,0,0,1158.0,0,0,0,0,2,0,1,0,1.6441570561962535,0,1,0,0,0,0,0,0,0,0,0
2023-08-20,53,51162,598,0,0,27,122507,360,2,4,3,189,0.537902230900089,5,0,0,3,0,96,12,3206,169,44779,7757,4263.5,0.6108224986611225,2,37022,0.2789289829032392,0.25,2553.7547496375705,0.0443193809356313,0.6431597490063479,0,2.8866447617950666,0,0,4,0,0,0.17322465386333186,0,3375,0.027549221275345284,1,1,0,0,0,0,0,0,0,1,0,0,1,0,4074.5,0,1,1,1,2,0,1,1,2.394445204542345,0,1,0,0,0,0,1,0,0,0,0
2023-08-21,26,46796,590,0,4,3,13482,48,0,3,1,145,0.1698644893876002,3,2,0,0,0,99,2,509,1022,88384,10564,3899.6666666666665,0.9018816087935496,7,77820,0.1783772962279085,0.1920875075607581,404.6000104321106,0.0371731327978123,0.1408989942998061,1,2.025618501486366,1,1,49,0,0,0.1195225434180008,0,1531,0.11355039679596529,1,1,0,0,0,0,0,0,0,1,0,0,0,0,3754.6666666666665,0,1,1,0,4,1,1,0,0.28809539073017504,0,1,0,0,0,0,0,0,1,0,0
2023-08-21,35,29383,593,0,4,11,12683,48,0,3,0,106,0.3615436894786631,2,2,0,0,0,94,20,1073,638,11775,24741,2448.583333333333,0.9579424418452144,6,9246,0.1768620241589145,0.1716096955541451,367.0255955582847,0.0432726654192889,0.1931045125599393,1,2.4739756461017555,1,1,36,0,0,2.100968070652174,0,1711,0.13489435509303058,1,1,0,0,0,0,0,0,0,1,0,1,0,0,2342.583333333333,0,1,1,0,4,1,1,0,0.43162945820854887,0,1,0,0,0,0,0,0,0,0,0
2023-08-22,26,17178,485,1,1,6,4714,12,1,1,0,364,0.7039100362191849,1,0,0,4,0,100,1,208,303,41085,4039,1431.5,0.8227574634594108,6,37046,0.2186146260487668,0.208134603507501,438.51640746239786,0.2541012216404886,0.5602208778097019,1,3.458385536288009,1,1,36,0,0,0.09830599230881565,0,511,0.10837751855779428,1,1,0,1,0,0,0,0,0,1,0,1,0,0,1067.5,0,1,0,0,3,0,0,0,0.27440479655393213,1,2,0,0,0,0,0,0,1,0,1
2023-08-23,37,25881,575,1,3,14,228164,240,1,0,3,129,0.1050968775609975,2,1,0,3,0,96,26,750,566,52529,19297,2156.75,0.7935961735207708,6,33232,0.2505844560826035,0.2401166923716279,4605.145577473273,0.0597844977407021,2.1940195006248517,0,5.738725585796784,1,1,36,0,0,0.3673519893394251,0,1316,0.005767755790765455,1,0,0,0,0,0,0,0,0,1,0,0,1,0,2027.75,0,0,0,0,1,0,1,1,8.815547484738428,0,0,0,0,0,0,0,0,0,0,1
2023-08-24,36,38991,537,0,1,16,6424,36,1,2,3,63,0.3064879440093746,6,1,0,1,0,97,28,5091,80,36184,2658,3249.25,0.6309982383375371,7,33526,0.2006919879774408,0.2112539913090607,242.4384368533475,0.019383124375048,0.0939738287372809,1,1.6256744256463245,1,1,49,0,0,0.07345585187232279,0,5171,0.8048249027237354,1,0,0,0,1,0,0,0,0,1,0,0,1,0,3186.25,0,1,0,0,3,0,0,0,0.1647517439474764,1,0,0,0,0,0,1,0,0,0,1
2023-08-24,49,99528,621,1,1,29,25017,36,2,3,0,524,0.2057343799446952,4,1,0,0,0,100,9,17790,850,77800,13619,8294.0,0.5592731109751021,1,64181,0.1590318377111937,0.1494272668697651,866.5210361804754,0.063170584689572,0.1676336390814316,1,0.6680082420608514,0,0,1,0,0,0.17504916389249495,0,18640,0.7450635542409465,1,1,0,0,0,0,0,0,0,1,0,1,0,1,7770.0,0,1,1,1,3,0,0,0,0.2513538767595374,0,1,0,0,0,0,1,0,0,0,0
2023-08-24,55,57516,567,0,3,34,33886,60,2,4,3,183,0.2148317898346278,0,0,0,1,0,98,3,3717,5166,40624,6366,4793.0,0.7735939505942837,5,34258,0.1941076966847487,0.1754698255783808,852.1526374863466,0.0381727158948685,0.2159267078611486,0,0.7131809853535644,1,1,25,0,0,0.15670153846153845,0,8883,0.2621359223300971,1,1,0,0,0,0,0,0,0,1,0,0,1,0,4610.0,0,1,1,1,1,0,1,0,0.5891475563746371,1,1,0,0,0,0,0,0,0,0,0
2023-08-25,56,109804,622,1,3,31,43176,60,2,0,0,799,0.5129092626752926,5,3,0,2,0,99,24,3239,636,41082,90086,9150.333333333334,0.9559506454021144,3,3945,0.1666682658062614,0.1552220472286576,1039.0269698874492,0.0873096816493042,0.2008479970008868,1,1.8288366924034896,1,0,9,0,0,2.192780468807049,0,3875,0.08974685596498136,1,0,1,0,0,0,0,0,0,1,0,1,0,1,8351.333333333334,0,0,0,0,1,0,1,0,0.3932061381540003,0,1,0,0,0,0,0,0,0,0,0
2023-08-26,33,29754,514,0,4,9,119359,240,1,2,2,205,0.4943349028393768,3,0,0,3,0,95,20,7600,3024,54783,26521,2479.5,0.8519345814901274,3,28262,0.2809224748538594,0.2353734522545216,2363.4931784456726,0.0826446280991735,1.0354739683312528,0,4.308929010298,1,0,9,0,0,0.48410119742990654,0,10624,0.08900804289544235,1,1,0,0,0,0,0,0,0,1,1,0,0,0,2274.5,0,1,0,0,4,1,1,1,4.011393043186019,0,1,0,0,0,0,0,0,0,0,1
2023-08-26,37,76718,544,0,3,14,7646,24,2,2,1,557,0.3563463797688951,4,0,0,4,0,96,6,2233,360,24663,17986,6393.166666666667,0.9508311054014864,6,6677,0.193235517173261,0.1815980501691282,382.3103249880471,0.0871106477257917,0.1469011325408127,1,0.9717472786229416,1,1,36,0,0,0.7292409990269219,0,2593,0.339087223747875,1,1,0,0,0,0,0,0,0,1,0,0,0,1,5836.166666666667,0,1,0,1,1,0,0,0,0.0996624043587638,1,1,0,0,0,0,0,0,0,0,0
2023-08-26,19,45390,598,0,1,0,136403,360,2,0,2,314,0.1850486709298357,5,2,0,3,1,99,26,760,189,17748,5521,3782.5,0.9911364390120546,8,12227,0.2789558440873687,0.25,2843.4277968998795,0.0829919386811153,0.8345256500330064,0,4.274213549964596,1,1,64,0,0,0.31105977801566287,0,949,0.006957273980235184,1,0,0,0,0,0,0,0,0,1,1,0,0,0,3468.5,0,0,0,0,3,0,1,1,3.005067083783129,0,0,0,0,1,1,0,0,1,0,0
2023-08-28,30,75911,568,0,0,8,32908,60,0,1,2,445,0.3042890632861617,0,1,0,2,0,99,11,7950,562,408248,21149,6325.916666666667,0.9614486099137098,4,387099,0.1936003753638936,0.2027571356643624,876.9168603403083,0.0703344177653675,0.2089353993399061,1,1.3415071344178389,1,0,16,0,0,0.05180416853439935,0,8512,0.2586526482117354,1,1,0,0,0,0,0,0,0,1,1,0,0,1,5880.916666666667,0,1,0,0,2,0,1,0,0.4335019496258826,0,1,0,0,0,0,0,0,0,0,0
2023-08-28,51,40203,575,0,0,28,10776,24,2,0,0,137,0.5064643359482564,5,1,0,1,0,97,20,3316,2387,36464,16538,3350.25,0.811722633954087,8,19926,0.1778212923781492,0.170131781204262,532.8580744207942,0.0408802685565087,0.1998830509275029,1,1.8935857254307,1,1,64,0,0,0.45353078294254767,0,5703,0.5291825183260648,1,1,0,0,0,0,0,0,0,1,0,1,0,0,3213.25,0,0,0,0,2,0,0,0,0.2680330315391503,1,1,0,0,0,0,0,0,0,0,0
2023-08-29,59,80636,607,0,3,36,226467,360,1,2,2,548,0.3469580926151168,2,1,0,3,0,99,20,2446,896,52153,27885,6719.666666666667,0.5336115681200897,6,24268,0.2745825897333927,0.25,4720.882699651218,0.0815395298085507,0.7839821495364375,0,2.187458725075089,1,1,36,0,0,0.5346665644054147,0,3342,0.014757051768903334,1,1,0,0,0,0,0,0,0,1,1,0,0,1,6171.666666666667,0,1,0,0,1,0,1,1,2.8084750176717885,0,1,0,0,0,0,1,0,0,0,1
2023-08-29,25,61922,559,0,4,6,54452,84,0,3,2,727,0.2425178899080585,2,1,0,2,0,94,11,3572,1679,189809,17531,5160.166666666667,0.937057866016645,4,172278,0.2062262733058155,0.1559560289568548,1069.0251551015829,0.1408596247618432,0.3479882110184873,1,2.0431539043060507,1,0,16,0,0,0.09236078183446604,0,5251,0.09643178520926303,1,1,0,0,0,0,0,0,0,1,1,0,0,0,4433.166666666667,0,1,1,0,4,1,1,0,0.8793501606834294,0,1,0,0,0,0,0,0,1,0,0
2023-08-30,32,30218,539,0,0,11,8737,36,2,3,2,528,0.2471681254857494,4,0,0,1,1,98,15,2454,624,81181,10074,2518.1666666666665,0.8812215980834679,4,71107,0.1997688591523778,0.1964394936297863,323.1153571940049,0.2095931194177969,0.3378559142020529,1,3.343994245569433,1,0,16,0,0,0.12409154738735187,0,3078,0.3522545204852369,1,1,0,0,0,0,0,0,0,1,1,0,0,0,1990.1666666666665,0,1,1,1,2,0,0,0,0.2891227373506734,1,1,0,0,1,1,0,0,0,0,0
2023-08-31,39,47566,552,0,1,17,27758,24,2,2,2,298,0.0324694529153927,0,0,0,4,0,99,6,3043,864,28785,21484,3963.8333333333335,0.796292879993722,9,7301,0.1895578288477293,0.1855544038604772,1393.254273866244,0.075160788599773,0.4265637749883335,1,2.243238117002998,1,1,81,0,0,0.7463350239699854,0,3907,0.14074714507006736,1,1,0,0,0,0,0,0,0,1,1,0,0,0,3665.8333333333335,0,1,0,1,3,0,0,0,0.5835558265183846,1,1,0,0,0,0,0,0,0,0,0
2023-08-31,43,49866,530,1,1,19,13989,24,1,1,3,330,0.4569624705221092,4,0,1,1,0,96,8,4118,3423,9569,5030,4155.5,0.8951358475953368,7,4539,0.2003865245169148,0.2141491348222746,721.6879706490994,0.0793937206784554,0.2530224878260795,1,4.240056865593124,1,1,49,0,0,0.5256008359456635,0,7541,0.5390278770550393,1,1,0,0,0,0,0,0,0,1,0,0,1,0,3825.5,0,1,0,0,3,0,0,0,0.28052619969117853,1,1,0,1,0,1,0,0,0,0,1
2023-08-31,30,54541,595,0,1,12,143131,180,1,2,3,494,0.3298989969465223,2,2,0,3,0,97,9,1716,2265,13258,1368,4545.083333333333,0.6616922997909295,8,11890,0.2204678806400979,0.2410068534039509,2957.120586107248,0.1086649680127582,0.7591415143674404,0,3.0959482629167843,1,1,64,0,0,0.10317520174975488,0,3981,0.027813486851298103,1,1,0,0,0,0,0,0,0,1,0,0,1,0,4051.083333333333,0,1,0,0,3,0,1,1,2.624234534853874,0,1,0,0,0,0,1,0,0,0,1
2023-08-31,45,35555,656,1,2,23,8389,24,1,3,3,529,0.1269275645655907,1,1,0,1,0,90,18,3140,217,22225,8570,2962.9166666666665,0.7751527829707263,5,13655,0.1372586989498653,0.1110689778843652,391.4096299345036,0.1784800517333483,0.3105382955890022,1,0.8986320770703943,1,1,25,0,0,0.38558445064339064,0,3357,0.400119189511323,1,1,0,0,0,0,0,0,1,0,0,0,1,0,2433.9166666666665,0,1,1,0,5,1,0,0,0.23593767577905275,1,1,0,0,0,0,0,0,0,0,1
2023-09-01,34,43354,574,0,1,11,15909,48,1,2,3,240,0.1358695410206756,3,2,0,1,1,100,6,2302,631,36843,5271,3612.8333333333335,0.7901512608049605,2,31572,0.1864186757803329,0.2338843784377401,513.298565968138,0.0664114744269704,0.208448618540277,0,3.629272519618772,0,0,4,0,0,0.1430626424926718,0,2933,0.1843494657448146,1,1,0,0,0,0,0,0,0,1,0,0,1,0,3372.8333333333335,0,1,0,0,3,0,1,0,0.36694729558297773,1,1,0,0,1,1,0,0,0,0,1
2023-09-03,39,52499,513,0,0,15,9967,24,0,1,3,524,0.2546519736354232,6,1,0,1,0,98,17,1709,5762,106909,70115,4374.916666666667,0.7995021657553598,6,36794,0.2088017838102568,0.2052345147910282,509.83081599216126,0.1197463388623336,0.2362546855307637,0,1.6541376088082909,1,1,36,0,0,0.6558320082312226,0,7471,0.7494983948635634,1,1,0,0,1,0,0,0,0,1,0,0,1,0,3850.916666666667,0,1,0,0,2,0,0,0,0.18984761904761904,1,1,0,0,0,0,0,0,0,0,0
2023-09-04,46,62547,651,0,2,22,18108,36,2,4,0,292,0.1879440264564135,5,3,0,1,0,98,23,2552,1653,24006,78400,5212.25,0.6012707502922828,5,3192,0.1439510410828103,0.1384008575485759,617.4830230097131,0.0560111254975303,0.1744560539029805,1,0.8327112144459188,1,1,25,0,0,3.265714166701379,0,4205,0.23220498094869954,1,1,1,0,0,0,0,0,1,0,0,1,0,0,4920.25,0,1,1,1,5,1,0,0,0.2895056596533862,1,2,0,0,0,0,1,0,0,0,0
2023-09-04,40,118337,602,0,1,16,207497,360,1,3,3,985,0.3178144032411053,3,0,0,3,0,97,26,5600,503,23554,44784,9861.416666666666,0.4670695533973426,4,3413,0.2770607192450131,0.2440246854366414,4222.539361275729,0.0998741011753373,0.5280185919214252,0,2.2498993785865644,1,0,16,0,0,1.9012523880280194,0,6103,0.029412331685124676,1,0,0,0,0,0,0,0,0,1,0,0,1,1,8876.416666666666,0,1,1,0,3,0,1,1,1.7534266254288564,0,0,0,0,0,0,1,0,0,0,1
2023-09-06,34,66362,605,0,3,13,145622,360,2,3,2,761,0.4147837944475621,1,3,0,3,0,98,16,816,302,179527,19389,5530.166666666667,0.7382782903086054,7,160138,0.2754721940923255,0.25,3035.605101355207,0.1375839937324856,0.6864022240073294,0,2.542106717918212,1,1,49,0,0,0.10799986631611783,0,1118,0.007677358659003042,1,1,1,0,0,0,0,0,0,1,1,0,0,1,4769.166666666667,0,1,1,1,1,0,1,1,2.1943251510630923,0,2,0,0,0,0,0,0,0,0,0
2023-09-06,38,39826,538,0,3,19,24842,180,1,4,0,147,0.2811205853174403,2,0,0,2,0,98,19,1099,1862,347156,7980,3318.833333333333,0.7332970142001842,7,339176,0.2485300828254254,0.230447937655765,493.1337041411523,0.0442793312917315,0.1928210364399273,1,2.197067036668845,1,1,49,0,0,0.02298671782507626,0,2961,0.11918850380388842,1,1,0,0,0,0,0,0,0,1,0,1,0,0,3171.833333333333,0,1,1,0,1,0,1,0,0.6237477088407362,0,1,0,0,0,0,0,0,0,0,1
2023-09-07,38,59211,595,0,4,16,14459,12,2,1,0,321,0.0907774995843898,2,0,0,4,0,100,25,3297,2294,95566,21208,4934.25,0.8719854055270696,5,74358,0.1638947853739281,0.1908412540477395,1333.072553786254,0.0650422977559394,0.3351547649635285,1,1.94067910409294,1,1,25,0,0,0.22191760754235249,0,5591,0.38665283540802214,1,0,0,0,0,0,0,0,0,1,0,1,0,0,4613.25,0,1,0,1,4,1,0,0,0.24419036681753697,1,0,0,0,0,0,0,0,0,0,0
2023-09-13,35,46525,587,0,0,10,20225,60,1,3,2,529,0.0493692838821215,3,3,0,0,0,100,22,628,355,51002,8326,3877.0833333333335,0.7876652320187028,3,42676,0.1839786810461155,0.1796093297245583,513.1523370190147,0.1364075896598405,0.2687287114388159,1,1.665201280574575,1,0,9,0,0,0.16324529929611983,0,983,0.04860081083753585,1,1,1,0,0,0,0,0,0,1,1,0,0,0,3348.0833333333335,0,1,1,0,2,0,1,0,0.43470317671839404,0,2,0,0,0,0,0,0,0,0,1
2023-09-13,36,60230,625,0,1,11,7953,36,0,2,1,578,0.4594208622384488,3,1,0,4,0,100,16,1691,2442,50146,9962,5019.166666666667,0.9584816391282376,3,40184,0.1567453575564419,0.1539489040323721,277.2337874552832,0.1151356196673417,0.1703596402752796,0,0.9321066305008846,1,0,9,0,0,0.19865595150258242,0,4133,0.5196127734473222,1,1,0,0,0,0,0,0,0,1,0,0,0,0,4441.166666666667,0,1,0,0,3,0,0,0,0.13204163968720425,1,1,0,0,0,0,0,0,0,0,0
2023-09-13,59,19972,542,0,0,35,6116,24,2,0,0,270,0.205935275217865,2,1,0,4,0,100,13,11315,1898,22355,9804,1664.3333333333333,0.778796073821141,8,12551,0.1941797067648106,0.2341867615285222,321.58783353946467,0.1621297037630104,0.3552368896353871,1,3.420908475179659,1,1,64,0,0,0.43853998926462695,0,13213,2.1600457740722576,1,1,0,0,0,0,0,0,0,1,0,1,0,0,1394.3333333333333,0,0,0,0,2,0,0,0,0.30621338807389975,1,1,0,0,0,0,0,0,0,0,0
2023-09-15,46,37259,633,0,3,23,14889,12,2,2,2,402,0.3443321709961658,2,0,0,4,0,95,29,628,3073,158522,50238,3104.9166666666665,0.826172052459711,10,108284,0.1449021112814195,0.1438489421998617,1339.5382823915463,0.1294303882375037,0.5607163582597343,1,2.2220865565424432,1,1,100,0,0,0.31691300316042464,0,3701,0.248556077904634,1,0,0,0,0,0,0,0,0,1,1,0,0,0,2702.9166666666665,0,1,0,1,1,0,0,0,0.399597423510467,1,0,0,0,0,0,0,0,0,0,0
2023-09-16,36,21945,641,0,1,13,5118,36,1,1,1,136,0.4813246570910437,7,1,0,4,0,96,12,780,2095,62970,16102,1828.75,0.9493102142365768,2,46868,0.1486351785966144,0.1347793176403176,173.62617641584973,0.0743270938652821,0.1692177491000681,0,2.832132288043933,0,0,4,0,0,0.255705007066745,0,2875,0.5616331314709905,1,1,0,0,1,0,0,0,0,1,0,0,0,0,1692.75,0,1,0,0,3,0,0,0,0.23320878520003646,1,1,0,0,0,0,0,0,0,0,1
2023-09-17,48,113761,607,0,3,27,12264,24,2,0,3,2412,0.3223393586509502,3,0,0,1,0,98,9,2579,3806,22506,1621,9480.083333333334,0.9225836361894862,3,20885,0.1618536262391731,0.1606045647345679,600.8379136388683,0.2544013078674202,0.3177735927123871,1,1.257426114620074,1,0,9,0,0,0.07202203758830586,0,6385,0.5205870362821036,1,1,0,0,0,0,0,0,0,1,0,0,1,1,7068.083333333334,0,0,0,0,1,0,0,0,0.10780401188446054,1,1,0,0,0,0,0,0,0,0,0
2023-09-18,35,40962,572,0,0,13,6361,36,1,5,1,309,0.3794777670961053,3,2,0,1,0,98,6,1902,658,32652,9254,3413.5,0.3352092831504804,4,23398,0.1831895245180773,0.1936048718771326,234.32993397922812,0.0904964123590569,0.1591243034058363,1,1.0654093643343017,1,0,16,0,0,0.2834042813830276,0,2560,0.4023891857906319,1,1,0,0,0,0,0,0,0,1,0,0,0,0,3104.5,0,1,1,0,2,0,0,0,0.15528647804115908,1,1,0,0,0,0,1,0,0,0,1
2023-09-18,54,48744,558,0,1,28,12572,24,1,0,2,74,0.2943885652322474,6,0,0,1,0,98,4,1126,625,156107,19085,4062.0,0.4796409524384544,3,137022,0.1863598267341483,0.1848870627343823,630.6184791696414,0.0182131429977848,0.1734232043243025,1,1.0946369790387558,1,0,9,0,0,0.12225510543982371,0,1751,0.1392666825737692,1,1,0,0,1,0,0,0,0,1,1,0,0,0,3988.0,0,0,0,0,3,0,0,0,0.25791363216740176,1,1,0,0,0,0,1,0,0,0,1
2023-09-20,44,102425,622,0,0,23,140044,360,0,4,2,628,0.0522581008082014,2,2,0,3,0,94,6,4191,1932,26400,24753,8535.416666666666,0.8226861493087982,3,1647,0.266962429769629,0.25,2919.327305037621,0.0735671681130841,0.4155522678373191,0,1.610314911538994,1,0,9,0,0,0.9375781220408318,0,6123,0.04372166089471241,1,1,0,0,0,0,0,0,0,1,1,0,0,1,7907.416666666666,0,1,1,0,2,0,1,1,1.3672700290941753,0,1,0,0,0,0,0,0,0,0,0
2023-09-21,38,71966,531,0,1,12,165365,300,1,0,0,402,0.5264668138648666,5,0,0,3,1,95,17,1830,575,30606,4713,5997.166666666667,0.7025877013247384,1,25893,0.2925039791195419,0.25,3452.2104819372835,0.0670204784795354,0.6425647528862625,0,4.153213833623939,0,0,1,0,0,0.153984382657562,0,2405,0.014543497454132047,1,1,0,0,0,0,0,0,0,1,0,1,0,1,5595.166666666667,0,0,0,0,3,0,1,1,2.297789264524018,0,1,0,0,1,1,0,0,0,0,1
2023-09-25,45,24567,580,0,4,23,134732,360,1,1,2,258,0.2730249431358205,3,1,0,3,0,95,26,3682,329,814632,41152,2047.25,0.818801797361691,3,773480,0.2879527625803144,0.25,2808.5944878918685,0.1259611863786159,1.4971778288255186,1,5.026408512374644,1,0,9,0,0,0.05051599922910071,0,4011,0.02976998953485783,1,0,0,0,0,0,0,0,0,1,1,0,0,0,1789.25,0,1,0,0,4,1,1,1,5.484044285249104,0,0,0,0,0,0,0,0,0,0,1
2023-09-26,21,43380,574,0,1,0,150670,240,2,1,2,244,0.1221172035551819,4,3,0,3,0,98,24,2456,2981,25941,59557,3615.0,0.7519239206088947,4,2751,0.2509807134826986,0.25,3161.382421765687,0.0674778761061946,0.9417539883201568,0,3.953083949103267,1,0,16,0,0,2.2957751908102693,0,5437,0.036085245335864234,1,0,1,0,0,0,0,0,0,1,1,0,0,0,3371.0,0,1,0,1,3,0,1,1,3.473179502547198,0,1,0,0,0,0,0,0,1,0,0
2023-09-26,26,31483,580,0,3,6,120518,240,1,2,0,385,0.1426525750415897,4,3,0,3,0,96,10,602,120,80478,33053,2623.583333333333,0.8932713068719085,5,47425,0.2479248906739579,0.2122049273565341,2163.424651580524,0.146689950785839,0.970982562913678,1,3.327165149097751,1,1,25,0,0,0.41070341331278964,0,722,0.0059907566441805855,1,1,1,0,0,0,0,0,0,1,0,1,0,0,2238.583333333333,0,1,0,0,1,0,1,1,3.82791259052217,0,2,0,0,0,0,0,0,1,0,1
2023-09-27,25,15000,545,0,3,1,13245,12,1,0,2,213,0.1132460378182398,1,1,0,4,0,96,8,2073,70,41833,22875,1250.0,0.9230534528987973,5,18958,0.1888728627247612,0.1965291224455477,1224.7448995607535,0.1702637889688249,1.149276498449843,0,3.8855475298475,1,1,25,0,0,0.5468040349954583,0,2143,0.16178468971765061,1,1,0,0,0,0,0,0,0,1,1,0,0,0,1037.0,0,0,0,0,1,0,0,0,0.8829411372575162,1,1,0,0,0,0,0,0,1,0,1
2023-09-28,41,31986,516,0,1,20,10361,48,3,5,1,137,0.1949462694703376,0,0,0,1,0,96,3,640,1409,753693,37388,2665.5,0.8546494892354474,3,716305,0.2153114751368437,0.1907424739004466,310.2012090898926,0.0513782111381961,0.1677109353421686,1,2.838334094977304,1,0,9,0,0,0.04960633891207838,0,2049,0.1977417486971627,1,1,0,0,0,0,0,0,0,1,0,0,0,0,2528.5,0,1,1,0,3,0,1,0,0.32391283959108386,1,1,0,0,0,0,0,0,0,0,0
2023-09-28,60,54231,675,0,4,40,17820,48,3,2,3,357,0.1371849998302646,6,2,0,0,0,98,15,592,733,201515,32103,4519.25,0.4954366618600714,5,169412,0.1359470332040432,0.151492703332859,497.2933504157658,0.0789779326364692,0.1889925005067785,1,0.3020517280028429,1,1,25,0,0,0.15930744953254333,0,1325,0.07435048538241401,1,1,0,0,1,0,0,0,1,0,0,0,1,0,4162.25,0,1,0,0,4,1,1,0,0.32858828735801743,0,1,0,0,0,0,1,0,0,0,0
2023-09-28,66,101699,644,0,4,43,7147,24,0,3,0,281,0.2821077994332439,3,1,0,1,0,100,21,3057,164,79764,8312,4895.916666666667,0.679889349504468,6,71452,0.1432186469690698,0.1442195845508148,344.57447242303385,0.057383047155523,0.1277486457307558,1,0.0,1,1,36,0,0,0.10420610543471448,0,3221,0.45061555679910464,1,1,0,0,0,0,0,0,0,1,0,1,0,1,4614.916666666667,0,1,1,0,4,1,0,0,0.07027531956735497,1,1,0,0,0,0,1,0,0,1,0
2023-09-28,47,22314,586,0,4,22,24371,36,1,0,3,176,0.1717310260067198,1,2,0,0,0,94,21,7843,402,24585,57894,1859.5,0.7380441815244809,6,3761,0.1765252975528421,0.1448248589897834,838.6654885324317,0.0945982262832571,0.545372474352288,0,2.914702747395804,1,1,36,0,0,2.3547547384690475,0,8245,0.3382980469391105,1,1,0,0,0,0,0,0,0,1,0,0,1,0,1683.5,0,0,0,0,4,1,0,0,1.0921353349764733,0,1,0,0,0,0,0,0,0,0,1
2023-09-30,46,107778,614,0,0,25,163621,360,1,1,0,515,0.189031368596537,1,0,0,3,1,99,19,904,1687,24284,65555,8981.5,0.55365216381612,4,8456,0.2710013285421094,0.25,3410.8084100537026,0.0573337044252713,0.4370507553636184,0,2.65293267868894,1,0,16,0,0,2.6994029236154002,0,2591,0.015835278874478984,1,1,0,0,0,0,0,0,0,1,0,1,0,1,8466.5,0,1,0,0,2,0,1,1,1.5181157739448317,0,1,0,0,1,1,1,0,0,0,1
2023-10-01,18,33135,582,0,0,0,15940,24,0,4,3,242,0.2730326589652347,3,1,0,1,0,94,27,456,413,319024,3807,2761.25,0.666866738973105,10,315217,0.1744191624214084,0.218254641616234,825.5645462153391,0.0876097384378676,0.3864836804110196,1,1.9586192546285988,1,1,100,0,0,0.011933234072564846,0,869,0.0545135185998369,1,0,0,0,0,0,0,0,0,1,0,0,1,0,2519.25,0,1,1,0,2,0,0,0,0.48104780299372285,1,0,0,0,0,0,1,0,1,0,0
2023-10-01,33,6379,573,2,0,11,15418,36,1,0,0,140,0.4851229098354744,5,2,0,0,0,98,11,1897,653,14650,4944,531.5833333333334,0.846373782681682,7,9706,0.1829108389485428,0.2068891846889265,578.4145205316306,0.2628696604600219,1.3489241505835654,0,4.616971930075786,1,1,49,0,0,0.33745136850726914,0,2550,0.16538037486218302,1,1,0,0,0,0,0,0,0,1,0,1,0,0,391.58333333333337,1,0,0,0,2,0,0,0,2.416614420062696,0,2,0,0,0,0,0,0,0,0,1
2023-10-04,30,40955,502,0,3,8,28337,24,1,0,3,268,0.2177537931915158,4,0,0,1,0,93,6,1124,207,101105,27673,3412.9166666666665,0.9299607802405112,5,73432,0.214562989734781,0.2177334185617173,1466.9014262772605,0.0785022090951253,0.5081850541979428,1,2.6593463585317254,1,1,25,0,0,0.27370284651751625,0,1331,0.04696873456136636,1,1,0,0,0,0,0,0,0,1,0,0,1,0,3144.9166666666665,0,0,0,0,1,0,0,0,0.6918888563336263,1,1,0,0,0,0,0,0,0,0,1
2023-10-06,32,26905,585,0,3,8,264243,360,2,1,3,529,0.0546417274295396,3,2,0,3,0,100,27,2589,523,100304,29810,2242.083333333333,0.9737053754227816,6,70494,0.2856211570494258,0.25,5508.353125196769,0.2358360887171675,2.691542055294469,0,7.24551888132204,1,1,36,0,0,0.2971935596430886,0,3112,0.01177699399040281,1,0,0,0,0,0,0,0,0,1,0,0,1,0,1713.083333333333,0,1,0,1,1,0,1,1,9.820969300527763,0,0,0,0,0,0,0,0,0,0,0
2023-10-06,37,79066,613,0,4,13,33299,180,0,4,2,466,0.1997044233466746,2,1,0,2,0,96,9,1785,1229,527777,54006,6588.833333333333,0.8515656322408033,3,473771,0.2111033281689921,0.2256487517742427,648.8457890193732,0.0707149902627785,0.1691766290021558,1,0.8420464147468675,1,0,9,0,0,0.10232711480963587,0,3014,0.09051051051051051,1,1,0,0,0,0,0,0,0,1,1,0,0,1,6122.833333333333,0,1,1,0,4,1,1,0,0.42114915198502534,0,1,0,0,0,0,0,0,0,0,0
2023-10-06,34,31565,551,0,3,12,13684,36,1,1,2,84,0.5034516336749435,1,4,0,1,0,97,11,1898,629,13011,55526,2630.4166666666665,0.8861036415724495,2,9803,0.1938810139053687,0.2006281179971075,508.9845272431076,0.0319219685213921,0.2253480168134177,1,1.328212853562893,0,0,4,0,0,4.267291730710114,0,2527,0.1846547314578005,1,1,1,0,0,0,0,0,0,1,1,0,0,0,2546.4166666666665,0,1,0,0,1,0,0,0,0.43350440347209024,1,2,0,0,0,0,0,0,0,0,1
2023-10-07,18,20574,582,0,3,0,147059,240,1,1,3,268,0.4434972382747275,3,3,0,3,0,97,28,6145,69,99609,37113,1714.5,0.6694672969079339,4,62496,0.2469746489864375,0.2414708307733359,2984.223676971832,0.1562226756047799,1.8957876286632656,0,4.802996067403652,1,0,16,0,0,0.3725830739885554,0,6214,0.04225486196110431,1,0,1,0,0,0,0,0,0,1,0,0,1,0,1446.5,0,1,0,0,1,0,1,1,7.147460510328068,0,1,0,0,0,0,1,0,1,0,1
2023-10-08,48,66939,609,0,3,25,9588,12,0,2,0,782,0.460892257319828,7,1,0,4,0,100,3,1057,762,104313,20699,5578.25,0.7902023201238625,3,83614,0.1567920929717884,0.1338937995407893,858.1265922679926,0.1401622081821033,0.2939690087857673,1,1.3716439791433923,1,0,9,0,0,0.19842974097436586,0,1819,0.18969652727083117,1,1,0,0,1,0,0,0,0,1,0,1,0,1,4796.25,0,1,0,0,1,0,0,0,0.14323274574245592,1,1,0,0,0,0,0,0,0,0,0
2023-10-10,27,139204,587,0,4,5,292672,180,1,4,3,365,0.3740695262508961,2,0,0,3,0,95,9,20224,2726,97966,8508,11600.333333333334,0.7298776327665434,4,89458,0.2246467028059515,0.2256158151637672,5702.111582871751,0.0314619009309274,0.5229667494717634,0,3.1527026735331694,1,0,16,0,0,0.0868455704471914,0,22950,0.07841515958082912,1,1,0,0,0,0,0,0,0,1,0,0,1,1,11235.333333333334,0,1,1,0,4,1,1,1,2.1024532164792933,0,1,0,0,0,0,0,0,1,0,1
2023-10-11,42,86187,533,0,1,23,29947,120,1,0,3,428,0.162850081879194,5,1,1,2,0,96,13,8876,2842,79833,53829,7182.25,0.7373560626640643,4,26004,0.2310768044558376,0.2177620182127013,614.4383797779353,0.0595830578080952,0.1451207155226304,1,3.5505325374636234,1,0,16,0,0,0.6742615928050705,0,11718,0.391278215573661,1,1,0,0,0,0,0,0,0,1,0,0,1,1,6754.25,0,0,0,0,3,0,1,0,0.34746136353088597,0,1,0,1,0,1,0,0,0,0,1
2023-10-12,64,100153,614,0,1,42,7257,36,1,0,1,879,0.2982419823100371,3,0,0,4,0,97,24,1178,12185,265879,43579,8346.083333333334,0.7785340452843872,7,222300,0.1622224648969432,0.1690516605468465,258.3894622436753,0.1053062446962511,0.1362619033287486,1,1.0101761097376254,1,1,49,0,0,0.16390476906875281,0,13363,1.8411408101405347,1,0,0,0,0,0,0,0,0,1,0,0,0,1,7467.083333333334,0,0,0,0,3,0,0,0,0.07245841404237474,1,0,0,0,0,0,0,0,0,0,1
2023-10-13,28,4603,600,2,4,6,7387,48,1,0,0,209,0.195116712731192,1,2,1,4,0,99,5,1563,736,62036,54879,383.5833333333333,0.7383713361493309,7,7157,0.1732269030853297,0.1603042136066187,209.46476440027143,0.5434452871072589,1.0880990623625697,0,6.924153599084834,1,1,49,0,1,0.8846172445476087,0,2299,0.3111802923659989,1,1,0,0,0,0,0,0,0,1,0,1,0,0,174.58333333333331,1,0,0,0,4,1,1,0,1.6044743701129454,1,3,1,1,0,1,0,0,1,0,1
2023-10-13,18,15000,501,0,0,0,92816,240,2,0,1,160,0.5690730638597268,4,2,0,3,0,94,13,961,521,30379,6070,1250.0,0.8824547632691575,5,24309,0.287359596272913,0.25,1947.4803933006172,0.1278976818545164,1.684636605356209,0,5.406716354807594,1,1,25,0,0,0.1998025016458196,0,1482,0.015966902614822715,1,1,0,0,0,0,0,0,0,1,0,0,0,0,1090.0,0,0,0,0,2,0,1,0,6.1873208452769815,0,1,0,0,0,0,0,0,1,0,0
2023-10-15,36,18193,553,2,1,13,92320,360,1,1,1,162,0.6135609352005991,1,0,0,3,0,90,15,1040,1245,13081,68867,1516.0833333333333,0.9915043359288328,8,10263,0.301358256728393,0.25,1924.4829967801063,0.1067838505904971,1.3753252381961705,0,4.580672730226945,1,1,64,0,0,5.264256229934261,0,2285,0.024750598455389346,1,1,0,0,0,0,0,0,0,1,0,0,0,0,1354.0833333333333,0,1,0,0,3,0,1,0,5.074200285808509,0,1,0,0,0,0,0,0,0,0,1
2023-10-18,53,162575,610,1,3,33,13986,24,1,0,2,630,0.7324890240767871,3,0,0,1,1,93,9,11879,2303,50373,64703,13547.916666666666,0.672843047536511,7,6151,0.1603864709014448,0.1984267897486038,710.7542742914937,0.0464981825115169,0.0989565665858766,0,2.194825798980412,1,1,49,0,0,1.284452296819788,0,14182,1.0139415171230428,1,1,0,1,0,0,0,0,0,1,1,0,0,1,12917.916666666666,0,0,0,0,1,0,0,0,0.08602745792736935,1,2,0,0,1,1,1,0,0,0,1
2023-10-19,63,130805,645,0,3,40,379209,360,1,1,1,278,0.284533675124636,2,0,0,3,1,99,7,4809,11879,36336,8502,10900.416666666666,0.7659515663496569,6,27834,0.2557114613550808,0.25,7904.909799891546,0.0255012727703585,0.7506281110153769,0,3.3219439421423598,1,1,36,0,0,0.23397638770399318,0,16688,0.04400727828907466,1,1,0,0,0,0,0,0,0,1,0,0,0,1,10622.416666666666,0,1,0,0,1,0,1,1,2.899018393651667,0,1,0,0,1,1,0,0,0,0,1
2023-10-19,25,36826,451,0,4,1,22817,60,0,1,2,724,0.3358223377054218,0,1,0,0,0,97,3,2061,2165,151475,26787,3068.833333333333,0.811832974165957,4,124688,0.252008826244289,0.25,669.7091454812884,0.2358434225527987,0.4540015675600049,1,3.194548411381797,1,0,16,0,0,0.17683989542897885,0,4226,0.18520466298536242,1,1,0,0,0,0,0,0,0,1,1,0,0,0,2344.833333333333,0,1,0,0,4,1,1,0,0.6195725961930105,0,1,0,0,0,0,0,0,1,0,0
2023-10-20,45,23194,492,0,1,19,10230,24,1,1,1,100,0.5496393632263445,5,2,0,1,0,96,26,1541,285,15443,34286,1932.8333333333333,0.9242331989594126,5,10111,0.2193082944014697,0.20993243754177,525.6412615293765,0.0517107644574678,0.3235238790981866,1,3.919895004619834,1,1,25,0,0,2.22002072002072,0,1826,0.17847717720652917,1,0,0,0,0,0,0,0,0,1,0,0,0,0,1832.8333333333333,0,1,0,0,3,0,0,0,0.44104332830351367,1,0,0,0,0,0,0,0,0,0,1
2023-10-21,34,20455,589,0,0,10,19838,120,0,4,0,176,0.0560315043976255,2,0,0,2,0,94,13,2251,2689,540104,56506,1704.5833333333333,0.4309646850153652,5,483598,0.2029738512440857,0.1834569100986331,361.8781694346253,0.1031905017833585,0.3153631716038259,1,1.7684195428433214,1,1,25,0,0,0.10462039788559632,0,4940,0.24900448611321135,1,1,0,0,0,0,0,0,0,1,0,1,0,0,1528.5833333333333,0,1,1,0,2,0,1,0,0.9697888150175987,0,1,0,0,0,0,1,0,0,0,0
2023-10-22,38,19173,534,0,0,14,139359,360,1,0,0,149,0.3286386799634733,2,0,0,3,0,97,29,217,575,60035,18509,1597.75,0.8266024363127111,7,41526,0.3109612039480215,0.25,2905.047941380837,0.0931978107896794,1.9102723636471224,0,5.025020328717149,1,1,49,0,0,0.3082983543207409,0,792,0.005683122847301952,1,0,0,0,0,0,0,0,0,1,0,1,0,0,1448.75,0,0,0,0,2,0,1,1,7.268123500573694,0,0,0,0,0,0,0,0,0,0,1
2023-10-22,71,65847,656,0,1,48,19389,48,1,1,0,728,0.6415131376699984,6,2,0,0,0,98,18,12495,11330,172026,16706,5487.25,0.9450895860638872,3,155320,0.1454681281870592,0.1322353809367978,522.3120571125387,0.132647018630711,0.227816163096167,1,1.1703049998621229,1,0,9,0,0,0.0971126625471583,0,23825,1.2287261474987108,1,1,0,0,1,0,0,0,1,0,0,1,0,1,4759.25,0,1,0,0,3,0,1,0,0.29445085651804154,0,1,0,0,0,0,0,0,0,1,1
2023-10-22,21,111637,500,0,3,0,17700,12,2,0,0,835,0.2615156467196127,4,0,0,4,0,96,11,1835,2902,157109,21367,9303.083333333334,0.8000855028787661,4,135742,0.2114453441035352,0.2384265427851664,1672.357366003985,0.0897455418319913,0.2694899944652242,0,2.372513930867231,1,0,16,0,0,0.1360002545986888,0,4737,0.2676119993220722,1,1,0,0,0,0,0,0,0,1,0,1,0,1,8468.083333333334,0,0,0,0,1,0,0,0,0.15854816460345045,1,1,0,0,0,0,0,0,1,0,0
2023-10-23,43,41485,604,0,3,18,26596,36,2,1,0,316,0.159557626108545,0,1,0,2,0,100,21,4637,454,22831,8614,3457.083333333333,0.8583846283227842,7,14217,0.1675471384266136,0.1447658305364982,915.1566075746354,0.0913800997662481,0.3560228279368538,1,1.318212710422507,1,1,49,0,0,0.37727750525578135,0,5091,0.19141256532691656,1,1,0,0,0,0,0,0,0,1,0,1,0,0,3141.083333333333,0,1,0,1,1,0,0,0,0.641083739092706,0,1,0,0,0,0,0,0,0,0,0
2023-10-24,45,52082,602,0,3,25,15494,24,1,2,3,98,0.172616468308281,2,1,0,1,1,99,3,2943,464,55867,22478,4340.166666666667,0.878227147108139,8,33389,0.1644120681675554,0.1712451058071621,766.9857207750971,0.0225745767266863,0.1992519032767912,1,2.827999482993781,1,1,64,0,0,0.4023412329061359,0,3407,0.21987737979993546,1,1,0,0,0,0,0,0,0,1,0,0,1,0,4242.166666666667,0,1,0,0,1,0,0,0,0.29748670391490506,1,1,0,0,1,1,0,0,0,0,1
2023-10-26,53,122966,608,0,3,31,25952,60,2,3,2,572,0.1615620663870436,2,1,0,0,0,96,28,1782,1654,217391,37687,10247.166666666666,0.9642889114743174,7,179704,0.1735410106222121,0.155267372464307,624.594935510581,0.0558148611946852,0.1167618535520741,1,1.3784434054794836,1,1,49,0,0,0.1733596452491352,0,3436,0.13239317227295497,1,0,0,0,0,0,0,0,0,1,1,0,0,1,9675.166666666666,0,1,1,1,1,0,1,0,0.21104849268502932,0,0,0,0,0,0,0,0,0,0,0
2023-10-27,41,44307,610,0,4,20,318611,240,3,1,0,454,0.562847967483169,1,1,0,3,0,99,16,3921,480,130603,41930,3692.25,0.8575818767964116,9,88673,0.233167932335133,0.2171004110121575,5843.246169058928,0.1229269613484058,1.7050690229632242,1,4.367447578448434,1,1,81,0,0,0.32104682858105416,0,4401,0.013813039056909344,1,1,0,0,0,0,0,0,0,1,0,1,0,0,3238.25,0,1,0,0,4,1,1,1,7.190823327615781,0,1,0,0,0,0,0,0,0,0,0
2023-10-28,43,151067,545,0,3,20,160070,300,2,3,2,1399,0.1115871603331812,1,0,0,3,0,97,10,3063,10342,80683,16702,12588.916666666666,0.7593635326602787,6,63981,0.285495843186447,0.25,3341.6704371765545,0.1111206719663222,0.3765450211221854,1,2.5019332496290856,1,1,36,0,0,0.20700510634078628,0,13405,0.08374408856070119,1,1,0,0,0,0,0,0,0,1,1,0,0,1,11189.916666666666,0,1,1,1,1,0,1,1,1.0595890592316044,0,1,0,0,0,0,0,0,0,0,0
2023-10-28,35,131435,500,0,3,10,43624,180,0,3,0,576,0.2161800853055931,11,0,0,2,0,97,9,19974,2451,101342,42706,10952.916666666666,0.8933950338453631,2,58636,0.2676708464148762,0.25,931.6031358622809,0.0525839311661734,0.1376314227814052,0,0.9245623734633692,0,0,4,0,0,0.42140059007528885,0,22425,0.5140401146131806,1,1,0,0,1,0,0,0,0,1,0,1,0,1,10376.916666666666,0,1,1,0,1,0,1,0,0.3319029793968167,0,1,0,0,0,0,0,0,0,0,0
2023-10-28,43,34661,583,0,1,22,123399,360,1,0,0,111,0.3931298808576204,3,1,0,3,0,96,15,888,132,32414,26228,2888.4166666666665,0.9564246026760076,5,6186,0.2864307965976133,0.25,2572.3491910709317,0.0384160586046779,0.9286819800089746,0,3.581069597842043,1,1,25,0,0,0.809131574888169,0,1020,0.00826580226904376,1,1,0,0,0,0,0,0,0,1,0,1,0,0,2777.4166666666665,0,0,0,0,3,0,1,1,3.5600657780855114,0,1,0,0,0,0,0,0,0,0,1
2023-10-29,35,45327,586,0,4,17,26996,60,1,0,3,341,0.0743705239645625,5,1,0,2,0,97,11,530,1076,11192,22440,3777.25,0.7101589856210592,2,1756,0.1845508702569255,0.2058611669626482,724.0613657110026,0.0902534242043274,0.2818927719740627,1,1.6832213009168306,0,0,4,0,0,2.0048244438488343,0,1606,0.0594880912694003,1,1,0,0,0,0,0,0,0,1,0,0,1,0,3436.25,0,0,0,0,4,1,1,0,0.5955700670667138,0,1,0,0,0,0,0,0,0,0,1
2023-10-29,47,72360,580,0,3,25,16070,24,2,2,0,119,0.2167430156265632,3,0,0,1,0,92,26,17508,1575,248644,155671,6030.0,0.8784548107086503,3,92973,0.1754211929211372,0.1684969814846016,793.3771026839761,0.0197313878295473,0.1512812307550947,1,1.3717167149204692,1,0,9,0,0,0.6260773391783466,0,19083,1.1874183311554976,1,0,0,0,0,0,0,0,0,1,0,1,0,1,5911.0,0,1,0,1,1,0,0,0,0.22208095521067978,1,0,0,0,0,0,0,0,0,0,0
2023-10-31,35,33802,601,0,3,11,26845,24,1,5,0,134,0.558460657473654,5,3,0,1,0,94,23,2114,406,31823,28949,2816.833333333333,0.8391082544780158,4,2874,0.1650494680282619,0.1662431868195129,1322.4367759866946,0.0475542674631809,0.5168640596155537,0,2.314632150585152,1,0,16,0,0,0.9096593765711413,0,2520,0.09386873277210758,1,1,1,0,0,0,0,0,0,1,0,1,0,0,2682.833333333333,0,1,1,0,1,0,0,0,0.7941602816318079,1,2,0,0,0,0,0,0,0,0,1
2023-11-01,44,23801,533,0,0,20,153590,360,2,1,1,405,0.1040736456020902,3,1,0,3,0,100,10,2956,597,19218,19342,1983.4166666666667,0.9695639625744727,7,2742,0.3114855121260572,0.25,3201.7043270738363,0.2040902028303867,1.8175136238561305,0,6.195348613157951,1,1,49,0,0,1.0063999167490505,0,3553,0.023132865858025535,1,1,0,0,0,0,0,0,0,1,0,0,0,0,1578.4166666666667,0,1,0,1,2,0,1,1,6.452819090832703,0,1,0,0,0,0,0,0,0,0,0
2023-11-02,39,110823,570,0,1,16,14704,36,1,0,3,1612,0.1529593966701653,4,0,0,1,1,96,26,2468,2036,333379,25418,9235.25,0.9103895961200256,4,307961,0.184398985712747,0.1739794093905773,527.1544395019794,0.1745297063202057,0.2316042159428316,1,3.1693898381188665,1,0,16,0,0,0.0762433259343692,0,4504,0.30629037742264537,1,0,0,0,0,0,0,0,0,1,0,0,1,1,7623.25,0,0,0,0,3,0,0,0,0.13267884212805892,1,0,0,0,1,1,0,0,0,0,1
2023-11-02,53,111371,632,0,1,31,4646,24,1,3,1,1003,0.2714597848782276,5,1,0,1,0,93,24,876,4030,76969,22314,9280.916666666666,0.8932948733758463,5,54655,0.1491109942822712,0.1389315536632309,222.8334211005013,0.1080595782121149,0.132066841916684,1,1.197134834730535,1,1,25,0,0,0.28990515785370924,0,4906,1.0557348827200344,1,0,0,0,0,0,0,0,0,1,0,0,0,1,8277.916666666666,0,1,1,0,3,0,0,0,0.04171605071292605,1,0,0,0,0,0,0,0,0,0,1
2023-11-03,39,68750,637,1,4,19,138744,240,1,0,1,566,0.2949169165023971,4,1,0,3,0,100,6,19160,2345,21505,17909,5729.166666666667,0.9271547096441772,5,3596,0.2194600982487308,0.1885311345060285,2232.764907234548,0.098775486460545,0.4884264402840896,0,0.9539142680117368,1,1,25,0,0,0.832744350413838,0,21505,0.15499657645320553,1,1,0,0,0,0,0,0,0,1,0,0,0,1,5163.166666666667,0,0,0,0,4,1,1,1,2.0180651917790287,0,1,0,0,0,0,0,0,0,0,1
2023-11-06,18,20716,592,0,2,0,317448,300,0,2,0,60,0.2042832491103863,2,2,0,3,1,96,25,1074,572,17937,44970,1726.3333333333333,0.7844547447124053,5,5285,0.2621670181136228,0.2441331568978686,6473.684050561597,0.0347356233114627,3.0,0,9.569501699102249,1,1,25,0,0,2.5069684468725613,0,1646,0.005185084848274841,1,0,0,0,0,0,0,0,0,1,0,1,0,0,1666.3333333333333,0,1,0,0,5,1,1,1,15.323068011777767,0,0,0,0,1,1,0,0,1,0,0
2023-11-07,55,28444,648,0,1,34,29886,120,1,0,0,138,0.3737161330072435,4,1,0,2,1,98,6,2426,149,69715,24293,2370.333333333333,0.5929256148111827,5,45422,0.1735762947205562,0.1611841819231927,502.83743873111655,0.0581951082372786,0.2702435080395487,1,3.436157234213693,1,1,25,0,0,0.34845659532962303,0,2575,0.0861578612774785,1,1,0,0,0,0,0,0,0,1,0,1,0,0,2232.333333333333,0,0,0,0,3,0,1,0,1.0506591668131482,0,1,0,0,1,1,1,0,0,0,1
2023-11-07,29,50066,562,0,1,2,26803,36,2,0,0,305,0.439141086232348,7,1,0,0,0,95,13,5038,8000,33466,63465,4172.166666666667,0.8792286296843487,3,4648,0.1885490766022732,0.2252631508617811,1030.93100528495,0.0730859858620551,0.3201240477538919,1,1.542998139044215,1,0,9,0,0,1.8963456539277497,0,13038,0.48641993732278765,1,1,0,0,1,0,0,0,0,1,0,1,0,0,3867.166666666667,0,0,0,0,3,0,0,0,0.5353426408612459,0,1,0,0,0,0,0,0,1,0,0
2023-11-09,32,31328,584,0,0,8,77802,360,1,1,2,154,0.4969540757667881,3,0,0,3,0,99,15,1169,126,89589,19284,2610.6666666666665,0.6587080640365934,3,70305,0.2858154838174586,0.25,1621.84387040171,0.0589661774090619,0.6799657448889763,0,2.6008399223945498,1,0,9,0,0,0.21524723741489005,0,1295,0.016644602393223913,1,1,0,0,0,0,0,0,0,1,1,0,0,0,2456.6666666666665,0,1,0,0,2,0,1,0,2.483386000191516,0,1,0,0,0,0,1,0,0,0,1
2023-11-09,32,34068,469,0,3,11,121503,300,0,2,0,201,0.2449069870758879,3,2,0,3,0,97,28,2229,575,44797,119596,2839.0,0.7269432505770712,3,6653,0.3234269256157578,0.25,2536.533910965596,0.0707746478873239,0.963920391185069,0,2.9544391677382955,1,0,9,0,0,2.6696727532479128,0,2804,0.023077429549644455,1,0,0,0,0,0,0,0,0,1,0,1,0,0,2638.0,0,1,0,0,1,0,1,1,3.5663799935425167,0,0,0,0,0,0,0,0,0,0,0
2023-11-10,56,114160,619,0,2,35,242728,360,2,0,0,1544,0.3281253448167383,3,2,0,3,1,91,13,29333,733,39393,21819,9513.333333333334,0.848919980230343,5,17574,0.2685999252184144,0.25,5059.856031655564,0.1622814700627124,0.6940955083546471,1,4.073434211791815,1,1,25,0,0,0.5538660709752754,0,30066,0.12386653428308937,1,1,0,0,0,0,0,0,0,1,0,1,0,1,7969.333333333334,0,0,0,0,5,1,1,1,2.126190205061273,0,1,0,0,1,1,0,0,0,0,0
2023-11-10,18,8404,545,2,0,0,4066,24,1,3,1,123,0.3902707475068525,1,1,0,4,0,100,3,865,489,89873,23054,700.3333333333334,0.8466401950945659,4,66819,0.1925776652264768,0.1980880990327018,206.5627677816919,0.1753802281368821,0.4699088894225645,1,2.6583238724268288,1,0,16,0,0,0.2565146761020985,0,1354,0.33292353085812637,1,1,0,0,0,0,0,0,0,1,0,0,0,0,577.3333333333334,1,1,1,0,2,0,0,0,0.48375966686496136,1,2,0,0,0,0,0,0,1,0,1
2023-11-11,77,131733,559,0,3,55,18537,48,2,0,0,784,0.2540193867624147,1,2,0,1,0,95,2,17637,2904,20541,13128,10977.75,0.8480653780116739,3,7413,0.1939568944896089,0.1936576423860317,557.8426528717854,0.0714106797221905,0.1222218060227061,1,1.8484162495775456,1,0,9,0,0,0.6390809074092104,0,20541,1.1080483331535225,1,1,0,0,0,0,0,0,0,1,0,1,0,1,10193.75,0,0,0,0,1,0,1,0,0.14071538099503544,1,1,0,0,0,0,0,0,0,1,0
2023-11-11,52,32617,659,0,1,27,40641,120,2,1,0,333,0.3350315714255423,10,0,0,2,0,96,29,232,529,14680,31400,2718.083333333333,0.8947704810043491,5,7681,0.1681531393234099,0.1572306206231573,673.7926765838323,0.1224677434184314,0.3702691507249988,1,2.0961872259318763,1,1,25,0,0,2.1388188815475786,0,761,0.018724472220855274,1,0,0,0,1,0,0,0,1,0,0,1,0,0,2385.083333333333,0,1,0,1,3,0,1,0,1.2459684836593292,0,0,0,0,0,0,0,0,0,0,0
2023-11-12,42,28578,572,0,3,19,5922,24,1,1,0,99,0.2564999688359456,1,2,0,4,0,93,1,4588,2503,126728,167372,2381.5,0.7476711431334514,7,4667,0.1791716495890692,0.1930665770330215,299.40289387989066,0.0415529905561385,0.1672205220901954,0,1.9581327021948265,1,1,49,0,0,1.3207079673949924,0,7091,1.197197366199561,1,1,0,0,0,0,0,0,0,1,0,1,0,0,2282.5,0,1,0,0,1,0,0,0,0.20721508800167956,1,1,0,0,0,0,0,0,0,0,1
2023-11-12,39,85315,649,0,1,18,23013,84,1,3,3,395,0.2947993369687472,2,0,0,2,0,91,9,971,4963,67563,23263,7109.583333333333,0.8408430913916646,7,44300,0.1610109645013458,0.1537157834908038,448.88739721852914,0.0555509979256272,0.1186804735502519,1,1.5316106580182425,1,1,49,0,0,0.3443105795986028,0,5934,0.2578430520552707,1,1,0,0,0,0,0,0,0,1,0,0,1,1,6714.583333333333,0,1,1,0,3,0,1,0,0.269738384359323,0,1,0,0,0,0,0,0,0,0,1
2023-11-14,43,63090,585,0,1,17,22028,36,1,3,2,308,0.2276279288788772,4,1,0,1,0,100,22,9035,873,216421,50197,5257.5,0.8737691602666496,4,166224,0.1770000287615299,0.188498161861668,805.7871473525902,0.0585718360749263,0.2118070071983626,1,1.4911884653130396,1,0,16,0,0,0.23194037574738244,0,9908,0.4497707567297653,1,1,0,0,0,0,0,0,0,1,1,0,0,0,4949.5,0,1,1,0,3,0,0,0,0.34914647097050294,1,1,0,0,0,0,0,0,0,0,1
2023-11-15,46,120847,625,0,0,23,173094,300,1,0,0,877,0.4481397321085305,3,0,0,3,0,97,4,9321,5185,18732,18365,10070.583333333334,0.7067443695471712,2,7601,0.2455153989639274,0.25,3613.5634575663057,0.0870766761267261,0.4458646976294332,0,1.1102191669641623,0,0,4,0,0,0.9803555223402551,0,14506,0.08380369161443138,1,1,0,0,0,0,0,0,0,1,0,1,0,1,9193.583333333334,0,0,0,0,2,0,1,1,1.43232821395472,0,1,0,0,0,0,0,0,0,0,1
2023-11-17,47,64723,620,0,4,23,20407,84,2,0,3,384,0.2690703781203137,1,0,0,2,0,91,21,3069,5941,65385,1865,5393.583333333333,0.6837198154584263,4,63520,0.1754809205649554,0.1805357713054245,429.5521042272858,0.0711825133235498,0.1508090716108354,1,1.6518664106041032,1,0,16,0,0,0.028522925396873948,0,9010,0.4414935319482556,1,1,0,0,0,0,0,0,0,1,0,0,1,0,5009.583333333333,0,0,0,0,4,1,1,0,0.3152926271553056,0,1,0,0,0,0,1,0,0,0,0
2023-11-18,46,125869,532,0,3,25,351634,300,2,3,3,760,0.1967290957435182,2,0,0,3,0,95,14,5946,7270,22114,113254,10489.083333333334,0.8547129770827829,6,4468,0.2921925872461941,0.25,7340.819282227404,0.0724493767923673,0.7722359322433794,0,2.1101040593169262,1,1,36,0,0,5.121139498078228,0,13216,0.03758442703371394,1,1,0,0,0,0,0,0,0,1,0,0,1,1,9729.083333333334,0,1,1,1,1,0,1,1,2.7936283467069196,0,1,0,0,0,0,0,0,0,0,0
2023-11-19,41,71472,552,0,0,18,23181,60,1,1,0,362,0.7924880481586042,3,1,0,0,1,98,24,2897,1197,58904,37070,5956.0,0.9037124268312994,6,21834,0.2015127828486121,0.2194605075258875,639.5231536666147,0.060768843377539,0.1681254244865896,1,2.999613150949913,1,1,36,0,0,0.6293183940242764,0,4094,0.17660253645069451,1,0,0,1,0,0,0,0,0,1,0,1,0,1,5594.0,0,1,0,0,2,0,1,0,0.32433226533096415,0,1,0,0,1,1,0,0,0,0,1
2023-11-19,37,94271,584,0,1,14,138915,240,1,1,0,389,0.1568927183486691,6,0,0,3,1,98,14,2165,369,232047,295216,7855.916666666667,0.8338538698114321,2,8508,0.2459604061782233,0.25,2914.737101742752,0.0495105162118303,0.4204877360808738,0,3.529861957393761,0,0,4,0,0,1.2722195407846653,0,2534,0.01824123931008667,1,1,0,0,1,0,0,0,0,1,0,1,0,1,7466.916666666667,0,1,0,0,3,0,1,1,1.4735552443991853,0,1,0,0,1,1,0,0,0,0,1
2023-11-20,38,41074,552,0,1,19,224282,300,2,0,0,393,0.2407288911623175,3,1,0,3,1,94,17,1744,1091,122469,25045,3422.833333333333,0.7922628805450658,3,97424,0.2820801659815713,0.25,4682.179852507228,0.1147836245923185,1.48230925936053,0,6.215334044259281,1,0,9,0,0,0.20449906099452927,0,2835,0.01264028036008079,1,1,0,0,0,0,0,0,0,1,0,1,0,0,3029.833333333333,0,0,0,0,3,0,1,1,5.46030432136336,0,1,0,0,1,1,0,0,0,0,0
2023-11-22,37,47785,576,0,1,10,108499,240,1,5,0,285,0.1102946355645918,7,3,0,3,1,95,14,22690,1790,32595,18417,3982.0833333333335,0.8794254450805541,3,14178,0.2498986263629906,0.25,2276.5436475685624,0.0715526079042617,0.6431057131372837,1,3.843237983360644,1,0,9,0,0,0.5650079764388268,0,24480,0.2256221198156682,1,1,1,0,1,0,0,0,0,1,0,1,0,0,3697.0833333333335,0,1,1,0,3,0,1,1,2.270518561921902,0,2,0,0,1,1,0,0,0,0,1
2023-11-23,53,92642,634,0,0,28,25758,60,1,4,3,891,0.4315641097153351,6,0,0,0,0,94,8,17782,823,64524,21698,7720.166666666667,0.8766045555922725,2,42826,0.1605391348398972,0.1537088834496473,617.8070970384578,0.1153970686640619,0.1954118026686543,1,0.3550530075634657,0,0,4,0,0,0.3362727624951569,0,18605,0.7222718273224892,1,1,0,0,1,0,0,0,0,1,0,0,1,1,6829.166666666667,0,1,1,0,2,0,1,0,0.27803503772546223,0,1,0,0,0,0,0,0,0,0,1
2023-11-24,47,22454,628,2,1,25,12551,60,2,0,3,92,0.2230918087773297,1,1,0,1,0,95,7,490,440,48104,44691,1871.1666666666667,0.5633086971110327,2,3413,0.1633594088236032,0.1351372824242095,288.8853522133871,0.0491409240630285,0.2034462844547603,1,1.9820205886323543,0,0,4,0,0,0.9290302463361397,0,930,0.07409177820267686,1,1,0,0,0,0,0,0,0,1,0,0,1,0,1779.1666666666667,0,0,0,0,3,0,1,0,0.5589401024270764,1,1,0,0,0,0,1,0,0,0,0
2023-11-25,18,55826,557,0,3,0,18346,72,1,2,0,282,0.2345854575376058,3,0,0,0,0,97,9,3807,986,25712,18454,4652.166666666667,0.7303180822769284,4,7258,0.2029543053380946,0.1986820161444924,438.03808520218473,0.060603889824134,0.1547415205133818,1,1.8620757645157744,1,0,16,0,0,0.7176914401275619,0,4793,0.2612416198833597,1,1,0,0,0,0,0,0,0,1,0,1,0,0,4370.166666666667,0,1,0,0,1,0,1,0,0.3286223511920755,0,1,0,0,0,0,0,0,1,0,1
2023-11-26,47,61777,589,0,4,24,18686,60,1,3,0,390,0.3990800219087069,4,1,0,1,0,99,20,3549,4751,31578,14216,5148.083333333333,0.7245008035224696,7,17362,0.1829588958434805,0.1710957762205078,465.4969080505269,0.0757416368609299,0.1661454772954138,1,0.8396974313599892,1,1,49,0,0,0.4501725830456949,0,8300,0.44415904104457643,1,1,0,0,0,0,0,0,0,1,0,1,0,0,4758.083333333333,0,1,1,0,4,1,1,0,0.3024701349995144,1,1,0,0,0,0,0,0,0,0,1
2023-11-26,42,119167,607,0,0,19,11863,12,2,1,0,789,0.0590828243683459,3,0,1,1,0,97,27,5394,14607,27056,10487,9930.583333333334,0.8596542019491274,2,16569,0.1578453159709544,0.1634241395257991,1078.2633519306592,0.0794435261245689,0.1880126551084327,1,3.613211435666966,0,0,4,0,0,0.38758916361754814,0,20001,1.685856372218476,1,0,0,0,0,0,0,0,0,1,0,1,0,1,9141.583333333334,0,1,0,1,2,0,0,0,0.09954853651987111,1,0,0,1,0,1,0,0,0,0,0
2023-11-30,39,15000,543,0,1,16,29880,60,1,1,2,235,0.0948373753993339,4,1,0,2,0,97,21,328,1065,160244,22866,1250.0,0.9631246641922964,5,137378,0.2060762445264722,0.2033887296898745,797.2817704319812,0.1878497202238209,0.8251652841182903,1,2.35961091059138,1,1,25,0,0,0.14269399981278666,0,1393,0.04661825240119139,1,1,0,0,0,0,0,0,0,1,1,0,0,0,1015.0,0,1,0,0,3,0,1,0,1.9918672088527432,0,1,0,0,0,0,0,0,0,0,1
2023-12-01,35,17421,578,0,3,12,127232,360,1,1,0,130,0.5657445156494859,3,1,0,3,0,96,8,1420,307,47292,55503,1451.75,0.7284325796471506,8,8119,0.2889384438325508,0.245276240177972,2602.368399517083,0.0894854586129754,1.88082491792606,0,4.340742117892733,1,1,64,0,0,1.1735986298183663,0,1727,0.013573522592409203,1,1,0,0,0,0,0,0,0,1,0,1,0,0,1321.75,0,1,0,0,1,0,1,1,7.302950292733326,0,1,0,0,0,0,0,0,0,0,1
2023-12-01,53,11272,552,2,3,29,5221,24,0,0,0,234,0.5336141414852178,3,0,0,4,0,93,3,2084,1036,46376,30812,939.3333333333334,0.7632172746951148,7,15564,0.1891401589373147,0.2104605328692542,268.40259908914646,0.248847926267281,0.5342813886095141,1,3.0818581559809024,1,1,49,0,0,0.6643810509519805,0,3120,0.5974722328609728,1,1,0,0,0,0,0,0,0,1,0,1,0,0,705.3333333333334,1,0,0,0,1,0,0,0,0.46314202075756233,1,2,0,0,0,0,0,0,0,0,0
2023-12-01,51,52356,627,0,0,26,162956,240,1,3,3,446,0.3549065672094143,3,3,0,3,0,96,26,1186,1923,37464,26308,4363.0,0.6703219619457987,4,11156,0.2245003104103264,0.209695143309807,2892.845228650235,0.1021998166819431,0.7650882742094948,0,2.730769303380034,1,0,16,0,0,0.7022020552515681,0,3109,0.019078652650699263,1,0,1,0,0,0,0,0,0,1,0,0,1,0,3917.0,0,1,1,0,2,0,1,1,3.112401398093856,0,1,0,0,0,0,1,0,0,0,1
2023-12-02,30,83579,605,1,4,6,17351,36,1,1,2,559,0.3635926858852526,3,1,1,1,0,95,27,30830,1488,422298,19854,6964.916666666667,0.8043919927131485,8,402444,0.1669403657631266,0.1667912673880812,615.843184272402,0.0802478735749063,0.168655934386104,1,3.1736075145588547,1,1,64,0,0,0.047014082439219604,0,32318,1.8624942369755648,1,0,0,0,0,0,0,0,0,1,1,0,0,1,6405.916666666667,0,1,0,0,4,1,0,0,0.2075975113663556,1,0,0,1,0,1,0,0,0,0,1
2023-12-02,44,61219,558,0,1,24,13481,84,2,1,0,268,0.1461305276788408,5,1,0,2,0,94,1,14638,9525,24163,7964,5101.583333333333,0.7441837461393146,10,16199,0.2063772776853533,0.2334549334633737,327.0969405378801,0.0525224151165259,0.1166265990503921,1,0.4246394367278601,1,1,100,0,0,0.3295811951663632,0,24163,1.7922415071947781,1,1,0,0,0,0,0,0,0,1,0,1,0,0,4833.583333333333,0,1,0,1,3,0,1,0,0.22020581509310683,0,1,0,0,0,0,0,0,0,0,0
2023-12-04,28,61518,499,0,4,3,33430,60,0,0,2,634,0.2129158158850846,4,0,0,0,0,97,17,5554,564,32715,34213,5126.5,0.8725683435774265,2,4214,0.2281043097230545,0.2200488289523074,923.393041934081,0.1236470014627011,0.3037334065205423,1,2.3036840654799557,0,0,4,0,0,1.0457574275583812,0,6118,0.18300379886931292,1,1,0,0,0,0,0,0,0,1,1,0,0,0,4492.5,0,0,0,0,4,1,1,0,0.543409353207952,0,1,0,0,0,0,0,0,1,0,0
2023-12-05,23,21844,590,0,0,0,133979,240,0,3,3,101,0.2509222316858385,4,1,1,3,0,92,11,332,767,56437,11984,1820.3333333333333,0.9458595680006658,4,44453,0.2429513614535155,0.2338086967384688,2636.1386283905854,0.0554538799414348,1.5028213552656948,0,6.909678667680791,1,0,16,0,0,0.21233920408235585,0,1099,0.008202716823406479,1,1,0,0,0,0,0,0,0,1,0,0,1,0,1719.3333333333333,0,1,1,0,2,0,1,1,6.13316548409247,0,1,0,1,0,1,0,0,1,0,0
2023-12-05,32,53876,581,0,0,3,19233,60,2,3,2,376,0.2804517720537386,4,2,0,0,0,95,27,4200,2395,52023,27058,4489.666666666667,0.5277375916583983,6,24965,0.1869661087063181,0.2017767618023641,511.4601376748018,0.0837292161520189,0.1976232491853032,1,2.026196509926441,1,1,36,0,0,0.5201061048746732,0,6595,0.3428823957575127,1,0,0,0,0,0,0,0,0,1,1,0,0,0,4113.666666666667,0,1,1,1,2,0,1,0,0.3569797872932791,0,0,0,0,0,0,1,0,0,0,0
2023-12-07,50,14115,633,2,3,30,12237,12,2,2,3,157,0.2440563381179925,2,0,0,1,0,94,26,1185,246,126756,75862,1176.25,0.8222258566931606,7,50894,0.1448530752860056,0.1557928942501823,1107.838719518637,0.1333616479082607,1.074401120848279,1,4.720096138289925,1,1,49,0,0,0.5984837129310413,0,1431,0.11693087105736232,1,0,0,0,0,0,0,0,0,1,0,0,1,0,1019.25,0,1,0,1,1,0,0,0,0.8668886370076508,1,0,0,0,0,0,0,0,0,0,0
2023-12-11,51,111169,622,1,4,28,16713,12,1,4,3,707,0.3302509408778025,2,2,0,1,0,94,16,9692,3733,761352,17718,9264.083333333334,0.6885082805107623,4,743634,0.1504310004926403,0.1263863130166091,1489.9275610795312,0.0763080022665743,0.2371190287275197,1,0.0,1,0,16,0,0,0.0232717280945895,0,13425,0.8032188584420247,1,1,0,0,0,0,0,0,0,1,0,0,1,1,8557.083333333334,0,1,1,0,4,1,0,0,0.15033732121975352,1,1,0,0,0,0,1,0,0,0,1
2023-12-13,46,161734,572,0,3,28,12307,48,1,0,2,830,0.5900329366325362,1,0,0,4,0,98,6,41412,7993,49405,8446,13477.833333333334,0.6350756214186544,5,40959,0.1873545011841104,0.1934601640749766,370.2316448329134,0.0615780297503493,0.0890456625696769,1,1.2876843941323386,1,1,25,0,0,0.17095089665222848,0,49405,4.0140558986025345,1,1,0,0,0,0,0,0,0,1,1,0,0,1,12647.833333333334,0,0,0,0,1,0,1,0,0.07609360991745757,1,1,0,0,0,0,1,0,0,0,1
2023-12-13,48,70231,596,0,4,24,25439,24,2,3,2,328,0.086676150901353,3,1,1,0,0,97,2,3074,1722,19103,41270,5852.583333333333,0.9106702692035938,4,2348,0.1675360195043635,0.1750967201402307,1264.0005259330603,0.056034053215267,0.2719702505758115,0,3.97804368252131,1,0,16,0,0,2.1602805695142377,0,4796,0.18852201257861637,1,1,0,0,0,0,0,0,0,1,1,0,0,1,5524.583333333333,0,1,1,1,4,1,0,0,0.36221380567262784,0,1,0,1,0,1,0,0,0,0,0
2023-12-15,46,77640,629,0,4,25,30272,36,1,2,0,244,0.2625711476369246,7,1,0,0,0,98,29,31408,2391,59888,39112,6470.0,0.6567051536028014,5,20776,0.1550795028762832,0.1354570176433304,1027.9583066129128,0.0377066913923659,0.1965628661123339,1,0.4842568928975604,1,1,25,0,0,0.6530748551486918,0,33799,1.1164734251643378,1,0,0,0,1,0,0,0,0,1,0,1,0,1,6226.0,0,1,0,0,4,1,0,0,0.3898970904547855,0,0,0,0,0,0,1,0,0,0,1
2023-12-15,32,3064,557,2,4,6,110212,180,2,0,2,325,0.3176610627702604,1,1,0,3,0,98,9,1342,365,91306,9024,255.33333333333331,0.4874283645073228,4,82282,0.2394025425340188,0.25,2353.60913280886,1.2678803641092329,3.0,0,7.858542765564464,1,0,16,0,1,0.09883141489699585,0,1707,0.015488191048242948,1,1,0,0,0,0,0,0,0,1,1,0,0,0,-69.66666666666669,1,0,0,0,4,1,1,1,35.95823817292006,0,3,1,0,0,0,1,0,0,0,0
2023-12-16,45,35708,624,1,1,24,2801,24,2,0,0,197,0.7332855527650725,5,1,0,4,0,94,21,1393,1522,18917,9108,2975.6666666666665,0.6486394889160116,5,9809,0.1529845221817242,0.1634518378997804,137.60809594460736,0.0661814109742441,0.1124103345838546,1,1.6919802903291714,1,1,25,0,0,0.4814462416745956,0,2915,1.0403283369022127,1,1,0,1,0,0,0,0,0,1,0,1,0,0,2778.6666666666665,0,0,0,0,3,0,0,0,0.0784396090621412,1,2,0,0,0,0,1,0,0,0,0
2023-12-17,49,45614,568,0,1,30,25267,72,1,1,0,302,0.3424278623964122,0,1,0,0,0,100,29,26226,696,79265,33198,3801.1666666666665,0.8513879893696705,5,46067,0.1975343235130046,0.2237999407740881,640.5734304354058,0.0794283960899487,0.247904290650613,1,1.8644316702920236,1,1,25,0,0,0.41881765195670273,0,26922,1.0654582871616274,1,0,0,0,0,0,0,0,0,1,0,1,0,0,3499.1666666666665,0,1,0,0,3,0,1,0,0.553918667105119,0,0,0,0,0,0,0,0,0,0,1
2023-12-17,49,91650,609,0,1,27,24677,48,1,3,2,605,0.3965029704794842,1,0,0,0,0,95,11,10968,1288,29209,66302,7637.5,0.5951490308846763,4,8258,0.1690284168593646,0.1839058417978193,729.9330822785753,0.0792040322052759,0.174763773290381,1,1.6031702830914485,1,0,16,0,0,2.2698390961999317,0,12256,0.4966366804441203,1,1,0,0,0,0,0,0,0,1,1,0,0,1,7032.5,0,1,1,0,3,0,1,0,0.2692496535771568,0,1,0,0,0,0,1,0,0,0,1
2023-12-22,54,32151,552,0,3,35,5852,12,0,3,2,392,0.0251508454009478,1,0,0,4,0,100,25,1064,630,94990,43281,2679.25,0.912727474586592,6,51709,0.1851686774073228,0.1825300147356231,537.2161908524799,0.1462550135248577,0.3466901187771588,1,2.6307120805587787,1,1,36,0,0,0.45563263888157823,0,1694,0.28942422689219205,1,0,0,0,0,0,0,0,0,1,1,0,0,0,2287.25,0,1,1,0,1,0,0,0,0.18201045036078625,1,0,0,0,0,0,0,0,0,0,0
2023-12-22,48,85543,566,0,1,24,35065,180,1,2,0,1588,0.389151593105995,5,0,0,2,0,95,24,4856,5364,60373,13295,7128.583333333333,0.9589152272418652,7,47078,0.2346162468197575,0.2362120678221459,711.530314410914,0.2227339138565835,0.3225336189928229,1,1.4904869972817176,1,1,49,0,0,0.22021068671944877,0,10220,0.2914504078024297,1,0,0,0,0,0,0,0,0,1,0,1,0,1,5540.583333333333,0,1,0,0,3,0,1,0,0.4099060132797157,0,0,0,0,0,0,0,0,0,0,1
2023-12-25,44,40385,556,0,3,26,17200,84,2,0,3,308,0.3056213140451371,7,3,0,2,0,93,24,3978,135,85184,91506,3365.4166666666665,0.5267253662150702,6,10388,0.2074381807001616,0.1908602548274159,372.5376452123124,0.0914919424709755,0.2021549061204482,1,2.6382401245357543,1,1,36,0,0,1.0742032047895755,0,4113,0.2391140049997093,1,0,1,0,1,0,0,0,0,1,0,0,1,0,3057.4166666666665,0,0,0,0,1,0,1,0,0.42589015995642054,0,1,0,0,0,0,1,0,0,0,0
2023-12-25,52,53149,662,0,0,29,196972,360,0,4,3,347,0.0951587801649751,4,1,0,3,0,93,5,2385,411,101976,14440,4429.083333333333,0.9742664524686332,11,87536,0.2470477054856223,0.25,4106.03623095506,0.0783280976655819,1.0051811435349358,0,3.0956010646032937,1,1,121,0,0,0.1416005569883405,0,2796,0.014194838886547902,1,1,0,0,0,0,0,0,1,0,0,0,1,0,4082.083333333333,0,1,1,0,2,0,1,1,3.705964252116651,0,1,0,0,0,0,0,0,0,0,0
2023-12-26,39,44257,520,0,3,21,15077,72,2,1,0,178,0.5730086937415148,3,0,0,0,0,99,27,2640,8272,115470,73396,3688.0833333333335,0.8377944003093963,5,42074,0.2214052480016929,0.1843147357043047,347.5607945288103,0.048250468725293,0.1424637903351266,1,1.5773982754922575,1,1,25,0,0,0.63562279706593,0,10912,0.7237034089401777,1,0,0,0,0,0,0,0,0,1,0,1,0,0,3510.0833333333335,0,1,0,1,1,0,1,0,0.34066157530841884,0,0,0,0,0,0,0,0,0,0,0
2023-12-28,29,34865,615,0,3,7,7386,24,1,2,2,119,0.3607035087160517,2,1,0,4,0,98,28,803,881,13490,77199,2905.4166666666665,0.9248507445077068,4,2447,0.1577268692443821,0.1578053131599596,360.8674865104642,0.040943888522522,0.1651062258257754,1,0.817469253187575,1,0,16,0,0,5.722259283967089,0,1684,0.22796805198321377,1,0,0,0,0,0,0,0,0,1,1,0,0,0,2786.4166666666665,0,1,0,0,1,0,0,0,0.2118396145241783,1,0,0,0,0,0,0,0,1,0,1
2023-12-30,38,40619,481,1,0,12,13248,120,1,3,0,118,0.6308016391533734,3,0,0,2,0,94,18,393,519,73191,44445,3384.9166666666665,0.7205417324978863,6,28746,0.256872919339217,0.2268948232038566,280.0779552463952,0.0348502375033841,0.117568739705071,1,1.576409798456187,1,1,36,0,0,0.607238496010493,0,912,0.06883538380255114,1,1,0,0,0,0,0,0,0,1,0,1,0,0,3266.9166666666665,0,1,1,0,2,0,1,0,0.32614475627769574,0,1,0,0,0,0,0,0,0,0,1
2023-12-30,31,16905,515,0,0,8,110092,360,2,0,1,108,0.2834564343092997,2,0,0,3,0,97,11,994,728,161915,10511,1408.75,0.8966556233953374,4,151404,0.3204022701855311,0.25,2294.954311974821,0.0766093278950168,1.704525137063182,0,5.729192876951935,1,0,16,0,0,0.06491637639269744,0,1722,0.015641321428247028,1,1,0,0,0,0,0,0,0,1,0,0,0,0,1300.75,0,0,0,0,2,0,1,1,6.51200757127647,0,1,0,0,0,0,0,0,0,0,0
